transaction_id,customer_id,account_id,amount,merchant,transaction_type,country,device_id,transaction_time,high_amount_flag,transaction_hour,night_transaction_flag,transaction_month,international_transaction_flag
10102,92,1165,80663.64,Nike,ATM WITHDRAWAL,Germany,Tablet,2026-05-07T18:05:08.000+05:30,YES,18,NO,5,YES
10538,100,1144,98988.76,Zomato,CARD,USA,Tablet,2026-04-26T06:55:00.000+05:30,YES,6,NO,4,YES
10722,29,1108,89416.69,Uber,ATM WITHDRAWAL,Singapore,Laptop,2026-05-15T23:22:23.000+05:30,YES,23,NO,5,YES
12633,96,1121,77454.76,Walmart,UPI,USA,Laptop,2026-05-02T10:35:27.000+05:30,YES,10,NO,5,YES
12947,91,1161,89894.56,Zomato,ATM WITHDRAWAL,Singapore,Tablet,2026-05-10T12:34:37.000+05:30,YES,12,NO,5,YES
13028,62,1161,84514.53,Swiggy,NET BANKING,UK,Mobile,2026-05-03T12:53:35.000+05:30,YES,12,NO,5,YES
13490,37,1113,96681.25,Apple Store,UPI,UK,Mobile,2026-04-27T21:35:36.000+05:30,YES,21,NO,4,YES
14395,50,1020,73759.94,Flipkart,ATM WITHDRAWAL,Germany,Laptop,2026-04-27T15:44:38.000+05:30,YES,15,NO,4,YES
14415,53,1135,91785.89,Uber,ATM WITHDRAWAL,UK,Laptop,2026-04-21T03:17:55.000+05:30,YES,3,YES,4,YES
15312,13,1099,96105.52,Swiggy,CARD,USA,Mobile,2026-04-23T18:20:13.000+05:30,YES,18,NO,4,YES
15604,73,1132,72473.38,Walmart,CARD,Germany,Mobile,2026-05-13T19:55:56.000+05:30,YES,19,NO,5,YES
18289,5,1046,89101.49,Swiggy,ATM WITHDRAWAL,Germany,Laptop,2026-05-12T18:29:01.000+05:30,YES,18,NO,5,YES
10116,56,1181,61759.0,Swiggy,UPI,UK,ATM,2026-05-07T12:38:11.000+05:30,YES,12,NO,5,YES
10770,69,1042,95530.15,Uber,ATM WITHDRAWAL,UK,Tablet,2026-04-29T20:46:26.000+05:30,YES,20,NO,4,YES
11434,12,1081,67337.37,Apple Store,UPI,UK,Tablet,2026-04-28T09:12:52.000+05:30,YES,9,NO,4,YES
11755,3,1060,71175.11,Netflix,UPI,USA,Laptop,2026-05-09T06:47:01.000+05:30,YES,6,NO,5,YES
12031,89,1184,72334.77,Apple Store,ATM WITHDRAWAL,Germany,Mobile,2026-05-06T16:21:10.000+05:30,YES,16,NO,5,YES
12266,72,1134,66694.82,Apple Store,UPI,Germany,ATM,2026-04-19T21:26:31.000+05:30,YES,21,NO,4,YES
12316,12,1151,69673.02,Swiggy,CARD,Germany,ATM,2026-05-03T20:52:01.000+05:30,YES,20,NO,5,YES
12352,25,1151,69219.42,Swiggy,NET BANKING,Singapore,Laptop,2026-04-28T07:25:30.000+05:30,YES,7,NO,4,YES
12359,91,1197,93573.34,Amazon,UPI,USA,Tablet,2026-04-28T04:05:44.000+05:30,YES,4,YES,4,YES
12367,30,1182,73987.5,Zomato,UPI,USA,ATM,2026-05-05T02:42:31.000+05:30,YES,2,YES,5,YES
12789,19,1049,83513.76,Nike,UPI,UK,ATM,2026-05-10T13:57:27.000+05:30,YES,13,NO,5,YES
12841,61,1153,80598.19,Netflix,UPI,UK,Laptop,2026-05-13T13:56:44.000+05:30,YES,13,NO,5,YES
13953,12,1073,50551.96,Apple Store,UPI,Singapore,Mobile,2026-04-26T20:59:30.000+05:30,YES,20,NO,4,YES
14084,4,1146,57019.76,Walmart,CARD,UK,Laptop,2026-05-11T20:52:03.000+05:30,YES,20,NO,5,YES
14431,72,1102,57904.26,Flipkart,UPI,Singapore,Mobile,2026-05-08T23:32:08.000+05:30,YES,23,NO,5,YES
16077,82,1144,83200.46,Netflix,NET BANKING,Germany,Laptop,2026-05-14T06:02:40.000+05:30,YES,6,NO,5,YES
17876,43,1198,61546.83,Petrol Pump,ATM WITHDRAWAL,UK,Laptop,2026-05-04T22:20:38.000+05:30,YES,22,NO,5,YES
17909,73,1195,78613.7,Amazon,NET BANKING,UK,Laptop,2026-04-20T03:53:25.000+05:30,YES,3,YES,4,YES
17972,31,1103,84013.29,Petrol Pump,CARD,Germany,Mobile,2026-04-29T19:24:08.000+05:30,YES,19,NO,4,YES
19297,17,1094,79667.26,Nike,UPI,USA,Laptop,2026-04-25T14:54:49.000+05:30,YES,14,NO,4,YES
10065,80,1143,61632.39,Walmart,ATM WITHDRAWAL,USA,ATM,2026-05-01T13:41:25.000+05:30,YES,13,NO,5,YES
10352,70,1001,79421.81,Uber,NET BANKING,Germany,Tablet,2026-04-20T13:32:15.000+05:30,YES,13,NO,4,YES
11376,32,1079,78337.04,Zomato,ATM WITHDRAWAL,UK,Laptop,2026-05-07T19:00:51.000+05:30,YES,19,NO,5,YES
11788,81,1043,77379.23,Uber,UPI,Singapore,ATM,2026-05-03T16:43:48.000+05:30,YES,16,NO,5,YES
12203,1,1104,70199.23,Flipkart,ATM WITHDRAWAL,Germany,ATM,2026-05-01T19:35:45.000+05:30,YES,19,NO,5,YES
13830,94,1094,56524.17,Flipkart,ATM WITHDRAWAL,Germany,ATM,2026-04-27T17:00:20.000+05:30,YES,17,NO,4,YES
13838,48,1001,66598.6,Amazon,ATM WITHDRAWAL,USA,Mobile,2026-05-10T21:50:12.000+05:30,YES,21,NO,5,YES
13934,31,1163,84691.26,Apple Store,UPI,Germany,ATM,2026-05-02T05:56:09.000+05:30,YES,5,YES,5,YES
14489,10,1085,63628.37,Petrol Pump,NET BANKING,USA,ATM,2026-05-05T08:20:49.000+05:30,YES,8,NO,5,YES
16139,47,1086,77646.32,Uber,NET BANKING,Germany,Laptop,2026-04-19T00:53:37.000+05:30,YES,0,YES,4,YES
16784,8,1169,50464.7,Zomato,NET BANKING,USA,Tablet,2026-05-10T22:15:15.000+05:30,YES,22,NO,5,YES
17207,48,1153,51170.62,Petrol Pump,ATM WITHDRAWAL,Germany,Laptop,2026-04-28T02:08:42.000+05:30,YES,2,YES,4,YES
17480,46,1055,77876.15,Flipkart,UPI,Singapore,Laptop,2026-05-03T11:46:35.000+05:30,YES,11,NO,5,YES
18349,41,1102,70055.88,Flipkart,NET BANKING,UK,Laptop,2026-04-26T21:07:45.000+05:30,YES,21,NO,4,YES
19953,61,1026,79022.84,Netflix,CARD,Germany,Laptop,2026-05-07T23:27:54.000+05:30,YES,23,NO,5,YES
10042,3,1164,65950.24,Uber,CARD,UK,ATM,2026-05-09T22:04:09.000+05:30,YES,22,NO,5,YES
10055,46,1004,65537.83,Flipkart,CARD,Germany,Tablet,2026-05-12T21:45:02.000+05:30,YES,21,NO,5,YES
11269,53,1013,71334.82,Uber,UPI,Singapore,Laptop,2026-04-21T05:22:09.000+05:30,YES,5,YES,4,YES
12023,55,1037,98904.01,Swiggy,UPI,USA,ATM,2026-05-05T07:36:39.000+05:30,YES,7,NO,5,YES
12103,1,1011,87811.8,Flipkart,UPI,USA,ATM,2026-05-03T21:17:57.000+05:30,YES,21,NO,5,YES
12208,83,1180,80816.69,Netflix,CARD,Singapore,Tablet,2026-04-24T10:45:06.000+05:30,YES,10,NO,4,YES
12728,99,1033,83162.73,Swiggy,ATM WITHDRAWAL,Singapore,ATM,2026-05-02T16:08:50.000+05:30,YES,16,NO,5,YES
12951,92,1142,70788.83,Flipkart,UPI,Germany,Laptop,2026-05-18T11:40:09.000+05:30,YES,11,NO,5,YES
13217,20,1034,97371.94,Zomato,CARD,UK,Laptop,2026-05-17T05:42:24.000+05:30,YES,5,YES,5,YES
13310,93,1186,81496.06,Zomato,ATM WITHDRAWAL,Singapore,Tablet,2026-05-03T00:33:12.000+05:30,YES,0,YES,5,YES
13783,19,1106,66427.41,Swiggy,ATM WITHDRAWAL,UK,Laptop,2026-05-09T08:18:42.000+05:30,YES,8,NO,5,YES
13886,18,1124,63706.75,Uber,NET BANKING,UK,Laptop,2026-05-15T02:50:57.000+05:30,YES,2,YES,5,YES
14255,24,1080,90861.5,Uber,CARD,Singapore,ATM,2026-04-28T04:26:26.000+05:30,YES,4,YES,4,YES
14830,56,1030,70820.68,Uber,ATM WITHDRAWAL,Germany,Laptop,2026-04-18T22:18:28.000+05:30,YES,22,NO,4,YES
16004,64,1050,82594.31,Nike,NET BANKING,USA,Tablet,2026-04-30T08:48:06.000+05:30,YES,8,NO,4,YES
16042,32,1165,77973.5,Netflix,UPI,Singapore,Mobile,2026-04-25T19:50:00.000+05:30,YES,19,NO,4,YES
16606,36,1121,63970.83,Nike,UPI,USA,Mobile,2026-05-10T15:58:28.000+05:30,YES,15,NO,5,YES
17130,60,1062,85667.03,Swiggy,CARD,USA,ATM,2026-04-19T16:05:07.000+05:30,YES,16,NO,4,YES
17566,13,1088,69903.43,Swiggy,UPI,UK,Tablet,2026-05-17T17:09:45.000+05:30,YES,17,NO,5,YES
17860,48,1070,57157.17,Swiggy,ATM WITHDRAWAL,UK,Laptop,2026-04-19T18:39:29.000+05:30,YES,18,NO,4,YES
18936,52,1157,71107.98,Petrol Pump,UPI,Singapore,Laptop,2026-05-15T22:49:54.000+05:30,YES,22,NO,5,YES
19361,31,1119,94447.25,Nike,UPI,USA,ATM,2026-05-14T08:03:49.000+05:30,YES,8,NO,5,YES
10139,12,1013,51920.55,Nike,UPI,USA,Tablet,2026-04-22T04:45:49.000+05:30,YES,4,YES,4,YES
10449,36,1135,91578.22,Nike,ATM WITHDRAWAL,Singapore,Mobile,2026-04-28T12:10:17.000+05:30,YES,12,NO,4,YES
10967,88,1001,63466.68,Uber,NET BANKING,USA,Tablet,2026-04-30T21:45:12.000+05:30,YES,21,NO,4,YES
11711,47,1185,85031.4,Nike,ATM WITHDRAWAL,UK,Laptop,2026-04-26T12:55:05.000+05:30,YES,12,NO,4,YES
12270,52,1107,96347.87,Petrol Pump,NET BANKING,Germany,Laptop,2026-05-09T18:54:23.000+05:30,YES,18,NO,5,YES
12552,49,1102,54032.29,Apple Store,NET BANKING,Germany,Tablet,2026-05-04T20:31:27.000+05:30,YES,20,NO,5,YES
13153,36,1048,97085.44,Walmart,CARD,USA,Tablet,2026-04-19T23:58:28.000+05:30,YES,23,NO,4,YES
13633,91,1056,98895.92,Amazon,ATM WITHDRAWAL,Singapore,Mobile,2026-05-04T18:21:03.000+05:30,YES,18,NO,5,YES
14324,38,1128,99170.18,Amazon,CARD,Germany,Mobile,2026-04-23T13:09:06.000+05:30,YES,13,NO,4,YES
14930,29,1119,77051.2,Walmart,UPI,Germany,Tablet,2026-04-24T01:50:59.000+05:30,YES,1,YES,4,YES
15730,16,1154,68596.71,Nike,CARD,UK,ATM,2026-05-16T07:46:53.000+05:30,YES,7,NO,5,YES
16254,22,1117,98413.18,Nike,UPI,Germany,Tablet,2026-05-07T16:02:44.000+05:30,YES,16,NO,5,YES
17001,6,1173,93641.73,Amazon,CARD,UK,Tablet,2026-05-02T15:22:58.000+05:30,YES,15,NO,5,YES
17320,85,1019,50852.05,Amazon,CARD,UK,Mobile,2026-05-10T18:55:18.000+05:30,YES,18,NO,5,YES
18076,62,1087,53095.68,Swiggy,NET BANKING,USA,Laptop,2026-05-14T09:56:43.000+05:30,YES,9,NO,5,YES
18464,36,1010,73314.94,Netflix,ATM WITHDRAWAL,Singapore,ATM,2026-05-05T08:15:10.000+05:30,YES,8,NO,5,YES
19995,24,1179,91181.23,Flipkart,NET BANKING,USA,Tablet,2026-04-28T04:57:58.000+05:30,YES,4,YES,4,YES
10167,47,1064,93571.4,Amazon,UPI,Germany,Laptop,2026-04-29T17:57:26.000+05:30,YES,17,NO,4,YES
10608,90,1116,98642.57,Walmart,NET BANKING,Singapore,Mobile,2026-04-22T15:14:09.000+05:30,YES,15,NO,4,YES
11733,84,1094,92986.51,Nike,UPI,Singapore,Tablet,2026-05-04T04:05:10.000+05:30,YES,4,YES,5,YES
11941,23,1097,73345.45,Nike,NET BANKING,USA,Tablet,2026-04-18T22:56:26.000+05:30,YES,22,NO,4,YES
11942,64,1037,59612.66,Apple Store,ATM WITHDRAWAL,UK,ATM,2026-05-17T11:51:01.000+05:30,YES,11,NO,5,YES
12839,23,1100,62046.11,Walmart,CARD,Germany,Tablet,2026-05-11T14:57:01.000+05:30,YES,14,NO,5,YES
13727,100,1069,57440.9,Uber,UPI,Germany,Mobile,2026-05-13T12:57:27.000+05:30,YES,12,NO,5,YES
13821,35,1061,88273.79,Nike,ATM WITHDRAWAL,USA,ATM,2026-05-04T17:51:20.000+05:30,YES,17,NO,5,YES
14049,57,1168,97422.46,Netflix,UPI,Germany,ATM,2026-05-12T01:33:06.000+05:30,YES,1,YES,5,YES
14853,59,1038,88847.21,Petrol Pump,ATM WITHDRAWAL,Germany,Laptop,2026-04-26T02:05:01.000+05:30,YES,2,YES,4,YES
15352,84,1018,93815.55,Walmart,ATM WITHDRAWAL,USA,Tablet,2026-05-10T03:51:33.000+05:30,YES,3,YES,5,YES
15635,42,1004,83203.41,Amazon,NET BANKING,USA,Laptop,2026-04-21T12:48:22.000+05:30,YES,12,NO,4,YES
15704,62,1187,56097.8,Swiggy,CARD,Singapore,Laptop,2026-05-12T18:06:55.000+05:30,YES,18,NO,5,YES
16674,80,1013,66734.04,Nike,CARD,Germany,ATM,2026-05-16T20:11:34.000+05:30,YES,20,NO,5,YES
17293,92,1183,61543.52,Nike,UPI,Singapore,Tablet,2026-05-05T18:37:15.000+05:30,YES,18,NO,5,YES
17508,73,1032,90183.61,Walmart,ATM WITHDRAWAL,UK,Laptop,2026-05-03T02:11:03.000+05:30,YES,2,YES,5,YES
19063,26,1095,89558.49,Nike,NET BANKING,Singapore,Tablet,2026-05-06T10:25:30.000+05:30,YES,10,NO,5,YES
19605,90,1130,56331.69,Nike,CARD,Singapore,ATM,2026-04-29T12:48:47.000+05:30,YES,12,NO,4,YES
10080,69,1149,77004.76,Zomato,NET BANKING,Singapore,Tablet,2026-05-18T09:11:20.000+05:30,YES,9,NO,5,YES
10771,8,1047,86588.4,Flipkart,UPI,Singapore,Laptop,2026-05-04T00:12:00.000+05:30,YES,0,YES,5,YES
11703,14,1008,91037.02,Petrol Pump,UPI,UK,Tablet,2026-05-12T17:52:24.000+05:30,YES,17,NO,5,YES
12401,2,1191,64221.43,Nike,CARD,UK,ATM,2026-04-26T17:55:19.000+05:30,YES,17,NO,4,YES
12498,11,1187,94243.0,Apple Store,CARD,Germany,Tablet,2026-04-22T13:12:42.000+05:30,YES,13,NO,4,YES
13059,51,1058,67622.35,Apple Store,UPI,UK,Tablet,2026-05-05T22:57:11.000+05:30,YES,22,NO,5,YES
13209,17,1040,55429.96,Zomato,UPI,UK,Laptop,2026-04-30T05:36:28.000+05:30,YES,5,YES,4,YES
14245,53,1106,53530.86,Petrol Pump,CARD,USA,ATM,2026-04-19T05:08:56.000+05:30,YES,5,YES,4,YES
15832,14,1065,56821.53,Nike,UPI,Singapore,ATM,2026-05-14T01:29:49.000+05:30,YES,1,YES,5,YES
19066,63,1029,90218.95,Apple Store,NET BANKING,UK,ATM,2026-04-19T10:02:56.000+05:30,YES,10,NO,4,YES
19723,16,1072,59804.79,Swiggy,UPI,Singapore,Laptop,2026-05-09T07:07:55.000+05:30,YES,7,NO,5,YES
19909,13,1184,66983.12,Walmart,NET BANKING,Singapore,ATM,2026-04-27T05:05:26.000+05:30,YES,5,YES,4,YES
10980,40,1089,52562.32,Apple Store,CARD,Singapore,Laptop,2026-04-27T02:20:50.000+05:30,YES,2,YES,4,YES
11753,67,1134,51790.4,Petrol Pump,NET BANKING,USA,Tablet,2026-05-09T20:25:03.000+05:30,YES,20,NO,5,YES
11779,55,1117,99674.75,Flipkart,UPI,Singapore,Mobile,2026-05-01T07:27:40.000+05:30,YES,7,NO,5,YES
14509,54,1184,67850.23,Flipkart,CARD,USA,ATM,2026-04-19T23:58:59.000+05:30,YES,23,NO,4,YES
16040,30,1002,93851.12,Nike,UPI,UK,Tablet,2026-05-06T20:15:15.000+05:30,YES,20,NO,5,YES
16679,90,1171,61805.17,Walmart,CARD,Singapore,Tablet,2026-05-15T17:34:36.000+05:30,YES,17,NO,5,YES
17610,17,1198,50573.17,Petrol Pump,NET BANKING,Germany,Laptop,2026-04-25T14:16:15.000+05:30,YES,14,NO,4,YES
18528,75,1015,97959.88,Nike,ATM WITHDRAWAL,Singapore,Laptop,2026-04-28T16:21:56.000+05:30,YES,16,NO,4,YES
19001,86,1083,58836.84,Petrol Pump,NET BANKING,USA,Laptop,2026-04-19T07:16:01.000+05:30,YES,7,NO,4,YES
19350,76,1037,96311.36,Amazon,ATM WITHDRAWAL,Singapore,ATM,2026-05-15T03:44:48.000+05:30,YES,3,YES,5,YES
19687,25,1105,80886.39,Uber,ATM WITHDRAWAL,USA,ATM,2026-04-22T23:41:08.000+05:30,YES,23,NO,4,YES
19767,3,1010,82963.81,Amazon,ATM WITHDRAWAL,Germany,Tablet,2026-04-27T07:21:55.000+05:30,YES,7,NO,4,YES
10086,38,1127,64538.64,Amazon,ATM WITHDRAWAL,UK,Tablet,2026-04-24T08:55:27.000+05:30,YES,8,NO,4,YES
10137,12,1108,59445.23,Apple Store,UPI,Singapore,ATM,2026-04-28T08:39:35.000+05:30,YES,8,NO,4,YES
10525,88,1053,77922.22,Walmart,NET BANKING,Germany,Laptop,2026-04-27T17:10:39.000+05:30,YES,17,NO,4,YES
11573,44,1149,78306.68,Swiggy,UPI,UK,Mobile,2026-04-28T21:20:56.000+05:30,YES,21,NO,4,YES
12282,20,1053,65370.45,Uber,CARD,Singapore,Tablet,2026-05-14T09:32:42.000+05:30,YES,9,NO,5,YES
12360,29,1048,93207.21,Petrol Pump,UPI,USA,Tablet,2026-05-06T00:12:15.000+05:30,YES,0,YES,5,YES
12619,84,1120,68649.46,Flipkart,UPI,Singapore,Tablet,2026-05-04T20:21:56.000+05:30,YES,20,NO,5,YES
12622,85,1127,83639.83,Walmart,CARD,Germany,Tablet,2026-05-18T08:54:16.000+05:30,YES,8,NO,5,YES
12829,5,1171,70935.75,Uber,ATM WITHDRAWAL,Germany,Laptop,2026-05-12T05:56:06.000+05:30,YES,5,YES,5,YES
13929,84,1045,62410.27,Walmart,CARD,Singapore,Laptop,2026-05-01T10:01:35.000+05:30,YES,10,NO,5,YES
14012,41,1176,64758.75,Flipkart,CARD,Germany,Tablet,2026-04-29T03:45:12.000+05:30,YES,3,YES,4,YES
14744,49,1012,60787.3,Swiggy,UPI,UK,ATM,2026-04-20T00:40:56.000+05:30,YES,0,YES,4,YES
15058,76,1103,75608.75,Netflix,NET BANKING,Germany,Mobile,2026-05-10T13:20:59.000+05:30,YES,13,NO,5,YES
15626,8,1167,97919.46,Netflix,NET BANKING,Germany,Mobile,2026-04-22T14:50:04.000+05:30,YES,14,NO,4,YES
16895,36,1085,79436.31,Walmart,CARD,Germany,Laptop,2026-04-25T14:15:47.000+05:30,YES,14,NO,4,YES
16904,11,1074,60390.32,Netflix,CARD,UK,Mobile,2026-05-13T19:56:37.000+05:30,YES,19,NO,5,YES
17226,80,1040,77704.95,Zomato,UPI,Germany,Tablet,2026-05-13T04:14:08.000+05:30,YES,4,YES,5,YES
17425,27,1087,52497.62,Swiggy,NET BANKING,USA,Tablet,2026-05-15T01:56:50.000+05:30,YES,1,YES,5,YES
18318,3,1073,56945.05,Flipkart,UPI,USA,ATM,2026-04-22T07:16:48.000+05:30,YES,7,NO,4,YES
18692,73,1032,53874.06,Petrol Pump,UPI,Germany,Laptop,2026-04-22T19:44:40.000+05:30,YES,19,NO,4,YES
19643,63,1144,97006.92,Nike,ATM WITHDRAWAL,Germany,Tablet,2026-05-03T19:03:29.000+05:30,YES,19,NO,5,YES
10286,79,1156,56536.75,Zomato,CARD,Singapore,ATM,2026-05-11T06:43:45.000+05:30,YES,6,NO,5,YES
10760,90,1077,59779.78,Amazon,CARD,Singapore,ATM,2026-05-05T05:01:50.000+05:30,YES,5,YES,5,YES
11149,33,1108,65614.87,Walmart,NET BANKING,UK,Tablet,2026-05-11T23:59:27.000+05:30,YES,23,NO,5,YES
12609,3,1088,54390.27,Walmart,ATM WITHDRAWAL,USA,Mobile,2026-05-17T06:32:01.000+05:30,YES,6,NO,5,YES
13496,89,1077,91791.4,Uber,UPI,UK,Laptop,2026-04-29T07:59:53.000+05:30,YES,7,NO,4,YES
15094,15,1001,93768.69,Petrol Pump,CARD,USA,ATM,2026-04-23T13:03:18.000+05:30,YES,13,NO,4,YES
15243,15,1106,75819.6,Flipkart,ATM WITHDRAWAL,Singapore,ATM,2026-04-29T05:14:46.000+05:30,YES,5,YES,4,YES
15809,34,1024,85747.88,Uber,CARD,Germany,Tablet,2026-05-06T18:59:03.000+05:30,YES,18,NO,5,YES
16081,13,1187,70955.67,Swiggy,NET BANKING,Germany,Tablet,2026-05-17T18:16:44.000+05:30,YES,18,NO,5,YES
16304,14,1192,72611.71,Zomato,CARD,Germany,ATM,2026-05-06T12:45:52.000+05:30,YES,12,NO,5,YES
17896,46,1178,89818.82,Apple Store,UPI,Germany,Tablet,2026-05-11T13:24:41.000+05:30,YES,13,NO,5,YES
18088,54,1195,71692.64,Netflix,ATM WITHDRAWAL,USA,ATM,2026-05-14T05:44:19.000+05:30,YES,5,YES,5,YES
18614,82,1040,52075.56,Swiggy,UPI,USA,Mobile,2026-05-10T01:22:31.000+05:30,YES,1,YES,5,YES
19760,44,1031,60841.4,Nike,NET BANKING,Germany,Mobile,2026-05-02T11:30:09.000+05:30,YES,11,NO,5,YES
10054,88,1001,75762.85,Amazon,ATM WITHDRAWAL,Germany,Tablet,2026-05-09T17:56:13.000+05:30,YES,17,NO,5,YES
10628,3,1062,72411.52,Swiggy,UPI,USA,Mobile,2026-05-04T04:43:54.000+05:30,YES,4,YES,5,YES
12222,30,1013,78429.82,Nike,CARD,UK,Tablet,2026-05-07T17:01:06.000+05:30,YES,17,NO,5,YES
13327,98,1096,87144.05,Walmart,NET BANKING,Germany,ATM,2026-04-27T01:49:33.000+05:30,YES,1,YES,4,YES
13829,46,1115,59515.57,Swiggy,ATM WITHDRAWAL,Singapore,Mobile,2026-05-09T16:47:37.000+05:30,YES,16,NO,5,YES
13932,7,1109,57306.19,Nike,NET BANKING,Germany,ATM,2026-04-25T14:45:04.000+05:30,YES,14,NO,4,YES
13987,22,1055,87430.67,Swiggy,NET BANKING,USA,Mobile,2026-05-11T23:09:11.000+05:30,YES,23,NO,5,YES
14997,47,1073,99507.81,Petrol Pump,NET BANKING,UK,Mobile,2026-04-22T09:31:31.000+05:30,YES,9,NO,4,YES
16350,8,1165,53530.52,Nike,NET BANKING,UK,Tablet,2026-05-10T19:44:51.000+05:30,YES,19,NO,5,YES
16683,35,1149,84762.47,Nike,CARD,USA,Tablet,2026-05-09T16:56:06.000+05:30,YES,16,NO,5,YES
17037,32,1186,51274.75,Amazon,UPI,UK,Tablet,2026-04-30T00:21:43.000+05:30,YES,0,YES,4,YES
17237,86,1106,83605.38,Uber,ATM WITHDRAWAL,UK,ATM,2026-04-21T12:39:57.000+05:30,YES,12,NO,4,YES
17491,21,1033,84447.51,Walmart,ATM WITHDRAWAL,USA,Laptop,2026-04-24T05:45:47.000+05:30,YES,5,YES,4,YES
18749,76,1003,78450.09,Flipkart,CARD,UK,Mobile,2026-05-07T08:10:21.000+05:30,YES,8,NO,5,YES
19218,39,1014,52229.92,Swiggy,ATM WITHDRAWAL,USA,Tablet,2026-04-25T08:03:32.000+05:30,YES,8,NO,4,YES
10126,45,1155,71208.55,Petrol Pump,ATM WITHDRAWAL,Singapore,Laptop,2026-04-18T18:46:35.000+05:30,YES,18,NO,4,YES
10435,27,1018,72889.05,Uber,ATM WITHDRAWAL,UK,Tablet,2026-05-02T10:38:26.000+05:30,YES,10,NO,5,YES
10580,81,1185,84972.99,Petrol Pump,NET BANKING,Germany,ATM,2026-04-28T09:17:46.000+05:30,YES,9,NO,4,YES
10903,76,1047,77068.74,Swiggy,UPI,Singapore,Laptop,2026-04-20T15:34:33.000+05:30,YES,15,NO,4,YES
11947,29,1006,64924.79,Flipkart,CARD,USA,Mobile,2026-05-13T18:36:09.000+05:30,YES,18,NO,5,YES
12958,52,1173,87445.75,Netflix,UPI,Singapore,Mobile,2026-05-15T05:22:45.000+05:30,YES,5,YES,5,YES
13967,78,1009,57169.01,Petrol Pump,UPI,UK,Mobile,2026-05-05T10:09:45.000+05:30,YES,10,NO,5,YES
14553,67,1081,87151.28,Nike,ATM WITHDRAWAL,Singapore,Mobile,2026-05-03T17:39:47.000+05:30,YES,17,NO,5,YES
15660,29,1150,71165.65,Nike,CARD,Singapore,Tablet,2026-05-02T06:05:56.000+05:30,YES,6,NO,5,YES
15695,67,1040,74501.21,Swiggy,UPI,USA,Tablet,2026-05-17T00:06:27.000+05:30,YES,0,YES,5,YES
17351,24,1042,85895.86,Swiggy,CARD,Singapore,Mobile,2026-04-20T07:54:56.000+05:30,YES,7,NO,4,YES
18204,99,1008,64221.57,Swiggy,CARD,Singapore,ATM,2026-05-15T02:09:31.000+05:30,YES,2,YES,5,YES
18396,29,1148,86735.95,Walmart,CARD,Singapore,Mobile,2026-05-09T02:58:59.000+05:30,YES,2,YES,5,YES
18930,49,1040,61195.01,Apple Store,ATM WITHDRAWAL,Germany,ATM,2026-05-01T08:47:18.000+05:30,YES,8,NO,5,YES
18940,72,1047,72110.34,Apple Store,CARD,UK,Tablet,2026-05-01T01:56:12.000+05:30,YES,1,YES,5,YES
12550,81,1168,79016.68,Zomato,CARD,USA,ATM,2026-04-30T20:31:36.000+05:30,YES,20,NO,4,YES
12563,21,1178,55469.45,Zomato,CARD,UK,Mobile,2026-04-26T05:58:46.000+05:30,YES,5,YES,4,YES
12910,5,1198,57750.43,Nike,NET BANKING,USA,Tablet,2026-04-21T18:42:27.000+05:30,YES,18,NO,4,YES
13093,93,1037,82337.26,Swiggy,CARD,Singapore,Laptop,2026-05-07T21:52:44.000+05:30,YES,21,NO,5,YES
14989,41,1143,74128.29,Walmart,ATM WITHDRAWAL,Singapore,ATM,2026-05-17T01:08:32.000+05:30,YES,1,YES,5,YES
15128,55,1005,50886.45,Nike,CARD,USA,ATM,2026-05-12T04:21:45.000+05:30,YES,4,YES,5,YES
17358,36,1054,59976.94,Apple Store,CARD,UK,Laptop,2026-05-15T22:40:35.000+05:30,YES,22,NO,5,YES
17791,42,1107,96149.48,Apple Store,ATM WITHDRAWAL,USA,Laptop,2026-05-02T15:53:58.000+05:30,YES,15,NO,5,YES
18436,62,1167,51876.21,Nike,ATM WITHDRAWAL,Singapore,Mobile,2026-04-28T21:05:00.000+05:30,YES,21,NO,4,YES
18742,81,1145,50216.79,Zomato,CARD,Singapore,ATM,2026-04-22T12:31:27.000+05:30,YES,12,NO,4,YES
19507,21,1019,86463.13,Swiggy,ATM WITHDRAWAL,Germany,ATM,2026-05-18T07:10:31.000+05:30,YES,7,NO,5,YES
19942,85,1112,68736.44,Petrol Pump,UPI,UK,ATM,2026-05-08T14:40:13.000+05:30,YES,14,NO,5,YES
10721,79,1086,69884.31,Uber,NET BANKING,Germany,ATM,2026-04-28T09:22:38.000+05:30,YES,9,NO,4,YES
11228,84,1044,91227.62,Walmart,NET BANKING,USA,Laptop,2026-04-27T18:32:58.000+05:30,YES,18,NO,4,YES
11487,51,1098,85818.33,Nike,NET BANKING,USA,Mobile,2026-04-29T09:52:50.000+05:30,YES,9,NO,4,YES
13057,23,1091,84371.31,Netflix,ATM WITHDRAWAL,Germany,Tablet,2026-04-24T11:26:32.000+05:30,YES,11,NO,4,YES
13255,68,1097,59752.73,Walmart,ATM WITHDRAWAL,Singapore,Tablet,2026-05-07T15:03:15.000+05:30,YES,15,NO,5,YES
13601,36,1171,88666.8,Uber,ATM WITHDRAWAL,USA,Tablet,2026-05-11T16:15:37.000+05:30,YES,16,NO,5,YES
14018,99,1073,67995.1,Uber,ATM WITHDRAWAL,Germany,ATM,2026-05-06T05:32:30.000+05:30,YES,5,YES,5,YES
14340,3,1054,75447.97,Uber,NET BANKING,USA,ATM,2026-04-23T15:57:37.000+05:30,YES,15,NO,4,YES
14416,82,1125,66150.9,Flipkart,NET BANKING,Singapore,Laptop,2026-05-13T07:22:14.000+05:30,YES,7,NO,5,YES
14970,81,1158,87957.55,Petrol Pump,NET BANKING,USA,Tablet,2026-05-04T02:12:20.000+05:30,YES,2,YES,5,YES
15263,90,1150,95379.88,Swiggy,UPI,UK,Tablet,2026-04-24T20:12:43.000+05:30,YES,20,NO,4,YES
16101,63,1104,93998.57,Swiggy,NET BANKING,Germany,Mobile,2026-05-15T05:14:52.000+05:30,YES,5,YES,5,YES
16434,34,1097,79939.96,Uber,ATM WITHDRAWAL,USA,Mobile,2026-05-12T17:41:58.000+05:30,YES,17,NO,5,YES
17542,97,1090,52967.82,Apple Store,ATM WITHDRAWAL,USA,Laptop,2026-04-26T16:08:11.000+05:30,YES,16,NO,4,YES
17764,55,1019,89042.85,Amazon,ATM WITHDRAWAL,UK,ATM,2026-04-28T12:19:14.000+05:30,YES,12,NO,4,YES
18242,41,1184,91036.65,Netflix,NET BANKING,UK,ATM,2026-04-20T13:15:41.000+05:30,YES,13,NO,4,YES
18758,61,1122,72888.46,Uber,ATM WITHDRAWAL,Singapore,Tablet,2026-04-19T00:19:37.000+05:30,YES,0,YES,4,YES
11482,84,1172,96318.39,Uber,CARD,Singapore,ATM,2026-05-06T17:42:39.000+05:30,YES,17,NO,5,YES
12487,98,1089,65404.58,Petrol Pump,CARD,Germany,Mobile,2026-05-13T19:17:30.000+05:30,YES,19,NO,5,YES
12908,9,1094,80767.43,Amazon,UPI,USA,Mobile,2026-05-03T10:57:15.000+05:30,YES,10,NO,5,YES
13127,21,1183,68745.24,Amazon,NET BANKING,Singapore,Mobile,2026-05-11T22:43:53.000+05:30,YES,22,NO,5,YES
15601,40,1116,62422.69,Walmart,NET BANKING,Germany,Tablet,2026-05-02T11:26:07.000+05:30,YES,11,NO,5,YES
16029,73,1089,86848.7,Netflix,UPI,Germany,ATM,2026-05-03T06:03:31.000+05:30,YES,6,NO,5,YES
16197,3,1014,72044.38,Uber,UPI,UK,Mobile,2026-04-19T14:25:00.000+05:30,YES,14,NO,4,YES
17731,66,1119,86624.84,Walmart,ATM WITHDRAWAL,USA,Tablet,2026-05-02T15:12:30.000+05:30,YES,15,NO,5,YES
18491,4,1074,90990.14,Apple Store,ATM WITHDRAWAL,USA,Tablet,2026-05-05T15:09:51.000+05:30,YES,15,NO,5,YES
18987,21,1083,67930.57,Flipkart,UPI,Singapore,ATM,2026-05-09T12:53:57.000+05:30,YES,12,NO,5,YES
19840,8,1192,64147.89,Flipkart,NET BANKING,Singapore,Mobile,2026-05-10T21:11:44.000+05:30,YES,21,NO,5,YES
10498,33,1097,86161.46,Swiggy,ATM WITHDRAWAL,UK,Tablet,2026-04-20T04:58:20.000+05:30,YES,4,YES,4,YES
10922,70,1068,71595.57,Apple Store,CARD,Singapore,Tablet,2026-05-11T08:07:32.000+05:30,YES,8,NO,5,YES
10995,38,1145,60976.17,Nike,UPI,UK,ATM,2026-04-20T16:56:01.000+05:30,YES,16,NO,4,YES
11537,65,1112,79038.24,Zomato,NET BANKING,Germany,Tablet,2026-05-12T18:43:34.000+05:30,YES,18,NO,5,YES
11664,13,1140,86683.38,Netflix,UPI,Germany,ATM,2026-05-06T17:36:41.000+05:30,YES,17,NO,5,YES
12617,34,1035,65159.39,Walmart,ATM WITHDRAWAL,Singapore,ATM,2026-05-01T23:43:34.000+05:30,YES,23,NO,5,YES
12991,95,1098,61046.54,Flipkart,CARD,UK,Mobile,2026-05-04T02:47:21.000+05:30,YES,2,YES,5,YES
13150,59,1196,81487.66,Zomato,UPI,UK,Tablet,2026-04-26T04:37:06.000+05:30,YES,4,YES,4,YES
13303,21,1055,82440.59,Flipkart,ATM WITHDRAWAL,USA,Mobile,2026-04-22T15:48:28.000+05:30,YES,15,NO,4,YES
13447,77,1067,71378.63,Netflix,NET BANKING,Germany,Mobile,2026-05-12T20:52:09.000+05:30,YES,20,NO,5,YES
13582,100,1108,63401.32,Walmart,CARD,USA,Laptop,2026-05-06T16:47:56.000+05:30,YES,16,NO,5,YES
13748,35,1104,62901.51,Walmart,UPI,Germany,Tablet,2026-04-25T01:49:42.000+05:30,YES,1,YES,4,YES
13786,32,1144,64700.39,Zomato,ATM WITHDRAWAL,USA,Laptop,2026-05-10T23:44:00.000+05:30,YES,23,NO,5,YES
14182,41,1075,55574.28,Amazon,CARD,Singapore,ATM,2026-05-06T01:43:12.000+05:30,YES,1,YES,5,YES
14283,14,1176,59748.37,Nike,NET BANKING,USA,Mobile,2026-05-06T12:14:45.000+05:30,YES,12,NO,5,YES
14337,33,1039,78901.83,Walmart,UPI,Germany,Tablet,2026-05-11T13:59:32.000+05:30,YES,13,NO,5,YES
14947,20,1186,69470.68,Petrol Pump,CARD,USA,Laptop,2026-04-20T17:19:57.000+05:30,YES,17,NO,4,YES
15354,38,1038,65901.03,Zomato,ATM WITHDRAWAL,UK,ATM,2026-05-09T03:59:30.000+05:30,YES,3,YES,5,YES
16376,84,1168,67340.56,Zomato,UPI,Germany,Mobile,2026-05-16T21:41:36.000+05:30,YES,21,NO,5,YES
16388,53,1068,54329.58,Netflix,ATM WITHDRAWAL,USA,Mobile,2026-04-21T12:04:48.000+05:30,YES,12,NO,4,YES
16634,19,1100,96145.49,Uber,UPI,UK,Laptop,2026-04-24T00:44:48.000+05:30,YES,0,YES,4,YES
16729,61,1101,91815.73,Petrol Pump,ATM WITHDRAWAL,Singapore,Mobile,2026-04-24T13:35:31.000+05:30,YES,13,NO,4,YES
17380,99,1165,97677.39,Nike,NET BANKING,Germany,Mobile,2026-05-08T00:54:11.000+05:30,YES,0,YES,5,YES
17551,21,1166,63187.92,Walmart,CARD,UK,ATM,2026-04-27T11:11:03.000+05:30,YES,11,NO,4,YES
18392,74,1089,54799.85,Amazon,UPI,Germany,Mobile,2026-05-13T17:54:41.000+05:30,YES,17,NO,5,YES
19002,95,1151,66222.07,Flipkart,UPI,Germany,Tablet,2026-05-18T03:55:07.000+05:30,YES,3,YES,5,YES
19009,42,1095,89579.24,Walmart,ATM WITHDRAWAL,USA,ATM,2026-04-24T06:49:43.000+05:30,YES,6,NO,4,YES
19634,19,1142,50027.11,Petrol Pump,UPI,Germany,ATM,2026-05-09T09:50:36.000+05:30,YES,9,NO,5,YES
19842,50,1083,71807.99,Apple Store,UPI,UK,Mobile,2026-05-16T00:38:00.000+05:30,YES,0,YES,5,YES
10360,24,1194,80412.57,Flipkart,NET BANKING,USA,ATM,2026-04-19T23:38:24.000+05:30,YES,23,NO,4,YES
10658,24,1142,85793.12,Nike,ATM WITHDRAWAL,UK,Tablet,2026-04-22T19:07:50.000+05:30,YES,19,NO,4,YES
11383,76,1113,82348.99,Swiggy,ATM WITHDRAWAL,UK,Tablet,2026-04-27T00:12:51.000+05:30,YES,0,YES,4,YES
11404,69,1083,75569.35,Swiggy,ATM WITHDRAWAL,Singapore,Laptop,2026-05-13T19:17:21.000+05:30,YES,19,NO,5,YES
11604,41,1164,57098.66,Walmart,CARD,Singapore,Tablet,2026-04-25T21:36:37.000+05:30,YES,21,NO,4,YES
12943,13,1131,99425.77,Flipkart,NET BANKING,Singapore,Mobile,2026-05-15T04:01:55.000+05:30,YES,4,YES,5,YES
13999,11,1021,63902.06,Apple Store,ATM WITHDRAWAL,USA,ATM,2026-05-15T16:28:32.000+05:30,YES,16,NO,5,YES
15367,85,1182,53732.66,Walmart,ATM WITHDRAWAL,UK,ATM,2026-05-16T04:12:53.000+05:30,YES,4,YES,5,YES
15690,98,1110,65379.25,Nike,ATM WITHDRAWAL,Germany,Tablet,2026-05-03T17:38:36.000+05:30,YES,17,NO,5,YES
17077,34,1111,85446.12,Apple Store,ATM WITHDRAWAL,Germany,Mobile,2026-04-22T11:25:46.000+05:30,YES,11,NO,4,YES
17342,41,1015,70339.18,Flipkart,CARD,USA,Tablet,2026-05-07T21:36:59.000+05:30,YES,21,NO,5,YES
18342,87,1031,95528.15,Zomato,NET BANKING,Germany,Mobile,2026-05-09T22:35:32.000+05:30,YES,22,NO,5,YES
19152,67,1065,81138.87,Netflix,NET BANKING,Germany,Laptop,2026-05-11T17:53:53.000+05:30,YES,17,NO,5,YES
10157,83,1147,96828.74,Walmart,ATM WITHDRAWAL,Singapore,Laptop,2026-05-14T08:14:30.000+05:30,YES,8,NO,5,YES
11231,23,1112,52852.2,Zomato,UPI,UK,Laptop,2026-05-10T10:30:53.000+05:30,YES,10,NO,5,YES
12188,62,1126,57667.11,Zomato,NET BANKING,Singapore,Mobile,2026-05-13T15:17:46.000+05:30,YES,15,NO,5,YES
13721,64,1074,93304.44,Petrol Pump,NET BANKING,Germany,Tablet,2026-05-10T01:45:58.000+05:30,YES,1,YES,5,YES
13927,27,1102,82473.76,Nike,CARD,UK,ATM,2026-04-28T09:12:09.000+05:30,YES,9,NO,4,YES
14019,58,1184,81288.87,Walmart,UPI,Germany,Tablet,2026-04-30T23:03:24.000+05:30,YES,23,NO,4,YES
15646,49,1050,86639.34,Walmart,NET BANKING,Germany,Tablet,2026-04-25T12:29:49.000+05:30,YES,12,NO,4,YES
16534,41,1073,89347.76,Zomato,UPI,Germany,ATM,2026-04-21T14:08:55.000+05:30,YES,14,NO,4,YES
17871,19,1126,61270.76,Flipkart,ATM WITHDRAWAL,UK,Laptop,2026-04-26T19:02:23.000+05:30,YES,19,NO,4,YES
18389,64,1135,68372.55,Petrol Pump,ATM WITHDRAWAL,USA,Tablet,2026-04-29T01:06:17.000+05:30,YES,1,YES,4,YES
18483,13,1088,61317.47,Swiggy,UPI,USA,Mobile,2026-05-10T05:53:24.000+05:30,YES,5,YES,5,YES
18682,36,1076,54535.4,Zomato,CARD,Singapore,Laptop,2026-05-14T17:37:20.000+05:30,YES,17,NO,5,YES
18958,20,1163,82085.75,Uber,CARD,Germany,ATM,2026-04-27T02:18:18.000+05:30,YES,2,YES,4,YES
19949,71,1123,72438.95,Walmart,NET BANKING,Germany,Laptop,2026-05-07T10:17:06.000+05:30,YES,10,NO,5,YES
10487,66,1113,73726.35,Nike,ATM WITHDRAWAL,Germany,Tablet,2026-05-06T00:42:01.000+05:30,YES,0,YES,5,YES
11864,43,1186,68003.19,Apple Store,ATM WITHDRAWAL,UK,ATM,2026-04-26T07:40:53.000+05:30,YES,7,NO,4,YES
12748,43,1027,51913.95,Apple Store,CARD,UK,Mobile,2026-05-10T03:41:45.000+05:30,YES,3,YES,5,YES
13888,42,1004,83998.44,Flipkart,UPI,Germany,Mobile,2026-05-11T20:43:29.000+05:30,YES,20,NO,5,YES
14249,57,1016,67848.22,Amazon,UPI,Singapore,Tablet,2026-05-05T10:09:02.000+05:30,YES,10,NO,5,YES
14769,40,1084,50459.5,Nike,NET BANKING,USA,Laptop,2026-05-06T05:19:00.000+05:30,YES,5,YES,5,YES
14913,65,1126,93291.67,Walmart,ATM WITHDRAWAL,USA,ATM,2026-05-04T02:49:59.000+05:30,YES,2,YES,5,YES
15785,79,1122,58170.19,Apple Store,ATM WITHDRAWAL,Germany,ATM,2026-05-05T23:27:24.000+05:30,YES,23,NO,5,YES
16260,67,1117,51965.77,Swiggy,UPI,Germany,Laptop,2026-04-27T18:26:04.000+05:30,YES,18,NO,4,YES
16364,19,1021,61514.33,Flipkart,UPI,UK,Tablet,2026-05-13T09:33:06.000+05:30,YES,9,NO,5,YES
16457,53,1021,90023.16,Nike,CARD,Germany,ATM,2026-05-18T04:10:32.000+05:30,YES,4,YES,5,YES
17108,83,1014,85668.11,Uber,CARD,Germany,Mobile,2026-04-29T18:20:17.000+05:30,YES,18,NO,4,YES
17193,63,1128,58118.73,Petrol Pump,UPI,UK,Tablet,2026-04-22T06:25:27.000+05:30,YES,6,NO,4,YES
17420,51,1195,87773.07,Apple Store,NET BANKING,Germany,Tablet,2026-04-30T11:08:26.000+05:30,YES,11,NO,4,YES
17469,83,1047,80444.84,Netflix,NET BANKING,Singapore,Laptop,2026-05-08T01:08:44.000+05:30,YES,1,YES,5,YES
17536,82,1156,77141.07,Zomato,NET BANKING,Singapore,Laptop,2026-05-10T17:39:02.000+05:30,YES,17,NO,5,YES
17852,42,1028,65974.15,Petrol Pump,NET BANKING,Germany,ATM,2026-05-07T16:42:20.000+05:30,YES,16,NO,5,YES
18584,37,1037,91233.22,Walmart,ATM WITHDRAWAL,USA,Laptop,2026-04-28T08:40:01.000+05:30,YES,8,NO,4,YES
18915,29,1017,57033.35,Nike,NET BANKING,UK,Laptop,2026-05-07T18:20:16.000+05:30,YES,18,NO,5,YES
19248,21,1153,68650.36,Amazon,ATM WITHDRAWAL,Singapore,Mobile,2026-05-15T22:27:01.000+05:30,YES,22,NO,5,YES
19292,90,1108,94373.7,Netflix,CARD,Germany,ATM,2026-05-14T16:11:41.000+05:30,YES,16,NO,5,YES
19526,44,1157,63008.04,Amazon,NET BANKING,Germany,Tablet,2026-04-19T02:52:54.000+05:30,YES,2,YES,4,YES
10179,89,1148,61216.03,Walmart,ATM WITHDRAWAL,Germany,ATM,2026-05-13T06:30:12.000+05:30,YES,6,NO,5,YES
10581,48,1104,72173.83,Flipkart,UPI,Singapore,Mobile,2026-05-09T13:48:20.000+05:30,YES,13,NO,5,YES
10636,1,1071,80408.64,Netflix,ATM WITHDRAWAL,UK,Mobile,2026-05-10T07:06:23.000+05:30,YES,7,NO,5,YES
10653,66,1083,87760.97,Swiggy,ATM WITHDRAWAL,Singapore,Tablet,2026-04-21T22:20:02.000+05:30,YES,22,NO,4,YES
10690,50,1120,67292.0,Netflix,CARD,Singapore,Laptop,2026-04-24T15:28:34.000+05:30,YES,15,NO,4,YES
10843,28,1049,88728.52,Amazon,ATM WITHDRAWAL,USA,ATM,2026-05-13T20:56:06.000+05:30,YES,20,NO,5,YES
11427,32,1115,58228.41,Flipkart,CARD,UK,ATM,2026-05-13T03:27:16.000+05:30,YES,3,YES,5,YES
12548,69,1121,56459.67,Amazon,CARD,UK,Tablet,2026-05-14T05:00:58.000+05:30,YES,5,YES,5,YES
12631,80,1124,75256.57,Walmart,ATM WITHDRAWAL,UK,ATM,2026-05-02T03:26:51.000+05:30,YES,3,YES,5,YES
14402,68,1114,99719.49,Walmart,ATM WITHDRAWAL,Singapore,ATM,2026-04-25T00:34:29.000+05:30,YES,0,YES,4,YES
15514,66,1095,91693.04,Swiggy,CARD,Singapore,Tablet,2026-05-08T03:30:18.000+05:30,YES,3,YES,5,YES
15945,20,1006,78744.38,Walmart,NET BANKING,Germany,Tablet,2026-05-01T07:09:48.000+05:30,YES,7,NO,5,YES
16313,22,1169,66020.24,Zomato,UPI,Singapore,Mobile,2026-05-15T13:40:06.000+05:30,YES,13,NO,5,YES
16315,26,1171,95706.84,Petrol Pump,UPI,Germany,ATM,2026-05-08T22:27:21.000+05:30,YES,22,NO,5,YES
16594,48,1003,93555.04,Flipkart,NET BANKING,Singapore,ATM,2026-05-02T02:51:38.000+05:30,YES,2,YES,5,YES
17368,40,1081,84829.65,Swiggy,UPI,Singapore,Tablet,2026-04-26T09:39:33.000+05:30,YES,9,NO,4,YES
18049,7,1167,70539.68,Uber,UPI,USA,Laptop,2026-05-07T12:50:55.000+05:30,YES,12,NO,5,YES
18417,57,1021,56250.48,Petrol Pump,UPI,Germany,Laptop,2026-05-06T18:15:15.000+05:30,YES,18,NO,5,YES
19745,78,1002,86988.19,Apple Store,NET BANKING,USA,Tablet,2026-05-05T20:59:04.000+05:30,YES,20,NO,5,YES
19858,68,1107,79021.77,Uber,CARD,Germany,Mobile,2026-05-04T09:04:35.000+05:30,YES,9,NO,5,YES
10047,17,1024,71592.44,Petrol Pump,ATM WITHDRAWAL,Germany,Laptop,2026-05-18T01:54:50.000+05:30,YES,1,YES,5,YES
10089,80,1185,97359.9,Netflix,UPI,USA,Mobile,2026-05-15T05:49:22.000+05:30,YES,5,YES,5,YES
10466,55,1127,87375.53,Apple Store,CARD,Singapore,Tablet,2026-05-09T11:28:32.000+05:30,YES,11,NO,5,YES
10556,74,1165,59981.8,Nike,NET BANKING,Germany,Mobile,2026-05-17T14:02:06.000+05:30,YES,14,NO,5,YES
11227,30,1065,66854.38,Netflix,NET BANKING,Germany,Mobile,2026-05-17T12:46:45.000+05:30,YES,12,NO,5,YES
11478,15,1185,89052.72,Zomato,ATM WITHDRAWAL,UK,Laptop,2026-04-20T06:08:17.000+05:30,YES,6,NO,4,YES
13063,82,1094,59869.36,Netflix,CARD,Singapore,ATM,2026-05-01T19:09:07.000+05:30,YES,19,NO,5,YES
13740,49,1040,90137.29,Flipkart,CARD,USA,ATM,2026-05-12T20:30:07.000+05:30,YES,20,NO,5,YES
13857,46,1105,69156.24,Nike,CARD,Singapore,ATM,2026-04-23T17:10:14.000+05:30,YES,17,NO,4,YES
14459,53,1178,95714.71,Apple Store,CARD,Germany,Mobile,2026-05-04T23:06:26.000+05:30,YES,23,NO,5,YES
17010,77,1066,58996.15,Uber,UPI,UK,Laptop,2026-04-28T02:29:35.000+05:30,YES,2,YES,4,YES
17856,81,1157,61593.34,Walmart,UPI,USA,Mobile,2026-04-22T05:12:25.000+05:30,YES,5,YES,4,YES
17971,96,1078,66270.41,Walmart,NET BANKING,Singapore,ATM,2026-05-10T01:15:26.000+05:30,YES,1,YES,5,YES
18402,61,1158,64969.34,Apple Store,NET BANKING,Singapore,Laptop,2026-05-06T18:15:19.000+05:30,YES,18,NO,5,YES
18730,97,1115,97271.56,Flipkart,ATM WITHDRAWAL,USA,ATM,2026-05-02T04:55:37.000+05:30,YES,4,YES,5,YES
19843,89,1044,56307.1,Netflix,UPI,USA,Laptop,2026-04-30T00:32:38.000+05:30,YES,0,YES,4,YES
19860,74,1179,79700.64,Nike,ATM WITHDRAWAL,UK,ATM,2026-04-28T12:28:07.000+05:30,YES,12,NO,4,YES
10424,39,1200,87698.69,Zomato,UPI,Germany,ATM,2026-04-18T23:31:12.000+05:30,YES,23,NO,4,YES
10659,47,1072,66095.81,Nike,NET BANKING,Singapore,ATM,2026-04-23T11:14:56.000+05:30,YES,11,NO,4,YES
10943,80,1086,71306.64,Uber,NET BANKING,Germany,ATM,2026-05-01T12:36:16.000+05:30,YES,12,NO,5,YES
10951,32,1040,58935.45,Swiggy,NET BANKING,USA,Laptop,2026-04-25T08:53:20.000+05:30,YES,8,NO,4,YES
11150,6,1025,72234.65,Zomato,ATM WITHDRAWAL,Germany,Tablet,2026-05-07T16:10:22.000+05:30,YES,16,NO,5,YES
12329,80,1165,50744.69,Swiggy,NET BANKING,UK,Laptop,2026-04-22T23:53:11.000+05:30,YES,23,NO,4,YES
13012,85,1086,95781.71,Flipkart,UPI,Singapore,Tablet,2026-04-22T16:25:44.000+05:30,YES,16,NO,4,YES
13129,98,1027,50875.88,Apple Store,ATM WITHDRAWAL,USA,ATM,2026-04-18T21:09:27.000+05:30,YES,21,NO,4,YES
13271,40,1051,89917.71,Petrol Pump,NET BANKING,USA,ATM,2026-04-25T00:58:54.000+05:30,YES,0,YES,4,YES
14103,41,1161,63789.28,Flipkart,CARD,USA,Laptop,2026-04-19T22:04:35.000+05:30,YES,22,NO,4,YES
14354,94,1115,56674.66,Uber,NET BANKING,USA,ATM,2026-04-28T13:49:41.000+05:30,YES,13,NO,4,YES
15012,29,1187,87455.37,Zomato,ATM WITHDRAWAL,USA,ATM,2026-04-28T02:37:13.000+05:30,YES,2,YES,4,YES
15093,9,1069,80518.23,Petrol Pump,CARD,Singapore,Laptop,2026-05-02T15:28:10.000+05:30,YES,15,NO,5,YES
15102,2,1055,90738.23,Uber,CARD,Germany,Tablet,2026-05-03T22:11:08.000+05:30,YES,22,NO,5,YES
15731,86,1067,56183.26,Apple Store,ATM WITHDRAWAL,USA,ATM,2026-05-04T03:37:36.000+05:30,YES,3,YES,5,YES
16104,54,1059,94946.67,Netflix,CARD,USA,Mobile,2026-04-19T13:14:01.000+05:30,YES,13,NO,4,YES
17370,97,1053,94678.16,Nike,CARD,USA,Tablet,2026-05-11T00:09:13.000+05:30,YES,0,YES,5,YES
17956,9,1137,91107.53,Uber,CARD,USA,Tablet,2026-05-01T21:29:44.000+05:30,YES,21,NO,5,YES
18086,53,1133,50694.86,Apple Store,UPI,Germany,Mobile,2026-04-24T19:02:23.000+05:30,YES,19,NO,4,YES
19257,60,1173,80268.92,Walmart,CARD,Singapore,Laptop,2026-04-27T05:17:55.000+05:30,YES,5,YES,4,YES
19931,61,1195,89642.57,Apple Store,UPI,Singapore,Mobile,2026-05-05T05:05:37.000+05:30,YES,5,YES,5,YES
10076,3,1026,59307.73,Amazon,UPI,USA,ATM,2026-05-06T12:42:52.000+05:30,YES,12,NO,5,YES
10098,24,1198,53034.79,Amazon,NET BANKING,UK,Mobile,2026-05-07T00:50:38.000+05:30,YES,0,YES,5,YES
10448,24,1170,53711.61,Netflix,ATM WITHDRAWAL,Germany,Tablet,2026-05-11T15:41:32.000+05:30,YES,15,NO,5,YES
10688,42,1034,59944.03,Zomato,NET BANKING,USA,Laptop,2026-05-05T14:58:02.000+05:30,YES,14,NO,5,YES
11409,81,1170,96171.2,Swiggy,UPI,Singapore,ATM,2026-05-10T16:47:58.000+05:30,YES,16,NO,5,YES
12611,1,1075,70112.85,Petrol Pump,NET BANKING,Germany,Tablet,2026-04-21T15:07:05.000+05:30,YES,15,NO,4,YES
12654,93,1157,88181.07,Petrol Pump,CARD,Germany,Laptop,2026-04-27T00:10:40.000+05:30,YES,0,YES,4,YES
12751,30,1111,59983.79,Apple Store,CARD,Singapore,Laptop,2026-05-13T04:32:18.000+05:30,YES,4,YES,5,YES
13325,77,1158,89988.19,Uber,NET BANKING,UK,Laptop,2026-05-16T18:01:48.000+05:30,YES,18,NO,5,YES
13358,93,1027,52818.47,Netflix,CARD,UK,Mobile,2026-04-27T13:08:37.000+05:30,YES,13,NO,4,YES
13393,22,1196,51400.89,Netflix,UPI,Germany,Tablet,2026-05-14T00:55:41.000+05:30,YES,0,YES,5,YES
16289,34,1154,98150.87,Walmart,ATM WITHDRAWAL,Germany,Mobile,2026-05-07T00:45:37.000+05:30,YES,0,YES,5,YES
16624,3,1193,73857.02,Zomato,CARD,Germany,Mobile,2026-04-28T14:00:44.000+05:30,YES,14,NO,4,YES
17133,62,1148,83668.54,Zomato,UPI,USA,Mobile,2026-05-05T15:45:54.000+05:30,YES,15,NO,5,YES
17727,43,1056,58626.56,Zomato,CARD,USA,Mobile,2026-05-08T20:11:32.000+05:30,YES,20,NO,5,YES
18214,71,1077,81291.21,Uber,ATM WITHDRAWAL,USA,Tablet,2026-04-29T09:15:40.000+05:30,YES,9,NO,4,YES
18245,30,1192,95399.44,Amazon,CARD,UK,Laptop,2026-05-15T20:17:45.000+05:30,YES,20,NO,5,YES
11618,4,1073,51920.25,Uber,UPI,USA,ATM,2026-04-21T23:55:23.000+05:30,YES,23,NO,4,YES
12692,7,1023,51516.05,Netflix,CARD,Germany,Mobile,2026-04-29T14:56:48.000+05:30,YES,14,NO,4,YES
13141,63,1135,57113.28,Swiggy,ATM WITHDRAWAL,USA,Tablet,2026-04-24T17:47:56.000+05:30,YES,17,NO,4,YES
13211,45,1010,65045.41,Nike,CARD,UK,ATM,2026-05-06T07:21:58.000+05:30,YES,7,NO,5,YES
14777,47,1064,60876.29,Netflix,UPI,UK,ATM,2026-04-27T16:11:50.000+05:30,YES,16,NO,4,YES
14927,15,1127,76764.41,Uber,UPI,Germany,ATM,2026-05-14T23:10:22.000+05:30,YES,23,NO,5,YES
15080,16,1095,96452.6,Netflix,NET BANKING,Singapore,Tablet,2026-04-21T08:30:30.000+05:30,YES,8,NO,4,YES
18410,29,1048,83417.09,Zomato,UPI,Singapore,Tablet,2026-05-17T12:54:10.000+05:30,YES,12,NO,5,YES
19355,13,1059,77407.09,Zomato,UPI,USA,Mobile,2026-05-02T21:19:03.000+05:30,YES,21,NO,5,YES
19551,72,1154,60649.31,Swiggy,CARD,Singapore,Tablet,2026-04-18T23:47:18.000+05:30,YES,23,NO,4,YES
19564,80,1029,88295.0,Petrol Pump,UPI,USA,ATM,2026-05-05T02:08:57.000+05:30,YES,2,YES,5,YES
19659,92,1196,82246.34,Petrol Pump,ATM WITHDRAWAL,Germany,Laptop,2026-04-22T04:18:43.000+05:30,YES,4,YES,4,YES
12286,72,1004,78599.22,Uber,NET BANKING,UK,Tablet,2026-05-03T16:19:38.000+05:30,YES,16,NO,5,YES
13102,77,1035,86289.19,Uber,ATM WITHDRAWAL,Singapore,Mobile,2026-04-26T01:33:55.000+05:30,YES,1,YES,4,YES
14344,70,1024,56512.38,Amazon,ATM WITHDRAWAL,Singapore,Mobile,2026-05-13T04:47:15.000+05:30,YES,4,YES,5,YES
14578,28,1005,95513.57,Petrol Pump,NET BANKING,Singapore,Mobile,2026-05-18T03:43:18.000+05:30,YES,3,YES,5,YES
15024,59,1072,61433.38,Apple Store,NET BANKING,UK,Mobile,2026-05-11T06:37:43.000+05:30,YES,6,NO,5,YES
17611,68,1061,56878.09,Nike,UPI,Germany,Laptop,2026-05-04T12:17:05.000+05:30,YES,12,NO,5,YES
17629,15,1072,53648.13,Flipkart,CARD,Singapore,Mobile,2026-04-27T07:56:46.000+05:30,YES,7,NO,4,YES
17713,38,1137,52524.86,Petrol Pump,NET BANKING,Germany,Laptop,2026-05-09T11:57:36.000+05:30,YES,11,NO,5,YES
18173,46,1001,54710.89,Zomato,ATM WITHDRAWAL,USA,ATM,2026-05-11T00:00:23.000+05:30,YES,0,YES,5,YES
18241,94,1125,68362.4,Netflix,UPI,UK,Laptop,2026-05-13T05:14:47.000+05:30,YES,5,YES,5,YES
18451,86,1064,85903.18,Nike,NET BANKING,USA,Mobile,2026-04-25T19:08:50.000+05:30,YES,19,NO,4,YES
18574,54,1021,80965.47,Nike,CARD,UK,Laptop,2026-05-15T20:27:55.000+05:30,YES,20,NO,5,YES
18602,73,1143,81293.67,Netflix,NET BANKING,Germany,Mobile,2026-04-20T23:20:55.000+05:30,YES,23,NO,4,YES
18997,46,1197,95468.44,Netflix,ATM WITHDRAWAL,UK,Mobile,2026-04-23T18:54:20.000+05:30,YES,18,NO,4,YES
19127,68,1085,93182.49,Petrol Pump,NET BANKING,UK,ATM,2026-04-27T07:27:37.000+05:30,YES,7,NO,4,YES
19612,4,1034,62240.59,Apple Store,UPI,Germany,ATM,2026-04-26T09:52:48.000+05:30,YES,9,NO,4,YES
19812,47,1077,99423.11,Uber,ATM WITHDRAWAL,USA,Tablet,2026-05-08T04:19:18.000+05:30,YES,4,YES,5,YES
11152,78,1065,64631.99,Uber,ATM WITHDRAWAL,USA,Laptop,2026-05-13T09:52:40.000+05:30,YES,9,NO,5,YES
12272,6,1115,79827.19,Nike,UPI,Germany,Mobile,2026-05-14T02:45:03.000+05:30,YES,2,YES,5,YES
12415,31,1125,81618.41,Zomato,UPI,Germany,ATM,2026-05-13T08:41:47.000+05:30,YES,8,NO,5,YES
12526,11,1053,93576.97,Apple Store,UPI,Singapore,Tablet,2026-04-29T07:37:17.000+05:30,YES,7,NO,4,YES
13181,94,1129,71961.6,Amazon,NET BANKING,Germany,Laptop,2026-05-16T13:04:54.000+05:30,YES,13,NO,5,YES
13307,35,1141,85719.29,Swiggy,ATM WITHDRAWAL,USA,Laptop,2026-05-05T08:52:49.000+05:30,YES,8,NO,5,YES
13378,32,1153,56403.19,Amazon,NET BANKING,Singapore,Laptop,2026-04-25T01:42:55.000+05:30,YES,1,YES,4,YES
13848,35,1122,77958.64,Nike,UPI,UK,Mobile,2026-04-28T02:37:33.000+05:30,YES,2,YES,4,YES
13992,80,1140,72729.0,Nike,CARD,UK,ATM,2026-05-02T08:13:38.000+05:30,YES,8,NO,5,YES
16392,93,1108,92032.16,Nike,NET BANKING,Germany,Mobile,2026-05-10T02:15:26.000+05:30,YES,2,YES,5,YES
18137,25,1135,54705.5,Zomato,UPI,UK,Mobile,2026-05-05T19:15:02.000+05:30,YES,19,NO,5,YES
18248,65,1061,52528.01,Nike,NET BANKING,Germany,Tablet,2026-04-26T02:43:30.000+05:30,YES,2,YES,4,YES
18384,94,1128,93123.08,Nike,CARD,Germany,ATM,2026-04-29T04:00:26.000+05:30,YES,4,YES,4,YES
18445,3,1198,54381.14,Zomato,UPI,UK,Laptop,2026-04-28T04:29:17.000+05:30,YES,4,YES,4,YES
18680,52,1195,66338.82,Amazon,NET BANKING,UK,Mobile,2026-05-07T13:32:49.000+05:30,YES,13,NO,5,YES
18723,53,1070,92241.77,Flipkart,ATM WITHDRAWAL,UK,Mobile,2026-05-08T15:40:01.000+05:30,YES,15,NO,5,YES
19109,64,1090,66538.0,Zomato,ATM WITHDRAWAL,USA,ATM,2026-05-01T09:37:07.000+05:30,YES,9,NO,5,YES
19427,57,1192,84432.92,Swiggy,NET BANKING,Germany,Tablet,2026-04-21T08:29:20.000+05:30,YES,8,NO,4,YES
19674,27,1048,86010.18,Walmart,NET BANKING,Singapore,Tablet,2026-04-26T00:30:35.000+05:30,YES,0,YES,4,YES
19904,7,1033,98798.53,Netflix,NET BANKING,UK,Tablet,2026-05-17T06:27:28.000+05:30,YES,6,NO,5,YES
11033,62,1105,74515.69,Apple Store,UPI,Germany,Mobile,2026-05-07T20:11:07.000+05:30,YES,20,NO,5,YES
11036,65,1156,62426.6,Flipkart,NET BANKING,Singapore,Laptop,2026-05-02T23:04:21.000+05:30,YES,23,NO,5,YES
11096,70,1078,66494.42,Amazon,ATM WITHDRAWAL,UK,Laptop,2026-04-27T21:24:57.000+05:30,YES,21,NO,4,YES
11328,4,1045,66965.38,Petrol Pump,UPI,Singapore,ATM,2026-04-24T19:12:28.000+05:30,YES,19,NO,4,YES
12470,46,1034,80794.0,Nike,NET BANKING,USA,Tablet,2026-05-15T14:12:00.000+05:30,YES,14,NO,5,YES
13375,43,1062,96215.29,Petrol Pump,NET BANKING,Germany,Tablet,2026-04-22T01:38:21.000+05:30,YES,1,YES,4,YES
13405,74,1144,86319.13,Uber,UPI,Germany,Laptop,2026-04-23T14:07:15.000+05:30,YES,14,NO,4,YES
14185,3,1043,65157.31,Uber,UPI,Singapore,Mobile,2026-05-05T13:25:19.000+05:30,YES,13,NO,5,YES
14243,2,1146,52647.53,Nike,CARD,Germany,ATM,2026-05-04T22:52:54.000+05:30,YES,22,NO,5,YES
15493,29,1056,50177.32,Swiggy,ATM WITHDRAWAL,USA,ATM,2026-04-20T16:03:42.000+05:30,YES,16,NO,4,YES
15619,87,1025,74149.34,Flipkart,CARD,Singapore,ATM,2026-04-30T00:39:26.000+05:30,YES,0,YES,4,YES
15682,27,1158,80935.16,Amazon,UPI,UK,Mobile,2026-05-05T22:38:00.000+05:30,YES,22,NO,5,YES
15990,56,1162,54172.81,Apple Store,UPI,Germany,Laptop,2026-04-21T12:15:56.000+05:30,YES,12,NO,4,YES
17672,1,1097,75550.78,Zomato,CARD,UK,Tablet,2026-04-19T12:11:35.000+05:30,YES,12,NO,4,YES
17825,8,1059,82550.81,Apple Store,CARD,USA,Tablet,2026-05-10T10:01:37.000+05:30,YES,10,NO,5,YES
17946,75,1178,63152.37,Netflix,UPI,Germany,ATM,2026-05-02T22:21:13.000+05:30,YES,22,NO,5,YES
18394,40,1108,52044.79,Amazon,NET BANKING,Singapore,ATM,2026-04-24T22:54:05.000+05:30,YES,22,NO,4,YES
18461,41,1188,99578.08,Netflix,ATM WITHDRAWAL,UK,Mobile,2026-05-09T22:16:12.000+05:30,YES,22,NO,5,YES
18671,80,1033,89745.64,Nike,CARD,Germany,ATM,2026-05-02T11:09:02.000+05:30,YES,11,NO,5,YES
19114,13,1111,86124.38,Apple Store,NET BANKING,UK,ATM,2026-04-20T05:10:24.000+05:30,YES,5,YES,4,YES
19774,97,1116,59670.1,Apple Store,CARD,Germany,Tablet,2026-05-01T07:23:07.000+05:30,YES,7,NO,5,YES
10991,74,1124,59706.65,Amazon,CARD,Germany,Laptop,2026-04-27T08:44:48.000+05:30,YES,8,NO,4,YES
12258,64,1188,51782.21,Zomato,NET BANKING,UK,Mobile,2026-05-13T07:17:18.000+05:30,YES,7,NO,5,YES
12497,43,1146,61069.48,Uber,NET BANKING,UK,Mobile,2026-05-08T03:11:14.000+05:30,YES,3,YES,5,YES
12892,8,1034,95125.33,Amazon,UPI,Singapore,Mobile,2026-04-27T09:51:10.000+05:30,YES,9,NO,4,YES
13500,83,1086,76161.47,Petrol Pump,UPI,USA,Mobile,2026-04-23T14:27:15.000+05:30,YES,14,NO,4,YES
15464,98,1092,71984.19,Flipkart,ATM WITHDRAWAL,Germany,Laptop,2026-04-23T08:28:18.000+05:30,YES,8,NO,4,YES
15766,74,1021,80415.57,Amazon,ATM WITHDRAWAL,Germany,ATM,2026-04-30T01:12:46.000+05:30,YES,1,YES,4,YES
15812,8,1026,81734.04,Apple Store,ATM WITHDRAWAL,UK,ATM,2026-05-09T16:38:58.000+05:30,YES,16,NO,5,YES
15835,62,1191,55310.48,Uber,NET BANKING,Germany,Tablet,2026-05-03T02:56:50.000+05:30,YES,2,YES,5,YES
16078,29,1083,67591.16,Petrol Pump,ATM WITHDRAWAL,USA,ATM,2026-05-05T20:26:07.000+05:30,YES,20,NO,5,YES
16482,60,1024,82650.01,Swiggy,NET BANKING,USA,ATM,2026-05-08T02:14:54.000+05:30,YES,2,YES,5,YES
16741,77,1102,54294.78,Amazon,NET BANKING,Singapore,Laptop,2026-04-23T01:45:49.000+05:30,YES,1,YES,4,YES
16963,74,1170,50339.7,Flipkart,ATM WITHDRAWAL,Singapore,Mobile,2026-05-14T20:17:24.000+05:30,YES,20,NO,5,YES
17999,45,1150,59708.87,Apple Store,ATM WITHDRAWAL,Germany,ATM,2026-04-24T11:06:53.000+05:30,YES,11,NO,4,YES
18124,59,1085,89908.5,Petrol Pump,UPI,Germany,ATM,2026-04-21T15:15:23.000+05:30,YES,15,NO,4,YES
10105,73,1067,52044.67,Apple Store,UPI,USA,Mobile,2026-05-12T18:54:30.000+05:30,YES,18,NO,5,YES
11132,57,1168,95695.93,Amazon,UPI,Germany,ATM,2026-05-04T19:30:26.000+05:30,YES,19,NO,5,YES
11993,1,1007,69618.47,Flipkart,CARD,UK,Mobile,2026-04-22T03:24:34.000+05:30,YES,3,YES,4,YES
12872,2,1047,52504.77,Swiggy,UPI,UK,Tablet,2026-05-10T22:59:16.000+05:30,YES,22,NO,5,YES
13641,52,1167,50375.78,Amazon,UPI,UK,Laptop,2026-05-06T04:55:59.000+05:30,YES,4,YES,5,YES
15815,65,1027,67027.32,Netflix,ATM WITHDRAWAL,UK,Mobile,2026-05-02T02:53:29.000+05:30,YES,2,YES,5,YES
16371,10,1121,57786.6,Uber,NET BANKING,UK,Mobile,2026-05-09T05:16:27.000+05:30,YES,5,YES,5,YES
16948,39,1033,66593.97,Netflix,CARD,Germany,Laptop,2026-04-19T06:01:01.000+05:30,YES,6,NO,4,YES
17080,26,1059,78702.35,Petrol Pump,CARD,USA,Tablet,2026-05-02T10:01:20.000+05:30,YES,10,NO,5,YES
17159,97,1189,82527.92,Nike,NET BANKING,UK,Laptop,2026-05-10T11:54:23.000+05:30,YES,11,NO,5,YES
17926,29,1150,62811.77,Petrol Pump,NET BANKING,UK,Mobile,2026-05-08T14:59:58.000+05:30,YES,14,NO,5,YES
18678,95,1143,50890.86,Swiggy,NET BANKING,USA,Laptop,2026-04-27T01:24:46.000+05:30,YES,1,YES,4,YES
18900,73,1005,65051.56,Nike,ATM WITHDRAWAL,UK,Tablet,2026-05-06T21:40:51.000+05:30,YES,21,NO,5,YES
10358,19,1160,95868.07,Zomato,CARD,Singapore,Tablet,2026-04-23T09:49:51.000+05:30,YES,9,NO,4,YES
10802,6,1096,53530.15,Amazon,CARD,Germany,ATM,2026-04-28T16:32:02.000+05:30,YES,16,NO,4,YES
11292,74,1070,73514.44,Petrol Pump,ATM WITHDRAWAL,Germany,Mobile,2026-04-24T05:32:00.000+05:30,YES,5,YES,4,YES
11486,68,1101,68661.01,Netflix,CARD,UK,Laptop,2026-05-10T16:03:24.000+05:30,YES,16,NO,5,YES
11796,98,1006,58881.31,Amazon,NET BANKING,UK,ATM,2026-04-29T17:49:01.000+05:30,YES,17,NO,4,YES
14002,35,1066,65067.43,Nike,UPI,Germany,Mobile,2026-04-19T06:44:07.000+05:30,YES,6,NO,4,YES
14378,18,1168,83672.85,Walmart,UPI,Singapore,Laptop,2026-04-26T19:31:51.000+05:30,YES,19,NO,4,YES
14483,7,1053,67753.12,Walmart,UPI,UK,ATM,2026-04-24T00:29:10.000+05:30,YES,0,YES,4,YES
14646,42,1135,59139.67,Zomato,CARD,UK,Tablet,2026-05-06T02:53:51.000+05:30,YES,2,YES,5,YES
15100,57,1030,57792.22,Netflix,UPI,Germany,ATM,2026-04-18T21:07:27.000+05:30,YES,21,NO,4,YES
15137,6,1164,94383.98,Nike,NET BANKING,Singapore,Laptop,2026-04-26T03:54:35.000+05:30,YES,3,YES,4,YES
15966,12,1098,79877.79,Netflix,ATM WITHDRAWAL,USA,ATM,2026-04-26T21:45:52.000+05:30,YES,21,NO,4,YES
18359,24,1026,60504.68,Zomato,ATM WITHDRAWAL,Germany,Mobile,2026-05-04T12:43:36.000+05:30,YES,12,NO,5,YES
18819,60,1163,67981.09,Apple Store,CARD,USA,Laptop,2026-05-04T05:25:27.000+05:30,YES,5,YES,5,YES
11015,69,1049,77041.86,Amazon,NET BANKING,Singapore,Mobile,2026-04-23T11:00:26.000+05:30,YES,11,NO,4,YES
11405,59,1179,60442.82,Nike,NET BANKING,Germany,Laptop,2026-04-22T01:27:29.000+05:30,YES,1,YES,4,YES
11412,14,1030,60514.8,Zomato,UPI,USA,ATM,2026-04-22T17:43:44.000+05:30,YES,17,NO,4,YES
11549,58,1037,52681.92,Netflix,CARD,USA,Mobile,2026-05-12T04:06:45.000+05:30,YES,4,YES,5,YES
11956,36,1105,89936.77,Walmart,CARD,USA,Laptop,2026-05-11T02:49:36.000+05:30,YES,2,YES,5,YES
12050,41,1164,54659.09,Petrol Pump,NET BANKING,Germany,Tablet,2026-05-06T14:11:17.000+05:30,YES,14,NO,5,YES
12109,68,1066,84427.71,Uber,UPI,Singapore,Tablet,2026-04-22T08:01:02.000+05:30,YES,8,NO,4,YES
13704,1,1193,73168.19,Apple Store,NET BANKING,USA,Mobile,2026-05-09T23:38:44.000+05:30,YES,23,NO,5,YES
14893,89,1135,59199.49,Flipkart,CARD,UK,ATM,2026-04-22T12:55:55.000+05:30,YES,12,NO,4,YES
14954,36,1042,92949.49,Walmart,CARD,UK,Tablet,2026-04-25T03:16:04.000+05:30,YES,3,YES,4,YES
15138,57,1019,89344.81,Swiggy,NET BANKING,USA,Mobile,2026-04-23T02:45:05.000+05:30,YES,2,YES,4,YES
15981,36,1041,71316.62,Apple Store,ATM WITHDRAWAL,Germany,Laptop,2026-05-15T19:40:01.000+05:30,YES,19,NO,5,YES
16273,40,1192,53255.87,Zomato,ATM WITHDRAWAL,Germany,Laptop,2026-05-05T15:25:04.000+05:30,YES,15,NO,5,YES
16389,62,1062,58807.6,Zomato,UPI,USA,ATM,2026-05-05T06:37:55.000+05:30,YES,6,NO,5,YES
16397,77,1169,82017.48,Apple Store,CARD,UK,Tablet,2026-04-29T20:53:40.000+05:30,YES,20,NO,4,YES
17274,87,1014,79139.9,Uber,UPI,UK,Laptop,2026-04-25T02:24:31.000+05:30,YES,2,YES,4,YES
17973,51,1130,89883.4,Uber,UPI,Singapore,Laptop,2026-05-01T22:49:01.000+05:30,YES,22,NO,5,YES
18117,100,1125,98297.76,Nike,UPI,UK,Mobile,2026-05-03T19:51:58.000+05:30,YES,19,NO,5,YES
19573,9,1150,68000.65,Flipkart,CARD,UK,Laptop,2026-05-09T09:11:40.000+05:30,YES,9,NO,5,YES
10438,87,1043,79909.73,Walmart,UPI,Singapore,Tablet,2026-04-23T17:20:43.000+05:30,YES,17,NO,4,YES
10618,40,1141,87617.55,Petrol Pump,CARD,Singapore,Tablet,2026-04-29T04:32:39.000+05:30,YES,4,YES,4,YES
14209,55,1093,59999.02,Walmart,CARD,USA,Laptop,2026-05-05T14:00:48.000+05:30,YES,14,NO,5,YES
14261,61,1069,76313.73,Swiggy,UPI,Germany,ATM,2026-05-11T02:44:01.000+05:30,YES,2,YES,5,YES
14740,56,1088,62248.28,Flipkart,CARD,Germany,Mobile,2026-04-30T07:56:06.000+05:30,YES,7,NO,4,YES
15671,82,1177,66526.62,Petrol Pump,UPI,Singapore,Laptop,2026-05-14T09:48:53.000+05:30,YES,9,NO,5,YES
15886,65,1008,63318.07,Netflix,UPI,UK,Mobile,2026-05-16T10:10:43.000+05:30,YES,10,NO,5,YES
16025,63,1072,51167.45,Netflix,ATM WITHDRAWAL,USA,Laptop,2026-05-04T11:05:41.000+05:30,YES,11,NO,5,YES
16339,8,1005,94193.42,Petrol Pump,CARD,Singapore,Laptop,2026-05-14T15:19:29.000+05:30,YES,15,NO,5,YES
16707,40,1118,56044.56,Swiggy,UPI,Germany,Tablet,2026-05-14T14:45:47.000+05:30,YES,14,NO,5,YES
17020,1,1103,83239.07,Swiggy,NET BANKING,UK,Laptop,2026-05-14T06:16:41.000+05:30,YES,6,NO,5,YES
17680,27,1145,72676.15,Zomato,UPI,Singapore,Laptop,2026-05-02T04:41:13.000+05:30,YES,4,YES,5,YES
17738,99,1031,54237.88,Swiggy,UPI,Singapore,Tablet,2026-04-25T01:35:34.000+05:30,YES,1,YES,4,YES
18485,5,1199,98069.21,Netflix,CARD,UK,Laptop,2026-05-15T05:00:08.000+05:30,YES,5,YES,5,YES
19563,12,1117,78975.49,Petrol Pump,UPI,Singapore,Laptop,2026-05-03T18:29:21.000+05:30,YES,18,NO,5,YES
10534,15,1072,71497.45,Flipkart,CARD,UK,Mobile,2026-05-04T18:16:38.000+05:30,YES,18,NO,5,YES
10804,29,1062,66898.59,Amazon,NET BANKING,Singapore,Laptop,2026-05-10T23:27:50.000+05:30,YES,23,NO,5,YES
10938,70,1006,59328.1,Nike,ATM WITHDRAWAL,Germany,Laptop,2026-05-14T22:08:57.000+05:30,YES,22,NO,5,YES
12140,55,1049,76113.59,Flipkart,NET BANKING,Singapore,ATM,2026-04-23T14:45:25.000+05:30,YES,14,NO,4,YES
12234,72,1014,79526.09,Uber,ATM WITHDRAWAL,USA,Mobile,2026-04-27T14:07:34.000+05:30,YES,14,NO,4,YES
12296,19,1065,86621.46,Swiggy,UPI,Germany,Laptop,2026-05-02T12:45:02.000+05:30,YES,12,NO,5,YES
13391,3,1020,86720.76,Zomato,ATM WITHDRAWAL,Germany,Tablet,2026-05-05T03:46:59.000+05:30,YES,3,YES,5,YES
14104,17,1090,70424.35,Swiggy,CARD,USA,Tablet,2026-04-28T07:02:19.000+05:30,YES,7,NO,4,YES
14606,79,1174,68705.85,Apple Store,CARD,Germany,Laptop,2026-04-24T15:35:50.000+05:30,YES,15,NO,4,YES
14868,55,1095,59940.4,Amazon,ATM WITHDRAWAL,USA,Laptop,2026-05-13T16:32:14.000+05:30,YES,16,NO,5,YES
15061,84,1155,69353.73,Walmart,CARD,Singapore,ATM,2026-05-01T17:13:48.000+05:30,YES,17,NO,5,YES
16014,86,1046,59079.99,Netflix,ATM WITHDRAWAL,UK,Mobile,2026-04-22T21:16:17.000+05:30,YES,21,NO,4,YES
17182,9,1180,53962.77,Nike,ATM WITHDRAWAL,Singapore,Tablet,2026-04-20T09:26:50.000+05:30,YES,9,NO,4,YES
18428,15,1026,80218.3,Walmart,UPI,USA,Laptop,2026-05-03T04:25:55.000+05:30,YES,4,YES,5,YES
10235,91,1160,57467.55,Nike,UPI,USA,Mobile,2026-05-05T07:02:48.000+05:30,YES,7,NO,5,YES
10370,85,1172,58451.43,Amazon,ATM WITHDRAWAL,UK,Mobile,2026-05-14T01:24:07.000+05:30,YES,1,YES,5,YES
10854,37,1142,76132.78,Nike,ATM WITHDRAWAL,Germany,Laptop,2026-04-28T12:26:16.000+05:30,YES,12,NO,4,YES
11008,57,1146,95155.44,Uber,ATM WITHDRAWAL,USA,Mobile,2026-04-22T04:28:02.000+05:30,YES,4,YES,4,YES
11134,58,1171,84920.41,Amazon,UPI,Singapore,Mobile,2026-04-25T04:34:59.000+05:30,YES,4,YES,4,YES
11565,56,1117,75301.82,Petrol Pump,NET BANKING,Singapore,Laptop,2026-05-10T00:04:14.000+05:30,YES,0,YES,5,YES
11568,86,1146,96477.17,Flipkart,NET BANKING,USA,ATM,2026-05-11T12:25:43.000+05:30,YES,12,NO,5,YES
11673,57,1031,83150.45,Amazon,NET BANKING,Singapore,Mobile,2026-05-16T16:00:39.000+05:30,YES,16,NO,5,YES
11989,69,1193,55139.01,Walmart,UPI,Singapore,Mobile,2026-05-02T05:23:34.000+05:30,YES,5,YES,5,YES
13155,60,1141,84138.2,Walmart,ATM WITHDRAWAL,Singapore,Tablet,2026-05-01T19:47:38.000+05:30,YES,19,NO,5,YES
14165,80,1195,61233.17,Walmart,ATM WITHDRAWAL,Singapore,Laptop,2026-05-06T00:34:34.000+05:30,YES,0,YES,5,YES
14447,57,1061,68010.01,Amazon,NET BANKING,USA,ATM,2026-05-09T08:12:27.000+05:30,YES,8,NO,5,YES
14901,73,1043,73191.12,Walmart,UPI,Germany,Mobile,2026-05-08T20:16:52.000+05:30,YES,20,NO,5,YES
14988,55,1110,50711.57,Apple Store,NET BANKING,UK,Mobile,2026-04-22T19:07:52.000+05:30,YES,19,NO,4,YES
15661,7,1077,64195.03,Flipkart,NET BANKING,USA,Mobile,2026-04-22T05:26:29.000+05:30,YES,5,YES,4,YES
16819,74,1195,92204.52,Walmart,NET BANKING,Singapore,ATM,2026-04-26T10:29:18.000+05:30,YES,10,NO,4,YES
17059,34,1021,70580.32,Petrol Pump,ATM WITHDRAWAL,UK,ATM,2026-05-03T01:04:28.000+05:30,YES,1,YES,5,YES
18253,57,1138,91523.98,Zomato,UPI,Singapore,Mobile,2026-05-14T04:12:44.000+05:30,YES,4,YES,5,YES
18648,43,1014,72898.41,Netflix,NET BANKING,UK,Tablet,2026-04-30T17:26:34.000+05:30,YES,17,NO,4,YES
19175,44,1154,79911.5,Flipkart,ATM WITHDRAWAL,Singapore,Tablet,2026-05-17T11:31:18.000+05:30,YES,11,NO,5,YES
19655,65,1039,86488.61,Flipkart,ATM WITHDRAWAL,Germany,Tablet,2026-04-20T01:34:22.000+05:30,YES,1,YES,4,YES
19794,52,1032,80886.17,Zomato,ATM WITHDRAWAL,USA,Mobile,2026-05-02T15:05:56.000+05:30,YES,15,NO,5,YES
19829,75,1161,75162.44,Amazon,UPI,Singapore,Laptop,2026-05-06T01:52:12.000+05:30,YES,1,YES,5,YES
19871,26,1039,85478.09,Amazon,UPI,USA,Mobile,2026-05-12T16:11:53.000+05:30,YES,16,NO,5,YES
10955,44,1150,57848.85,Amazon,UPI,UK,ATM,2026-05-03T10:03:43.000+05:30,YES,10,NO,5,YES
11852,78,1186,95635.24,Netflix,CARD,USA,Tablet,2026-05-18T02:40:45.000+05:30,YES,2,YES,5,YES
12080,10,1037,73737.21,Apple Store,CARD,UK,Laptop,2026-04-18T18:50:49.000+05:30,YES,18,NO,4,YES
12312,18,1008,89486.26,Swiggy,UPI,USA,Laptop,2026-05-07T20:23:44.000+05:30,YES,20,NO,5,YES
12338,93,1055,52308.42,Nike,NET BANKING,UK,Laptop,2026-04-30T16:04:57.000+05:30,YES,16,NO,4,YES
12902,5,1002,74708.37,Petrol Pump,UPI,Singapore,Mobile,2026-05-12T02:26:17.000+05:30,YES,2,YES,5,YES
14175,63,1161,76065.07,Walmart,NET BANKING,Singapore,Tablet,2026-05-10T10:48:24.000+05:30,YES,10,NO,5,YES
14592,98,1032,80005.25,Flipkart,ATM WITHDRAWAL,UK,Mobile,2026-05-13T13:15:08.000+05:30,YES,13,NO,5,YES
15710,26,1036,94351.46,Flipkart,CARD,UK,ATM,2026-04-19T10:39:57.000+05:30,YES,10,NO,4,YES
17258,40,1200,80955.91,Flipkart,UPI,USA,Laptop,2026-05-01T09:25:30.000+05:30,YES,9,NO,5,YES
17352,50,1018,52495.08,Nike,ATM WITHDRAWAL,UK,ATM,2026-04-27T02:04:26.000+05:30,YES,2,YES,4,YES
18372,95,1162,59545.37,Swiggy,CARD,UK,Mobile,2026-04-28T16:08:50.000+05:30,YES,16,NO,4,YES
19124,5,1032,63354.75,Zomato,NET BANKING,Singapore,Tablet,2026-04-27T09:20:15.000+05:30,YES,9,NO,4,YES
19855,17,1136,78857.52,Walmart,ATM WITHDRAWAL,Germany,Tablet,2026-05-15T17:15:24.000+05:30,YES,17,NO,5,YES
11176,100,1094,87795.97,Zomato,UPI,USA,Tablet,2026-05-02T22:54:56.000+05:30,YES,22,NO,5,YES
11470,8,1125,71757.33,Netflix,NET BANKING,UK,Tablet,2026-05-14T17:44:19.000+05:30,YES,17,NO,5,YES
11887,3,1177,69446.68,Flipkart,UPI,Singapore,Tablet,2026-04-25T01:50:08.000+05:30,YES,1,YES,4,YES
12238,62,1073,81950.63,Uber,UPI,Singapore,ATM,2026-04-26T20:21:46.000+05:30,YES,20,NO,4,YES
12766,10,1060,67837.76,Swiggy,UPI,Germany,Tablet,2026-04-30T08:25:26.000+05:30,YES,8,NO,4,YES
14764,11,1086,74678.98,Amazon,CARD,Singapore,ATM,2026-05-11T22:31:52.000+05:30,YES,22,NO,5,YES
15645,52,1068,92799.92,Petrol Pump,CARD,USA,Laptop,2026-04-27T01:41:33.000+05:30,YES,1,YES,4,YES
15958,64,1020,69677.85,Amazon,UPI,USA,Tablet,2026-05-15T18:25:09.000+05:30,YES,18,NO,5,YES
17327,11,1015,84677.87,Zomato,NET BANKING,Singapore,ATM,2026-05-03T02:43:44.000+05:30,YES,2,YES,5,YES
18949,2,1190,80669.02,Nike,NET BANKING,Germany,Tablet,2026-05-09T06:14:22.000+05:30,YES,6,NO,5,YES
19013,16,1040,75388.45,Apple Store,UPI,Singapore,Tablet,2026-04-28T08:36:12.000+05:30,YES,8,NO,4,YES
19484,79,1185,96347.2,Walmart,NET BANKING,Germany,Laptop,2026-05-02T11:38:54.000+05:30,YES,11,NO,5,YES
19766,51,1029,68743.29,Uber,UPI,Germany,ATM,2026-05-13T17:29:41.000+05:30,YES,17,NO,5,YES
10186,20,1085,90513.68,Nike,UPI,Singapore,Laptop,2026-04-30T07:17:33.000+05:30,YES,7,NO,4,YES
11760,18,1171,77047.61,Apple Store,CARD,UK,Laptop,2026-04-19T12:10:53.000+05:30,YES,12,NO,4,YES
12122,60,1075,82533.3,Walmart,ATM WITHDRAWAL,Singapore,Tablet,2026-04-25T00:26:06.000+05:30,YES,0,YES,4,YES
12646,43,1018,54410.04,Amazon,NET BANKING,USA,Laptop,2026-04-23T18:12:49.000+05:30,YES,18,NO,4,YES
12675,25,1063,65569.9,Netflix,CARD,Singapore,Tablet,2026-05-13T15:28:48.000+05:30,YES,15,NO,5,YES
12968,27,1198,84504.82,Nike,NET BANKING,UK,Laptop,2026-04-19T07:26:16.000+05:30,YES,7,NO,4,YES
13499,66,1195,83714.43,Uber,CARD,USA,ATM,2026-04-20T03:48:05.000+05:30,YES,3,YES,4,YES
13741,13,1096,96187.11,Apple Store,UPI,Germany,ATM,2026-05-03T05:03:19.000+05:30,YES,5,YES,5,YES
13955,78,1168,93347.21,Apple Store,ATM WITHDRAWAL,Singapore,Laptop,2026-04-25T18:38:43.000+05:30,YES,18,NO,4,YES
14057,36,1135,50014.88,Amazon,UPI,USA,Laptop,2026-05-07T03:21:50.000+05:30,YES,3,YES,5,YES
14195,19,1196,71576.87,Apple Store,UPI,Singapore,ATM,2026-05-04T08:36:01.000+05:30,YES,8,NO,5,YES
16178,83,1123,52263.37,Walmart,CARD,Germany,Laptop,2026-04-23T10:12:28.000+05:30,YES,10,NO,4,YES
16614,70,1189,57936.56,Flipkart,CARD,UK,Mobile,2026-04-19T12:15:44.000+05:30,YES,12,NO,4,YES
18178,70,1126,72857.49,Amazon,CARD,UK,Laptop,2026-05-05T00:31:47.000+05:30,YES,0,YES,5,YES
18238,1,1003,93494.63,Uber,ATM WITHDRAWAL,Germany,ATM,2026-05-02T20:12:00.000+05:30,YES,20,NO,5,YES
19183,71,1172,62252.9,Nike,CARD,UK,Mobile,2026-04-20T22:05:57.000+05:30,YES,22,NO,4,YES
10217,88,1092,94068.78,Apple Store,UPI,Germany,Tablet,2026-04-22T13:37:53.000+05:30,YES,13,NO,4,YES
10585,17,1044,59962.06,Flipkart,NET BANKING,Germany,Laptop,2026-05-01T06:11:21.000+05:30,YES,6,NO,5,YES
10667,32,1046,85978.29,Netflix,NET BANKING,USA,Laptop,2026-04-19T16:58:29.000+05:30,YES,16,NO,4,YES
11018,37,1107,74582.41,Netflix,CARD,Singapore,ATM,2026-05-01T00:41:08.000+05:30,YES,0,YES,5,YES
11025,24,1078,85431.99,Walmart,ATM WITHDRAWAL,Germany,Mobile,2026-05-06T04:56:00.000+05:30,YES,4,YES,5,YES
12219,80,1017,75318.54,Amazon,ATM WITHDRAWAL,Singapore,Laptop,2026-04-23T12:15:24.000+05:30,YES,12,NO,4,YES
12806,34,1084,61426.14,Netflix,UPI,UK,Laptop,2026-05-17T06:49:20.000+05:30,YES,6,NO,5,YES
13945,70,1094,97417.41,Flipkart,ATM WITHDRAWAL,USA,Tablet,2026-05-07T12:45:13.000+05:30,YES,12,NO,5,YES
14087,35,1018,61201.39,Walmart,NET BANKING,Singapore,Tablet,2026-04-30T02:27:28.000+05:30,YES,2,YES,4,YES
14163,69,1126,88624.57,Swiggy,CARD,Germany,Laptop,2026-04-27T17:58:41.000+05:30,YES,17,NO,4,YES
14568,87,1014,77981.17,Nike,NET BANKING,UK,Laptop,2026-04-30T02:25:01.000+05:30,YES,2,YES,4,YES
14908,35,1093,96301.87,Netflix,CARD,USA,ATM,2026-05-16T12:53:15.000+05:30,YES,12,NO,5,YES
15198,47,1185,75710.37,Petrol Pump,ATM WITHDRAWAL,Germany,Tablet,2026-04-28T16:42:26.000+05:30,YES,16,NO,4,YES
16998,31,1068,69609.15,Petrol Pump,CARD,Singapore,Laptop,2026-04-29T19:17:59.000+05:30,YES,19,NO,4,YES
17039,1,1049,74433.93,Netflix,UPI,Singapore,Laptop,2026-05-08T06:53:27.000+05:30,YES,6,NO,5,YES
17771,40,1194,83927.42,Nike,ATM WITHDRAWAL,UK,Tablet,2026-04-25T10:26:12.000+05:30,YES,10,NO,4,YES
18514,82,1172,62075.71,Swiggy,UPI,Singapore,Laptop,2026-05-14T11:35:54.000+05:30,YES,11,NO,5,YES
19701,61,1058,66774.02,Apple Store,ATM WITHDRAWAL,USA,Mobile,2026-05-07T19:54:30.000+05:30,YES,19,NO,5,YES
19734,31,1125,63680.95,Petrol Pump,ATM WITHDRAWAL,Germany,Tablet,2026-04-24T19:23:44.000+05:30,YES,19,NO,4,YES
19924,38,1116,74837.13,Petrol Pump,ATM WITHDRAWAL,UK,Mobile,2026-05-14T23:30:36.000+05:30,YES,23,NO,5,YES
11082,76,1194,57834.25,Amazon,NET BANKING,Germany,ATM,2026-05-07T04:26:11.000+05:30,YES,4,YES,5,YES
12014,87,1062,83208.22,Uber,UPI,Germany,Tablet,2026-05-12T14:56:36.000+05:30,YES,14,NO,5,YES
13158,20,1151,65957.85,Petrol Pump,CARD,USA,Tablet,2026-04-21T16:57:49.000+05:30,YES,16,NO,4,YES
13586,36,1177,66459.82,Nike,ATM WITHDRAWAL,Germany,Mobile,2026-05-16T23:12:56.000+05:30,YES,23,NO,5,YES
13853,65,1175,59088.87,Walmart,CARD,UK,Tablet,2026-05-13T09:55:56.000+05:30,YES,9,NO,5,YES
14061,8,1194,61627.13,Swiggy,CARD,Singapore,Tablet,2026-04-26T04:57:34.000+05:30,YES,4,YES,4,YES
15013,26,1171,98531.22,Flipkart,ATM WITHDRAWAL,UK,Mobile,2026-04-30T14:04:45.000+05:30,YES,14,NO,4,YES
15232,100,1125,92648.67,Zomato,UPI,Singapore,Mobile,2026-04-22T08:14:07.000+05:30,YES,8,NO,4,YES
15516,40,1180,91239.62,Flipkart,CARD,Germany,Mobile,2026-05-18T11:50:48.000+05:30,YES,11,NO,5,YES
16887,66,1121,52782.22,Apple Store,NET BANKING,UK,ATM,2026-05-05T18:01:14.000+05:30,YES,18,NO,5,YES
17079,27,1024,89110.23,Walmart,ATM WITHDRAWAL,USA,Laptop,2026-05-09T18:06:51.000+05:30,YES,18,NO,5,YES
17593,66,1166,62850.9,Amazon,UPI,Germany,Mobile,2026-05-15T12:40:12.000+05:30,YES,12,NO,5,YES
17635,98,1078,87034.65,Amazon,CARD,UK,Laptop,2026-05-11T22:19:39.000+05:30,YES,22,NO,5,YES
17875,8,1133,57689.94,Petrol Pump,NET BANKING,Germany,Mobile,2026-05-06T11:56:54.000+05:30,YES,11,NO,5,YES
17979,97,1073,63144.11,Uber,UPI,Singapore,Laptop,2026-05-01T13:22:06.000+05:30,YES,13,NO,5,YES
18018,63,1040,76298.64,Uber,CARD,Singapore,Tablet,2026-05-06T18:24:53.000+05:30,YES,18,NO,5,YES
18822,45,1014,65122.69,Zomato,CARD,Singapore,Laptop,2026-05-14T14:59:02.000+05:30,YES,14,NO,5,YES
19254,30,1136,62765.61,Uber,UPI,Singapore,Mobile,2026-04-28T06:36:39.000+05:30,YES,6,NO,4,YES
19504,58,1022,90272.27,Amazon,CARD,Singapore,Tablet,2026-05-12T12:47:52.000+05:30,YES,12,NO,5,YES
19856,17,1007,80631.76,Amazon,UPI,USA,ATM,2026-05-10T19:50:38.000+05:30,YES,19,NO,5,YES
10346,62,1041,78605.9,Nike,NET BANKING,UK,Tablet,2026-04-29T08:39:15.000+05:30,YES,8,NO,4,YES
11040,10,1054,60550.75,Zomato,CARD,Singapore,Tablet,2026-05-03T19:42:49.000+05:30,YES,19,NO,5,YES
11734,52,1144,51672.29,Amazon,CARD,UK,ATM,2026-05-08T08:22:22.000+05:30,YES,8,NO,5,YES
12285,75,1056,54968.91,Swiggy,UPI,USA,Tablet,2026-05-08T23:40:55.000+05:30,YES,23,NO,5,YES
12451,66,1111,56941.38,Amazon,CARD,Germany,Mobile,2026-05-08T19:09:30.000+05:30,YES,19,NO,5,YES
12669,43,1117,68685.73,Apple Store,CARD,UK,Mobile,2026-05-14T06:33:34.000+05:30,YES,6,NO,5,YES
12724,91,1155,85459.35,Uber,CARD,USA,Mobile,2026-04-24T22:16:34.000+05:30,YES,22,NO,4,YES
13113,82,1115,81577.47,Nike,CARD,UK,Mobile,2026-05-03T03:19:45.000+05:30,YES,3,YES,5,YES
13229,26,1077,83014.85,Flipkart,NET BANKING,Singapore,ATM,2026-04-20T09:51:57.000+05:30,YES,9,NO,4,YES
14526,43,1193,81233.69,Netflix,CARD,Germany,Laptop,2026-05-01T10:01:11.000+05:30,YES,10,NO,5,YES
15114,78,1185,53806.24,Nike,UPI,UK,Laptop,2026-05-10T11:47:33.000+05:30,YES,11,NO,5,YES
15203,73,1199,59717.06,Netflix,NET BANKING,UK,Tablet,2026-04-29T21:05:44.000+05:30,YES,21,NO,4,YES
15723,80,1187,54727.05,Amazon,UPI,USA,ATM,2026-05-14T15:43:25.000+05:30,YES,15,NO,5,YES
15763,52,1092,88151.17,Uber,CARD,Singapore,ATM,2026-05-13T00:15:05.000+05:30,YES,0,YES,5,YES
15871,14,1040,82281.87,Flipkart,CARD,USA,Laptop,2026-04-26T19:44:12.000+05:30,YES,19,NO,4,YES
16263,49,1058,98678.99,Nike,CARD,Singapore,Laptop,2026-04-25T23:45:59.000+05:30,YES,23,NO,4,YES
16328,68,1096,77590.14,Uber,ATM WITHDRAWAL,UK,Tablet,2026-04-18T19:35:31.000+05:30,YES,19,NO,4,YES
17647,98,1149,95911.54,Zomato,ATM WITHDRAWAL,USA,ATM,2026-05-18T08:32:43.000+05:30,YES,8,NO,5,YES
17787,76,1039,89929.95,Nike,CARD,Singapore,Laptop,2026-04-22T08:47:30.000+05:30,YES,8,NO,4,YES
17917,11,1015,94127.95,Netflix,ATM WITHDRAWAL,Singapore,Tablet,2026-04-26T05:34:17.000+05:30,YES,5,YES,4,YES
18606,51,1078,64950.44,Petrol Pump,NET BANKING,USA,Tablet,2026-05-11T12:33:12.000+05:30,YES,12,NO,5,YES
19073,49,1048,76194.72,Amazon,UPI,Germany,Mobile,2026-05-10T22:50:18.000+05:30,YES,22,NO,5,YES
11528,45,1200,61338.48,Swiggy,CARD,Germany,Tablet,2026-04-28T09:39:09.000+05:30,YES,9,NO,4,YES
11946,94,1011,63493.83,Amazon,ATM WITHDRAWAL,Singapore,Laptop,2026-05-14T10:21:32.000+05:30,YES,10,NO,5,YES
12260,95,1197,52316.31,Petrol Pump,CARD,Singapore,ATM,2026-05-05T23:44:46.000+05:30,YES,23,NO,5,YES
12813,63,1170,83580.96,Uber,UPI,Singapore,Tablet,2026-04-20T03:44:03.000+05:30,YES,3,YES,4,YES
13035,25,1104,76676.08,Zomato,CARD,USA,Mobile,2026-05-01T05:13:04.000+05:30,YES,5,YES,5,YES
13105,26,1157,76363.45,Zomato,UPI,USA,Mobile,2026-04-26T10:09:36.000+05:30,YES,10,NO,4,YES
14260,100,1065,77478.97,Petrol Pump,ATM WITHDRAWAL,USA,Mobile,2026-04-24T10:50:28.000+05:30,YES,10,NO,4,YES
14471,62,1109,89275.31,Zomato,UPI,USA,Tablet,2026-04-24T17:46:51.000+05:30,YES,17,NO,4,YES
14994,85,1121,87612.41,Zomato,UPI,Singapore,ATM,2026-05-16T10:01:39.000+05:30,YES,10,NO,5,YES
15240,38,1145,72257.77,Swiggy,CARD,Germany,ATM,2026-05-02T02:19:00.000+05:30,YES,2,YES,5,YES
15303,9,1124,97576.81,Walmart,CARD,USA,ATM,2026-04-26T23:22:05.000+05:30,YES,23,NO,4,YES
15344,69,1124,69077.17,Uber,ATM WITHDRAWAL,Singapore,Mobile,2026-04-27T20:40:09.000+05:30,YES,20,NO,4,YES
15728,65,1009,90798.36,Zomato,ATM WITHDRAWAL,Singapore,Tablet,2026-05-11T18:26:40.000+05:30,YES,18,NO,5,YES
16752,9,1200,84851.62,Nike,UPI,UK,Tablet,2026-04-24T03:25:38.000+05:30,YES,3,YES,4,YES
17164,3,1121,55522.76,Apple Store,CARD,USA,Tablet,2026-05-06T17:24:32.000+05:30,YES,17,NO,5,YES
17180,14,1055,66232.12,Nike,NET BANKING,Germany,Tablet,2026-04-29T16:40:51.000+05:30,YES,16,NO,4,YES
17438,52,1081,51232.35,Amazon,ATM WITHDRAWAL,Germany,Tablet,2026-05-02T02:31:05.000+05:30,YES,2,YES,5,YES
17725,67,1006,86251.05,Flipkart,UPI,Singapore,Tablet,2026-04-20T08:23:20.000+05:30,YES,8,NO,4,YES
18864,10,1129,75553.07,Zomato,ATM WITHDRAWAL,USA,Mobile,2026-05-11T01:09:54.000+05:30,YES,1,YES,5,YES
19034,7,1118,78618.17,Walmart,NET BANKING,USA,Laptop,2026-04-30T11:47:13.000+05:30,YES,11,NO,4,YES
19753,51,1190,72038.42,Uber,CARD,Germany,Laptop,2026-05-05T14:56:02.000+05:30,YES,14,NO,5,YES
19879,78,1063,58643.5,Netflix,UPI,USA,Mobile,2026-05-08T14:40:09.000+05:30,YES,14,NO,5,YES
10059,77,1120,75480.46,Apple Store,CARD,Germany,Mobile,2026-05-02T01:15:00.000+05:30,YES,1,YES,5,YES
10729,52,1031,89654.5,Walmart,ATM WITHDRAWAL,USA,Laptop,2026-05-18T01:59:30.000+05:30,YES,1,YES,5,YES
11145,23,1005,94950.59,Amazon,NET BANKING,Germany,Laptop,2026-04-28T08:10:35.000+05:30,YES,8,NO,4,YES
11646,77,1062,74619.22,Walmart,UPI,UK,Laptop,2026-05-11T09:56:36.000+05:30,YES,9,NO,5,YES
12691,76,1189,93893.69,Petrol Pump,UPI,Singapore,Laptop,2026-04-18T17:10:21.000+05:30,YES,17,NO,4,YES
14650,88,1116,53334.26,Flipkart,UPI,Singapore,Mobile,2026-04-28T04:29:20.000+05:30,YES,4,YES,4,YES
15216,16,1081,91766.17,Apple Store,NET BANKING,Singapore,Laptop,2026-05-03T09:32:43.000+05:30,YES,9,NO,5,YES
15327,66,1134,63137.8,Petrol Pump,CARD,Singapore,Tablet,2026-04-26T15:04:54.000+05:30,YES,15,NO,4,YES
16187,2,1054,52221.59,Flipkart,NET BANKING,Singapore,Laptop,2026-04-22T14:54:02.000+05:30,YES,14,NO,4,YES
16739,52,1199,78564.83,Nike,NET BANKING,Singapore,Mobile,2026-05-11T03:33:01.000+05:30,YES,3,YES,5,YES
16858,32,1186,70678.11,Amazon,NET BANKING,Germany,Tablet,2026-04-26T10:51:50.000+05:30,YES,10,NO,4,YES
18480,91,1082,60786.88,Walmart,NET BANKING,UK,ATM,2026-05-12T17:31:37.000+05:30,YES,17,NO,5,YES
18582,18,1128,97881.96,Swiggy,UPI,Singapore,Laptop,2026-05-04T00:27:16.000+05:30,YES,0,YES,5,YES
18715,85,1045,53265.84,Petrol Pump,ATM WITHDRAWAL,UK,Laptop,2026-05-08T22:06:26.000+05:30,YES,22,NO,5,YES
10885,51,1139,93107.29,Petrol Pump,UPI,Germany,ATM,2026-04-25T10:34:15.000+05:30,YES,10,NO,4,YES
10914,5,1052,59832.97,Netflix,CARD,UK,ATM,2026-05-07T21:08:32.000+05:30,YES,21,NO,5,YES
11294,78,1200,99077.67,Nike,ATM WITHDRAWAL,Singapore,Mobile,2026-04-27T02:36:14.000+05:30,YES,2,YES,4,YES
11495,64,1195,77445.49,Swiggy,CARD,Germany,Tablet,2026-04-26T01:29:43.000+05:30,YES,1,YES,4,YES
11848,68,1010,68586.97,Walmart,CARD,UK,Tablet,2026-05-02T09:59:54.000+05:30,YES,9,NO,5,YES
12280,39,1071,70807.25,Zomato,NET BANKING,Germany,ATM,2026-04-19T17:34:12.000+05:30,YES,17,NO,4,YES
12716,19,1075,77989.14,Flipkart,NET BANKING,Germany,Tablet,2026-05-07T06:17:07.000+05:30,YES,6,NO,5,YES
15014,26,1073,65328.87,Netflix,UPI,UK,Mobile,2026-04-29T19:09:21.000+05:30,YES,19,NO,4,YES
15265,59,1156,92729.65,Flipkart,UPI,UK,ATM,2026-05-11T21:18:26.000+05:30,YES,21,NO,5,YES
15429,34,1137,66212.22,Petrol Pump,CARD,UK,Mobile,2026-05-05T00:23:32.000+05:30,YES,0,YES,5,YES
15654,97,1183,82224.23,Flipkart,ATM WITHDRAWAL,Germany,Laptop,2026-05-14T19:19:11.000+05:30,YES,19,NO,5,YES
15908,3,1182,95336.82,Netflix,NET BANKING,USA,ATM,2026-05-14T08:38:12.000+05:30,YES,8,NO,5,YES
16468,56,1079,99587.7,Netflix,ATM WITHDRAWAL,Germany,Tablet,2026-05-10T11:02:47.000+05:30,YES,11,NO,5,YES
16684,8,1032,58809.72,Flipkart,ATM WITHDRAWAL,UK,Mobile,2026-05-05T17:59:55.000+05:30,YES,17,NO,5,YES
16712,22,1195,60547.5,Nike,CARD,Singapore,Laptop,2026-04-19T09:52:10.000+05:30,YES,9,NO,4,YES
16933,95,1014,93829.51,Nike,NET BANKING,Germany,ATM,2026-05-01T08:38:48.000+05:30,YES,8,NO,5,YES
16955,66,1027,65198.83,Amazon,ATM WITHDRAWAL,Germany,Mobile,2026-05-08T17:40:45.000+05:30,YES,17,NO,5,YES
17487,81,1112,50850.75,Petrol Pump,UPI,UK,Tablet,2026-05-07T12:05:57.000+05:30,YES,12,NO,5,YES
17866,27,1062,52817.83,Apple Store,UPI,UK,Tablet,2026-04-23T04:22:40.000+05:30,YES,4,YES,4,YES
18053,4,1111,50676.49,Petrol Pump,ATM WITHDRAWAL,Singapore,ATM,2026-04-27T03:27:53.000+05:30,YES,3,YES,4,YES
19478,64,1178,88749.56,Nike,UPI,Germany,Mobile,2026-05-12T07:18:18.000+05:30,YES,7,NO,5,YES
19565,83,1153,85651.42,Netflix,UPI,USA,Laptop,2026-04-29T06:07:59.000+05:30,YES,6,NO,4,YES
19796,65,1056,92146.45,Netflix,UPI,Singapore,Tablet,2026-05-13T06:23:43.000+05:30,YES,6,NO,5,YES
19939,4,1070,71319.71,Apple Store,NET BANKING,USA,Laptop,2026-05-05T11:33:29.000+05:30,YES,11,NO,5,YES
10192,71,1128,63372.1,Apple Store,ATM WITHDRAWAL,USA,Laptop,2026-05-13T16:25:16.000+05:30,YES,16,NO,5,YES
10598,15,1046,78541.95,Flipkart,CARD,USA,Tablet,2026-05-14T01:33:38.000+05:30,YES,1,YES,5,YES
10780,10,1006,50529.24,Apple Store,UPI,Germany,Laptop,2026-05-09T16:07:59.000+05:30,YES,16,NO,5,YES
11239,43,1106,93959.96,Petrol Pump,CARD,USA,ATM,2026-05-13T12:19:54.000+05:30,YES,12,NO,5,YES
12159,1,1059,59960.41,Zomato,ATM WITHDRAWAL,USA,ATM,2026-05-13T03:28:42.000+05:30,YES,3,YES,5,YES
12240,2,1006,69846.74,Petrol Pump,UPI,Germany,Laptop,2026-04-23T07:11:43.000+05:30,YES,7,NO,4,YES
12726,27,1176,52398.35,Netflix,ATM WITHDRAWAL,USA,Laptop,2026-05-13T00:35:29.000+05:30,YES,0,YES,5,YES
14485,6,1138,70844.78,Amazon,ATM WITHDRAWAL,Germany,Tablet,2026-04-29T05:27:56.000+05:30,YES,5,YES,4,YES
14917,60,1006,65197.48,Nike,UPI,UK,Laptop,2026-05-09T04:50:10.000+05:30,YES,4,YES,5,YES
15317,31,1057,57553.16,Walmart,ATM WITHDRAWAL,Germany,Tablet,2026-05-03T19:21:44.000+05:30,YES,19,NO,5,YES
17752,65,1152,80872.64,Flipkart,ATM WITHDRAWAL,UK,Tablet,2026-04-26T23:46:14.000+05:30,YES,23,NO,4,YES
17770,58,1050,82078.15,Netflix,NET BANKING,UK,Mobile,2026-04-30T06:24:58.000+05:30,YES,6,NO,4,YES
18837,10,1016,93549.42,Netflix,CARD,USA,ATM,2026-05-09T13:56:49.000+05:30,YES,13,NO,5,YES
18984,8,1038,51498.67,Netflix,UPI,Germany,ATM,2026-05-01T05:44:31.000+05:30,YES,5,YES,5,YES
19100,79,1017,99723.2,Nike,UPI,Germany,Tablet,2026-05-09T13:08:01.000+05:30,YES,13,NO,5,YES
10046,76,1078,81928.97,Flipkart,NET BANKING,Germany,Laptop,2026-05-16T05:48:38.000+05:30,YES,5,YES,5,YES
10125,5,1066,75486.97,Zomato,UPI,UK,Laptop,2026-05-17T05:02:37.000+05:30,YES,5,YES,5,YES
10331,66,1181,75446.69,Apple Store,ATM WITHDRAWAL,Singapore,Tablet,2026-05-12T12:02:40.000+05:30,YES,12,NO,5,YES
10491,34,1118,84426.37,Apple Store,ATM WITHDRAWAL,Germany,Laptop,2026-04-30T09:45:18.000+05:30,YES,9,NO,4,YES
11161,41,1120,90406.59,Netflix,NET BANKING,Singapore,Tablet,2026-05-04T11:19:49.000+05:30,YES,11,NO,5,YES
12812,47,1009,90548.25,Walmart,NET BANKING,UK,Laptop,2026-05-06T22:06:58.000+05:30,YES,22,NO,5,YES
12944,19,1012,85286.75,Amazon,CARD,Singapore,Laptop,2026-05-11T23:43:59.000+05:30,YES,23,NO,5,YES
13811,62,1103,63702.54,Amazon,UPI,Singapore,Laptop,2026-05-03T01:15:59.000+05:30,YES,1,YES,5,YES
15096,96,1037,79269.98,Petrol Pump,CARD,UK,Laptop,2026-05-02T21:03:09.000+05:30,YES,21,NO,5,YES
15530,96,1017,65604.87,Swiggy,UPI,UK,Laptop,2026-04-20T08:24:57.000+05:30,YES,8,NO,4,YES
16845,69,1101,72179.8,Apple Store,CARD,USA,Laptop,2026-05-13T03:10:05.000+05:30,YES,3,YES,5,YES
17788,28,1184,63999.62,Amazon,CARD,UK,Laptop,2026-05-18T15:21:50.000+05:30,YES,15,NO,5,YES
17842,99,1052,92219.36,Walmart,ATM WITHDRAWAL,Germany,Tablet,2026-05-12T04:46:52.000+05:30,YES,4,YES,5,YES
18300,36,1069,76148.54,Apple Store,CARD,Singapore,Mobile,2026-05-13T18:49:55.000+05:30,YES,18,NO,5,YES
19316,79,1023,85126.06,Amazon,ATM WITHDRAWAL,UK,Tablet,2026-05-08T13:02:50.000+05:30,YES,13,NO,5,YES
19587,56,1011,97376.73,Walmart,CARD,UK,ATM,2026-04-24T18:20:23.000+05:30,YES,18,NO,4,YES
19695,67,1154,93743.78,Walmart,UPI,Germany,Tablet,2026-04-19T02:15:41.000+05:30,YES,2,YES,4,YES
19779,57,1049,99494.72,Nike,ATM WITHDRAWAL,Singapore,Tablet,2026-05-01T14:06:51.000+05:30,YES,14,NO,5,YES
11019,12,1149,71790.63,Zomato,NET BANKING,Singapore,Mobile,2026-04-19T22:09:00.000+05:30,YES,22,NO,4,YES
11697,82,1009,66305.55,Swiggy,ATM WITHDRAWAL,Singapore,Mobile,2026-05-06T13:36:08.000+05:30,YES,13,NO,5,YES
11995,66,1123,70232.2,Nike,ATM WITHDRAWAL,Germany,ATM,2026-05-01T15:54:56.000+05:30,YES,15,NO,5,YES
12063,33,1180,76483.53,Flipkart,UPI,UK,Laptop,2026-04-24T07:41:32.000+05:30,YES,7,NO,4,YES
12798,38,1094,53501.87,Uber,UPI,Singapore,Mobile,2026-05-17T06:54:15.000+05:30,YES,6,NO,5,YES
14734,78,1127,52904.98,Zomato,ATM WITHDRAWAL,Singapore,ATM,2026-04-28T12:40:45.000+05:30,YES,12,NO,4,YES
15280,50,1185,75207.52,Walmart,ATM WITHDRAWAL,Germany,Tablet,2026-05-15T16:18:52.000+05:30,YES,16,NO,5,YES
15634,25,1143,79008.24,Uber,ATM WITHDRAWAL,Germany,Laptop,2026-05-01T00:51:19.000+05:30,YES,0,YES,5,YES
16169,59,1154,69234.54,Swiggy,UPI,Germany,Mobile,2026-05-09T18:23:32.000+05:30,YES,18,NO,5,YES
16194,23,1009,60892.03,Swiggy,CARD,Germany,Mobile,2026-04-21T11:09:45.000+05:30,YES,11,NO,4,YES
17470,10,1080,93685.13,Flipkart,CARD,USA,Laptop,2026-04-23T15:05:50.000+05:30,YES,15,NO,4,YES
18343,22,1031,67899.86,Swiggy,ATM WITHDRAWAL,Singapore,Tablet,2026-04-20T18:42:58.000+05:30,YES,18,NO,4,YES
18661,44,1031,66359.22,Walmart,ATM WITHDRAWAL,UK,Mobile,2026-05-01T23:20:08.000+05:30,YES,23,NO,5,YES
18945,63,1043,51771.37,Amazon,UPI,Germany,Mobile,2026-04-23T12:40:41.000+05:30,YES,12,NO,4,YES
19384,16,1095,78173.12,Netflix,CARD,USA,Mobile,2026-05-14T07:15:22.000+05:30,YES,7,NO,5,YES
19792,2,1126,79000.52,Apple Store,UPI,Singapore,ATM,2026-04-22T07:58:40.000+05:30,YES,7,NO,4,YES
11492,69,1199,82911.63,Swiggy,CARD,Singapore,Laptop,2026-04-23T12:57:58.000+05:30,YES,12,NO,4,YES
11792,64,1130,77860.41,Netflix,ATM WITHDRAWAL,Singapore,Tablet,2026-05-02T22:27:55.000+05:30,YES,22,NO,5,YES
12257,7,1177,79025.6,Walmart,CARD,UK,Laptop,2026-05-18T06:53:25.000+05:30,YES,6,NO,5,YES
13907,22,1185,85753.45,Uber,ATM WITHDRAWAL,UK,Mobile,2026-05-09T18:02:37.000+05:30,YES,18,NO,5,YES
15076,6,1120,62747.28,Walmart,CARD,Singapore,Laptop,2026-05-02T02:14:59.000+05:30,YES,2,YES,5,YES
15383,78,1089,93126.47,Walmart,NET BANKING,Germany,Mobile,2026-04-30T05:44:37.000+05:30,YES,5,YES,4,YES
16588,47,1015,64320.44,Apple Store,NET BANKING,Singapore,Tablet,2026-05-18T10:34:34.000+05:30,YES,10,NO,5,YES
16924,96,1081,73926.17,Zomato,UPI,Singapore,Tablet,2026-05-05T19:55:01.000+05:30,YES,19,NO,5,YES
17007,94,1144,85276.62,Zomato,NET BANKING,USA,ATM,2026-05-12T16:58:07.000+05:30,YES,16,NO,5,YES
17091,62,1119,88548.09,Swiggy,ATM WITHDRAWAL,USA,Tablet,2026-05-06T07:20:46.000+05:30,YES,7,NO,5,YES
17381,99,1163,96200.03,Netflix,ATM WITHDRAWAL,USA,Tablet,2026-04-25T02:43:47.000+05:30,YES,2,YES,4,YES
17490,15,1071,58971.37,Uber,CARD,Germany,Mobile,2026-05-11T03:18:02.000+05:30,YES,3,YES,5,YES
17761,76,1197,64422.41,Swiggy,CARD,UK,Laptop,2026-04-28T17:45:39.000+05:30,YES,17,NO,4,YES
18231,73,1010,55679.23,Walmart,CARD,USA,Laptop,2026-04-30T00:39:02.000+05:30,YES,0,YES,4,YES
18795,68,1148,78615.65,Uber,UPI,Germany,Mobile,2026-05-12T03:52:04.000+05:30,YES,3,YES,5,YES
18867,24,1017,61329.09,Walmart,ATM WITHDRAWAL,Germany,Laptop,2026-05-17T10:58:02.000+05:30,YES,10,NO,5,YES
19597,9,1066,73581.11,Uber,UPI,UK,ATM,2026-05-05T04:50:53.000+05:30,YES,4,YES,5,YES
10642,64,1093,99501.9,Apple Store,UPI,Germany,Mobile,2026-04-25T14:45:41.000+05:30,YES,14,NO,4,YES
10706,20,1170,51541.21,Walmart,ATM WITHDRAWAL,Germany,ATM,2026-05-06T09:11:32.000+05:30,YES,9,NO,5,YES
11657,9,1139,64642.53,Petrol Pump,ATM WITHDRAWAL,Germany,Mobile,2026-05-08T23:16:35.000+05:30,YES,23,NO,5,YES
11819,65,1077,57106.82,Zomato,CARD,Germany,Tablet,2026-04-23T16:34:02.000+05:30,YES,16,NO,4,YES
11838,46,1001,72826.0,Amazon,CARD,UK,ATM,2026-05-08T08:13:03.000+05:30,YES,8,NO,5,YES
12869,91,1085,89281.44,Netflix,UPI,USA,Laptop,2026-05-15T01:39:36.000+05:30,YES,1,YES,5,YES
13164,9,1126,79221.26,Uber,CARD,Singapore,Laptop,2026-05-01T08:59:53.000+05:30,YES,8,NO,5,YES
14408,96,1076,88227.08,Swiggy,ATM WITHDRAWAL,Singapore,Tablet,2026-04-21T23:28:07.000+05:30,YES,23,NO,4,YES
14688,19,1023,56287.68,Nike,CARD,UK,Laptop,2026-05-01T21:20:56.000+05:30,YES,21,NO,5,YES
15082,70,1167,60183.49,Amazon,CARD,Germany,ATM,2026-05-16T13:40:52.000+05:30,YES,13,NO,5,YES
15226,91,1032,73282.84,Apple Store,UPI,USA,ATM,2026-05-13T20:00:45.000+05:30,YES,20,NO,5,YES
16659,19,1161,74670.12,Zomato,UPI,UK,Tablet,2026-05-05T06:57:27.000+05:30,YES,6,NO,5,YES
18282,78,1173,52306.28,Zomato,NET BANKING,Germany,ATM,2026-05-02T21:51:03.000+05:30,YES,21,NO,5,YES
19167,79,1166,60531.35,Netflix,NET BANKING,Singapore,ATM,2026-05-16T16:29:08.000+05:30,YES,16,NO,5,YES
10257,99,1012,64355.96,Zomato,NET BANKING,UK,ATM,2026-04-29T02:58:56.000+05:30,YES,2,YES,4,YES
10309,85,1094,57065.45,Nike,UPI,UK,Laptop,2026-05-13T03:59:35.000+05:30,YES,3,YES,5,YES
11295,30,1106,57773.45,Zomato,NET BANKING,USA,Laptop,2026-04-26T06:46:22.000+05:30,YES,6,NO,4,YES
11742,77,1182,70542.68,Petrol Pump,ATM WITHDRAWAL,Germany,Tablet,2026-04-20T05:49:10.000+05:30,YES,5,YES,4,YES
12220,79,1033,99683.12,Zomato,UPI,UK,ATM,2026-05-09T12:30:25.000+05:30,YES,12,NO,5,YES
12385,32,1121,77990.71,Zomato,NET BANKING,UK,Mobile,2026-05-05T10:38:17.000+05:30,YES,10,NO,5,YES
12405,25,1057,74303.79,Swiggy,NET BANKING,USA,ATM,2026-04-26T08:17:28.000+05:30,YES,8,NO,4,YES
12734,64,1147,94704.56,Flipkart,ATM WITHDRAWAL,Germany,ATM,2026-05-09T21:39:28.000+05:30,YES,21,NO,5,YES
13249,31,1024,81083.4,Uber,NET BANKING,Singapore,Tablet,2026-05-18T01:06:03.000+05:30,YES,1,YES,5,YES
13695,16,1184,78648.45,Nike,ATM WITHDRAWAL,Germany,Mobile,2026-04-21T19:23:37.000+05:30,YES,19,NO,4,YES
14444,13,1123,61971.59,Apple Store,NET BANKING,Germany,Laptop,2026-05-03T02:00:00.000+05:30,YES,2,YES,5,YES
15398,59,1041,68152.13,Zomato,NET BANKING,USA,Tablet,2026-04-22T20:23:01.000+05:30,YES,20,NO,4,YES
15440,62,1161,66274.28,Zomato,ATM WITHDRAWAL,UK,Laptop,2026-05-17T09:30:31.000+05:30,YES,9,NO,5,YES
16396,68,1003,53538.07,Petrol Pump,ATM WITHDRAWAL,USA,Laptop,2026-05-14T09:07:18.000+05:30,YES,9,NO,5,YES
16570,79,1083,93391.06,Amazon,UPI,Singapore,ATM,2026-04-26T17:16:05.000+05:30,YES,17,NO,4,YES
10320,59,1096,95490.25,Amazon,CARD,Germany,Laptop,2026-04-29T23:59:15.000+05:30,YES,23,NO,4,YES
10397,64,1188,50220.48,Netflix,NET BANKING,Singapore,Laptop,2026-04-20T14:31:19.000+05:30,YES,14,NO,4,YES
10520,48,1142,69340.15,Petrol Pump,ATM WITHDRAWAL,Germany,Tablet,2026-04-21T16:35:49.000+05:30,YES,16,NO,4,YES
10660,1,1068,89730.24,Flipkart,ATM WITHDRAWAL,UK,Tablet,2026-04-20T23:52:31.000+05:30,YES,23,NO,4,YES
11529,76,1124,70501.79,Flipkart,CARD,Singapore,Tablet,2026-04-27T07:44:33.000+05:30,YES,7,NO,4,YES
12197,24,1110,51236.79,Nike,CARD,UK,Tablet,2026-05-11T11:18:56.000+05:30,YES,11,NO,5,YES
12790,5,1165,90774.63,Netflix,ATM WITHDRAWAL,USA,Tablet,2026-05-05T06:30:07.000+05:30,YES,6,NO,5,YES
12898,53,1118,95986.77,Amazon,ATM WITHDRAWAL,Germany,Tablet,2026-05-09T05:54:00.000+05:30,YES,5,YES,5,YES
13895,94,1070,76415.53,Nike,CARD,USA,ATM,2026-05-02T10:18:08.000+05:30,YES,10,NO,5,YES
14225,32,1136,65674.44,Nike,CARD,USA,ATM,2026-04-26T12:45:35.000+05:30,YES,12,NO,4,YES
14772,98,1076,64881.2,Swiggy,ATM WITHDRAWAL,Singapore,Mobile,2026-04-26T19:46:07.000+05:30,YES,19,NO,4,YES
15751,15,1153,81484.72,Netflix,NET BANKING,UK,ATM,2026-05-10T13:56:44.000+05:30,YES,13,NO,5,YES
16113,67,1023,62216.05,Netflix,UPI,UK,Mobile,2026-04-26T15:23:24.000+05:30,YES,15,NO,4,YES
16696,99,1011,66040.04,Nike,ATM WITHDRAWAL,USA,Tablet,2026-05-04T10:38:27.000+05:30,YES,10,NO,5,YES
17242,70,1106,55181.61,Flipkart,ATM WITHDRAWAL,Germany,Tablet,2026-05-13T05:32:16.000+05:30,YES,5,YES,5,YES
17665,38,1165,96468.46,Uber,CARD,UK,Tablet,2026-05-07T12:13:31.000+05:30,YES,12,NO,5,YES
18102,8,1066,68404.91,Petrol Pump,UPI,Singapore,Laptop,2026-05-04T08:01:48.000+05:30,YES,8,NO,5,YES
18411,46,1016,77435.6,Flipkart,ATM WITHDRAWAL,Germany,ATM,2026-04-26T03:45:05.000+05:30,YES,3,YES,4,YES
18424,6,1024,96684.98,Flipkart,ATM WITHDRAWAL,UK,Laptop,2026-04-20T04:16:09.000+05:30,YES,4,YES,4,YES
18430,39,1022,73191.82,Zomato,ATM WITHDRAWAL,USA,Tablet,2026-05-04T16:18:41.000+05:30,YES,16,NO,5,YES
19535,85,1074,66899.47,Apple Store,ATM WITHDRAWAL,USA,Mobile,2026-05-06T11:46:28.000+05:30,YES,11,NO,5,YES
10501,97,1061,81688.09,Nike,NET BANKING,UK,Tablet,2026-05-01T20:28:25.000+05:30,YES,20,NO,5,YES
12866,5,1086,63694.73,Uber,UPI,Singapore,Tablet,2026-05-02T11:59:12.000+05:30,YES,11,NO,5,YES
14107,88,1136,69181.57,Zomato,NET BANKING,Singapore,Mobile,2026-05-01T16:29:35.000+05:30,YES,16,NO,5,YES
14780,45,1012,98478.33,Netflix,UPI,UK,Mobile,2026-05-14T23:22:52.000+05:30,YES,23,NO,5,YES
15072,86,1065,96568.01,Netflix,CARD,UK,Mobile,2026-05-12T07:58:49.000+05:30,YES,7,NO,5,YES
15218,53,1047,59232.69,Walmart,CARD,USA,ATM,2026-05-11T04:43:10.000+05:30,YES,4,YES,5,YES
15284,61,1173,64082.99,Apple Store,CARD,Germany,Mobile,2026-05-02T03:31:38.000+05:30,YES,3,YES,5,YES
16402,81,1072,70187.11,Swiggy,CARD,Singapore,Laptop,2026-04-30T08:39:17.000+05:30,YES,8,NO,4,YES
17510,96,1159,99382.74,Petrol Pump,NET BANKING,Germany,ATM,2026-05-15T01:06:51.000+05:30,YES,1,YES,5,YES
17783,6,1199,50675.27,Amazon,UPI,Singapore,Laptop,2026-04-27T01:53:12.000+05:30,YES,1,YES,4,YES
17883,53,1088,67916.82,Zomato,ATM WITHDRAWAL,USA,Mobile,2026-05-15T16:50:21.000+05:30,YES,16,NO,5,YES
18800,27,1185,86735.84,Nike,ATM WITHDRAWAL,Germany,Tablet,2026-05-03T17:16:12.000+05:30,YES,17,NO,5,YES
19128,45,1152,97244.47,Walmart,NET BANKING,USA,Laptop,2026-05-10T09:04:39.000+05:30,YES,9,NO,5,YES
19286,22,1096,54641.86,Nike,NET BANKING,Singapore,Tablet,2026-05-12T18:16:47.000+05:30,YES,18,NO,5,YES
19552,4,1168,97463.74,Amazon,ATM WITHDRAWAL,UK,Tablet,2026-05-07T18:34:09.000+05:30,YES,18,NO,5,YES
10375,82,1188,53882.07,Walmart,CARD,USA,ATM,2026-04-25T21:03:49.000+05:30,YES,21,NO,4,YES
10446,54,1062,92368.45,Petrol Pump,UPI,UK,ATM,2026-04-19T06:24:42.000+05:30,YES,6,NO,4,YES
11530,74,1096,88422.4,Petrol Pump,CARD,UK,Tablet,2026-05-08T18:40:42.000+05:30,YES,18,NO,5,YES
11668,91,1040,91502.89,Amazon,ATM WITHDRAWAL,UK,ATM,2026-05-16T19:02:31.000+05:30,YES,19,NO,5,YES
12505,45,1147,61365.91,Swiggy,CARD,Germany,Mobile,2026-04-19T07:58:59.000+05:30,YES,7,NO,4,YES
12788,54,1018,65918.91,Zomato,UPI,USA,Mobile,2026-05-09T05:25:37.000+05:30,YES,5,YES,5,YES
13136,54,1118,61968.76,Netflix,UPI,Germany,Tablet,2026-05-02T14:31:09.000+05:30,YES,14,NO,5,YES
13849,35,1028,65252.69,Amazon,CARD,UK,ATM,2026-05-03T09:38:51.000+05:30,YES,9,NO,5,YES
14170,65,1050,54038.88,Uber,NET BANKING,Germany,Mobile,2026-05-09T06:06:04.000+05:30,YES,6,NO,5,YES
14454,56,1199,88909.82,Swiggy,NET BANKING,Germany,Tablet,2026-04-29T17:25:33.000+05:30,YES,17,NO,4,YES
15876,85,1009,76670.23,Swiggy,NET BANKING,USA,Laptop,2026-05-17T11:23:58.000+05:30,YES,11,NO,5,YES
16099,42,1177,86350.78,Swiggy,CARD,USA,ATM,2026-04-27T03:26:12.000+05:30,YES,3,YES,4,YES
17872,53,1034,83687.95,Apple Store,ATM WITHDRAWAL,USA,Tablet,2026-05-07T11:42:59.000+05:30,YES,11,NO,5,YES
18353,54,1100,75470.91,Apple Store,NET BANKING,UK,ATM,2026-05-08T07:09:04.000+05:30,YES,7,NO,5,YES
18990,61,1129,54503.66,Flipkart,CARD,Singapore,Mobile,2026-04-26T04:24:28.000+05:30,YES,4,YES,4,YES
19136,86,1200,81918.31,Apple Store,ATM WITHDRAWAL,Germany,Mobile,2026-04-21T17:29:23.000+05:30,YES,17,NO,4,YES
19555,7,1053,95479.38,Apple Store,NET BANKING,USA,Tablet,2026-04-18T17:23:20.000+05:30,YES,17,NO,4,YES
11727,95,1004,65827.94,Zomato,NET BANKING,UK,ATM,2026-05-12T10:52:08.000+05:30,YES,10,NO,5,YES
13575,27,1128,86570.65,Apple Store,CARD,UK,Mobile,2026-05-18T05:20:47.000+05:30,YES,5,YES,5,YES
13850,44,1187,52584.71,Amazon,ATM WITHDRAWAL,USA,Mobile,2026-05-01T15:24:09.000+05:30,YES,15,NO,5,YES
14038,42,1082,51672.5,Apple Store,CARD,Singapore,Laptop,2026-04-24T15:25:12.000+05:30,YES,15,NO,4,YES
14250,55,1097,66645.01,Uber,CARD,UK,Laptop,2026-04-30T11:27:05.000+05:30,YES,11,NO,4,YES
14335,64,1197,66894.09,Apple Store,ATM WITHDRAWAL,UK,Laptop,2026-05-01T04:54:55.000+05:30,YES,4,YES,5,YES
14896,63,1051,55682.62,Uber,ATM WITHDRAWAL,Singapore,ATM,2026-05-01T09:36:56.000+05:30,YES,9,NO,5,YES
15227,61,1052,95682.93,Apple Store,NET BANKING,Singapore,Laptop,2026-04-20T00:23:38.000+05:30,YES,0,YES,4,YES
15526,53,1185,68587.18,Amazon,ATM WITHDRAWAL,USA,ATM,2026-05-18T12:14:10.000+05:30,YES,12,NO,5,YES
16120,82,1189,92594.32,Walmart,ATM WITHDRAWAL,UK,ATM,2026-05-13T20:12:03.000+05:30,YES,20,NO,5,YES
16724,23,1027,52272.19,Petrol Pump,CARD,Germany,Laptop,2026-05-13T20:02:41.000+05:30,YES,20,NO,5,YES
16927,76,1016,65880.91,Walmart,ATM WITHDRAWAL,Germany,Mobile,2026-05-17T11:42:31.000+05:30,YES,11,NO,5,YES
17027,48,1147,93126.39,Nike,CARD,Singapore,Tablet,2026-05-16T19:55:20.000+05:30,YES,19,NO,5,YES
17550,1,1009,63889.31,Flipkart,UPI,Singapore,Tablet,2026-04-24T23:19:25.000+05:30,YES,23,NO,4,YES
17694,63,1144,92780.88,Apple Store,UPI,UK,Mobile,2026-05-17T00:09:10.000+05:30,YES,0,YES,5,YES
19022,16,1139,59021.77,Uber,ATM WITHDRAWAL,USA,ATM,2026-05-04T21:00:15.000+05:30,YES,21,NO,5,YES
10430,7,1080,59499.55,Petrol Pump,NET BANKING,Germany,Mobile,2026-04-19T05:33:31.000+05:30,YES,5,YES,4,YES
10698,83,1097,50153.52,Zomato,ATM WITHDRAWAL,USA,Laptop,2026-05-17T23:48:57.000+05:30,YES,23,NO,5,YES
11162,74,1079,60875.49,Walmart,UPI,Singapore,Mobile,2026-04-21T10:01:14.000+05:30,YES,10,NO,4,YES
11824,7,1058,78454.47,Nike,ATM WITHDRAWAL,UK,Laptop,2026-04-21T10:32:58.000+05:30,YES,10,NO,4,YES
11971,65,1130,71175.47,Petrol Pump,CARD,Singapore,Tablet,2026-05-08T13:59:23.000+05:30,YES,13,NO,5,YES
12297,55,1021,96488.68,Nike,UPI,UK,ATM,2026-05-16T10:08:41.000+05:30,YES,10,NO,5,YES
12647,85,1027,79394.02,Flipkart,NET BANKING,UK,Tablet,2026-05-11T22:08:12.000+05:30,YES,22,NO,5,YES
12907,54,1075,90953.15,Netflix,ATM WITHDRAWAL,USA,ATM,2026-05-05T21:31:30.000+05:30,YES,21,NO,5,YES
13038,58,1175,54704.99,Netflix,CARD,Singapore,Tablet,2026-05-09T17:58:02.000+05:30,YES,17,NO,5,YES
14229,29,1140,95112.4,Petrol Pump,UPI,UK,Tablet,2026-04-29T07:28:47.000+05:30,YES,7,NO,4,YES
15826,25,1015,63380.5,Zomato,UPI,USA,Laptop,2026-04-26T20:42:45.000+05:30,YES,20,NO,4,YES
15995,51,1095,92818.55,Apple Store,NET BANKING,UK,Tablet,2026-04-19T00:23:42.000+05:30,YES,0,YES,4,YES
17366,68,1200,89247.52,Netflix,UPI,Germany,ATM,2026-05-06T18:01:28.000+05:30,YES,18,NO,5,YES
17464,74,1199,75481.38,Swiggy,UPI,Singapore,ATM,2026-04-30T22:46:47.000+05:30,YES,22,NO,4,YES
18665,65,1187,88519.39,Nike,ATM WITHDRAWAL,Singapore,ATM,2026-05-09T08:56:54.000+05:30,YES,8,NO,5,YES
19053,82,1062,76383.96,Flipkart,ATM WITHDRAWAL,Singapore,Laptop,2026-04-19T12:54:09.000+05:30,YES,12,NO,4,YES
10229,30,1112,67562.13,Uber,CARD,USA,ATM,2026-05-11T16:58:50.000+05:30,YES,16,NO,5,YES
10844,46,1157,57969.41,Walmart,UPI,Singapore,Tablet,2026-04-18T18:42:06.000+05:30,YES,18,NO,4,YES
11005,42,1005,83101.42,Apple Store,UPI,Germany,Tablet,2026-04-20T13:21:56.000+05:30,YES,13,NO,4,YES
12199,33,1198,68659.25,Flipkart,UPI,Germany,ATM,2026-04-23T22:59:19.000+05:30,YES,22,NO,4,YES
12241,2,1097,62873.05,Amazon,ATM WITHDRAWAL,USA,Tablet,2026-04-30T01:18:17.000+05:30,YES,1,YES,4,YES
12823,56,1165,72971.8,Swiggy,NET BANKING,USA,Tablet,2026-04-19T20:33:53.000+05:30,YES,20,NO,4,YES
13369,5,1057,83752.35,Walmart,UPI,USA,ATM,2026-05-15T20:58:08.000+05:30,YES,20,NO,5,YES
14128,79,1111,81529.12,Uber,UPI,UK,Laptop,2026-04-23T20:50:24.000+05:30,YES,20,NO,4,YES
14451,10,1159,66873.61,Netflix,NET BANKING,Singapore,Tablet,2026-05-10T06:48:42.000+05:30,YES,6,NO,5,YES
14530,89,1166,94348.17,Flipkart,ATM WITHDRAWAL,Singapore,Tablet,2026-05-12T21:15:34.000+05:30,YES,21,NO,5,YES
14605,45,1071,97235.55,Nike,UPI,Germany,ATM,2026-05-02T21:28:42.000+05:30,YES,21,NO,5,YES
15248,57,1095,88886.63,Zomato,CARD,UK,ATM,2026-04-21T11:05:53.000+05:30,YES,11,NO,4,YES
15684,98,1018,76477.77,Amazon,CARD,USA,Laptop,2026-05-15T20:21:01.000+05:30,YES,20,NO,5,YES
15892,30,1016,56482.99,Flipkart,ATM WITHDRAWAL,USA,Tablet,2026-05-15T23:46:44.000+05:30,YES,23,NO,5,YES
16496,95,1038,60998.4,Flipkart,UPI,UK,Tablet,2026-04-23T20:36:41.000+05:30,YES,20,NO,4,YES
17807,14,1020,69479.68,Nike,UPI,UK,Tablet,2026-05-14T21:22:51.000+05:30,YES,21,NO,5,YES
18014,64,1004,54644.32,Apple Store,UPI,USA,Tablet,2026-04-24T01:26:57.000+05:30,YES,1,YES,4,YES
18985,46,1039,95314.82,Amazon,ATM WITHDRAWAL,Singapore,Tablet,2026-05-05T13:17:48.000+05:30,YES,13,NO,5,YES
19340,27,1162,82374.15,Apple Store,NET BANKING,USA,Tablet,2026-04-19T01:50:46.000+05:30,YES,1,YES,4,YES
19470,52,1100,89487.5,Uber,ATM WITHDRAWAL,Germany,Tablet,2026-05-12T00:56:55.000+05:30,YES,0,YES,5,YES
19485,51,1013,87179.87,Flipkart,CARD,UK,Tablet,2026-04-20T16:53:12.000+05:30,YES,16,NO,4,YES
19994,9,1126,65758.54,Walmart,ATM WITHDRAWAL,Singapore,ATM,2026-04-29T22:35:35.000+05:30,YES,22,NO,4,YES
19926,11,1067,79460.27,Petrol Pump,ATM WITHDRAWAL,USA,Mobile,2026-05-18T00:08:30.000+05:30,YES,0,YES,5,YES
10929,53,1023,71380.84,Walmart,CARD,UK,ATM,2026-04-23T12:09:00.000+05:30,YES,12,NO,4,YES
11094,65,1022,64639.95,Petrol Pump,ATM WITHDRAWAL,Singapore,Laptop,2026-04-26T18:32:11.000+05:30,YES,18,NO,4,YES
11943,54,1104,70527.13,Netflix,ATM WITHDRAWAL,UK,Mobile,2026-05-04T16:41:29.000+05:30,YES,16,NO,5,YES
12117,4,1096,88843.67,Nike,UPI,Germany,Tablet,2026-05-03T19:34:18.000+05:30,YES,19,NO,5,YES
12365,29,1046,89455.23,Amazon,ATM WITHDRAWAL,Germany,Mobile,2026-05-07T08:15:36.000+05:30,YES,8,NO,5,YES
13977,95,1008,89052.71,Amazon,CARD,Singapore,Mobile,2026-05-16T12:20:07.000+05:30,YES,12,NO,5,YES
14152,22,1158,56203.95,Walmart,NET BANKING,UK,Laptop,2026-04-25T23:56:34.000+05:30,YES,23,NO,4,YES
17143,86,1158,56942.22,Nike,ATM WITHDRAWAL,Germany,Mobile,2026-05-11T15:22:57.000+05:30,YES,15,NO,5,YES
18210,78,1198,83133.01,Walmart,ATM WITHDRAWAL,USA,Mobile,2026-04-29T05:22:00.000+05:30,YES,5,YES,4,YES
18532,18,1136,75062.96,Zomato,CARD,UK,ATM,2026-05-13T10:07:51.000+05:30,YES,10,NO,5,YES
19489,56,1141,94996.25,Uber,NET BANKING,USA,Laptop,2026-04-29T05:15:41.000+05:30,YES,5,YES,4,YES
10357,1,1003,94900.9,Amazon,ATM WITHDRAWAL,USA,Tablet,2026-05-15T05:39:06.000+05:30,YES,5,YES,5,YES
10591,29,1062,55873.07,Uber,ATM WITHDRAWAL,Germany,Mobile,2026-04-19T01:03:25.000+05:30,YES,1,YES,4,YES
11758,79,1059,88466.51,Nike,CARD,UK,Tablet,2026-05-09T23:15:38.000+05:30,YES,23,NO,5,YES
11881,5,1052,93445.86,Petrol Pump,CARD,UK,ATM,2026-05-05T09:47:19.000+05:30,YES,9,NO,5,YES
12713,63,1168,58336.67,Petrol Pump,UPI,UK,ATM,2026-05-16T09:56:02.000+05:30,YES,9,NO,5,YES
14222,69,1029,53656.45,Flipkart,NET BANKING,Singapore,ATM,2026-04-26T21:26:39.000+05:30,YES,21,NO,4,YES
14233,23,1119,68593.24,Nike,CARD,Germany,ATM,2026-05-15T14:12:08.000+05:30,YES,14,NO,5,YES
18070,78,1102,58240.13,Zomato,UPI,USA,Mobile,2026-04-30T06:58:39.000+05:30,YES,6,NO,4,YES
18159,3,1116,53008.96,Nike,CARD,UK,ATM,2026-05-10T01:56:07.000+05:30,YES,1,YES,5,YES
19606,8,1181,74036.9,Petrol Pump,CARD,USA,Mobile,2026-04-26T19:55:54.000+05:30,YES,19,NO,4,YES
10107,63,1008,50621.29,Zomato,CARD,USA,Tablet,2026-04-28T05:05:51.000+05:30,YES,5,YES,4,YES
11054,27,1077,73590.9,Netflix,UPI,Singapore,ATM,2026-05-15T09:13:55.000+05:30,YES,9,NO,5,YES
11343,79,1107,62247.14,Nike,CARD,Germany,Tablet,2026-04-20T12:57:01.000+05:30,YES,12,NO,4,YES
12172,70,1129,70105.74,Walmart,UPI,UK,Mobile,2026-05-04T01:31:19.000+05:30,YES,1,YES,5,YES
12482,2,1091,88138.32,Flipkart,UPI,Singapore,ATM,2026-04-18T19:25:49.000+05:30,YES,19,NO,4,YES
12632,39,1154,58272.98,Petrol Pump,NET BANKING,USA,ATM,2026-04-30T15:01:42.000+05:30,YES,15,NO,4,YES
12760,65,1061,95645.07,Apple Store,ATM WITHDRAWAL,Germany,Laptop,2026-05-10T00:46:35.000+05:30,YES,0,YES,5,YES
13039,35,1104,94480.55,Apple Store,ATM WITHDRAWAL,Germany,ATM,2026-04-23T07:42:38.000+05:30,YES,7,NO,4,YES
13669,91,1008,50711.17,Swiggy,UPI,USA,ATM,2026-05-04T12:03:44.000+05:30,YES,12,NO,5,YES
13758,75,1114,67082.72,Netflix,CARD,Germany,Mobile,2026-05-14T19:10:05.000+05:30,YES,19,NO,5,YES
13864,11,1112,80182.86,Uber,NET BANKING,Germany,ATM,2026-05-13T04:08:10.000+05:30,YES,4,YES,5,YES
14130,83,1179,98143.56,Apple Store,UPI,Germany,Laptop,2026-04-23T09:05:17.000+05:30,YES,9,NO,4,YES
14145,12,1128,54495.47,Walmart,UPI,USA,Mobile,2026-05-03T09:40:46.000+05:30,YES,9,NO,5,YES
14873,40,1115,72855.46,Walmart,NET BANKING,Singapore,ATM,2026-05-10T11:33:41.000+05:30,YES,11,NO,5,YES
15113,64,1034,54544.95,Amazon,NET BANKING,Germany,ATM,2026-05-08T18:38:33.000+05:30,YES,18,NO,5,YES
15285,92,1180,63217.09,Walmart,NET BANKING,Singapore,Laptop,2026-05-06T03:42:03.000+05:30,YES,3,YES,5,YES
15721,13,1094,85651.04,Amazon,UPI,Singapore,ATM,2026-04-23T07:13:16.000+05:30,YES,7,NO,4,YES
16801,42,1120,52410.73,Apple Store,ATM WITHDRAWAL,USA,Tablet,2026-05-15T20:49:43.000+05:30,YES,20,NO,5,YES
17500,41,1124,72601.3,Apple Store,ATM WITHDRAWAL,USA,Laptop,2026-04-22T14:20:58.000+05:30,YES,14,NO,4,YES
17506,14,1083,88557.65,Apple Store,CARD,Germany,ATM,2026-05-08T02:26:09.000+05:30,YES,2,YES,5,YES
17804,45,1118,62603.29,Swiggy,NET BANKING,Singapore,ATM,2026-04-24T09:06:42.000+05:30,YES,9,NO,4,YES
17933,52,1165,78419.34,Nike,UPI,UK,Laptop,2026-04-27T12:43:47.000+05:30,YES,12,NO,4,YES
18408,31,1102,76157.48,Flipkart,CARD,UK,Mobile,2026-05-10T08:40:03.000+05:30,YES,8,NO,5,YES
18689,52,1191,72593.03,Walmart,NET BANKING,Germany,Mobile,2026-05-03T12:05:58.000+05:30,YES,12,NO,5,YES
10247,15,1020,96424.26,Flipkart,ATM WITHDRAWAL,Germany,ATM,2026-05-12T22:17:36.000+05:30,YES,22,NO,5,YES
10594,87,1169,88478.61,Petrol Pump,ATM WITHDRAWAL,USA,Tablet,2026-05-14T03:59:47.000+05:30,YES,3,YES,5,YES
10796,33,1095,72337.08,Apple Store,NET BANKING,Germany,ATM,2026-05-06T21:15:21.000+05:30,YES,21,NO,5,YES
10873,24,1140,86078.37,Petrol Pump,NET BANKING,USA,Tablet,2026-04-29T13:38:34.000+05:30,YES,13,NO,4,YES
11704,77,1059,62042.86,Flipkart,ATM WITHDRAWAL,Germany,Laptop,2026-04-19T21:29:12.000+05:30,YES,21,NO,4,YES
11762,34,1160,82514.45,Uber,CARD,Singapore,Laptop,2026-05-12T19:25:04.000+05:30,YES,19,NO,5,YES
12175,32,1005,57943.64,Nike,ATM WITHDRAWAL,Germany,Mobile,2026-05-05T23:55:34.000+05:30,YES,23,NO,5,YES
12348,49,1022,72129.81,Netflix,CARD,USA,Laptop,2026-05-08T14:14:16.000+05:30,YES,14,NO,5,YES
13146,36,1073,50736.79,Nike,UPI,UK,Mobile,2026-05-18T08:05:43.000+05:30,YES,8,NO,5,YES
14047,63,1105,66656.26,Netflix,UPI,Singapore,ATM,2026-05-02T22:02:47.000+05:30,YES,22,NO,5,YES
14048,95,1035,60421.84,Walmart,UPI,USA,Mobile,2026-05-06T06:16:44.000+05:30,YES,6,NO,5,YES
14555,12,1014,93017.03,Zomato,ATM WITHDRAWAL,UK,Mobile,2026-05-06T00:13:11.000+05:30,YES,0,YES,5,YES
15119,37,1044,55331.11,Walmart,ATM WITHDRAWAL,UK,ATM,2026-05-15T17:10:39.000+05:30,YES,17,NO,5,YES
19434,78,1156,53876.62,Swiggy,CARD,UK,Laptop,2026-05-01T05:18:21.000+05:30,YES,5,YES,5,YES
19831,22,1023,89254.16,Flipkart,UPI,Germany,Tablet,2026-04-28T00:39:19.000+05:30,YES,0,YES,4,YES
11095,5,1179,73399.39,Apple Store,ATM WITHDRAWAL,Germany,Tablet,2026-04-20T12:04:32.000+05:30,YES,12,NO,4,YES
13674,3,1039,97607.6,Apple Store,NET BANKING,USA,Tablet,2026-05-10T16:14:01.000+05:30,YES,16,NO,5,YES
13984,81,1156,84644.98,Zomato,NET BANKING,Germany,Tablet,2026-05-02T02:58:27.000+05:30,YES,2,YES,5,YES
14297,19,1174,58545.83,Nike,UPI,Germany,Laptop,2026-05-10T07:03:04.000+05:30,YES,7,NO,5,YES
14968,71,1131,60893.58,Uber,CARD,Singapore,ATM,2026-05-03T15:51:23.000+05:30,YES,15,NO,5,YES
15355,81,1156,55485.23,Apple Store,NET BANKING,Germany,ATM,2026-04-22T20:40:20.000+05:30,YES,20,NO,4,YES
16006,100,1200,89733.41,Nike,NET BANKING,USA,Mobile,2026-04-28T00:18:02.000+05:30,YES,0,YES,4,YES
16343,45,1079,92426.27,Netflix,CARD,UK,Tablet,2026-04-29T04:58:45.000+05:30,YES,4,YES,4,YES
16452,73,1155,75987.62,Petrol Pump,CARD,USA,Laptop,2026-05-11T00:52:28.000+05:30,YES,0,YES,5,YES
17114,37,1120,61248.63,Petrol Pump,NET BANKING,USA,Mobile,2026-05-07T20:28:31.000+05:30,YES,20,NO,5,YES
17201,61,1036,85940.86,Swiggy,UPI,Singapore,Mobile,2026-05-16T20:38:57.000+05:30,YES,20,NO,5,YES
17985,64,1168,67408.78,Nike,NET BANKING,Germany,Laptop,2026-04-24T14:54:12.000+05:30,YES,14,NO,4,YES
18375,89,1002,99819.22,Swiggy,CARD,Germany,Laptop,2026-05-12T03:27:46.000+05:30,YES,3,YES,5,YES
18924,67,1106,52604.51,Nike,NET BANKING,UK,Mobile,2026-05-10T23:55:05.000+05:30,YES,23,NO,5,YES
19420,25,1079,73406.9,Zomato,UPI,Singapore,Mobile,2026-04-22T09:14:58.000+05:30,YES,9,NO,4,YES
19513,23,1089,84283.41,Walmart,NET BANKING,Germany,Tablet,2026-05-14T06:39:51.000+05:30,YES,6,NO,5,YES
19798,72,1061,67669.92,Netflix,NET BANKING,UK,Laptop,2026-05-16T02:55:51.000+05:30,YES,2,YES,5,YES
11121,28,1123,94511.4,Amazon,CARD,UK,Laptop,2026-04-29T09:30:28.000+05:30,YES,9,NO,4,YES
11846,67,1078,97511.68,Nike,ATM WITHDRAWAL,USA,Mobile,2026-04-24T22:21:15.000+05:30,YES,22,NO,4,YES
12809,75,1165,62878.08,Uber,NET BANKING,Singapore,ATM,2026-04-25T09:22:05.000+05:30,YES,9,NO,4,YES
12856,12,1143,50869.05,Netflix,ATM WITHDRAWAL,Germany,Mobile,2026-05-03T07:29:40.000+05:30,YES,7,NO,5,YES
13026,14,1042,62645.93,Zomato,UPI,Germany,Tablet,2026-05-03T14:14:12.000+05:30,YES,14,NO,5,YES
13147,99,1077,77808.34,Netflix,CARD,Germany,Tablet,2026-04-25T15:02:12.000+05:30,YES,15,NO,4,YES
13377,32,1013,95773.43,Netflix,NET BANKING,UK,Tablet,2026-05-03T12:04:08.000+05:30,YES,12,NO,5,YES
14428,46,1034,59601.02,Flipkart,ATM WITHDRAWAL,Germany,Laptop,2026-05-04T06:03:47.000+05:30,YES,6,NO,5,YES
15373,33,1112,66721.57,Uber,CARD,Singapore,ATM,2026-04-22T18:21:27.000+05:30,YES,18,NO,4,YES
16314,18,1036,66557.82,Swiggy,NET BANKING,Singapore,ATM,2026-04-19T14:11:43.000+05:30,YES,14,NO,4,YES
16464,81,1051,87933.31,Zomato,NET BANKING,Singapore,Tablet,2026-05-15T19:27:32.000+05:30,YES,19,NO,5,YES
17544,52,1046,50782.46,Uber,NET BANKING,USA,Mobile,2026-05-12T02:52:27.000+05:30,YES,2,YES,5,YES
18290,82,1030,61461.48,Netflix,UPI,UK,Laptop,2026-05-11T23:43:47.000+05:30,YES,23,NO,5,YES
18413,8,1171,80915.88,Flipkart,ATM WITHDRAWAL,UK,Laptop,2026-05-11T14:17:07.000+05:30,YES,14,NO,5,YES
19317,18,1107,92475.31,Nike,CARD,USA,Tablet,2026-05-10T16:41:43.000+05:30,YES,16,NO,5,YES
10330,17,1069,50091.29,Amazon,NET BANKING,Germany,ATM,2026-05-12T07:45:36.000+05:30,YES,7,NO,5,YES
11728,62,1100,94432.98,Nike,ATM WITHDRAWAL,USA,ATM,2026-05-09T06:57:45.000+05:30,YES,6,NO,5,YES
11833,26,1055,63135.93,Apple Store,UPI,UK,Mobile,2026-05-07T10:19:20.000+05:30,YES,10,NO,5,YES
12915,28,1079,69593.25,Uber,UPI,Germany,Tablet,2026-05-07T11:10:23.000+05:30,YES,11,NO,5,YES
12932,15,1096,78266.91,Swiggy,UPI,Germany,Mobile,2026-05-06T04:14:11.000+05:30,YES,4,YES,5,YES
13089,88,1199,86824.16,Zomato,NET BANKING,Germany,Laptop,2026-05-11T09:31:48.000+05:30,YES,9,NO,5,YES
14958,33,1066,60680.94,Petrol Pump,ATM WITHDRAWAL,UK,ATM,2026-05-01T06:56:56.000+05:30,YES,6,NO,5,YES
15271,62,1119,98426.86,Swiggy,ATM WITHDRAWAL,UK,Mobile,2026-05-05T20:23:20.000+05:30,YES,20,NO,5,YES
16394,99,1183,74844.38,Netflix,CARD,UK,Tablet,2026-04-23T11:31:15.000+05:30,YES,11,NO,4,YES
16985,81,1179,91496.22,Amazon,NET BANKING,UK,ATM,2026-05-03T20:17:17.000+05:30,YES,20,NO,5,YES
17018,31,1167,72501.78,Uber,UPI,USA,Mobile,2026-04-30T15:45:38.000+05:30,YES,15,NO,4,YES
17998,30,1030,60691.97,Petrol Pump,UPI,UK,Mobile,2026-04-26T23:51:14.000+05:30,YES,23,NO,4,YES
18631,62,1092,76685.38,Nike,CARD,USA,Mobile,2026-04-26T02:43:07.000+05:30,YES,2,YES,4,YES
19790,69,1005,78997.75,Swiggy,ATM WITHDRAWAL,USA,ATM,2026-05-11T04:22:27.000+05:30,YES,4,YES,5,YES
10304,92,1180,73936.21,Apple Store,UPI,USA,Mobile,2026-05-10T02:46:15.000+05:30,YES,2,YES,5,YES
10582,36,1005,61011.91,Swiggy,ATM WITHDRAWAL,UK,Laptop,2026-05-04T04:03:12.000+05:30,YES,4,YES,5,YES
10875,9,1200,68476.34,Zomato,ATM WITHDRAWAL,Singapore,Mobile,2026-05-11T11:56:26.000+05:30,YES,11,NO,5,YES
11120,80,1072,54901.74,Swiggy,ATM WITHDRAWAL,USA,ATM,2026-04-29T17:52:09.000+05:30,YES,17,NO,4,YES
11345,62,1087,74520.37,Walmart,ATM WITHDRAWAL,UK,Tablet,2026-05-13T12:49:59.000+05:30,YES,12,NO,5,YES
11402,36,1140,83617.4,Uber,CARD,USA,Mobile,2026-05-05T10:58:34.000+05:30,YES,10,NO,5,YES
11437,10,1074,96826.39,Amazon,CARD,Germany,Tablet,2026-05-15T12:09:47.000+05:30,YES,12,NO,5,YES
11964,30,1121,70322.81,Amazon,NET BANKING,Germany,Mobile,2026-05-01T07:28:17.000+05:30,YES,7,NO,5,YES
12115,20,1071,97062.9,Zomato,CARD,USA,Mobile,2026-05-06T14:03:53.000+05:30,YES,14,NO,5,YES
12582,19,1148,89927.86,Netflix,UPI,USA,Tablet,2026-05-02T13:23:47.000+05:30,YES,13,NO,5,YES
13097,17,1159,81376.91,Zomato,CARD,USA,Laptop,2026-04-30T04:07:27.000+05:30,YES,4,YES,4,YES
13686,33,1192,89329.36,Amazon,UPI,Germany,Mobile,2026-05-07T05:37:43.000+05:30,YES,5,YES,5,YES
14161,17,1052,63268.12,Petrol Pump,ATM WITHDRAWAL,Germany,Laptop,2026-05-09T02:49:58.000+05:30,YES,2,YES,5,YES
15729,20,1135,78842.18,Swiggy,CARD,UK,Laptop,2026-05-09T05:32:07.000+05:30,YES,5,YES,5,YES
16363,17,1136,79422.6,Netflix,UPI,UK,Laptop,2026-05-12T22:19:03.000+05:30,YES,22,NO,5,YES
16483,27,1044,78285.9,Nike,ATM WITHDRAWAL,UK,ATM,2026-05-01T05:18:25.000+05:30,YES,5,YES,5,YES
17121,56,1026,62286.65,Walmart,ATM WITHDRAWAL,Singapore,Tablet,2026-04-30T10:02:08.000+05:30,YES,10,NO,4,YES
17271,24,1024,98088.95,Walmart,NET BANKING,UK,Tablet,2026-04-23T11:34:46.000+05:30,YES,11,NO,4,YES
18423,66,1109,68854.7,Swiggy,CARD,USA,ATM,2026-05-02T19:17:19.000+05:30,YES,19,NO,5,YES
18714,35,1065,53091.22,Amazon,NET BANKING,USA,ATM,2026-05-08T17:29:34.000+05:30,YES,17,NO,5,YES
18874,9,1123,86060.39,Swiggy,NET BANKING,UK,Laptop,2026-05-15T12:24:29.000+05:30,YES,12,NO,5,YES
18933,14,1082,88040.26,Nike,CARD,USA,Tablet,2026-05-09T13:10:54.000+05:30,YES,13,NO,5,YES
19660,69,1089,54780.43,Amazon,CARD,Singapore,Tablet,2026-05-07T15:53:06.000+05:30,YES,15,NO,5,YES
19951,97,1102,79341.32,Nike,CARD,USA,ATM,2026-05-09T04:55:38.000+05:30,YES,4,YES,5,YES
11220,4,1056,86931.95,Flipkart,UPI,Singapore,Mobile,2026-05-15T04:44:02.000+05:30,YES,4,YES,5,YES
11230,82,1045,92307.01,Netflix,ATM WITHDRAWAL,Germany,Tablet,2026-04-22T20:22:45.000+05:30,YES,20,NO,4,YES
13492,69,1192,80668.09,Swiggy,NET BANKING,Singapore,Mobile,2026-05-10T14:01:13.000+05:30,YES,14,NO,5,YES
13750,22,1151,70277.09,Flipkart,NET BANKING,USA,Mobile,2026-05-01T18:55:52.000+05:30,YES,18,NO,5,YES
14696,15,1148,52325.62,Swiggy,CARD,UK,Mobile,2026-04-18T19:52:29.000+05:30,YES,19,NO,4,YES
15145,99,1109,72058.85,Uber,UPI,Germany,Tablet,2026-05-14T11:53:18.000+05:30,YES,11,NO,5,YES
16997,2,1172,66487.12,Zomato,CARD,UK,Mobile,2026-04-27T13:02:24.000+05:30,YES,13,NO,4,YES
17509,97,1176,56202.23,Flipkart,NET BANKING,Singapore,Tablet,2026-05-10T18:41:29.000+05:30,YES,18,NO,5,YES
17906,37,1110,85342.28,Netflix,ATM WITHDRAWAL,UK,Tablet,2026-04-26T18:02:36.000+05:30,YES,18,NO,4,YES
18333,44,1072,64737.46,Zomato,ATM WITHDRAWAL,USA,ATM,2026-05-07T21:49:02.000+05:30,YES,21,NO,5,YES
18663,13,1132,75391.14,Apple Store,ATM WITHDRAWAL,USA,Tablet,2026-04-28T14:50:47.000+05:30,YES,14,NO,4,YES
19714,19,1099,86470.17,Nike,NET BANKING,USA,Laptop,2026-04-26T12:09:50.000+05:30,YES,12,NO,4,YES
10136,44,1149,53652.16,Petrol Pump,NET BANKING,UK,Tablet,2026-04-25T00:05:41.000+05:30,YES,0,YES,4,YES
10354,54,1192,97472.25,Petrol Pump,NET BANKING,Singapore,Laptop,2026-04-21T22:01:40.000+05:30,YES,22,NO,4,YES
11035,79,1006,71178.8,Uber,CARD,Singapore,Laptop,2026-04-30T09:38:03.000+05:30,YES,9,NO,4,YES
11370,88,1051,74110.0,Walmart,CARD,Singapore,ATM,2026-05-18T11:42:34.000+05:30,YES,11,NO,5,YES
11709,45,1047,86187.82,Apple Store,UPI,UK,Mobile,2026-05-16T21:51:17.000+05:30,YES,21,NO,5,YES
11930,91,1152,73753.42,Flipkart,CARD,USA,Laptop,2026-05-15T06:38:33.000+05:30,YES,6,NO,5,YES
12192,54,1056,86294.96,Petrol Pump,ATM WITHDRAWAL,Germany,Mobile,2026-05-04T19:20:37.000+05:30,YES,19,NO,5,YES
12523,100,1193,87660.82,Nike,NET BANKING,UK,Tablet,2026-04-29T12:12:55.000+05:30,YES,12,NO,4,YES
12597,92,1067,66948.14,Netflix,CARD,UK,ATM,2026-05-10T11:37:06.000+05:30,YES,11,NO,5,YES
12710,27,1037,50875.29,Walmart,CARD,Singapore,Laptop,2026-05-16T17:57:16.000+05:30,YES,17,NO,5,YES
13183,33,1101,81766.7,Zomato,ATM WITHDRAWAL,Germany,Tablet,2026-04-22T11:28:26.000+05:30,YES,11,NO,4,YES
13272,33,1071,91453.3,Uber,NET BANKING,UK,ATM,2026-05-15T04:49:22.000+05:30,YES,4,YES,5,YES
13316,35,1099,87232.35,Nike,NET BANKING,USA,Mobile,2026-04-24T05:39:04.000+05:30,YES,5,YES,4,YES
14373,26,1173,81497.88,Nike,NET BANKING,Germany,Laptop,2026-05-02T16:16:28.000+05:30,YES,16,NO,5,YES
14505,4,1147,52131.07,Flipkart,CARD,Singapore,Tablet,2026-05-04T18:35:17.000+05:30,YES,18,NO,5,YES
15043,5,1117,73847.09,Nike,UPI,UK,Laptop,2026-05-11T13:21:11.000+05:30,YES,13,NO,5,YES
15230,86,1093,69507.44,Swiggy,CARD,Singapore,ATM,2026-05-13T21:48:18.000+05:30,YES,21,NO,5,YES
16436,49,1157,64929.14,Netflix,CARD,Germany,Tablet,2026-04-26T04:01:08.000+05:30,YES,4,YES,4,YES
16453,21,1071,62628.61,Zomato,CARD,Singapore,ATM,2026-04-27T15:26:26.000+05:30,YES,15,NO,4,YES
10431,66,1090,82103.82,Zomato,NET BANKING,Germany,ATM,2026-05-05T00:45:14.000+05:30,YES,0,YES,5,YES
10570,2,1026,73031.1,Zomato,CARD,UK,ATM,2026-04-30T03:40:29.000+05:30,YES,3,YES,4,YES
10592,40,1011,60089.74,Uber,ATM WITHDRAWAL,Singapore,Laptop,2026-05-17T21:06:02.000+05:30,YES,21,NO,5,YES
11344,81,1123,53539.69,Nike,UPI,Singapore,ATM,2026-05-15T11:38:27.000+05:30,YES,11,NO,5,YES
11399,54,1050,76410.17,Swiggy,NET BANKING,USA,Laptop,2026-04-29T02:04:12.000+05:30,YES,2,YES,4,YES
11598,71,1134,79048.9,Nike,ATM WITHDRAWAL,USA,Laptop,2026-04-24T05:48:38.000+05:30,YES,5,YES,4,YES
11988,91,1159,72972.19,Petrol Pump,NET BANKING,Germany,Laptop,2026-05-04T09:14:02.000+05:30,YES,9,NO,5,YES
12123,28,1076,79006.71,Petrol Pump,ATM WITHDRAWAL,Singapore,Mobile,2026-04-24T01:36:15.000+05:30,YES,1,YES,4,YES
12150,73,1190,51043.48,Walmart,CARD,USA,Mobile,2026-04-25T23:14:03.000+05:30,YES,23,NO,4,YES
13109,46,1003,84709.09,Zomato,UPI,UK,Laptop,2026-05-02T16:41:48.000+05:30,YES,16,NO,5,YES
14685,56,1101,91309.63,Amazon,CARD,Germany,Tablet,2026-05-07T00:01:33.000+05:30,YES,0,YES,5,YES
14922,18,1089,67486.04,Walmart,ATM WITHDRAWAL,UK,Mobile,2026-04-30T17:47:06.000+05:30,YES,17,NO,4,YES
15957,12,1131,81491.07,Nike,ATM WITHDRAWAL,UK,Tablet,2026-05-09T02:00:26.000+05:30,YES,2,YES,5,YES
16056,81,1013,91186.05,Nike,UPI,UK,Tablet,2026-05-06T10:00:50.000+05:30,YES,10,NO,5,YES
16237,83,1107,93389.08,Walmart,UPI,Singapore,Mobile,2026-05-10T02:58:16.000+05:30,YES,2,YES,5,YES
16300,64,1010,98860.43,Uber,NET BANKING,UK,Mobile,2026-05-17T01:56:57.000+05:30,YES,1,YES,5,YES
16412,29,1033,84017.12,Amazon,CARD,Singapore,ATM,2026-05-11T23:54:03.000+05:30,YES,23,NO,5,YES
16919,97,1127,62384.23,Petrol Pump,NET BANKING,UK,Mobile,2026-05-13T08:38:19.000+05:30,YES,8,NO,5,YES
17238,37,1119,60553.48,Zomato,NET BANKING,USA,Mobile,2026-04-28T13:17:01.000+05:30,YES,13,NO,4,YES
19031,12,1104,59823.29,Zomato,UPI,Singapore,Laptop,2026-05-07T14:19:45.000+05:30,YES,14,NO,5,YES
19207,28,1034,96751.15,Petrol Pump,ATM WITHDRAWAL,Germany,ATM,2026-05-15T19:05:18.000+05:30,YES,19,NO,5,YES
19249,39,1149,94637.83,Flipkart,CARD,UK,Laptop,2026-05-09T06:07:10.000+05:30,YES,6,NO,5,YES
19457,74,1094,71396.3,Amazon,CARD,UK,Mobile,2026-05-17T15:03:32.000+05:30,YES,15,NO,5,YES
19522,43,1194,96880.85,Zomato,CARD,USA,ATM,2026-04-29T00:53:48.000+05:30,YES,0,YES,4,YES
10031,8,1128,57991.89,Walmart,UPI,Singapore,ATM,2026-05-09T06:18:12.000+05:30,YES,6,NO,5,YES
10172,64,1081,85600.93,Apple Store,UPI,Singapore,Laptop,2026-04-18T23:31:37.000+05:30,YES,23,NO,4,YES
10373,42,1091,80087.56,Zomato,UPI,Singapore,Laptop,2026-05-12T07:11:06.000+05:30,YES,7,NO,5,YES
10990,58,1156,53817.79,Walmart,CARD,UK,Laptop,2026-04-20T08:50:52.000+05:30,YES,8,NO,4,YES
13407,29,1105,55532.56,Walmart,NET BANKING,USA,Mobile,2026-05-11T17:26:56.000+05:30,YES,17,NO,5,YES
14563,14,1177,77923.97,Apple Store,CARD,USA,Laptop,2026-05-09T02:15:03.000+05:30,YES,2,YES,5,YES
15090,62,1064,55202.26,Apple Store,CARD,USA,Tablet,2026-05-04T07:16:49.000+05:30,YES,7,NO,5,YES
15805,86,1044,94616.09,Nike,UPI,Singapore,Mobile,2026-05-05T16:44:26.000+05:30,YES,16,NO,5,YES
16209,35,1040,67760.24,Apple Store,UPI,USA,Laptop,2026-05-15T09:58:37.000+05:30,YES,9,NO,5,YES
16393,15,1027,85419.78,Petrol Pump,CARD,Singapore,Laptop,2026-05-14T08:02:17.000+05:30,YES,8,NO,5,YES
17090,13,1005,59822.24,Nike,CARD,USA,Tablet,2026-04-25T03:05:05.000+05:30,YES,3,YES,4,YES
17215,58,1015,82883.48,Swiggy,NET BANKING,UK,Laptop,2026-04-28T10:59:04.000+05:30,YES,10,NO,4,YES
17471,3,1100,57503.99,Netflix,NET BANKING,Germany,Tablet,2026-05-17T09:44:26.000+05:30,YES,9,NO,5,YES
17749,12,1080,99387.55,Uber,UPI,USA,Tablet,2026-05-04T18:28:33.000+05:30,YES,18,NO,5,YES
18319,21,1094,79020.62,Petrol Pump,ATM WITHDRAWAL,Germany,Tablet,2026-05-01T13:40:18.000+05:30,YES,13,NO,5,YES
18603,43,1056,99419.84,Walmart,ATM WITHDRAWAL,UK,Tablet,2026-04-21T14:54:52.000+05:30,YES,14,NO,4,YES
18853,87,1116,91797.44,Zomato,ATM WITHDRAWAL,Singapore,Laptop,2026-05-10T23:36:53.000+05:30,YES,23,NO,5,YES
19474,50,1037,92732.66,Amazon,NET BANKING,Germany,Mobile,2026-04-20T13:16:00.000+05:30,YES,13,NO,4,YES
19727,84,1106,51799.54,Zomato,CARD,UK,Tablet,2026-05-09T20:00:30.000+05:30,YES,20,NO,5,YES
11623,73,1169,54789.5,Apple Store,ATM WITHDRAWAL,Singapore,Mobile,2026-04-27T15:24:19.000+05:30,YES,15,NO,4,YES
12801,68,1152,74839.99,Apple Store,CARD,UK,Tablet,2026-04-20T06:39:20.000+05:30,YES,6,NO,4,YES
13231,63,1176,50272.36,Apple Store,CARD,USA,ATM,2026-05-13T06:35:26.000+05:30,YES,6,NO,5,YES
13278,97,1116,95923.01,Amazon,ATM WITHDRAWAL,USA,Tablet,2026-04-27T19:44:53.000+05:30,YES,19,NO,4,YES
13389,35,1043,82126.22,Zomato,NET BANKING,USA,Laptop,2026-05-13T04:05:31.000+05:30,YES,4,YES,5,YES
13870,22,1172,88570.03,Zomato,UPI,Germany,Mobile,2026-05-04T20:22:58.000+05:30,YES,20,NO,5,YES
14654,41,1068,88222.17,Nike,NET BANKING,Singapore,Tablet,2026-05-01T08:15:24.000+05:30,YES,8,NO,5,YES
14793,82,1093,62516.26,Flipkart,ATM WITHDRAWAL,UK,Laptop,2026-04-29T01:03:51.000+05:30,YES,1,YES,4,YES
14836,50,1127,64139.69,Netflix,UPI,Singapore,Tablet,2026-05-09T13:59:02.000+05:30,YES,13,NO,5,YES
16076,67,1037,54614.63,Amazon,UPI,UK,Tablet,2026-05-12T21:33:20.000+05:30,YES,21,NO,5,YES
16325,98,1155,64432.87,Amazon,UPI,USA,Tablet,2026-05-09T18:39:16.000+05:30,YES,18,NO,5,YES
16506,99,1070,70968.77,Swiggy,CARD,Singapore,Laptop,2026-05-07T01:46:17.000+05:30,YES,1,YES,5,YES
18920,13,1173,89869.08,Apple Store,UPI,USA,ATM,2026-04-29T22:50:18.000+05:30,YES,22,NO,4,YES
19863,66,1150,62151.84,Flipkart,CARD,UK,ATM,2026-04-28T04:30:57.000+05:30,YES,4,YES,4,YES
10094,23,1143,94275.28,Zomato,NET BANKING,USA,Laptop,2026-05-14T09:04:22.000+05:30,YES,9,NO,5,YES
10611,72,1103,69967.38,Swiggy,UPI,Germany,Mobile,2026-04-29T10:15:37.000+05:30,YES,10,NO,4,YES
11484,46,1082,55694.36,Zomato,CARD,Germany,Laptop,2026-04-26T23:51:00.000+05:30,YES,23,NO,4,YES
12204,54,1111,98500.74,Zomato,NET BANKING,Germany,ATM,2026-05-10T19:49:32.000+05:30,YES,19,NO,5,YES
12506,57,1088,63694.65,Flipkart,NET BANKING,Germany,Tablet,2026-04-23T10:04:25.000+05:30,YES,10,NO,4,YES
12621,85,1050,65564.09,Uber,NET BANKING,UK,Tablet,2026-05-14T20:51:05.000+05:30,YES,20,NO,5,YES
12698,43,1013,70486.89,Swiggy,ATM WITHDRAWAL,USA,Tablet,2026-05-17T11:07:09.000+05:30,YES,11,NO,5,YES
12938,66,1199,84204.13,Apple Store,CARD,USA,Laptop,2026-05-06T16:21:34.000+05:30,YES,16,NO,5,YES
13385,41,1116,53661.59,Petrol Pump,CARD,USA,Mobile,2026-05-04T22:20:10.000+05:30,YES,22,NO,5,YES
13623,45,1160,82087.79,Nike,CARD,UK,Mobile,2026-04-21T10:38:16.000+05:30,YES,10,NO,4,YES
14498,5,1070,97913.64,Zomato,ATM WITHDRAWAL,Singapore,Laptop,2026-04-25T04:50:33.000+05:30,YES,4,YES,4,YES
16779,55,1150,66174.34,Netflix,ATM WITHDRAWAL,Singapore,Laptop,2026-05-14T20:24:07.000+05:30,YES,20,NO,5,YES
17362,60,1024,81400.45,Amazon,UPI,Germany,ATM,2026-05-02T20:20:17.000+05:30,YES,20,NO,5,YES
17575,91,1003,61279.73,Amazon,CARD,Singapore,Tablet,2026-04-20T10:10:23.000+05:30,YES,10,NO,4,YES
17924,92,1066,53448.32,Uber,UPI,Germany,ATM,2026-05-17T17:58:10.000+05:30,YES,17,NO,5,YES
18316,26,1033,91638.68,Apple Store,NET BANKING,Singapore,Tablet,2026-05-11T19:06:29.000+05:30,YES,19,NO,5,YES
18677,76,1194,63697.55,Walmart,NET BANKING,USA,ATM,2026-04-19T23:52:57.000+05:30,YES,23,NO,4,YES
19935,89,1070,91147.76,Flipkart,CARD,UK,Tablet,2026-05-03T23:28:04.000+05:30,YES,23,NO,5,YES
10081,8,1082,88808.65,Nike,CARD,Singapore,Mobile,2026-05-18T13:42:13.000+05:30,YES,13,NO,5,YES
10616,74,1034,83579.98,Flipkart,NET BANKING,UK,Laptop,2026-05-11T00:03:16.000+05:30,YES,0,YES,5,YES
10970,69,1087,69876.26,Netflix,ATM WITHDRAWAL,USA,ATM,2026-05-04T19:36:38.000+05:30,YES,19,NO,5,YES
11351,74,1004,52974.55,Apple Store,NET BANKING,Singapore,Laptop,2026-04-19T15:19:05.000+05:30,YES,15,NO,4,YES
11366,11,1055,79634.47,Nike,ATM WITHDRAWAL,USA,ATM,2026-05-15T22:31:00.000+05:30,YES,22,NO,5,YES
11805,78,1183,61956.61,Uber,CARD,USA,Laptop,2026-05-10T01:48:41.000+05:30,YES,1,YES,5,YES
12739,72,1076,84034.74,Petrol Pump,UPI,UK,Laptop,2026-04-24T18:03:24.000+05:30,YES,18,NO,4,YES
13232,84,1129,73156.84,Netflix,NET BANKING,UK,Tablet,2026-05-12T19:19:35.000+05:30,YES,19,NO,5,YES
13810,18,1032,89906.99,Nike,UPI,Singapore,ATM,2026-04-21T13:09:59.000+05:30,YES,13,NO,4,YES
14144,71,1023,64985.45,Uber,CARD,Germany,ATM,2026-05-06T19:59:09.000+05:30,YES,19,NO,5,YES
14393,87,1023,57638.85,Netflix,NET BANKING,UK,Tablet,2026-05-12T12:38:37.000+05:30,YES,12,NO,5,YES
16043,12,1120,90562.44,Uber,UPI,USA,Tablet,2026-04-30T20:02:55.000+05:30,YES,20,NO,4,YES
16055,33,1181,75334.09,Walmart,UPI,Singapore,Tablet,2026-05-13T22:33:08.000+05:30,YES,22,NO,5,YES
16977,69,1171,55740.88,Amazon,UPI,Germany,Laptop,2026-05-03T22:12:37.000+05:30,YES,22,NO,5,YES
18481,68,1056,67722.66,Nike,NET BANKING,UK,ATM,2026-04-29T19:41:48.000+05:30,YES,19,NO,4,YES
18597,99,1171,52557.46,Petrol Pump,UPI,UK,Mobile,2026-04-21T23:52:08.000+05:30,YES,23,NO,4,YES
19209,50,1025,96632.04,Netflix,CARD,Germany,Mobile,2026-05-10T13:35:44.000+05:30,YES,13,NO,5,YES
19383,39,1046,89076.93,Walmart,NET BANKING,UK,Tablet,2026-04-30T21:00:57.000+05:30,YES,21,NO,4,YES
18350,20,1148,98643.45,Uber,NET BANKING,Germany,Tablet,2026-04-30T17:25:28.000+05:30,YES,17,NO,4,YES
10056,15,1075,88920.61,Nike,ATM WITHDRAWAL,UK,Laptop,2026-04-23T06:03:13.000+05:30,YES,6,NO,4,YES
10935,86,1025,83574.87,Walmart,ATM WITHDRAWAL,Germany,Laptop,2026-04-19T03:26:21.000+05:30,YES,3,YES,4,YES
11692,69,1007,90511.85,Amazon,NET BANKING,Singapore,ATM,2026-05-16T16:40:58.000+05:30,YES,16,NO,5,YES
12381,70,1121,51585.09,Amazon,NET BANKING,Germany,Mobile,2026-04-18T16:07:29.000+05:30,YES,16,NO,4,YES
12833,83,1099,98810.55,Swiggy,ATM WITHDRAWAL,Germany,Laptop,2026-05-03T09:19:27.000+05:30,YES,9,NO,5,YES
13137,13,1022,62429.57,Petrol Pump,CARD,Germany,Laptop,2026-05-13T22:22:04.000+05:30,YES,22,NO,5,YES
13250,87,1083,68847.2,Zomato,NET BANKING,UK,Mobile,2026-05-14T02:37:48.000+05:30,YES,2,YES,5,YES
14127,58,1001,52493.27,Zomato,UPI,UK,ATM,2026-05-17T15:36:04.000+05:30,YES,15,NO,5,YES
15656,39,1091,82546.07,Petrol Pump,UPI,Germany,Tablet,2026-04-19T11:39:36.000+05:30,YES,11,NO,4,YES
16644,81,1089,62905.42,Amazon,UPI,Singapore,Tablet,2026-04-20T05:22:04.000+05:30,YES,5,YES,4,YES
17012,17,1006,61737.2,Petrol Pump,UPI,USA,ATM,2026-04-19T09:44:09.000+05:30,YES,9,NO,4,YES
17540,40,1170,90428.44,Zomato,NET BANKING,UK,Tablet,2026-05-01T01:06:48.000+05:30,YES,1,YES,5,YES
19425,13,1190,95766.95,Walmart,CARD,USA,Mobile,2026-04-20T01:30:27.000+05:30,YES,1,YES,4,YES
19442,93,1162,90663.35,Nike,UPI,Germany,Laptop,2026-05-11T10:03:06.000+05:30,YES,10,NO,5,YES
19979,47,1034,96421.52,Flipkart,CARD,Germany,Laptop,2026-04-19T04:57:05.000+05:30,YES,4,YES,4,YES
10100,29,1133,77359.71,Netflix,UPI,Singapore,ATM,2026-05-09T08:23:02.000+05:30,YES,8,NO,5,YES
12247,36,1157,88267.78,Flipkart,UPI,Singapore,Laptop,2026-04-30T13:40:17.000+05:30,YES,13,NO,4,YES
12871,51,1067,55711.15,Apple Store,NET BANKING,USA,Mobile,2026-05-07T07:38:49.000+05:30,YES,7,NO,5,YES
13149,98,1106,77103.59,Flipkart,NET BANKING,USA,Tablet,2026-05-09T13:01:34.000+05:30,YES,13,NO,5,YES
13866,92,1130,53103.07,Petrol Pump,NET BANKING,UK,ATM,2026-05-13T20:20:52.000+05:30,YES,20,NO,5,YES
14076,56,1039,51416.96,Walmart,UPI,Germany,ATM,2026-05-16T06:15:22.000+05:30,YES,6,NO,5,YES
14641,12,1115,99034.29,Petrol Pump,CARD,UK,Laptop,2026-04-30T13:34:04.000+05:30,YES,13,NO,4,YES
14721,55,1021,74174.85,Petrol Pump,UPI,Singapore,Tablet,2026-04-28T14:04:17.000+05:30,YES,14,NO,4,YES
15150,11,1176,75331.19,Netflix,CARD,UK,ATM,2026-04-25T01:32:39.000+05:30,YES,1,YES,4,YES
15976,70,1008,53020.48,Petrol Pump,NET BANKING,Germany,Laptop,2026-05-11T22:01:25.000+05:30,YES,22,NO,5,YES
16604,84,1010,57110.83,Petrol Pump,ATM WITHDRAWAL,USA,Tablet,2026-04-18T23:43:04.000+05:30,YES,23,NO,4,YES
17437,18,1041,68588.67,Walmart,UPI,USA,Mobile,2026-04-21T01:44:51.000+05:30,YES,1,YES,4,YES
17503,20,1183,85972.75,Swiggy,CARD,UK,Mobile,2026-05-14T15:06:53.000+05:30,YES,15,NO,5,YES
18069,49,1107,83850.06,Zomato,NET BANKING,USA,Tablet,2026-05-14T08:39:07.000+05:30,YES,8,NO,5,YES
18237,8,1174,65552.07,Netflix,ATM WITHDRAWAL,Singapore,Mobile,2026-04-18T20:28:48.000+05:30,YES,20,NO,4,YES
18999,92,1035,65102.31,Zomato,UPI,UK,Mobile,2026-05-17T23:05:30.000+05:30,YES,23,NO,5,YES
19076,47,1038,51468.0,Flipkart,UPI,Singapore,Mobile,2026-05-14T10:55:41.000+05:30,YES,10,NO,5,YES
11122,79,1179,92949.03,Zomato,ATM WITHDRAWAL,Germany,Tablet,2026-05-05T21:24:10.000+05:30,YES,21,NO,5,YES
11210,17,1192,63416.84,Nike,ATM WITHDRAWAL,Singapore,Tablet,2026-05-10T04:45:48.000+05:30,YES,4,YES,5,YES
13635,97,1067,81926.1,Netflix,UPI,USA,Mobile,2026-05-15T22:30:21.000+05:30,YES,22,NO,5,YES
14208,74,1193,94406.64,Uber,ATM WITHDRAWAL,Germany,Laptop,2026-05-12T22:30:10.000+05:30,YES,22,NO,5,YES
14279,86,1182,68561.63,Flipkart,ATM WITHDRAWAL,UK,Tablet,2026-05-12T08:31:50.000+05:30,YES,8,NO,5,YES
14404,50,1186,93681.99,Apple Store,NET BANKING,UK,ATM,2026-05-10T20:11:17.000+05:30,YES,20,NO,5,YES
14976,64,1199,50095.98,Petrol Pump,CARD,Singapore,Mobile,2026-05-03T13:28:31.000+05:30,YES,13,NO,5,YES
15459,47,1194,56472.24,Amazon,NET BANKING,UK,Tablet,2026-05-17T21:31:13.000+05:30,YES,21,NO,5,YES
15573,42,1152,57260.64,Uber,ATM WITHDRAWAL,USA,Mobile,2026-04-20T19:29:05.000+05:30,YES,19,NO,4,YES
15582,71,1018,70104.27,Swiggy,NET BANKING,UK,Laptop,2026-04-25T16:26:12.000+05:30,YES,16,NO,4,YES
15842,68,1053,65532.79,Walmart,ATM WITHDRAWAL,Germany,Mobile,2026-05-15T12:06:08.000+05:30,YES,12,NO,5,YES
17598,26,1082,89068.45,Apple Store,UPI,Singapore,Tablet,2026-05-11T00:26:00.000+05:30,YES,0,YES,5,YES
17782,2,1128,88372.76,Swiggy,NET BANKING,Germany,ATM,2026-04-26T12:34:38.000+05:30,YES,12,NO,4,YES
17893,67,1077,61401.89,Nike,NET BANKING,Singapore,ATM,2026-04-25T05:47:39.000+05:30,YES,5,YES,4,YES
17987,49,1099,68541.94,Swiggy,CARD,Singapore,Laptop,2026-05-12T10:35:23.000+05:30,YES,10,NO,5,YES
18051,90,1136,59593.9,Amazon,UPI,UK,Laptop,2026-05-12T20:26:25.000+05:30,YES,20,NO,5,YES
18163,44,1114,95947.67,Nike,NET BANKING,USA,ATM,2026-05-10T22:24:35.000+05:30,YES,22,NO,5,YES
18487,87,1040,84186.97,Amazon,UPI,Germany,Laptop,2026-04-24T22:02:30.000+05:30,YES,22,NO,4,YES
18637,30,1072,59213.62,Swiggy,UPI,Singapore,ATM,2026-04-29T19:14:56.000+05:30,YES,19,NO,4,YES
19309,97,1029,93203.16,Apple Store,CARD,Germany,Laptop,2026-05-04T11:44:26.000+05:30,YES,11,NO,5,YES
19593,79,1170,84110.86,Apple Store,CARD,Germany,ATM,2026-04-26T19:36:03.000+05:30,YES,19,NO,4,YES
19684,8,1161,91987.76,Netflix,UPI,UK,Laptop,2026-04-24T21:18:31.000+05:30,YES,21,NO,4,YES
19896,50,1170,53470.96,Zomato,CARD,UK,ATM,2026-05-13T16:23:58.000+05:30,YES,16,NO,5,YES
19941,82,1046,80526.68,Walmart,UPI,Singapore,ATM,2026-05-13T07:54:02.000+05:30,YES,7,NO,5,YES
11714,12,1196,99017.85,Flipkart,CARD,UK,Laptop,2026-05-06T16:36:38.000+05:30,YES,16,NO,5,YES
11920,11,1119,59493.6,Netflix,CARD,USA,Tablet,2026-04-20T07:01:16.000+05:30,YES,7,NO,4,YES
11991,63,1130,76749.86,Apple Store,UPI,UK,Laptop,2026-05-04T21:35:58.000+05:30,YES,21,NO,5,YES
12057,39,1128,92487.45,Petrol Pump,ATM WITHDRAWAL,USA,Mobile,2026-05-14T04:22:44.000+05:30,YES,4,YES,5,YES
12100,69,1150,50698.84,Flipkart,ATM WITHDRAWAL,USA,Mobile,2026-05-13T00:06:07.000+05:30,YES,0,YES,5,YES
12842,81,1084,70983.83,Walmart,UPI,Germany,ATM,2026-05-14T14:05:55.000+05:30,YES,14,NO,5,YES
13714,46,1129,80985.34,Amazon,NET BANKING,UK,Mobile,2026-04-21T01:34:53.000+05:30,YES,1,YES,4,YES
15544,85,1133,55357.34,Apple Store,UPI,Germany,ATM,2026-04-22T08:23:36.000+05:30,YES,8,NO,4,YES
15985,36,1063,96504.67,Swiggy,ATM WITHDRAWAL,Germany,Laptop,2026-05-01T04:15:44.000+05:30,YES,4,YES,5,YES
16903,96,1195,87477.82,Zomato,NET BANKING,Singapore,Mobile,2026-04-24T03:39:14.000+05:30,YES,3,YES,4,YES
17048,10,1151,98090.22,Swiggy,ATM WITHDRAWAL,USA,Mobile,2026-04-21T12:21:48.000+05:30,YES,12,NO,4,YES
17706,40,1041,93699.89,Zomato,NET BANKING,Germany,ATM,2026-05-10T18:13:23.000+05:30,YES,18,NO,5,YES
17808,84,1071,94312.37,Swiggy,UPI,Germany,Tablet,2026-05-04T17:08:40.000+05:30,YES,17,NO,5,YES
18557,16,1095,97072.24,Amazon,ATM WITHDRAWAL,USA,Laptop,2026-05-12T07:07:04.000+05:30,YES,7,NO,5,YES
18840,9,1034,67318.96,Amazon,UPI,UK,Tablet,2026-05-01T20:26:19.000+05:30,YES,20,NO,5,YES
19604,47,1200,53771.92,Netflix,CARD,UK,ATM,2026-04-29T15:28:32.000+05:30,YES,15,NO,4,YES
19622,97,1094,90853.86,Petrol Pump,NET BANKING,USA,ATM,2026-04-22T00:04:45.000+05:30,YES,0,YES,4,YES
10275,100,1021,75080.9,Walmart,UPI,UK,Tablet,2026-04-27T09:13:32.000+05:30,YES,9,NO,4,YES
10361,20,1029,77554.81,Flipkart,CARD,Germany,Tablet,2026-05-04T19:35:33.000+05:30,YES,19,NO,5,YES
11027,5,1178,53520.24,Amazon,ATM WITHDRAWAL,USA,Laptop,2026-04-19T20:26:16.000+05:30,YES,20,NO,4,YES
11620,74,1087,72879.62,Nike,CARD,Germany,Mobile,2026-04-30T16:26:28.000+05:30,YES,16,NO,4,YES
12202,63,1091,89561.85,Petrol Pump,UPI,Singapore,Tablet,2026-05-11T10:57:21.000+05:30,YES,10,NO,5,YES
12773,89,1139,66664.81,Flipkart,ATM WITHDRAWAL,Singapore,Laptop,2026-04-30T06:27:52.000+05:30,YES,6,NO,4,YES
12887,78,1064,82999.69,Netflix,ATM WITHDRAWAL,Singapore,ATM,2026-04-30T07:41:43.000+05:30,YES,7,NO,4,YES
13219,59,1157,89503.31,Swiggy,UPI,USA,Tablet,2026-04-24T13:18:39.000+05:30,YES,13,NO,4,YES
13731,59,1018,69778.17,Apple Store,CARD,USA,Tablet,2026-05-01T02:10:18.000+05:30,YES,2,YES,5,YES
13986,35,1112,76851.36,Petrol Pump,CARD,Germany,Tablet,2026-04-26T08:28:34.000+05:30,YES,8,NO,4,YES
14863,75,1012,51101.5,Uber,NET BANKING,USA,Laptop,2026-05-11T08:02:07.000+05:30,YES,8,NO,5,YES
15272,34,1151,56321.28,Apple Store,UPI,Singapore,Tablet,2026-05-12T05:44:18.000+05:30,YES,5,YES,5,YES
15462,90,1027,60139.62,Zomato,ATM WITHDRAWAL,UK,ATM,2026-05-13T23:51:54.000+05:30,YES,23,NO,5,YES
15845,82,1185,88963.94,Amazon,NET BANKING,Germany,Mobile,2026-05-15T21:00:00.000+05:30,YES,21,NO,5,YES
15933,83,1052,82330.16,Walmart,NET BANKING,UK,Mobile,2026-05-04T15:27:12.000+05:30,YES,15,NO,5,YES
16181,3,1112,74587.32,Swiggy,ATM WITHDRAWAL,USA,ATM,2026-05-13T07:12:12.000+05:30,YES,7,NO,5,YES
17498,56,1176,86948.28,Nike,CARD,USA,Tablet,2026-04-20T15:46:25.000+05:30,YES,15,NO,4,YES
17546,63,1194,55521.39,Apple Store,NET BANKING,USA,ATM,2026-05-07T09:59:39.000+05:30,YES,9,NO,5,YES
17671,64,1167,64445.83,Swiggy,NET BANKING,Singapore,Laptop,2026-05-17T00:09:05.000+05:30,YES,0,YES,5,YES
18216,8,1024,93012.49,Swiggy,CARD,USA,Tablet,2026-05-10T02:07:28.000+05:30,YES,2,YES,5,YES
18522,88,1030,67794.25,Petrol Pump,UPI,Germany,ATM,2026-04-25T01:28:13.000+05:30,YES,1,YES,4,YES
11268,10,1020,66465.53,Amazon,UPI,Singapore,Tablet,2026-04-28T16:11:44.000+05:30,YES,16,NO,4,YES
12678,43,1005,51259.44,Petrol Pump,UPI,Germany,ATM,2026-05-15T06:41:36.000+05:30,YES,6,NO,5,YES
14711,74,1198,93463.68,Swiggy,NET BANKING,Singapore,Tablet,2026-05-07T14:52:32.000+05:30,YES,14,NO,5,YES
14733,36,1168,94470.57,Amazon,UPI,Germany,Tablet,2026-05-02T18:05:05.000+05:30,YES,18,NO,5,YES
16102,33,1017,76840.06,Petrol Pump,UPI,UK,Tablet,2026-04-26T22:21:27.000+05:30,YES,22,NO,4,YES
16826,39,1167,54604.22,Netflix,NET BANKING,Singapore,ATM,2026-05-10T05:05:05.000+05:30,YES,5,YES,5,YES
17317,65,1195,61065.32,Uber,CARD,Singapore,Tablet,2026-05-02T05:39:37.000+05:30,YES,5,YES,5,YES
17376,3,1079,92633.55,Netflix,NET BANKING,Germany,ATM,2026-05-12T02:02:58.000+05:30,YES,2,YES,5,YES
18421,76,1070,92536.9,Amazon,CARD,USA,Laptop,2026-04-27T09:54:22.000+05:30,YES,9,NO,4,YES
18668,73,1074,84326.75,Netflix,NET BANKING,Germany,Mobile,2026-05-05T20:27:59.000+05:30,YES,20,NO,5,YES
18966,76,1185,81425.56,Zomato,UPI,Germany,Laptop,2026-05-09T16:06:21.000+05:30,YES,16,NO,5,YES
19463,97,1198,61201.25,Flipkart,UPI,Germany,ATM,2026-05-17T04:17:25.000+05:30,YES,4,YES,5,YES
19527,2,1038,61766.88,Amazon,ATM WITHDRAWAL,Germany,ATM,2026-04-20T04:46:33.000+05:30,YES,4,YES,4,YES
19577,63,1096,84849.63,Apple Store,UPI,USA,Tablet,2026-04-22T19:51:32.000+05:30,YES,19,NO,4,YES
19835,59,1145,63721.5,Walmart,NET BANKING,UK,Tablet,2026-05-16T20:09:02.000+05:30,YES,20,NO,5,YES
10573,6,1149,50151.15,Flipkart,UPI,UK,Mobile,2026-05-02T19:19:57.000+05:30,YES,19,NO,5,YES
10787,83,1160,52908.78,Walmart,CARD,Singapore,Laptop,2026-05-09T10:47:08.000+05:30,YES,10,NO,5,YES
11700,4,1123,93609.06,Apple Store,CARD,USA,Laptop,2026-04-19T09:37:20.000+05:30,YES,9,NO,4,YES
11914,52,1060,96145.33,Nike,ATM WITHDRAWAL,USA,Tablet,2026-04-28T23:59:56.000+05:30,YES,23,NO,4,YES
12248,54,1035,73274.21,Swiggy,NET BANKING,Germany,ATM,2026-05-13T09:45:41.000+05:30,YES,9,NO,5,YES
12480,37,1184,92771.61,Flipkart,CARD,Singapore,Laptop,2026-05-10T17:11:44.000+05:30,YES,17,NO,5,YES
15247,97,1005,83670.62,Zomato,CARD,Germany,Mobile,2026-05-18T02:31:39.000+05:30,YES,2,YES,5,YES
15438,86,1045,64973.3,Apple Store,NET BANKING,Germany,Mobile,2026-05-16T06:35:05.000+05:30,YES,6,NO,5,YES
17052,69,1134,62775.05,Swiggy,CARD,Singapore,Laptop,2026-04-25T10:59:13.000+05:30,YES,10,NO,4,YES
17816,95,1130,67823.82,Netflix,CARD,Germany,Laptop,2026-05-07T01:51:30.000+05:30,YES,1,YES,5,YES
18693,93,1122,52561.46,Amazon,NET BANKING,UK,Mobile,2026-04-26T11:40:57.000+05:30,YES,11,NO,4,YES
19886,79,1012,80491.88,Apple Store,UPI,Germany,ATM,2026-04-29T05:01:34.000+05:30,YES,5,YES,4,YES
10027,1,1190,88037.58,Zomato,UPI,UK,Laptop,2026-05-04T12:08:15.000+05:30,YES,12,NO,5,YES
11564,25,1069,85862.01,Uber,UPI,UK,Tablet,2026-05-09T12:41:10.000+05:30,YES,12,NO,5,YES
11878,27,1118,76475.1,Nike,ATM WITHDRAWAL,Germany,Mobile,2026-04-23T14:15:49.000+05:30,YES,14,NO,4,YES
11886,3,1094,61446.99,Apple Store,NET BANKING,UK,Laptop,2026-05-12T14:37:27.000+05:30,YES,14,NO,5,YES
12186,94,1007,79645.3,Netflix,NET BANKING,UK,Laptop,2026-04-20T01:33:54.000+05:30,YES,1,YES,4,YES
12559,93,1151,78280.44,Zomato,NET BANKING,UK,Laptop,2026-05-16T22:57:08.000+05:30,YES,22,NO,5,YES
12718,16,1010,53575.71,Walmart,UPI,Singapore,Tablet,2026-05-04T22:27:45.000+05:30,YES,22,NO,5,YES
13044,80,1060,52509.55,Walmart,UPI,Germany,Laptop,2026-04-21T19:55:39.000+05:30,YES,19,NO,4,YES
13258,48,1068,93532.29,Petrol Pump,ATM WITHDRAWAL,USA,Mobile,2026-05-05T15:33:41.000+05:30,YES,15,NO,5,YES
13561,28,1149,96292.49,Walmart,CARD,Germany,Mobile,2026-05-16T22:40:00.000+05:30,YES,22,NO,5,YES
14331,54,1046,59537.71,Netflix,UPI,USA,Tablet,2026-05-18T11:44:01.000+05:30,YES,11,NO,5,YES
15406,1,1152,73397.73,Netflix,NET BANKING,USA,Mobile,2026-05-02T17:22:28.000+05:30,YES,17,NO,5,YES
15706,71,1075,94941.16,Netflix,CARD,Germany,Tablet,2026-04-20T17:31:01.000+05:30,YES,17,NO,4,YES
16243,95,1102,53545.02,Zomato,NET BANKING,Germany,Laptop,2026-04-28T08:09:33.000+05:30,YES,8,NO,4,YES
16548,33,1153,85803.06,Nike,CARD,USA,Mobile,2026-05-10T14:47:02.000+05:30,YES,14,NO,5,YES
16896,39,1082,66964.9,Apple Store,UPI,USA,Tablet,2026-05-02T15:20:11.000+05:30,YES,15,NO,5,YES
17312,92,1019,66199.0,Petrol Pump,NET BANKING,Singapore,Tablet,2026-04-23T21:49:14.000+05:30,YES,21,NO,4,YES
17315,22,1051,81046.83,Apple Store,NET BANKING,USA,ATM,2026-05-02T06:32:38.000+05:30,YES,6,NO,5,YES
18081,75,1020,60934.26,Amazon,UPI,USA,Laptop,2026-04-22T04:51:28.000+05:30,YES,4,YES,4,YES
18158,93,1185,54867.53,Walmart,CARD,USA,Mobile,2026-05-04T16:54:05.000+05:30,YES,16,NO,5,YES
18325,25,1065,61842.41,Apple Store,NET BANKING,Germany,Mobile,2026-05-17T02:47:54.000+05:30,YES,2,YES,5,YES
18564,12,1021,84546.18,Swiggy,UPI,Germany,Tablet,2026-05-08T04:05:54.000+05:30,YES,4,YES,5,YES
19169,6,1187,75251.39,Nike,UPI,USA,ATM,2026-05-08T08:25:30.000+05:30,YES,8,NO,5,YES
10712,25,1129,87251.77,Petrol Pump,NET BANKING,USA,ATM,2026-04-27T03:10:11.000+05:30,YES,3,YES,4,YES
10984,63,1097,77663.45,Walmart,NET BANKING,Singapore,Mobile,2026-05-13T08:32:19.000+05:30,YES,8,NO,5,YES
11575,85,1189,56515.37,Swiggy,CARD,Germany,Mobile,2026-05-15T10:24:15.000+05:30,YES,10,NO,5,YES
12930,44,1021,80546.51,Walmart,UPI,Germany,Laptop,2026-05-12T07:11:36.000+05:30,YES,7,NO,5,YES
13892,51,1200,98981.31,Apple Store,ATM WITHDRAWAL,USA,Tablet,2026-05-01T12:43:12.000+05:30,YES,12,NO,5,YES
14385,3,1189,72398.43,Flipkart,NET BANKING,UK,Mobile,2026-04-23T16:46:50.000+05:30,YES,16,NO,4,YES
14596,38,1021,65608.9,Netflix,ATM WITHDRAWAL,UK,Laptop,2026-05-17T18:52:05.000+05:30,YES,18,NO,5,YES
14604,82,1154,59491.61,Zomato,CARD,UK,Mobile,2026-04-22T15:48:46.000+05:30,YES,15,NO,4,YES
14665,100,1194,52566.62,Walmart,UPI,UK,ATM,2026-05-04T04:43:50.000+05:30,YES,4,YES,5,YES
15073,74,1066,68133.91,Zomato,ATM WITHDRAWAL,UK,Tablet,2026-05-11T02:41:46.000+05:30,YES,2,YES,5,YES
15155,40,1009,92444.79,Netflix,ATM WITHDRAWAL,UK,Laptop,2026-04-20T19:10:49.000+05:30,YES,19,NO,4,YES
15726,85,1195,85522.99,Apple Store,ATM WITHDRAWAL,Singapore,Mobile,2026-05-10T15:02:53.000+05:30,YES,15,NO,5,YES
17262,95,1065,98140.39,Flipkart,NET BANKING,Singapore,ATM,2026-05-06T19:39:04.000+05:30,YES,19,NO,5,YES
17531,79,1186,86889.51,Amazon,ATM WITHDRAWAL,USA,Tablet,2026-04-23T08:31:05.000+05:30,YES,8,NO,4,YES
17563,43,1148,55346.98,Netflix,NET BANKING,Singapore,Tablet,2026-04-30T18:11:45.000+05:30,YES,18,NO,4,YES
18666,54,1075,87119.54,Walmart,ATM WITHDRAWAL,USA,ATM,2026-05-08T10:30:22.000+05:30,YES,10,NO,5,YES
18908,32,1151,58401.57,Petrol Pump,CARD,Singapore,Tablet,2026-05-02T17:43:40.000+05:30,YES,17,NO,5,YES
10840,73,1134,80034.96,Apple Store,ATM WITHDRAWAL,Singapore,Tablet,2026-04-22T17:07:15.000+05:30,YES,17,NO,4,YES
11303,83,1157,52031.53,Zomato,UPI,Germany,Mobile,2026-04-22T05:21:26.000+05:30,YES,5,YES,4,YES
12442,57,1044,59646.77,Zomato,UPI,Singapore,Tablet,2026-04-29T09:41:04.000+05:30,YES,9,NO,4,YES
13031,73,1007,53066.94,Uber,ATM WITHDRAWAL,UK,Laptop,2026-04-26T00:06:49.000+05:30,YES,0,YES,4,YES
13276,29,1159,87593.94,Apple Store,CARD,Germany,Laptop,2026-04-20T17:31:38.000+05:30,YES,17,NO,4,YES
13581,35,1082,99727.73,Amazon,UPI,Germany,Mobile,2026-05-07T19:42:42.000+05:30,YES,19,NO,5,YES
14054,28,1179,93850.21,Petrol Pump,ATM WITHDRAWAL,UK,ATM,2026-04-24T10:49:10.000+05:30,YES,10,NO,4,YES
14418,50,1092,75741.36,Netflix,UPI,Singapore,ATM,2026-04-24T20:10:29.000+05:30,YES,20,NO,4,YES
15506,6,1124,53940.54,Walmart,ATM WITHDRAWAL,UK,Laptop,2026-05-18T12:18:11.000+05:30,YES,12,NO,5,YES
15719,45,1052,70465.21,Nike,ATM WITHDRAWAL,Germany,ATM,2026-05-13T18:20:46.000+05:30,YES,18,NO,5,YES
16852,1,1028,80728.98,Uber,ATM WITHDRAWAL,USA,ATM,2026-04-29T05:35:25.000+05:30,YES,5,YES,4,YES
17579,33,1046,80136.11,Petrol Pump,ATM WITHDRAWAL,Germany,Tablet,2026-05-14T17:02:45.000+05:30,YES,17,NO,5,YES
17912,44,1137,98027.55,Uber,CARD,UK,Laptop,2026-05-09T15:22:13.000+05:30,YES,15,NO,5,YES
18201,95,1047,54444.42,Swiggy,NET BANKING,Germany,Mobile,2026-05-11T12:24:02.000+05:30,YES,12,NO,5,YES
18270,31,1137,82393.89,Apple Store,NET BANKING,Germany,ATM,2026-04-25T01:47:33.000+05:30,YES,1,YES,4,YES
18768,55,1038,60820.95,Amazon,UPI,USA,ATM,2026-05-18T15:05:14.000+05:30,YES,15,NO,5,YES
10604,15,1195,64998.12,Nike,CARD,Singapore,Mobile,2026-04-27T15:24:34.000+05:30,YES,15,NO,4,YES
10867,62,1015,79752.46,Swiggy,ATM WITHDRAWAL,Singapore,Laptop,2026-04-19T05:17:58.000+05:30,YES,5,YES,4,YES
11071,46,1041,69371.18,Amazon,ATM WITHDRAWAL,Germany,Tablet,2026-05-18T09:01:17.000+05:30,YES,9,NO,5,YES
12397,87,1111,79046.2,Walmart,CARD,Singapore,ATM,2026-05-04T20:00:01.000+05:30,YES,20,NO,5,YES
12853,35,1005,62073.37,Walmart,ATM WITHDRAWAL,USA,Laptop,2026-04-25T01:26:17.000+05:30,YES,1,YES,4,YES
13630,9,1097,81097.94,Swiggy,NET BANKING,Singapore,Laptop,2026-05-08T17:23:25.000+05:30,YES,17,NO,5,YES
14443,57,1150,58849.64,Uber,NET BANKING,UK,Tablet,2026-04-22T20:41:54.000+05:30,YES,20,NO,4,YES
15255,60,1064,59620.52,Petrol Pump,CARD,Singapore,Tablet,2026-05-13T03:50:41.000+05:30,YES,3,YES,5,YES
15808,49,1053,50936.72,Zomato,UPI,USA,Laptop,2026-04-30T05:56:50.000+05:30,YES,5,YES,4,YES
16160,3,1049,94981.6,Swiggy,CARD,Singapore,Laptop,2026-04-29T15:30:26.000+05:30,YES,15,NO,4,YES
16794,66,1164,52105.62,Zomato,UPI,Germany,ATM,2026-05-16T16:00:03.000+05:30,YES,16,NO,5,YES
17153,56,1085,72957.88,Zomato,NET BANKING,USA,ATM,2026-05-13T08:48:32.000+05:30,YES,8,NO,5,YES
17384,89,1180,91710.61,Swiggy,CARD,USA,Laptop,2026-04-30T08:17:10.000+05:30,YES,8,NO,4,YES
17622,58,1132,75060.08,Amazon,ATM WITHDRAWAL,USA,Laptop,2026-05-09T12:53:41.000+05:30,YES,12,NO,5,YES
19200,27,1086,94727.1,Nike,UPI,Singapore,ATM,2026-04-22T04:19:17.000+05:30,YES,4,YES,4,YES
19811,100,1137,51305.37,Zomato,UPI,Singapore,Tablet,2026-04-30T10:33:40.000+05:30,YES,10,NO,4,YES
19910,94,1110,60212.68,Zomato,UPI,USA,Mobile,2026-05-01T14:27:22.000+05:30,YES,14,NO,5,YES
10639,85,1153,91910.69,Zomato,ATM WITHDRAWAL,Singapore,Mobile,2026-05-01T13:37:27.000+05:30,YES,13,NO,5,YES
11099,70,1129,68576.58,Uber,UPI,Singapore,Mobile,2026-04-23T13:34:54.000+05:30,YES,13,NO,4,YES
11911,65,1134,77675.18,Amazon,ATM WITHDRAWAL,Singapore,Tablet,2026-05-17T07:08:55.000+05:30,YES,7,NO,5,YES
12053,49,1012,92542.7,Walmart,CARD,USA,Laptop,2026-04-24T11:14:50.000+05:30,YES,11,NO,4,YES
13390,14,1189,57826.6,Amazon,ATM WITHDRAWAL,Germany,Mobile,2026-04-26T17:02:37.000+05:30,YES,17,NO,4,YES
13430,24,1079,54169.42,Swiggy,UPI,UK,Tablet,2026-04-25T08:46:33.000+05:30,YES,8,NO,4,YES
13562,88,1130,52566.93,Walmart,UPI,Singapore,Mobile,2026-05-10T04:56:46.000+05:30,YES,4,YES,5,YES
15932,5,1065,66753.9,Walmart,ATM WITHDRAWAL,Germany,Mobile,2026-04-26T21:17:40.000+05:30,YES,21,NO,4,YES
16532,49,1168,61437.46,Apple Store,UPI,Singapore,Mobile,2026-04-19T07:04:00.000+05:30,YES,7,NO,4,YES
17058,64,1146,53302.57,Nike,ATM WITHDRAWAL,Germany,ATM,2026-04-20T14:56:41.000+05:30,YES,14,NO,4,YES
17346,18,1159,94036.65,Swiggy,NET BANKING,Singapore,Mobile,2026-05-12T21:53:56.000+05:30,YES,21,NO,5,YES
17601,86,1054,70053.5,Walmart,ATM WITHDRAWAL,UK,Laptop,2026-05-10T00:08:17.000+05:30,YES,0,YES,5,YES
19911,81,1186,58857.14,Swiggy,UPI,Germany,Laptop,2026-05-06T12:46:13.000+05:30,YES,12,NO,5,YES
10934,22,1021,67862.13,Walmart,UPI,Germany,Laptop,2026-04-22T15:55:10.000+05:30,YES,15,NO,4,YES
11287,30,1192,51274.89,Uber,CARD,USA,Tablet,2026-05-11T13:09:24.000+05:30,YES,13,NO,5,YES
11460,42,1064,79436.72,Nike,NET BANKING,Germany,Tablet,2026-04-19T20:06:54.000+05:30,YES,20,NO,4,YES
11979,99,1186,88245.18,Swiggy,ATM WITHDRAWAL,USA,Tablet,2026-05-02T00:01:28.000+05:30,YES,0,YES,5,YES
12091,39,1199,98014.93,Zomato,NET BANKING,Germany,Laptop,2026-05-17T19:11:22.000+05:30,YES,19,NO,5,YES
12135,100,1021,56700.28,Zomato,UPI,USA,Mobile,2026-05-16T18:21:37.000+05:30,YES,18,NO,5,YES
12387,1,1046,69884.34,Petrol Pump,CARD,UK,Laptop,2026-05-06T01:18:12.000+05:30,YES,1,YES,5,YES
12534,82,1071,89411.17,Uber,ATM WITHDRAWAL,Germany,Tablet,2026-05-14T16:38:19.000+05:30,YES,16,NO,5,YES
13115,13,1021,54150.13,Netflix,UPI,Singapore,Mobile,2026-05-02T10:01:06.000+05:30,YES,10,NO,5,YES
13132,88,1021,55869.23,Netflix,NET BANKING,UK,Mobile,2026-05-06T09:32:50.000+05:30,YES,9,NO,5,YES
13172,30,1191,52046.06,Uber,NET BANKING,Germany,ATM,2026-05-07T07:57:50.000+05:30,YES,7,NO,5,YES
13373,49,1092,84798.54,Apple Store,ATM WITHDRAWAL,Germany,Mobile,2026-05-17T10:34:28.000+05:30,YES,10,NO,5,YES
13700,53,1192,96570.84,Petrol Pump,NET BANKING,Germany,Tablet,2026-05-01T14:19:42.000+05:30,YES,14,NO,5,YES
13878,55,1178,84309.13,Netflix,NET BANKING,USA,ATM,2026-04-26T19:33:42.000+05:30,YES,19,NO,4,YES
14929,8,1026,87493.43,Petrol Pump,NET BANKING,UK,Tablet,2026-05-18T07:19:52.000+05:30,YES,7,NO,5,YES
15029,24,1024,74409.64,Nike,UPI,UK,Tablet,2026-05-06T08:02:57.000+05:30,YES,8,NO,5,YES
15038,85,1053,90551.68,Nike,ATM WITHDRAWAL,USA,Mobile,2026-04-18T21:22:03.000+05:30,YES,21,NO,4,YES
15627,13,1019,63372.4,Apple Store,UPI,Singapore,Laptop,2026-05-12T09:56:31.000+05:30,YES,9,NO,5,YES
15727,37,1187,57056.28,Flipkart,CARD,Germany,Mobile,2026-05-06T19:51:31.000+05:30,YES,19,NO,5,YES
16135,40,1002,63680.32,Uber,CARD,USA,Tablet,2026-05-17T17:50:13.000+05:30,YES,17,NO,5,YES
16622,3,1107,70251.99,Swiggy,CARD,USA,Mobile,2026-05-10T13:00:15.000+05:30,YES,13,NO,5,YES
17233,38,1151,65895.93,Petrol Pump,NET BANKING,Singapore,Tablet,2026-04-27T03:00:14.000+05:30,YES,3,YES,4,YES
17780,85,1066,78155.51,Zomato,UPI,Germany,Mobile,2026-05-10T08:06:22.000+05:30,YES,8,NO,5,YES
18251,78,1006,57601.04,Swiggy,UPI,UK,Tablet,2026-05-16T00:59:09.000+05:30,YES,0,YES,5,YES
19077,76,1184,97148.92,Amazon,UPI,Germany,Tablet,2026-05-09T14:10:03.000+05:30,YES,14,NO,5,YES
19561,86,1143,80247.95,Walmart,NET BANKING,Germany,ATM,2026-05-01T01:18:10.000+05:30,YES,1,YES,5,YES
19950,73,1132,51019.43,Petrol Pump,NET BANKING,Germany,Laptop,2026-05-09T00:58:50.000+05:30,YES,0,YES,5,YES
19974,14,1064,60672.95,Uber,CARD,UK,Tablet,2026-05-02T03:32:36.000+05:30,YES,3,YES,5,YES
10948,51,1050,71104.01,Walmart,NET BANKING,UK,Mobile,2026-04-24T20:27:21.000+05:30,YES,20,NO,4,YES
11124,38,1083,70259.25,Nike,ATM WITHDRAWAL,UK,ATM,2026-05-17T00:03:44.000+05:30,YES,0,YES,5,YES
11514,71,1047,79328.36,Amazon,ATM WITHDRAWAL,Germany,Mobile,2026-04-20T16:36:48.000+05:30,YES,16,NO,4,YES
12854,65,1105,63674.11,Petrol Pump,ATM WITHDRAWAL,USA,ATM,2026-05-15T05:33:51.000+05:30,YES,5,YES,5,YES
13394,48,1130,73310.59,Zomato,UPI,UK,Mobile,2026-04-26T13:09:19.000+05:30,YES,13,NO,4,YES
14912,12,1120,70017.65,Walmart,UPI,USA,Tablet,2026-05-06T09:46:48.000+05:30,YES,9,NO,5,YES
15560,79,1106,94418.68,Netflix,NET BANKING,UK,Tablet,2026-05-08T12:49:41.000+05:30,YES,12,NO,5,YES
16441,97,1185,96173.45,Uber,CARD,UK,Mobile,2026-04-29T23:50:47.000+05:30,YES,23,NO,4,YES
17349,66,1025,56686.81,Zomato,UPI,UK,ATM,2026-04-25T20:29:48.000+05:30,YES,20,NO,4,YES
17697,43,1046,98467.01,Amazon,CARD,Singapore,Tablet,2026-05-08T02:56:41.000+05:30,YES,2,YES,5,YES
18135,85,1097,64503.92,Petrol Pump,ATM WITHDRAWAL,UK,Tablet,2026-04-23T15:47:37.000+05:30,YES,15,NO,4,YES
19903,32,1013,92724.9,Zomato,CARD,UK,Mobile,2026-04-27T22:46:20.000+05:30,YES,22,NO,4,YES
10434,22,1019,65018.92,Amazon,ATM WITHDRAWAL,Singapore,Mobile,2026-05-13T08:13:15.000+05:30,YES,8,NO,5,YES
11137,56,1008,67408.61,Apple Store,UPI,Germany,Tablet,2026-05-01T11:43:47.000+05:30,YES,11,NO,5,YES
11338,42,1102,68876.05,Swiggy,ATM WITHDRAWAL,USA,Laptop,2026-04-26T01:50:03.000+05:30,YES,1,YES,4,YES
12165,34,1158,69169.33,Walmart,NET BANKING,USA,Laptop,2026-05-18T12:49:45.000+05:30,YES,12,NO,5,YES
12703,65,1091,73739.31,Nike,ATM WITHDRAWAL,USA,Laptop,2026-04-19T22:30:38.000+05:30,YES,22,NO,4,YES
14755,45,1173,57209.08,Swiggy,NET BANKING,USA,ATM,2026-04-25T03:07:53.000+05:30,YES,3,YES,4,YES
15139,74,1148,91745.01,Uber,ATM WITHDRAWAL,Singapore,Laptop,2026-05-01T00:31:43.000+05:30,YES,0,YES,5,YES
15465,44,1152,88487.76,Zomato,UPI,UK,Tablet,2026-04-24T12:26:48.000+05:30,YES,12,NO,4,YES
17862,41,1044,52436.97,Swiggy,NET BANKING,USA,Mobile,2026-05-13T18:03:06.000+05:30,YES,18,NO,5,YES
17986,12,1151,94419.96,Petrol Pump,NET BANKING,UK,Mobile,2026-04-19T04:12:44.000+05:30,YES,4,YES,4,YES
18790,76,1038,83841.64,Zomato,UPI,Germany,Mobile,2026-04-26T23:29:57.000+05:30,YES,23,NO,4,YES
18850,54,1102,60570.98,Uber,CARD,USA,Tablet,2026-04-28T02:55:45.000+05:30,YES,2,YES,4,YES
18961,11,1152,95112.55,Flipkart,NET BANKING,UK,Tablet,2026-05-18T08:30:56.000+05:30,YES,8,NO,5,YES
19069,94,1150,89307.13,Nike,CARD,Germany,Laptop,2026-05-05T04:43:30.000+05:30,YES,4,YES,5,YES
19264,99,1095,79137.54,Uber,NET BANKING,Germany,ATM,2026-05-06T12:46:42.000+05:30,YES,12,NO,5,YES
19536,41,1114,86344.11,Apple Store,NET BANKING,USA,Tablet,2026-04-28T08:14:23.000+05:30,YES,8,NO,4,YES
19699,15,1200,64246.02,Amazon,CARD,Singapore,Mobile,2026-05-10T16:47:22.000+05:30,YES,16,NO,5,YES
19706,40,1083,86591.49,Amazon,UPI,Germany,Mobile,2026-04-27T18:38:27.000+05:30,YES,18,NO,4,YES
10228,18,1147,84250.69,Petrol Pump,ATM WITHDRAWAL,USA,ATM,2026-05-09T09:30:32.000+05:30,YES,9,NO,5,YES
10654,11,1028,87198.94,Petrol Pump,CARD,Singapore,ATM,2026-05-06T08:36:06.000+05:30,YES,8,NO,5,YES
10908,41,1077,92965.05,Petrol Pump,ATM WITHDRAWAL,Germany,Mobile,2026-04-18T19:06:28.000+05:30,YES,19,NO,4,YES
10975,31,1045,83749.13,Walmart,UPI,Singapore,Laptop,2026-04-23T08:10:25.000+05:30,YES,8,NO,4,YES
11131,32,1049,83197.77,Petrol Pump,UPI,Singapore,ATM,2026-05-11T11:09:17.000+05:30,YES,11,NO,5,YES
11249,19,1094,74650.21,Apple Store,NET BANKING,UK,Mobile,2026-04-20T04:25:21.000+05:30,YES,4,YES,4,YES
11510,93,1106,59838.72,Flipkart,NET BANKING,Singapore,Mobile,2026-05-15T14:56:09.000+05:30,YES,14,NO,5,YES
12794,77,1035,68881.47,Apple Store,UPI,UK,Tablet,2026-04-28T04:03:27.000+05:30,YES,4,YES,4,YES
12909,76,1195,92232.8,Zomato,CARD,USA,ATM,2026-05-09T09:51:35.000+05:30,YES,9,NO,5,YES
13479,7,1006,75316.21,Flipkart,NET BANKING,Singapore,Tablet,2026-05-04T23:50:57.000+05:30,YES,23,NO,5,YES
14558,17,1124,66518.19,Petrol Pump,UPI,Germany,Mobile,2026-05-10T13:42:35.000+05:30,YES,13,NO,5,YES
14624,93,1137,62718.71,Walmart,CARD,Singapore,Tablet,2026-05-09T08:53:42.000+05:30,YES,8,NO,5,YES
15276,91,1175,83064.73,Amazon,UPI,UK,ATM,2026-05-06T17:44:30.000+05:30,YES,17,NO,5,YES
15552,26,1077,85067.84,Swiggy,UPI,USA,Tablet,2026-05-04T15:05:58.000+05:30,YES,15,NO,5,YES
16503,92,1188,97087.18,Netflix,ATM WITHDRAWAL,USA,ATM,2026-05-10T09:36:21.000+05:30,YES,9,NO,5,YES
16986,65,1089,58210.12,Petrol Pump,UPI,Singapore,Tablet,2026-04-28T07:04:36.000+05:30,YES,7,NO,4,YES
17029,92,1062,51862.43,Swiggy,CARD,UK,ATM,2026-05-12T19:50:15.000+05:30,YES,19,NO,5,YES
17396,34,1141,72343.78,Uber,CARD,USA,Tablet,2026-04-20T04:32:46.000+05:30,YES,4,YES,4,YES
17426,35,1179,52236.34,Nike,CARD,USA,Tablet,2026-04-23T18:08:17.000+05:30,YES,18,NO,4,YES
19224,9,1097,95328.62,Swiggy,UPI,USA,Laptop,2026-04-25T08:56:25.000+05:30,YES,8,NO,4,YES
10745,20,1018,83280.96,Uber,ATM WITHDRAWAL,USA,Tablet,2026-04-25T19:09:00.000+05:30,YES,19,NO,4,YES
11198,94,1029,93956.75,Amazon,CARD,Germany,Laptop,2026-05-11T19:48:05.000+05:30,YES,19,NO,5,YES
12067,11,1017,75795.84,Flipkart,UPI,USA,Mobile,2026-04-28T18:20:31.000+05:30,YES,18,NO,4,YES
12124,47,1124,73989.84,Uber,ATM WITHDRAWAL,Singapore,ATM,2026-05-05T05:22:05.000+05:30,YES,5,YES,5,YES
12189,31,1097,72590.9,Uber,NET BANKING,Germany,ATM,2026-04-18T16:56:40.000+05:30,YES,16,NO,4,YES
14030,62,1084,80758.34,Walmart,NET BANKING,Germany,ATM,2026-05-17T05:13:00.000+05:30,YES,5,YES,5,YES
14300,21,1152,88895.65,Petrol Pump,CARD,Germany,ATM,2026-04-29T07:35:16.000+05:30,YES,7,NO,4,YES
14348,94,1172,59756.25,Petrol Pump,UPI,Singapore,Tablet,2026-05-03T22:42:03.000+05:30,YES,22,NO,5,YES
15484,41,1174,62714.21,Swiggy,ATM WITHDRAWAL,USA,Mobile,2026-04-28T13:54:15.000+05:30,YES,13,NO,4,YES
16337,100,1101,54633.16,Zomato,UPI,Germany,Laptop,2026-05-03T03:32:28.000+05:30,YES,3,YES,5,YES
16930,68,1025,87077.07,Apple Store,ATM WITHDRAWAL,USA,ATM,2026-05-16T13:50:31.000+05:30,YES,13,NO,5,YES
17648,36,1047,91299.65,Nike,CARD,USA,ATM,2026-05-10T15:30:30.000+05:30,YES,15,NO,5,YES
18019,92,1095,53010.98,Amazon,UPI,Singapore,ATM,2026-05-07T12:16:04.000+05:30,YES,12,NO,5,YES
18145,70,1191,65158.3,Walmart,CARD,Singapore,ATM,2026-05-17T07:20:18.000+05:30,YES,7,NO,5,YES
18831,3,1046,75399.53,Walmart,UPI,UK,Tablet,2026-05-09T16:52:38.000+05:30,YES,16,NO,5,YES
18845,24,1077,69121.0,Swiggy,CARD,UK,ATM,2026-04-21T08:36:59.000+05:30,YES,8,NO,4,YES
19193,60,1055,82595.97,Petrol Pump,CARD,USA,ATM,2026-04-25T15:21:15.000+05:30,YES,15,NO,4,YES
10321,86,1180,99271.09,Amazon,ATM WITHDRAWAL,Germany,ATM,2026-05-12T10:19:49.000+05:30,YES,10,NO,5,YES
12333,57,1070,52703.64,Netflix,CARD,Germany,Tablet,2026-04-21T17:17:12.000+05:30,YES,17,NO,4,YES
13083,21,1014,97943.23,Flipkart,UPI,Germany,Tablet,2026-04-27T19:28:36.000+05:30,YES,19,NO,4,YES
13099,79,1103,68992.36,Walmart,NET BANKING,USA,Tablet,2026-05-18T13:43:04.000+05:30,YES,13,NO,5,YES
13299,14,1171,80088.48,Walmart,ATM WITHDRAWAL,Singapore,ATM,2026-05-14T06:09:40.000+05:30,YES,6,NO,5,YES
13639,47,1009,85666.61,Walmart,ATM WITHDRAWAL,USA,ATM,2026-04-21T17:49:02.000+05:30,YES,17,NO,4,YES
15050,85,1042,96834.88,Walmart,CARD,UK,Laptop,2026-05-18T10:46:44.000+05:30,YES,10,NO,5,YES
15412,94,1028,69271.78,Netflix,UPI,USA,Tablet,2026-04-30T04:45:03.000+05:30,YES,4,YES,4,YES
15478,52,1111,81011.33,Amazon,UPI,UK,ATM,2026-04-30T20:02:30.000+05:30,YES,20,NO,4,YES
16176,21,1106,72302.46,Nike,CARD,Germany,ATM,2026-05-14T22:01:28.000+05:30,YES,22,NO,5,YES
16905,75,1037,84455.76,Apple Store,ATM WITHDRAWAL,USA,Laptop,2026-05-07T03:21:41.000+05:30,YES,3,YES,5,YES
16950,24,1087,56736.84,Uber,ATM WITHDRAWAL,UK,Mobile,2026-04-19T15:45:00.000+05:30,YES,15,NO,4,YES
17186,69,1142,55151.41,Apple Store,UPI,Singapore,Laptop,2026-04-22T06:29:29.000+05:30,YES,6,NO,4,YES
19123,46,1156,84016.4,Uber,UPI,USA,Laptop,2026-04-28T00:37:06.000+05:30,YES,0,YES,4,YES
19225,46,1019,86599.57,Zomato,CARD,Singapore,Tablet,2026-04-20T11:57:31.000+05:30,YES,11,NO,4,YES
19287,33,1035,74325.03,Apple Store,CARD,UK,Mobile,2026-05-16T23:00:17.000+05:30,YES,23,NO,5,YES
19315,35,1190,94257.88,Apple Store,NET BANKING,Germany,ATM,2026-05-07T16:49:43.000+05:30,YES,16,NO,5,YES
10299,86,1110,66598.22,Zomato,UPI,Germany,Laptop,2026-05-15T19:56:39.000+05:30,YES,19,NO,5,YES
10436,79,1095,54195.07,Netflix,UPI,USA,Tablet,2026-05-14T17:37:40.000+05:30,YES,17,NO,5,YES
10800,70,1184,92654.76,Netflix,CARD,USA,Mobile,2026-05-09T03:30:32.000+05:30,YES,3,YES,5,YES
11515,23,1169,63288.84,Nike,CARD,Singapore,Mobile,2026-04-28T04:57:48.000+05:30,YES,4,YES,4,YES
11595,71,1134,80210.02,Uber,ATM WITHDRAWAL,USA,Mobile,2026-04-23T06:18:26.000+05:30,YES,6,NO,4,YES
13792,49,1020,71701.94,Nike,NET BANKING,USA,Mobile,2026-05-07T01:05:06.000+05:30,YES,1,YES,5,YES
14252,83,1122,51952.35,Flipkart,CARD,Singapore,Mobile,2026-05-15T06:19:07.000+05:30,YES,6,NO,5,YES
14480,79,1195,57264.43,Walmart,ATM WITHDRAWAL,Singapore,Laptop,2026-04-25T16:59:57.000+05:30,YES,16,NO,4,YES
15522,73,1067,88461.06,Netflix,UPI,USA,ATM,2026-04-22T22:06:50.000+05:30,YES,22,NO,4,YES
16579,42,1025,61381.01,Walmart,UPI,USA,Laptop,2026-05-15T02:21:04.000+05:30,YES,2,YES,5,YES
16777,13,1033,59143.97,Swiggy,ATM WITHDRAWAL,Singapore,Laptop,2026-04-27T04:27:53.000+05:30,YES,4,YES,4,YES
16909,65,1158,63072.76,Apple Store,CARD,UK,Tablet,2026-05-16T05:48:06.000+05:30,YES,5,YES,5,YES
17124,86,1137,66558.82,Swiggy,ATM WITHDRAWAL,UK,Laptop,2026-04-24T19:44:04.000+05:30,YES,19,NO,4,YES
17688,56,1130,53800.51,Swiggy,NET BANKING,USA,Laptop,2026-05-10T22:02:21.000+05:30,YES,22,NO,5,YES
17709,70,1164,92353.17,Petrol Pump,CARD,USA,Laptop,2026-04-20T10:05:05.000+05:30,YES,10,NO,4,YES
17890,98,1101,79589.11,Netflix,NET BANKING,Germany,ATM,2026-05-01T21:21:02.000+05:30,YES,21,NO,5,YES
18754,32,1123,93871.53,Apple Store,NET BANKING,USA,Laptop,2026-05-12T20:07:59.000+05:30,YES,20,NO,5,YES
10502,35,1147,74756.95,Apple Store,ATM WITHDRAWAL,Germany,Tablet,2026-05-02T20:47:56.000+05:30,YES,20,NO,5,YES
10717,89,1100,70229.06,Petrol Pump,CARD,UK,ATM,2026-04-19T16:24:25.000+05:30,YES,16,NO,4,YES
10748,93,1086,68948.62,Swiggy,CARD,UK,Mobile,2026-05-17T15:05:02.000+05:30,YES,15,NO,5,YES
11577,36,1076,96033.11,Petrol Pump,UPI,Singapore,Laptop,2026-05-08T19:53:54.000+05:30,YES,19,NO,5,YES
11861,71,1068,57791.98,Netflix,CARD,Singapore,Tablet,2026-05-15T12:19:02.000+05:30,YES,12,NO,5,YES
12756,94,1014,64974.09,Amazon,ATM WITHDRAWAL,USA,Mobile,2026-04-19T23:28:04.000+05:30,YES,23,NO,4,YES
13245,83,1116,82370.66,Flipkart,CARD,Singapore,Mobile,2026-05-06T10:59:57.000+05:30,YES,10,NO,5,YES
13752,74,1045,60709.72,Petrol Pump,CARD,UK,Laptop,2026-04-22T15:21:13.000+05:30,YES,15,NO,4,YES
14100,51,1173,93520.14,Petrol Pump,ATM WITHDRAWAL,USA,Laptop,2026-04-24T23:38:14.000+05:30,YES,23,NO,4,YES
14194,48,1018,77220.18,Zomato,CARD,USA,Tablet,2026-04-26T00:44:04.000+05:30,YES,0,YES,4,YES
14618,58,1198,50141.21,Netflix,UPI,UK,ATM,2026-04-27T23:56:09.000+05:30,YES,23,NO,4,YES
15179,49,1162,89090.47,Flipkart,UPI,Singapore,Laptop,2026-04-22T20:18:36.000+05:30,YES,20,NO,4,YES
15512,17,1188,70693.11,Zomato,NET BANKING,USA,Laptop,2026-05-10T17:09:42.000+05:30,YES,17,NO,5,YES
15983,100,1019,56523.72,Petrol Pump,NET BANKING,UK,ATM,2026-04-19T05:14:04.000+05:30,YES,5,YES,4,YES
16698,1,1163,85841.91,Apple Store,ATM WITHDRAWAL,Singapore,Tablet,2026-05-12T23:56:50.000+05:30,YES,23,NO,5,YES
16781,67,1001,74651.22,Nike,CARD,UK,Tablet,2026-05-07T11:15:59.000+05:30,YES,11,NO,5,YES
17494,72,1122,84340.16,Swiggy,UPI,USA,Laptop,2026-04-27T21:34:11.000+05:30,YES,21,NO,4,YES
18748,25,1089,81402.7,Walmart,ATM WITHDRAWAL,UK,Mobile,2026-05-14T03:10:32.000+05:30,YES,3,YES,5,YES
19611,50,1165,78650.99,Flipkart,ATM WITHDRAWAL,Germany,Mobile,2026-04-30T22:17:55.000+05:30,YES,22,NO,4,YES
10477,21,1025,85968.42,Apple Store,CARD,Germany,Tablet,2026-04-22T18:15:24.000+05:30,YES,18,NO,4,YES
11524,52,1056,71510.71,Nike,UPI,Singapore,Mobile,2026-04-24T20:52:48.000+05:30,YES,20,NO,4,YES
11553,40,1145,87083.27,Netflix,UPI,UK,Mobile,2026-05-04T08:31:05.000+05:30,YES,8,NO,5,YES
11953,4,1051,65226.27,Flipkart,UPI,UK,Mobile,2026-05-07T20:40:41.000+05:30,YES,20,NO,5,YES
12529,71,1169,68987.2,Zomato,ATM WITHDRAWAL,UK,Laptop,2026-04-29T08:58:09.000+05:30,YES,8,NO,4,YES
12658,50,1139,53464.82,Nike,CARD,UK,ATM,2026-05-03T04:04:47.000+05:30,YES,4,YES,5,YES
12949,14,1027,91955.04,Amazon,NET BANKING,Singapore,ATM,2026-04-21T06:01:53.000+05:30,YES,6,NO,4,YES
13018,98,1175,66477.61,Zomato,ATM WITHDRAWAL,Germany,Tablet,2026-05-04T05:57:35.000+05:30,YES,5,YES,5,YES
13576,61,1044,95278.31,Walmart,CARD,UK,Mobile,2026-04-19T14:53:52.000+05:30,YES,14,NO,4,YES
13917,45,1025,57898.68,Zomato,CARD,USA,Tablet,2026-04-21T01:14:44.000+05:30,YES,1,YES,4,YES
14186,6,1063,81463.16,Flipkart,NET BANKING,USA,Tablet,2026-05-04T13:58:33.000+05:30,YES,13,NO,5,YES
14350,4,1132,72456.29,Walmart,ATM WITHDRAWAL,Germany,Laptop,2026-04-25T04:31:18.000+05:30,YES,4,YES,4,YES
14752,49,1192,57320.14,Walmart,CARD,Singapore,Tablet,2026-05-06T12:57:45.000+05:30,YES,12,NO,5,YES
15874,49,1118,69243.43,Zomato,UPI,UK,ATM,2026-05-05T15:52:56.000+05:30,YES,15,NO,5,YES
16590,75,1007,70870.12,Swiggy,NET BANKING,USA,ATM,2026-05-10T16:35:53.000+05:30,YES,16,NO,5,YES
16593,50,1151,87636.61,Apple Store,UPI,Germany,Laptop,2026-05-12T04:54:38.000+05:30,YES,4,YES,5,YES
16621,98,1084,75141.03,Petrol Pump,NET BANKING,UK,Mobile,2026-05-10T07:45:06.000+05:30,YES,7,NO,5,YES
16802,14,1140,53433.21,Walmart,CARD,Germany,ATM,2026-05-10T03:23:46.000+05:30,YES,3,YES,5,YES
16870,1,1054,57694.4,Swiggy,CARD,Singapore,ATM,2026-04-20T20:13:31.000+05:30,YES,20,NO,4,YES
17389,62,1065,80665.12,Amazon,ATM WITHDRAWAL,Germany,Mobile,2026-05-16T14:36:49.000+05:30,YES,14,NO,5,YES
17669,66,1092,57080.01,Amazon,NET BANKING,USA,Laptop,2026-04-30T11:27:13.000+05:30,YES,11,NO,4,YES
18021,72,1197,89676.78,Zomato,NET BANKING,Germany,Tablet,2026-05-05T03:29:44.000+05:30,YES,3,YES,5,YES
19490,12,1090,95268.65,Uber,NET BANKING,Singapore,Mobile,2026-05-09T13:00:43.000+05:30,YES,13,NO,5,YES
19614,50,1010,90716.28,Petrol Pump,ATM WITHDRAWAL,UK,Laptop,2026-04-30T21:42:17.000+05:30,YES,21,NO,4,YES
19959,85,1054,70813.5,Amazon,ATM WITHDRAWAL,UK,ATM,2026-05-14T09:18:29.000+05:30,YES,9,NO,5,YES
10284,17,1179,92742.62,Apple Store,ATM WITHDRAWAL,Singapore,Tablet,2026-05-07T20:13:21.000+05:30,YES,20,NO,5,YES
10950,35,1065,75258.36,Nike,UPI,Singapore,Mobile,2026-05-04T08:22:07.000+05:30,YES,8,NO,5,YES
11411,12,1084,73785.95,Uber,ATM WITHDRAWAL,USA,Tablet,2026-04-26T10:30:52.000+05:30,YES,10,NO,4,YES
13098,82,1013,92267.27,Zomato,CARD,UK,Laptop,2026-04-29T19:58:43.000+05:30,YES,19,NO,4,YES
13265,49,1106,75959.06,Netflix,ATM WITHDRAWAL,Germany,Laptop,2026-05-08T02:46:49.000+05:30,YES,2,YES,5,YES
13351,11,1001,66719.46,Flipkart,UPI,UK,ATM,2026-04-19T16:53:57.000+05:30,YES,16,NO,4,YES
13846,87,1159,70700.85,Nike,NET BANKING,Singapore,Laptop,2026-04-21T01:04:42.000+05:30,YES,1,YES,4,YES
15006,86,1043,69784.61,Zomato,NET BANKING,Germany,Mobile,2026-05-17T10:19:00.000+05:30,YES,10,NO,5,YES
15067,41,1058,88960.43,Apple Store,UPI,Singapore,Tablet,2026-04-26T13:06:32.000+05:30,YES,13,NO,4,YES
15777,3,1063,91587.75,Walmart,UPI,UK,Mobile,2026-05-03T18:52:50.000+05:30,YES,18,NO,5,YES
15788,29,1060,77188.61,Petrol Pump,NET BANKING,Germany,Mobile,2026-05-07T11:16:07.000+05:30,YES,11,NO,5,YES
17100,19,1056,60074.73,Amazon,NET BANKING,Singapore,Laptop,2026-05-17T14:43:19.000+05:30,YES,14,NO,5,YES
18048,68,1125,75585.19,Petrol Pump,CARD,USA,Mobile,2026-05-07T21:04:06.000+05:30,YES,21,NO,5,YES
18301,4,1095,52516.29,Uber,CARD,Germany,Tablet,2026-05-15T19:14:16.000+05:30,YES,19,NO,5,YES
19132,30,1091,70975.25,Amazon,ATM WITHDRAWAL,USA,ATM,2026-05-01T03:10:20.000+05:30,YES,3,YES,5,YES
10387,87,1001,87893.02,Zomato,NET BANKING,Germany,ATM,2026-04-24T09:30:04.000+05:30,YES,9,NO,4,YES
10429,58,1029,62925.21,Netflix,NET BANKING,UK,Mobile,2026-05-07T02:24:07.000+05:30,YES,2,YES,5,YES
10832,28,1032,84029.91,Petrol Pump,UPI,USA,Tablet,2026-05-14T06:18:06.000+05:30,YES,6,NO,5,YES
12983,86,1056,61597.15,Flipkart,UPI,UK,Laptop,2026-05-10T03:50:20.000+05:30,YES,3,YES,5,YES
13469,85,1066,84847.64,Nike,ATM WITHDRAWAL,Germany,Mobile,2026-05-14T08:14:17.000+05:30,YES,8,NO,5,YES
15432,32,1100,77104.35,Zomato,UPI,Germany,Tablet,2026-04-19T01:51:32.000+05:30,YES,1,YES,4,YES
16753,59,1079,83120.8,Zomato,ATM WITHDRAWAL,USA,Tablet,2026-04-29T09:49:43.000+05:30,YES,9,NO,4,YES
17267,74,1160,63053.3,Zomato,UPI,Germany,Mobile,2026-05-15T16:04:19.000+05:30,YES,16,NO,5,YES
17400,37,1039,53040.95,Walmart,CARD,UK,Tablet,2026-05-08T01:08:36.000+05:30,YES,1,YES,5,YES
17449,79,1052,69555.98,Swiggy,NET BANKING,USA,Mobile,2026-05-07T05:34:09.000+05:30,YES,5,YES,5,YES
17545,79,1071,75907.83,Swiggy,CARD,UK,ATM,2026-04-23T23:11:36.000+05:30,YES,23,NO,4,YES
17660,29,1070,54360.6,Netflix,UPI,UK,Tablet,2026-05-03T20:04:42.000+05:30,YES,20,NO,5,YES
18260,70,1120,93750.57,Petrol Pump,CARD,USA,Mobile,2026-04-29T18:27:32.000+05:30,YES,18,NO,4,YES
19042,100,1002,87419.34,Netflix,UPI,UK,Laptop,2026-05-08T12:59:02.000+05:30,YES,12,NO,5,YES
19055,68,1153,55114.46,Swiggy,UPI,USA,Mobile,2026-04-29T10:30:45.000+05:30,YES,10,NO,4,YES
19616,19,1052,76165.02,Flipkart,CARD,UK,ATM,2026-05-10T22:46:37.000+05:30,YES,22,NO,5,YES
19761,58,1040,68122.03,Zomato,UPI,UK,ATM,2026-05-03T06:39:40.000+05:30,YES,6,NO,5,YES
10269,89,1177,65690.62,Walmart,UPI,UK,ATM,2026-05-01T13:41:50.000+05:30,YES,13,NO,5,YES
10851,89,1164,57425.48,Walmart,NET BANKING,UK,Tablet,2026-05-14T05:48:02.000+05:30,YES,5,YES,5,YES
11447,94,1110,62835.01,Zomato,NET BANKING,Singapore,Laptop,2026-05-07T20:17:58.000+05:30,YES,20,NO,5,YES
11708,75,1190,63446.44,Netflix,UPI,Singapore,Laptop,2026-05-14T20:55:26.000+05:30,YES,20,NO,5,YES
11910,35,1005,82062.29,Walmart,UPI,Germany,Tablet,2026-05-15T14:59:48.000+05:30,YES,14,NO,5,YES
12565,89,1050,59716.04,Amazon,NET BANKING,Germany,Mobile,2026-04-29T18:50:22.000+05:30,YES,18,NO,4,YES
13677,11,1074,85344.43,Uber,ATM WITHDRAWAL,Singapore,Mobile,2026-05-09T09:40:05.000+05:30,YES,9,NO,5,YES
13764,38,1013,51222.36,Petrol Pump,NET BANKING,Singapore,Tablet,2026-04-19T14:22:42.000+05:30,YES,14,NO,4,YES
13889,63,1065,80971.21,Swiggy,CARD,Germany,Laptop,2026-04-21T15:23:24.000+05:30,YES,15,NO,4,YES
14819,28,1178,90011.29,Swiggy,CARD,Germany,Mobile,2026-05-11T06:36:51.000+05:30,YES,6,NO,5,YES
14978,49,1115,86545.43,Zomato,NET BANKING,Singapore,Laptop,2026-04-26T04:26:47.000+05:30,YES,4,YES,4,YES
15144,27,1073,80750.04,Amazon,ATM WITHDRAWAL,Singapore,ATM,2026-04-30T22:59:44.000+05:30,YES,22,NO,4,YES
15435,60,1022,96752.31,Petrol Pump,ATM WITHDRAWAL,UK,ATM,2026-05-07T14:08:14.000+05:30,YES,14,NO,5,YES
15546,99,1169,90048.15,Flipkart,NET BANKING,USA,ATM,2026-05-15T23:24:08.000+05:30,YES,23,NO,5,YES
15584,66,1007,58949.17,Flipkart,UPI,Germany,Mobile,2026-05-17T04:24:13.000+05:30,YES,4,YES,5,YES
15658,8,1001,84642.39,Netflix,ATM WITHDRAWAL,Germany,Mobile,2026-05-18T12:30:28.000+05:30,YES,12,NO,5,YES
16454,97,1093,66491.36,Swiggy,NET BANKING,USA,Laptop,2026-04-24T00:37:38.000+05:30,YES,0,YES,4,YES
16636,90,1070,77024.18,Swiggy,UPI,USA,Mobile,2026-05-13T05:21:25.000+05:30,YES,5,YES,5,YES
16710,7,1014,66223.57,Apple Store,ATM WITHDRAWAL,Germany,Mobile,2026-05-17T04:20:14.000+05:30,YES,4,YES,5,YES
17099,99,1156,52053.23,Nike,CARD,Singapore,Laptop,2026-05-02T13:32:47.000+05:30,YES,13,NO,5,YES
18400,4,1028,79197.0,Zomato,ATM WITHDRAWAL,Singapore,Mobile,2026-05-07T02:26:29.000+05:30,YES,2,YES,5,YES
18817,18,1039,90255.99,Walmart,UPI,Germany,Mobile,2026-04-24T16:01:00.000+05:30,YES,16,NO,4,YES
18880,6,1049,91972.86,Swiggy,ATM WITHDRAWAL,Germany,ATM,2026-05-07T11:30:47.000+05:30,YES,11,NO,5,YES
19302,70,1114,86965.84,Uber,UPI,USA,ATM,2026-05-03T16:33:52.000+05:30,YES,16,NO,5,YES
10128,48,1019,78363.69,Zomato,ATM WITHDRAWAL,Germany,Tablet,2026-04-26T22:00:46.000+05:30,YES,22,NO,4,YES
10571,39,1035,87894.46,Walmart,ATM WITHDRAWAL,Singapore,Mobile,2026-05-10T23:42:57.000+05:30,YES,23,NO,5,YES
10892,18,1158,85920.97,Petrol Pump,ATM WITHDRAWAL,Singapore,Mobile,2026-05-13T10:06:52.000+05:30,YES,10,NO,5,YES
11183,78,1076,73015.87,Uber,CARD,UK,Laptop,2026-05-05T19:45:33.000+05:30,YES,19,NO,5,YES
11226,92,1196,99947.06,Flipkart,CARD,UK,Laptop,2026-04-19T00:09:00.000+05:30,YES,0,YES,4,YES
11745,95,1097,66113.0,Amazon,CARD,USA,ATM,2026-05-16T06:35:01.000+05:30,YES,6,NO,5,YES
12169,42,1179,57078.63,Uber,UPI,Singapore,Mobile,2026-05-10T23:24:06.000+05:30,YES,23,NO,5,YES
12206,82,1052,81882.15,Nike,NET BANKING,Singapore,Laptop,2026-04-25T23:04:36.000+05:30,YES,23,NO,4,YES
13842,78,1078,67979.55,Swiggy,NET BANKING,USA,Tablet,2026-05-03T03:22:27.000+05:30,YES,3,YES,5,YES
14768,58,1082,88459.1,Amazon,ATM WITHDRAWAL,UK,Laptop,2026-04-19T04:01:38.000+05:30,YES,4,YES,4,YES
15314,14,1058,83205.88,Flipkart,ATM WITHDRAWAL,Germany,Laptop,2026-05-09T10:52:58.000+05:30,YES,10,NO,5,YES
17005,16,1059,50442.9,Amazon,NET BANKING,Singapore,Tablet,2026-05-08T02:20:49.000+05:30,YES,2,YES,5,YES
17289,76,1010,85550.23,Swiggy,CARD,Germany,Laptop,2026-05-09T20:17:16.000+05:30,YES,20,NO,5,YES
17405,80,1077,79926.13,Uber,CARD,UK,Laptop,2026-05-12T22:51:23.000+05:30,YES,22,NO,5,YES
18367,6,1081,62814.86,Apple Store,NET BANKING,UK,ATM,2026-04-18T18:59:33.000+05:30,YES,18,NO,4,YES
18521,94,1018,52225.44,Nike,CARD,Singapore,ATM,2026-05-14T07:57:27.000+05:30,YES,7,NO,5,YES
18989,95,1027,83684.98,Uber,NET BANKING,USA,Mobile,2026-05-11T17:15:24.000+05:30,YES,17,NO,5,YES
10911,16,1033,75778.49,Walmart,CARD,Singapore,Mobile,2026-04-25T18:19:10.000+05:30,YES,18,NO,4,YES
11322,34,1101,79979.32,Flipkart,NET BANKING,UK,Tablet,2026-05-05T18:24:55.000+05:30,YES,18,NO,5,YES
12810,40,1191,54470.71,Flipkart,CARD,USA,ATM,2026-04-30T18:48:29.000+05:30,YES,18,NO,4,YES
12933,29,1170,73773.57,Uber,NET BANKING,Singapore,Tablet,2026-04-28T23:23:56.000+05:30,YES,23,NO,4,YES
13548,33,1148,65808.69,Walmart,UPI,Singapore,ATM,2026-05-05T14:09:40.000+05:30,YES,14,NO,5,YES
13555,58,1090,77909.04,Uber,CARD,Germany,Tablet,2026-05-15T04:28:21.000+05:30,YES,4,YES,5,YES
13715,87,1111,50460.41,Swiggy,CARD,USA,Tablet,2026-04-28T21:39:55.000+05:30,YES,21,NO,4,YES
13935,52,1117,93641.27,Zomato,CARD,Germany,ATM,2026-05-04T06:19:54.000+05:30,YES,6,NO,5,YES
14640,4,1177,81297.5,Walmart,UPI,UK,Mobile,2026-05-18T09:42:25.000+05:30,YES,9,NO,5,YES
14907,29,1017,53494.25,Swiggy,ATM WITHDRAWAL,Singapore,ATM,2026-05-07T04:02:21.000+05:30,YES,4,YES,5,YES
15701,80,1074,90170.79,Amazon,ATM WITHDRAWAL,USA,Tablet,2026-05-18T14:53:44.000+05:30,YES,14,NO,5,YES
16116,3,1100,85243.38,Swiggy,NET BANKING,Singapore,Tablet,2026-05-16T04:16:17.000+05:30,YES,4,YES,5,YES
16475,86,1063,65398.73,Uber,NET BANKING,USA,Mobile,2026-04-25T21:04:36.000+05:30,YES,21,NO,4,YES
18020,11,1123,53216.82,Walmart,ATM WITHDRAWAL,Singapore,Mobile,2026-04-27T10:34:14.000+05:30,YES,10,NO,4,YES
18337,41,1031,63541.4,Walmart,ATM WITHDRAWAL,Germany,Tablet,2026-05-01T19:02:08.000+05:30,YES,19,NO,5,YES
18657,57,1177,65005.37,Netflix,ATM WITHDRAWAL,UK,ATM,2026-05-06T07:41:27.000+05:30,YES,7,NO,5,YES
19024,100,1079,99791.13,Swiggy,ATM WITHDRAWAL,UK,Tablet,2026-05-15T08:04:35.000+05:30,YES,8,NO,5,YES
19472,49,1085,88147.24,Apple Store,UPI,UK,Laptop,2026-05-06T02:58:47.000+05:30,YES,2,YES,5,YES
19618,78,1152,76043.23,Amazon,UPI,USA,Laptop,2026-05-14T00:26:32.000+05:30,YES,0,YES,5,YES
19722,7,1139,64186.67,Swiggy,ATM WITHDRAWAL,Singapore,Laptop,2026-05-09T11:48:34.000+05:30,YES,11,NO,5,YES
10345,8,1056,68156.37,Walmart,UPI,UK,Tablet,2026-04-29T16:05:03.000+05:30,YES,16,NO,4,YES
10597,23,1111,83884.83,Zomato,NET BANKING,UK,Tablet,2026-04-18T21:47:16.000+05:30,YES,21,NO,4,YES
11209,25,1186,57794.35,Swiggy,CARD,Singapore,Laptop,2026-04-23T01:34:50.000+05:30,YES,1,YES,4,YES
11695,37,1197,59235.76,Apple Store,CARD,UK,Mobile,2026-04-25T18:15:17.000+05:30,YES,18,NO,4,YES
12227,10,1105,91368.54,Zomato,CARD,Singapore,ATM,2026-04-22T08:12:46.000+05:30,YES,8,NO,4,YES
12573,2,1050,90907.73,Swiggy,NET BANKING,UK,Tablet,2026-04-27T04:13:20.000+05:30,YES,4,YES,4,YES
12785,46,1056,97554.38,Swiggy,ATM WITHDRAWAL,USA,Tablet,2026-04-26T00:01:42.000+05:30,YES,0,YES,4,YES
13382,73,1098,83754.66,Petrol Pump,ATM WITHDRAWAL,Germany,ATM,2026-04-23T12:38:50.000+05:30,YES,12,NO,4,YES
16175,11,1158,56793.52,Nike,NET BANKING,Germany,Mobile,2026-05-14T10:49:40.000+05:30,YES,10,NO,5,YES
16223,42,1102,97318.85,Walmart,CARD,Singapore,Tablet,2026-05-17T11:40:53.000+05:30,YES,11,NO,5,YES
16409,36,1130,88377.88,Netflix,UPI,USA,Laptop,2026-04-26T23:59:55.000+05:30,YES,23,NO,4,YES
16821,83,1160,89645.48,Nike,NET BANKING,Germany,Tablet,2026-05-01T05:20:50.000+05:30,YES,5,YES,5,YES
17034,3,1151,76511.17,Petrol Pump,ATM WITHDRAWAL,UK,Mobile,2026-05-08T19:58:45.000+05:30,YES,19,NO,5,YES
18323,64,1069,79143.92,Swiggy,NET BANKING,Germany,Mobile,2026-05-03T03:02:48.000+05:30,YES,3,YES,5,YES
18601,18,1011,65771.76,Uber,CARD,Singapore,Laptop,2026-04-25T03:53:29.000+05:30,YES,3,YES,4,YES
19275,49,1114,82643.22,Swiggy,ATM WITHDRAWAL,UK,Tablet,2026-05-10T05:31:42.000+05:30,YES,5,YES,5,YES
10008,87,1040,93599.27,Uber,ATM WITHDRAWAL,USA,Laptop,2026-05-05T14:11:03.000+05:30,YES,14,NO,5,YES
10931,99,1096,68010.49,Petrol Pump,NET BANKING,Germany,Tablet,2026-05-14T14:38:14.000+05:30,YES,14,NO,5,YES
11954,46,1184,56256.01,Apple Store,CARD,Germany,Tablet,2026-05-07T08:19:40.000+05:30,YES,8,NO,5,YES
12749,86,1068,75639.96,Apple Store,NET BANKING,UK,ATM,2026-05-04T20:11:32.000+05:30,YES,20,NO,5,YES
13684,32,1183,78959.38,Walmart,UPI,Germany,Mobile,2026-04-20T08:51:50.000+05:30,YES,8,NO,4,YES
14803,47,1193,52639.32,Swiggy,CARD,UK,Mobile,2026-04-26T21:27:50.000+05:30,YES,21,NO,4,YES
15388,34,1029,60075.66,Swiggy,NET BANKING,Singapore,Tablet,2026-05-16T06:59:27.000+05:30,YES,6,NO,5,YES
15947,15,1189,99468.75,Uber,CARD,Germany,Mobile,2026-04-24T17:46:11.000+05:30,YES,17,NO,4,YES
16629,26,1022,60687.85,Petrol Pump,CARD,USA,Laptop,2026-05-05T00:58:02.000+05:30,YES,0,YES,5,YES
18160,11,1026,60172.91,Zomato,NET BANKING,Singapore,Mobile,2026-05-18T02:27:36.000+05:30,YES,2,YES,5,YES
18475,51,1041,70118.82,Netflix,UPI,Germany,Tablet,2026-04-26T05:31:42.000+05:30,YES,5,YES,4,YES
18640,58,1105,80129.76,Petrol Pump,NET BANKING,Germany,Mobile,2026-05-14T14:47:03.000+05:30,YES,14,NO,5,YES
19278,76,1040,85416.81,Uber,CARD,Singapore,Tablet,2026-04-26T06:58:52.000+05:30,YES,6,NO,4,YES
10154,28,1036,63988.38,Swiggy,UPI,UK,Laptop,2026-05-03T01:01:14.000+05:30,YES,1,YES,5,YES
11045,23,1017,54470.98,Zomato,UPI,Germany,Tablet,2026-05-11T06:12:35.000+05:30,YES,6,NO,5,YES
11557,69,1143,98321.0,Uber,NET BANKING,USA,Tablet,2026-04-26T18:10:53.000+05:30,YES,18,NO,4,YES
11641,21,1131,86298.31,Flipkart,NET BANKING,USA,Mobile,2026-04-27T22:07:09.000+05:30,YES,22,NO,4,YES
11744,48,1098,56069.32,Apple Store,UPI,Singapore,Mobile,2026-04-30T22:15:53.000+05:30,YES,22,NO,4,YES
12019,12,1195,58355.02,Apple Store,UPI,Singapore,Tablet,2026-05-16T16:35:07.000+05:30,YES,16,NO,5,YES
12419,54,1186,50493.17,Petrol Pump,NET BANKING,UK,Mobile,2026-04-27T07:31:11.000+05:30,YES,7,NO,4,YES
13126,18,1049,90301.62,Netflix,UPI,USA,Laptop,2026-04-26T00:36:58.000+05:30,YES,0,YES,4,YES
13642,8,1033,77712.5,Swiggy,NET BANKING,UK,Mobile,2026-04-29T14:54:26.000+05:30,YES,14,NO,4,YES
13782,56,1101,92159.32,Apple Store,ATM WITHDRAWAL,Singapore,Mobile,2026-05-05T08:02:59.000+05:30,YES,8,NO,5,YES
14050,3,1146,54164.81,Netflix,ATM WITHDRAWAL,UK,Tablet,2026-04-20T17:40:46.000+05:30,YES,17,NO,4,YES
14449,15,1167,51447.98,Zomato,UPI,Singapore,Tablet,2026-04-30T20:44:31.000+05:30,YES,20,NO,4,YES
14614,29,1140,84045.27,Nike,CARD,Germany,Mobile,2026-05-14T18:44:29.000+05:30,YES,18,NO,5,YES
14622,81,1134,95927.2,Walmart,NET BANKING,Singapore,Tablet,2026-05-08T07:51:17.000+05:30,YES,7,NO,5,YES
15450,82,1037,59783.3,Apple Store,NET BANKING,Singapore,Laptop,2026-04-25T16:49:15.000+05:30,YES,16,NO,4,YES
15463,15,1072,69984.27,Petrol Pump,ATM WITHDRAWAL,Germany,ATM,2026-05-10T01:08:55.000+05:30,YES,1,YES,5,YES
15982,88,1087,89886.15,Apple Store,CARD,USA,Mobile,2026-04-27T17:33:17.000+05:30,YES,17,NO,4,YES
16560,90,1048,66596.06,Apple Store,CARD,Singapore,Tablet,2026-05-02T07:15:02.000+05:30,YES,7,NO,5,YES
16602,60,1037,92700.0,Amazon,ATM WITHDRAWAL,Singapore,ATM,2026-05-14T00:38:14.000+05:30,YES,0,YES,5,YES
17009,13,1159,63238.54,Amazon,UPI,Singapore,Mobile,2026-05-06T11:14:46.000+05:30,YES,11,NO,5,YES
17256,24,1184,67043.76,Zomato,NET BANKING,UK,ATM,2026-04-19T09:08:32.000+05:30,YES,9,NO,4,YES
17891,17,1180,78405.29,Petrol Pump,ATM WITHDRAWAL,USA,Laptop,2026-04-20T10:40:51.000+05:30,YES,10,NO,4,YES
18043,41,1109,73075.06,Netflix,NET BANKING,USA,ATM,2026-04-23T15:49:50.000+05:30,YES,15,NO,4,YES
18625,6,1029,59503.35,Amazon,ATM WITHDRAWAL,Germany,ATM,2026-05-12T09:58:22.000+05:30,YES,9,NO,5,YES
18729,28,1118,95211.6,Flipkart,NET BANKING,Singapore,Mobile,2026-04-27T19:48:51.000+05:30,YES,19,NO,4,YES
18852,80,1106,77199.05,Petrol Pump,UPI,Germany,Mobile,2026-04-19T15:01:30.000+05:30,YES,15,NO,4,YES
19373,83,1003,57481.96,Netflix,ATM WITHDRAWAL,UK,Mobile,2026-05-16T14:42:51.000+05:30,YES,14,NO,5,YES
10452,7,1140,97605.84,Walmart,ATM WITHDRAWAL,Germany,Laptop,2026-05-17T18:17:55.000+05:30,YES,18,NO,5,YES
11775,56,1001,96062.81,Flipkart,ATM WITHDRAWAL,UK,Laptop,2026-05-12T17:13:45.000+05:30,YES,17,NO,5,YES
12313,6,1161,76184.59,Netflix,CARD,UK,Mobile,2026-05-11T08:20:02.000+05:30,YES,8,NO,5,YES
13361,45,1147,92737.19,Flipkart,NET BANKING,UK,Mobile,2026-04-18T22:10:10.000+05:30,YES,22,NO,4,YES
14910,33,1112,62430.7,Netflix,NET BANKING,Germany,Mobile,2026-05-04T06:05:22.000+05:30,YES,6,NO,5,YES
16643,57,1188,61400.26,Swiggy,NET BANKING,UK,ATM,2026-04-20T08:25:16.000+05:30,YES,8,NO,4,YES
17497,47,1139,76166.73,Nike,UPI,USA,Laptop,2026-05-08T07:32:57.000+05:30,YES,7,NO,5,YES
17988,62,1091,60044.53,Swiggy,ATM WITHDRAWAL,USA,Laptop,2026-05-10T22:44:24.000+05:30,YES,22,NO,5,YES
18059,40,1013,96154.63,Walmart,ATM WITHDRAWAL,UK,Laptop,2026-04-21T07:13:01.000+05:30,YES,7,NO,4,YES
18709,19,1182,77568.31,Netflix,UPI,Singapore,Mobile,2026-04-20T10:29:05.000+05:30,YES,10,NO,4,YES
19028,66,1170,92982.69,Amazon,ATM WITHDRAWAL,Germany,Laptop,2026-05-15T05:30:27.000+05:30,YES,5,YES,5,YES
10695,81,1087,74783.21,Uber,ATM WITHDRAWAL,Singapore,ATM,2026-05-01T08:17:05.000+05:30,YES,8,NO,5,YES
11022,49,1135,83486.97,Apple Store,ATM WITHDRAWAL,UK,ATM,2026-05-01T15:56:41.000+05:30,YES,15,NO,5,YES
11103,31,1128,65333.3,Netflix,UPI,USA,Tablet,2026-04-26T04:11:35.000+05:30,YES,4,YES,4,YES
12402,72,1126,66869.73,Petrol Pump,UPI,Germany,Mobile,2026-05-11T16:53:35.000+05:30,YES,16,NO,5,YES
12424,24,1035,75606.07,Flipkart,ATM WITHDRAWAL,Singapore,Laptop,2026-04-28T15:57:40.000+05:30,YES,15,NO,4,YES
12990,84,1129,80232.09,Uber,NET BANKING,USA,Tablet,2026-05-11T09:52:05.000+05:30,YES,9,NO,5,YES
13243,43,1168,80135.13,Flipkart,ATM WITHDRAWAL,Germany,Laptop,2026-04-29T12:28:22.000+05:30,YES,12,NO,4,YES
13535,9,1094,75494.03,Flipkart,CARD,Singapore,Mobile,2026-04-30T05:55:55.000+05:30,YES,5,YES,4,YES
15927,38,1004,84778.84,Zomato,ATM WITHDRAWAL,Germany,ATM,2026-04-25T07:48:45.000+05:30,YES,7,NO,4,YES
16603,53,1008,96161.96,Apple Store,UPI,UK,Laptop,2026-04-19T06:42:53.000+05:30,YES,6,NO,4,YES
17681,57,1141,52030.92,Zomato,CARD,Singapore,Laptop,2026-05-11T10:42:34.000+05:30,YES,10,NO,5,YES
18829,51,1139,78516.76,Nike,ATM WITHDRAWAL,USA,Tablet,2026-05-12T01:38:37.000+05:30,YES,1,YES,5,YES
19168,2,1009,98097.1,Amazon,NET BANKING,UK,Mobile,2026-04-19T22:36:35.000+05:30,YES,22,NO,4,YES
19194,24,1062,90030.58,Uber,ATM WITHDRAWAL,UK,Laptop,2026-05-07T05:34:08.000+05:30,YES,5,YES,5,YES
19356,48,1039,62972.01,Uber,UPI,UK,Mobile,2026-05-14T03:47:36.000+05:30,YES,3,YES,5,YES
19832,49,1193,59327.65,Flipkart,ATM WITHDRAWAL,Singapore,Laptop,2026-04-19T04:49:07.000+05:30,YES,4,YES,4,YES
10835,69,1007,98036.98,Swiggy,NET BANKING,UK,Laptop,2026-05-03T07:22:16.000+05:30,YES,7,NO,5,YES
11083,88,1177,74848.68,Walmart,UPI,USA,Mobile,2026-05-04T18:01:38.000+05:30,YES,18,NO,5,YES
11992,96,1056,67052.04,Flipkart,CARD,USA,Mobile,2026-05-18T12:06:54.000+05:30,YES,12,NO,5,YES
12581,47,1104,75862.36,Netflix,CARD,UK,Laptop,2026-04-26T22:33:58.000+05:30,YES,22,NO,4,YES
12889,54,1160,81523.19,Apple Store,CARD,UK,ATM,2026-04-26T06:37:19.000+05:30,YES,6,NO,4,YES
13431,38,1153,52714.44,Walmart,UPI,Germany,ATM,2026-05-02T10:29:20.000+05:30,YES,10,NO,5,YES
14542,19,1148,94145.26,Petrol Pump,NET BANKING,Germany,ATM,2026-04-19T09:26:57.000+05:30,YES,9,NO,4,YES
14829,65,1082,64047.03,Petrol Pump,UPI,USA,Laptop,2026-05-01T15:54:58.000+05:30,YES,15,NO,5,YES
17002,14,1175,98785.76,Uber,ATM WITHDRAWAL,UK,Laptop,2026-05-17T18:24:16.000+05:30,YES,18,NO,5,YES
17428,49,1189,70040.95,Apple Store,ATM WITHDRAWAL,Germany,Tablet,2026-05-03T02:37:50.000+05:30,YES,2,YES,5,YES
17539,18,1036,52534.58,Apple Store,NET BANKING,Germany,ATM,2026-04-20T05:33:51.000+05:30,YES,5,YES,4,YES
17720,60,1091,91702.56,Netflix,NET BANKING,USA,Laptop,2026-05-15T22:42:46.000+05:30,YES,22,NO,5,YES
18149,70,1071,69687.24,Nike,UPI,USA,Tablet,2026-05-03T20:26:24.000+05:30,YES,20,NO,5,YES
18617,12,1009,54032.31,Walmart,UPI,UK,ATM,2026-05-15T18:12:00.000+05:30,YES,18,NO,5,YES
18919,67,1097,57210.57,Apple Store,ATM WITHDRAWAL,Singapore,ATM,2026-04-30T13:52:55.000+05:30,YES,13,NO,4,YES
11270,28,1014,96924.02,Nike,ATM WITHDRAWAL,USA,Mobile,2026-04-21T01:37:36.000+05:30,YES,1,YES,4,YES
11836,69,1185,65986.01,Uber,UPI,Singapore,Tablet,2026-04-30T09:53:41.000+05:30,YES,9,NO,4,YES
12061,27,1031,82002.18,Flipkart,NET BANKING,USA,ATM,2026-05-07T20:30:13.000+05:30,YES,20,NO,5,YES
14463,94,1097,98215.28,Apple Store,ATM WITHDRAWAL,UK,Mobile,2026-05-04T12:26:42.000+05:30,YES,12,NO,5,YES
14511,55,1133,58433.59,Petrol Pump,CARD,USA,Tablet,2026-05-18T15:47:12.000+05:30,YES,15,NO,5,YES
14666,43,1061,55491.95,Uber,NET BANKING,UK,Tablet,2026-04-22T08:55:49.000+05:30,YES,8,NO,4,YES
14704,7,1011,70340.34,Walmart,UPI,UK,ATM,2026-04-28T05:10:24.000+05:30,YES,5,YES,4,YES
14821,16,1191,66282.4,Walmart,UPI,Singapore,Mobile,2026-05-07T15:29:20.000+05:30,YES,15,NO,5,YES
15305,8,1179,95116.16,Nike,NET BANKING,Singapore,Mobile,2026-05-03T03:32:47.000+05:30,YES,3,YES,5,YES
16484,80,1193,92573.4,Netflix,UPI,USA,ATM,2026-05-17T21:09:18.000+05:30,YES,21,NO,5,YES
18044,20,1037,87281.53,Zomato,UPI,Singapore,ATM,2026-05-15T21:03:55.000+05:30,YES,21,NO,5,YES
19185,39,1039,91913.39,Netflix,ATM WITHDRAWAL,Singapore,ATM,2026-05-11T18:35:52.000+05:30,YES,18,NO,5,YES
17165,55,1082,82574.9,Swiggy,CARD,Germany,Tablet,2026-04-21T05:58:47.000+05:30,YES,5,YES,4,YES
10256,99,1001,81568.2,Apple Store,CARD,Germany,Mobile,2026-05-04T18:18:26.000+05:30,YES,18,NO,5,YES
10407,72,1043,70506.21,Flipkart,CARD,Singapore,Laptop,2026-05-07T21:46:17.000+05:30,YES,21,NO,5,YES
10655,74,1198,51175.6,Nike,ATM WITHDRAWAL,UK,ATM,2026-04-25T21:21:54.000+05:30,YES,21,NO,4,YES
10829,78,1124,86259.41,Walmart,ATM WITHDRAWAL,UK,Laptop,2026-04-26T08:09:28.000+05:30,YES,8,NO,4,YES
11201,92,1139,71090.16,Nike,CARD,Singapore,Tablet,2026-04-29T20:21:02.000+05:30,YES,20,NO,4,YES
11807,62,1107,55579.66,Swiggy,UPI,USA,ATM,2026-04-30T20:18:37.000+05:30,YES,20,NO,4,YES
13618,26,1196,97250.53,Nike,NET BANKING,USA,ATM,2026-05-04T11:37:57.000+05:30,YES,11,NO,5,YES
14132,18,1147,68406.75,Swiggy,UPI,Germany,Mobile,2026-04-28T01:32:53.000+05:30,YES,1,YES,4,YES
14154,86,1112,99712.17,Flipkart,NET BANKING,Germany,Mobile,2026-04-26T07:38:16.000+05:30,YES,7,NO,4,YES
14765,44,1054,84890.88,Uber,NET BANKING,Singapore,Tablet,2026-04-27T04:00:59.000+05:30,YES,4,YES,4,YES
14869,93,1137,82451.74,Nike,ATM WITHDRAWAL,Singapore,ATM,2026-05-02T23:57:47.000+05:30,YES,23,NO,5,YES
15049,73,1019,91010.0,Swiggy,UPI,UK,ATM,2026-05-04T05:11:18.000+05:30,YES,5,YES,5,YES
15200,47,1105,76037.19,Swiggy,UPI,USA,Tablet,2026-04-23T23:14:37.000+05:30,YES,23,NO,4,YES
15287,34,1042,99606.75,Apple Store,NET BANKING,USA,Tablet,2026-05-09T21:01:47.000+05:30,YES,21,NO,5,YES
15825,16,1013,88689.94,Zomato,ATM WITHDRAWAL,Singapore,Laptop,2026-05-11T09:54:44.000+05:30,YES,9,NO,5,YES
16074,29,1179,51799.63,Apple Store,NET BANKING,USA,ATM,2026-05-15T05:24:25.000+05:30,YES,5,YES,5,YES
17562,81,1160,82738.08,Amazon,ATM WITHDRAWAL,USA,Mobile,2026-05-07T07:08:24.000+05:30,YES,7,NO,5,YES
17594,59,1131,74155.38,Petrol Pump,ATM WITHDRAWAL,Singapore,ATM,2026-05-14T13:28:26.000+05:30,YES,13,NO,5,YES
17781,78,1012,83087.09,Uber,ATM WITHDRAWAL,Germany,Tablet,2026-04-19T23:36:04.000+05:30,YES,23,NO,4,YES
18286,39,1180,58316.23,Walmart,UPI,Germany,Laptop,2026-04-19T14:22:58.000+05:30,YES,14,NO,4,YES
18946,2,1107,53454.4,Netflix,ATM WITHDRAWAL,Germany,ATM,2026-05-16T01:45:36.000+05:30,YES,1,YES,5,YES
19021,35,1126,76772.37,Flipkart,NET BANKING,Singapore,Laptop,2026-04-27T17:11:19.000+05:30,YES,17,NO,4,YES
19422,78,1019,71479.07,Nike,NET BANKING,UK,ATM,2026-05-08T21:28:54.000+05:30,YES,21,NO,5,YES
19970,28,1054,54507.94,Nike,CARD,UK,ATM,2026-04-22T09:51:55.000+05:30,YES,9,NO,4,YES
10545,32,1149,59233.23,Walmart,NET BANKING,USA,Mobile,2026-05-10T11:52:26.000+05:30,YES,11,NO,5,YES
12750,20,1002,78517.02,Apple Store,ATM WITHDRAWAL,Singapore,Mobile,2026-05-17T22:09:10.000+05:30,YES,22,NO,5,YES
14387,80,1040,91472.22,Netflix,CARD,Germany,Mobile,2026-05-11T20:27:45.000+05:30,YES,20,NO,5,YES
14647,37,1161,73867.67,Zomato,CARD,Germany,Tablet,2026-04-23T00:24:16.000+05:30,YES,0,YES,4,YES
15066,59,1068,75224.51,Flipkart,CARD,UK,ATM,2026-05-01T20:17:03.000+05:30,YES,20,NO,5,YES
15554,82,1106,60051.91,Petrol Pump,ATM WITHDRAWAL,Germany,ATM,2026-05-17T17:57:34.000+05:30,YES,17,NO,5,YES
15920,8,1185,78470.1,Uber,ATM WITHDRAWAL,UK,ATM,2026-05-11T16:43:10.000+05:30,YES,16,NO,5,YES
16479,11,1156,58091.61,Flipkart,ATM WITHDRAWAL,Singapore,Laptop,2026-04-21T09:07:22.000+05:30,YES,9,NO,4,YES
17131,99,1180,75047.47,Apple Store,NET BANKING,USA,Tablet,2026-04-22T04:47:26.000+05:30,YES,4,YES,4,YES
17314,65,1041,55893.03,Apple Store,NET BANKING,UK,ATM,2026-04-28T11:17:52.000+05:30,YES,11,NO,4,YES
17439,22,1025,93021.23,Flipkart,CARD,Singapore,Laptop,2026-05-04T14:08:31.000+05:30,YES,14,NO,5,YES
17621,78,1025,96762.04,Swiggy,UPI,USA,Mobile,2026-04-27T21:54:01.000+05:30,YES,21,NO,4,YES
17914,92,1040,64323.72,Petrol Pump,NET BANKING,UK,Mobile,2026-05-14T17:18:16.000+05:30,YES,17,NO,5,YES
18688,56,1047,85904.84,Swiggy,CARD,Singapore,Mobile,2026-04-27T00:36:01.000+05:30,YES,0,YES,4,YES
18727,45,1016,89892.08,Walmart,NET BANKING,Germany,Mobile,2026-04-29T02:56:21.000+05:30,YES,2,YES,4,YES
19550,69,1174,80733.52,Netflix,NET BANKING,UK,Laptop,2026-04-25T17:25:18.000+05:30,YES,17,NO,4,YES
19991,21,1101,79296.81,Nike,NET BANKING,USA,ATM,2026-05-15T23:35:30.000+05:30,YES,23,NO,5,YES
18849,77,1130,68094.12,Nike,CARD,UK,ATM,2026-04-23T17:10:17.000+05:30,YES,17,NO,4,YES
12120,15,1079,83743.79,Flipkart,CARD,UK,ATM,2026-04-19T13:13:17.000+05:30,YES,13,NO,4,YES
13213,96,1190,84736.31,Amazon,UPI,Germany,Laptop,2026-04-26T05:11:21.000+05:30,YES,5,YES,4,YES
13912,56,1083,85037.09,Zomato,NET BANKING,Germany,Laptop,2026-04-29T05:16:21.000+05:30,YES,5,YES,4,YES
14298,3,1168,84179.73,Amazon,ATM WITHDRAWAL,Singapore,Laptop,2026-05-15T20:23:27.000+05:30,YES,20,NO,5,YES
14796,56,1002,58270.63,Walmart,NET BANKING,Singapore,ATM,2026-05-04T05:41:53.000+05:30,YES,5,YES,5,YES
16031,26,1095,54392.48,Apple Store,ATM WITHDRAWAL,UK,Mobile,2026-05-01T03:09:42.000+05:30,YES,3,YES,5,YES
16538,59,1199,71382.05,Zomato,ATM WITHDRAWAL,USA,ATM,2026-05-11T11:10:41.000+05:30,YES,11,NO,5,YES
16646,82,1020,80971.48,Netflix,ATM WITHDRAWAL,Singapore,ATM,2026-04-25T21:33:37.000+05:30,YES,21,NO,4,YES
17054,90,1085,85151.9,Amazon,UPI,Singapore,ATM,2026-05-10T05:37:07.000+05:30,YES,5,YES,5,YES
17062,20,1125,63539.98,Zomato,ATM WITHDRAWAL,USA,Mobile,2026-04-28T08:37:29.000+05:30,YES,8,NO,4,YES
17811,3,1187,64539.86,Netflix,UPI,Germany,Mobile,2026-04-29T06:07:20.000+05:30,YES,6,NO,4,YES
18517,90,1146,97248.22,Petrol Pump,UPI,Singapore,Tablet,2026-05-10T21:53:26.000+05:30,YES,21,NO,5,YES
18611,92,1031,92492.14,Petrol Pump,NET BANKING,USA,Mobile,2026-05-07T05:31:37.000+05:30,YES,5,YES,5,YES
10030,48,1080,53671.24,Nike,UPI,Singapore,Mobile,2026-04-26T11:06:36.000+05:30,YES,11,NO,4,YES
11115,73,1069,52902.12,Amazon,CARD,USA,Mobile,2026-05-05T01:51:09.000+05:30,YES,1,YES,5,YES
12225,32,1020,77515.67,Petrol Pump,CARD,Germany,Mobile,2026-04-27T12:23:00.000+05:30,YES,12,NO,4,YES
12612,68,1042,88669.46,Netflix,NET BANKING,USA,ATM,2026-04-27T16:37:43.000+05:30,YES,16,NO,4,YES
13104,87,1016,80757.36,Uber,UPI,USA,Laptop,2026-04-22T12:56:13.000+05:30,YES,12,NO,4,YES
14346,87,1041,89784.2,Petrol Pump,CARD,Singapore,ATM,2026-04-23T04:19:01.000+05:30,YES,4,YES,4,YES
14841,78,1139,82782.41,Petrol Pump,CARD,Singapore,Laptop,2026-05-06T08:06:14.000+05:30,YES,8,NO,5,YES
15869,40,1167,86226.71,Amazon,NET BANKING,USA,ATM,2026-04-23T14:52:32.000+05:30,YES,14,NO,4,YES
16601,18,1137,54736.24,Swiggy,ATM WITHDRAWAL,UK,ATM,2026-05-15T14:20:38.000+05:30,YES,14,NO,5,YES
16717,77,1032,71102.25,Amazon,ATM WITHDRAWAL,USA,Tablet,2026-05-12T04:45:17.000+05:30,YES,4,YES,5,YES
18277,3,1023,74624.07,Zomato,CARD,UK,Laptop,2026-04-24T15:54:16.000+05:30,YES,15,NO,4,YES
18545,41,1190,66762.04,Zomato,UPI,UK,Mobile,2026-04-30T15:14:05.000+05:30,YES,15,NO,4,YES
19112,12,1140,72696.31,Flipkart,UPI,USA,Tablet,2026-04-19T17:37:14.000+05:30,YES,17,NO,4,YES
19141,71,1142,89267.3,Uber,ATM WITHDRAWAL,Germany,ATM,2026-04-30T12:27:22.000+05:30,YES,12,NO,4,YES
19359,53,1068,95507.18,Petrol Pump,ATM WITHDRAWAL,UK,Tablet,2026-04-20T11:23:01.000+05:30,YES,11,NO,4,YES
10453,78,1199,75770.0,Uber,UPI,Singapore,Laptop,2026-04-24T03:16:50.000+05:30,YES,3,YES,4,YES
10455,57,1149,59557.09,Apple Store,NET BANKING,Singapore,Mobile,2026-04-23T12:47:43.000+05:30,YES,12,NO,4,YES
10845,11,1027,97401.67,Flipkart,UPI,UK,Tablet,2026-04-25T06:42:01.000+05:30,YES,6,NO,4,YES
11143,21,1148,56564.78,Petrol Pump,CARD,UK,ATM,2026-05-08T07:55:39.000+05:30,YES,7,NO,5,YES
11151,26,1027,76442.97,Petrol Pump,CARD,USA,Mobile,2026-05-14T04:46:27.000+05:30,YES,4,YES,5,YES
11866,29,1127,97597.63,Swiggy,ATM WITHDRAWAL,Germany,Laptop,2026-05-02T14:28:01.000+05:30,YES,14,NO,5,YES
13284,24,1159,62818.0,Netflix,UPI,UK,Tablet,2026-05-02T03:08:57.000+05:30,YES,3,YES,5,YES
13323,100,1187,63137.96,Amazon,ATM WITHDRAWAL,Singapore,Tablet,2026-05-08T05:24:06.000+05:30,YES,5,YES,5,YES
13989,44,1193,95057.8,Swiggy,UPI,UK,Laptop,2026-05-04T16:43:15.000+05:30,YES,16,NO,5,YES
14325,60,1133,67267.37,Flipkart,UPI,UK,Mobile,2026-05-02T14:46:14.000+05:30,YES,14,NO,5,YES
15562,90,1061,73304.35,Petrol Pump,ATM WITHDRAWAL,UK,Tablet,2026-05-06T13:52:48.000+05:30,YES,13,NO,5,YES
16682,21,1169,67402.58,Swiggy,UPI,Singapore,Mobile,2026-04-24T01:35:58.000+05:30,YES,1,YES,4,YES
17412,21,1035,70503.67,Uber,NET BANKING,UK,Mobile,2026-04-21T11:37:06.000+05:30,YES,11,NO,4,YES
18034,3,1076,97223.2,Flipkart,ATM WITHDRAWAL,Germany,Mobile,2026-04-25T19:48:48.000+05:30,YES,19,NO,4,YES
19630,72,1013,57968.13,Amazon,UPI,UK,ATM,2026-04-21T16:06:34.000+05:30,YES,16,NO,4,YES
11506,31,1187,59820.45,Swiggy,CARD,Germany,Laptop,2026-04-27T18:44:38.000+05:30,YES,18,NO,4,YES
12557,70,1118,82034.99,Swiggy,UPI,Germany,Tablet,2026-05-12T09:55:18.000+05:30,YES,9,NO,5,YES
12736,31,1049,59173.46,Nike,NET BANKING,Germany,Tablet,2026-04-28T01:17:33.000+05:30,YES,1,YES,4,YES
13343,23,1163,66736.06,Nike,UPI,Singapore,ATM,2026-05-06T22:16:03.000+05:30,YES,22,NO,5,YES
13534,47,1007,61676.52,Apple Store,UPI,UK,Mobile,2026-04-30T13:06:31.000+05:30,YES,13,NO,4,YES
13640,94,1070,96889.52,Nike,ATM WITHDRAWAL,Singapore,Mobile,2026-04-24T16:32:49.000+05:30,YES,16,NO,4,YES
14573,55,1008,57242.25,Swiggy,CARD,Germany,Laptop,2026-05-15T20:09:27.000+05:30,YES,20,NO,5,YES
14884,35,1043,63383.91,Uber,CARD,UK,Tablet,2026-04-19T05:55:37.000+05:30,YES,5,YES,4,YES
15208,24,1188,63782.35,Amazon,ATM WITHDRAWAL,USA,Mobile,2026-05-07T10:03:40.000+05:30,YES,10,NO,5,YES
17517,24,1029,98794.69,Nike,UPI,Germany,Laptop,2026-04-28T20:32:44.000+05:30,YES,20,NO,4,YES
17521,8,1134,50045.78,Zomato,UPI,Singapore,Mobile,2026-05-15T02:40:12.000+05:30,YES,2,YES,5,YES
18042,39,1173,75722.68,Apple Store,ATM WITHDRAWAL,Germany,Mobile,2026-05-02T09:25:40.000+05:30,YES,9,NO,5,YES
19602,10,1107,77710.96,Amazon,NET BANKING,UK,Laptop,2026-05-01T02:45:39.000+05:30,YES,2,YES,5,YES
19689,30,1191,82893.65,Swiggy,ATM WITHDRAWAL,Germany,ATM,2026-04-25T09:22:24.000+05:30,YES,9,NO,4,YES
10200,1,1076,65416.8,Nike,UPI,Singapore,Mobile,2026-05-10T18:12:47.000+05:30,YES,18,NO,5,YES
10747,32,1081,87004.22,Zomato,CARD,USA,Mobile,2026-05-15T05:55:36.000+05:30,YES,5,YES,5,YES
12894,69,1153,73341.84,Walmart,CARD,Germany,Laptop,2026-05-08T09:57:57.000+05:30,YES,9,NO,5,YES
14524,29,1155,60310.67,Netflix,ATM WITHDRAWAL,Germany,Laptop,2026-05-10T19:19:41.000+05:30,YES,19,NO,5,YES
15816,41,1159,68667.29,Amazon,CARD,Germany,Laptop,2026-05-14T19:18:14.000+05:30,YES,19,NO,5,YES
16203,14,1113,73658.04,Petrol Pump,UPI,Germany,Tablet,2026-04-25T21:47:53.000+05:30,YES,21,NO,4,YES
16431,92,1048,66575.19,Swiggy,CARD,UK,Laptop,2026-04-30T01:31:36.000+05:30,YES,1,YES,4,YES
17698,70,1045,80838.34,Netflix,UPI,UK,Laptop,2026-05-15T18:51:06.000+05:30,YES,18,NO,5,YES
18269,23,1097,79836.25,Uber,ATM WITHDRAWAL,Singapore,ATM,2026-05-16T09:18:26.000+05:30,YES,9,NO,5,YES
18803,92,1123,65670.86,Swiggy,CARD,USA,Mobile,2026-05-13T14:13:14.000+05:30,YES,14,NO,5,YES
18972,42,1194,64011.28,Flipkart,UPI,Singapore,Mobile,2026-05-13T12:31:54.000+05:30,YES,12,NO,5,YES
19331,16,1146,54772.3,Walmart,UPI,Singapore,Laptop,2026-05-01T20:06:49.000+05:30,YES,20,NO,5,YES
10310,33,1108,75082.74,Flipkart,NET BANKING,Singapore,Mobile,2026-04-28T23:23:29.000+05:30,YES,23,NO,4,YES
11075,32,1081,70534.85,Netflix,CARD,UK,Tablet,2026-04-25T16:14:35.000+05:30,YES,16,NO,4,YES
11523,61,1092,65966.43,Walmart,UPI,USA,Laptop,2026-05-11T16:34:33.000+05:30,YES,16,NO,5,YES
12277,6,1036,80435.83,Petrol Pump,NET BANKING,Singapore,ATM,2026-04-27T10:20:24.000+05:30,YES,10,NO,4,YES
12378,72,1158,85105.67,Amazon,NET BANKING,USA,Laptop,2026-04-27T23:47:31.000+05:30,YES,23,NO,4,YES
14426,30,1025,69125.68,Netflix,ATM WITHDRAWAL,Germany,Mobile,2026-05-08T00:46:28.000+05:30,YES,0,YES,5,YES
15106,48,1108,63422.63,Petrol Pump,UPI,USA,Mobile,2026-05-08T10:08:09.000+05:30,YES,10,NO,5,YES
15610,15,1116,84046.56,Walmart,CARD,Germany,Laptop,2026-05-16T06:30:35.000+05:30,YES,6,NO,5,YES
15622,59,1036,54204.35,Netflix,UPI,Singapore,Laptop,2026-05-16T21:54:50.000+05:30,YES,21,NO,5,YES
17033,73,1134,65965.99,Flipkart,UPI,Germany,ATM,2026-04-26T19:26:40.000+05:30,YES,19,NO,4,YES
17994,84,1004,79639.61,Walmart,ATM WITHDRAWAL,Germany,Tablet,2026-05-01T09:11:54.000+05:30,YES,9,NO,5,YES
18257,10,1059,90495.09,Swiggy,UPI,UK,Tablet,2026-05-06T04:28:18.000+05:30,YES,4,YES,5,YES
10218,76,1047,82427.44,Petrol Pump,ATM WITHDRAWAL,USA,ATM,2026-05-10T13:09:20.000+05:30,YES,13,NO,5,YES
10610,40,1005,57345.59,Amazon,UPI,Germany,Laptop,2026-04-24T06:05:49.000+05:30,YES,6,NO,4,YES
10699,27,1088,96170.14,Amazon,ATM WITHDRAWAL,USA,Mobile,2026-05-02T02:14:02.000+05:30,YES,2,YES,5,YES
10776,39,1105,67818.02,Petrol Pump,NET BANKING,Germany,Tablet,2026-05-08T11:05:40.000+05:30,YES,11,NO,5,YES
10826,71,1058,99501.79,Apple Store,ATM WITHDRAWAL,UK,Laptop,2026-05-18T10:45:49.000+05:30,YES,10,NO,5,YES
11170,65,1183,99318.82,Netflix,ATM WITHDRAWAL,USA,Tablet,2026-04-18T23:31:21.000+05:30,YES,23,NO,4,YES
11175,64,1037,66349.73,Nike,ATM WITHDRAWAL,UK,Tablet,2026-05-04T06:12:51.000+05:30,YES,6,NO,5,YES
12145,78,1084,71503.11,Swiggy,CARD,Germany,Laptop,2026-04-19T02:53:24.000+05:30,YES,2,YES,4,YES
12561,97,1096,78778.8,Petrol Pump,CARD,USA,ATM,2026-04-20T08:50:42.000+05:30,YES,8,NO,4,YES
13045,70,1065,97536.57,Netflix,ATM WITHDRAWAL,USA,Tablet,2026-04-27T19:33:32.000+05:30,YES,19,NO,4,YES
13488,34,1119,60344.01,Nike,ATM WITHDRAWAL,UK,ATM,2026-05-17T00:32:16.000+05:30,YES,0,YES,5,YES
13643,45,1126,60681.06,Flipkart,UPI,Singapore,Tablet,2026-04-29T05:57:41.000+05:30,YES,5,YES,4,YES
13680,37,1002,71320.02,Uber,CARD,USA,Tablet,2026-04-21T18:26:25.000+05:30,YES,18,NO,4,YES
14114,87,1115,72333.87,Netflix,CARD,UK,Tablet,2026-05-13T04:19:13.000+05:30,YES,4,YES,5,YES
14639,73,1100,77079.84,Nike,NET BANKING,UK,Laptop,2026-04-22T11:36:49.000+05:30,YES,11,NO,4,YES
14671,78,1166,80146.96,Amazon,UPI,USA,Tablet,2026-04-30T19:03:47.000+05:30,YES,19,NO,4,YES
14689,37,1077,78655.63,Walmart,UPI,Germany,ATM,2026-05-13T22:06:18.000+05:30,YES,22,NO,5,YES
15408,36,1075,61265.87,Netflix,UPI,USA,Tablet,2026-04-24T06:30:30.000+05:30,YES,6,NO,4,YES
15548,82,1082,99215.83,Nike,UPI,Germany,Tablet,2026-04-29T14:45:40.000+05:30,YES,14,NO,4,YES
15923,30,1146,63315.72,Netflix,NET BANKING,USA,ATM,2026-05-01T06:29:33.000+05:30,YES,6,NO,5,YES
16229,72,1124,53916.1,Walmart,CARD,Singapore,Tablet,2026-04-30T10:59:53.000+05:30,YES,10,NO,4,YES
16633,29,1132,88748.77,Petrol Pump,ATM WITHDRAWAL,UK,Tablet,2026-05-01T13:23:50.000+05:30,YES,13,NO,5,YES
17129,17,1074,87062.65,Petrol Pump,CARD,Germany,Laptop,2026-04-20T08:25:04.000+05:30,YES,8,NO,4,YES
17213,47,1127,58204.01,Uber,NET BANKING,UK,Tablet,2026-04-30T18:27:25.000+05:30,YES,18,NO,4,YES
17395,21,1169,58747.98,Flipkart,NET BANKING,Germany,Mobile,2026-05-08T09:11:30.000+05:30,YES,9,NO,5,YES
18050,31,1091,66275.46,Netflix,ATM WITHDRAWAL,UK,Laptop,2026-04-27T04:23:32.000+05:30,YES,4,YES,4,YES
18427,97,1186,53960.99,Apple Store,NET BANKING,UK,Mobile,2026-05-01T08:22:36.000+05:30,YES,8,NO,5,YES
18653,32,1055,98027.72,Uber,UPI,USA,Tablet,2026-04-30T02:20:30.000+05:30,YES,2,YES,4,YES
18801,18,1041,94644.98,Nike,CARD,Singapore,Mobile,2026-05-11T21:54:19.000+05:30,YES,21,NO,5,YES
18843,39,1166,60329.11,Zomato,NET BANKING,USA,ATM,2026-04-25T04:27:20.000+05:30,YES,4,YES,4,YES
19080,91,1044,56327.32,Apple Store,CARD,Singapore,Tablet,2026-05-06T12:15:49.000+05:30,YES,12,NO,5,YES
19083,55,1124,77762.94,Flipkart,NET BANKING,USA,ATM,2026-04-25T13:12:59.000+05:30,YES,13,NO,4,YES
19710,16,1171,90588.07,Apple Store,ATM WITHDRAWAL,Singapore,Laptop,2026-04-19T18:07:51.000+05:30,YES,18,NO,4,YES
10051,50,1150,89359.0,Nike,CARD,Germany,Laptop,2026-05-04T08:30:02.000+05:30,YES,8,NO,5,YES
10564,86,1092,69275.73,Swiggy,CARD,USA,Tablet,2026-05-08T19:56:57.000+05:30,YES,19,NO,5,YES
10681,97,1147,62355.18,Netflix,CARD,Singapore,Laptop,2026-05-02T07:23:18.000+05:30,YES,7,NO,5,YES
12111,84,1142,98372.04,Netflix,CARD,Singapore,Laptop,2026-04-27T02:13:03.000+05:30,YES,2,YES,4,YES
12335,78,1138,73659.66,Amazon,UPI,Germany,Mobile,2026-05-09T21:18:46.000+05:30,YES,21,NO,5,YES
12689,17,1142,90082.44,Nike,NET BANKING,UK,Mobile,2026-04-23T02:27:00.000+05:30,YES,2,YES,4,YES
13638,59,1147,56688.28,Flipkart,NET BANKING,USA,Mobile,2026-04-28T13:34:17.000+05:30,YES,13,NO,4,YES
13671,99,1073,94235.46,Swiggy,ATM WITHDRAWAL,USA,ATM,2026-04-26T14:06:06.000+05:30,YES,14,NO,4,YES
13739,2,1010,56487.49,Swiggy,NET BANKING,Germany,Laptop,2026-04-23T04:40:13.000+05:30,YES,4,YES,4,YES
13976,4,1142,58906.4,Walmart,NET BANKING,Germany,Laptop,2026-04-25T14:21:26.000+05:30,YES,14,NO,4,YES
15520,49,1084,88670.84,Flipkart,ATM WITHDRAWAL,UK,Tablet,2026-04-30T14:31:10.000+05:30,YES,14,NO,4,YES
16290,27,1197,86187.61,Petrol Pump,ATM WITHDRAWAL,UK,Tablet,2026-04-30T14:23:16.000+05:30,YES,14,NO,4,YES
16361,53,1084,91243.57,Zomato,UPI,USA,Mobile,2026-05-14T01:58:45.000+05:30,YES,1,YES,5,YES
17067,78,1151,77936.65,Amazon,NET BANKING,Germany,Laptop,2026-04-20T05:35:21.000+05:30,YES,5,YES,4,YES
17199,18,1124,66151.98,Zomato,CARD,USA,Tablet,2026-04-23T00:33:21.000+05:30,YES,0,YES,4,YES
17206,38,1173,70923.32,Amazon,ATM WITHDRAWAL,USA,Tablet,2026-05-09T23:12:47.000+05:30,YES,23,NO,5,YES
17597,23,1178,81281.08,Apple Store,NET BANKING,Germany,ATM,2026-05-10T02:52:23.000+05:30,YES,2,YES,5,YES
18403,66,1032,72522.81,Amazon,CARD,Singapore,Mobile,2026-05-14T14:29:58.000+05:30,YES,14,NO,5,YES
18775,69,1178,52345.48,Walmart,CARD,Germany,Laptop,2026-04-24T20:12:51.000+05:30,YES,20,NO,4,YES
18786,17,1101,75701.82,Swiggy,CARD,UK,Tablet,2026-04-19T04:33:36.000+05:30,YES,4,YES,4,YES
19354,59,1136,99472.28,Nike,UPI,UK,Tablet,2026-04-28T01:49:00.000+05:30,YES,1,YES,4,YES
10399,94,1173,61225.08,Netflix,ATM WITHDRAWAL,Germany,Mobile,2026-05-15T18:40:00.000+05:30,YES,18,NO,5,YES
13442,47,1062,68769.64,Walmart,ATM WITHDRAWAL,UK,ATM,2026-05-12T22:03:49.000+05:30,YES,22,NO,5,YES
15517,62,1022,82612.15,Flipkart,UPI,Singapore,ATM,2026-05-02T07:42:59.000+05:30,YES,7,NO,5,YES
15532,91,1113,76703.8,Netflix,NET BANKING,UK,ATM,2026-05-02T22:15:02.000+05:30,YES,22,NO,5,YES
15934,13,1136,61294.86,Nike,NET BANKING,Germany,Mobile,2026-05-11T01:04:30.000+05:30,YES,1,YES,5,YES
16028,77,1057,90425.87,Petrol Pump,NET BANKING,UK,Mobile,2026-04-29T03:36:04.000+05:30,YES,3,YES,4,YES
16095,81,1023,59337.56,Zomato,ATM WITHDRAWAL,UK,Mobile,2026-04-19T04:25:28.000+05:30,YES,4,YES,4,YES
17397,96,1182,56002.82,Zomato,UPI,Germany,Laptop,2026-04-26T15:17:36.000+05:30,YES,15,NO,4,YES
18493,52,1074,80148.24,Nike,UPI,Germany,ATM,2026-05-05T00:48:19.000+05:30,YES,0,YES,5,YES
18830,32,1056,83581.43,Flipkart,ATM WITHDRAWAL,Singapore,Laptop,2026-05-12T05:59:44.000+05:30,YES,5,YES,5,YES
19323,70,1043,66962.52,Flipkart,CARD,Germany,ATM,2026-05-02T13:34:19.000+05:30,YES,13,NO,5,YES
19895,51,1174,83978.31,Nike,UPI,Singapore,Laptop,2026-04-21T08:10:40.000+05:30,YES,8,NO,4,YES
10517,57,1126,69946.04,Zomato,CARD,Singapore,ATM,2026-04-24T09:10:52.000+05:30,YES,9,NO,4,YES
10661,62,1101,50757.24,Netflix,UPI,USA,Tablet,2026-05-11T04:10:37.000+05:30,YES,4,YES,5,YES
11650,1,1178,63020.47,Walmart,NET BANKING,UK,Mobile,2026-05-17T17:55:21.000+05:30,YES,17,NO,5,YES
11674,88,1150,54505.47,Flipkart,UPI,Germany,Laptop,2026-05-12T08:13:45.000+05:30,YES,8,NO,5,YES
14111,43,1080,95858.92,Nike,ATM WITHDRAWAL,Germany,ATM,2026-05-06T10:32:30.000+05:30,YES,10,NO,5,YES
14171,98,1093,77068.51,Amazon,UPI,Singapore,Mobile,2026-04-24T18:35:24.000+05:30,YES,18,NO,4,YES
14559,29,1087,74135.59,Flipkart,CARD,Germany,ATM,2026-04-28T12:14:12.000+05:30,YES,12,NO,4,YES
14588,87,1178,83095.67,Netflix,NET BANKING,UK,Mobile,2026-05-10T01:51:23.000+05:30,YES,1,YES,5,YES
15211,55,1046,62625.11,Apple Store,ATM WITHDRAWAL,Singapore,Tablet,2026-04-21T11:01:06.000+05:30,YES,11,NO,4,YES
16675,97,1070,64188.51,Uber,ATM WITHDRAWAL,Singapore,Laptop,2026-04-20T00:06:16.000+05:30,YES,0,YES,4,YES
17549,13,1106,58037.8,Flipkart,NET BANKING,Germany,ATM,2026-04-19T08:10:24.000+05:30,YES,8,NO,4,YES
17619,85,1106,74583.8,Nike,CARD,Germany,Tablet,2026-05-01T02:11:39.000+05:30,YES,2,YES,5,YES
18225,21,1110,77530.88,Netflix,NET BANKING,Singapore,ATM,2026-05-08T08:40:07.000+05:30,YES,8,NO,5,YES
18280,80,1187,56512.46,Flipkart,ATM WITHDRAWAL,Germany,Tablet,2026-04-24T06:44:49.000+05:30,YES,6,NO,4,YES
18313,44,1139,98993.49,Apple Store,NET BANKING,Germany,ATM,2026-04-20T00:31:48.000+05:30,YES,0,YES,4,YES
18879,81,1135,99864.88,Apple Store,ATM WITHDRAWAL,Singapore,ATM,2026-05-15T14:56:32.000+05:30,YES,14,NO,5,YES
18885,36,1011,52517.45,Netflix,CARD,UK,Tablet,2026-05-13T23:51:29.000+05:30,YES,23,NO,5,YES
19654,73,1107,76336.23,Walmart,NET BANKING,USA,Mobile,2026-05-13T18:56:00.000+05:30,YES,18,NO,5,YES
19743,14,1026,61330.99,Nike,ATM WITHDRAWAL,USA,ATM,2026-05-18T15:57:35.000+05:30,YES,15,NO,5,YES
10219,50,1171,74400.23,Apple Store,ATM WITHDRAWAL,USA,ATM,2026-05-04T12:30:33.000+05:30,YES,12,NO,5,YES
10278,53,1158,95705.67,Flipkart,ATM WITHDRAWAL,Germany,Laptop,2026-04-21T17:11:56.000+05:30,YES,17,NO,4,YES
10602,35,1015,72260.25,Flipkart,NET BANKING,Germany,Mobile,2026-05-05T02:01:57.000+05:30,YES,2,YES,5,YES
10936,71,1010,77559.64,Zomato,CARD,Germany,Mobile,2026-05-13T01:21:40.000+05:30,YES,1,YES,5,YES
12000,11,1102,63874.67,Flipkart,NET BANKING,UK,Tablet,2026-04-19T23:34:58.000+05:30,YES,23,NO,4,YES
12185,57,1198,54594.05,Nike,CARD,Germany,ATM,2026-04-26T15:04:52.000+05:30,YES,15,NO,4,YES
12213,68,1077,97398.62,Swiggy,NET BANKING,Singapore,Mobile,2026-05-05T01:19:14.000+05:30,YES,1,YES,5,YES
12374,9,1015,78414.17,Petrol Pump,NET BANKING,Germany,Laptop,2026-05-04T00:10:07.000+05:30,YES,0,YES,5,YES
12825,31,1176,66071.83,Nike,UPI,Germany,Mobile,2026-05-17T02:09:48.000+05:30,YES,2,YES,5,YES
13371,57,1189,74915.49,Uber,ATM WITHDRAWAL,Germany,Laptop,2026-05-16T14:55:56.000+05:30,YES,14,NO,5,YES
13560,96,1089,50148.54,Swiggy,NET BANKING,UK,Mobile,2026-05-08T02:15:59.000+05:30,YES,2,YES,5,YES
13756,10,1178,74955.9,Flipkart,CARD,UK,Mobile,2026-04-30T23:36:48.000+05:30,YES,23,NO,4,YES
13949,89,1125,78884.83,Amazon,NET BANKING,UK,ATM,2026-04-20T03:30:26.000+05:30,YES,3,YES,4,YES
14762,57,1063,71644.05,Swiggy,ATM WITHDRAWAL,Singapore,ATM,2026-04-29T22:37:03.000+05:30,YES,22,NO,4,YES
15083,56,1153,52839.82,Petrol Pump,UPI,UK,ATM,2026-04-29T03:07:56.000+05:30,YES,3,YES,4,YES
15860,26,1079,98692.84,Nike,NET BANKING,Germany,Tablet,2026-04-20T09:02:37.000+05:30,YES,9,NO,4,YES
16447,21,1107,55667.08,Amazon,CARD,UK,Tablet,2026-04-27T09:32:09.000+05:30,YES,9,NO,4,YES
17278,84,1185,79325.42,Netflix,ATM WITHDRAWAL,Germany,ATM,2026-05-15T07:34:22.000+05:30,YES,7,NO,5,YES
17345,77,1128,50310.13,Uber,ATM WITHDRAWAL,UK,Laptop,2026-05-11T23:25:52.000+05:30,YES,23,NO,5,YES
17398,1,1019,86328.56,Amazon,CARD,USA,ATM,2026-04-23T15:16:07.000+05:30,YES,15,NO,4,YES
19180,33,1133,72873.45,Flipkart,UPI,Germany,Laptop,2026-05-01T10:35:19.000+05:30,YES,10,NO,5,YES
10422,10,1038,59486.16,Uber,CARD,Germany,Mobile,2026-05-15T19:00:44.000+05:30,YES,19,NO,5,YES
12512,39,1126,50092.97,Apple Store,CARD,Singapore,Tablet,2026-05-07T07:48:55.000+05:30,YES,7,NO,5,YES
12551,27,1140,51883.79,Apple Store,CARD,Germany,Tablet,2026-04-23T05:55:50.000+05:30,YES,5,YES,4,YES
12577,89,1008,61344.14,Walmart,NET BANKING,USA,Laptop,2026-05-17T04:48:31.000+05:30,YES,4,YES,5,YES
12615,38,1104,99266.31,Apple Store,NET BANKING,USA,Mobile,2026-05-13T23:13:20.000+05:30,YES,23,NO,5,YES
12879,5,1046,91450.4,Amazon,UPI,UK,Mobile,2026-04-30T13:36:44.000+05:30,YES,13,NO,4,YES
14277,24,1174,70786.76,Netflix,UPI,Singapore,Mobile,2026-05-04T14:03:42.000+05:30,YES,14,NO,5,YES
14712,73,1194,68477.93,Flipkart,ATM WITHDRAWAL,UK,Tablet,2026-05-03T15:02:29.000+05:30,YES,15,NO,5,YES
15756,68,1174,81176.04,Flipkart,NET BANKING,UK,Mobile,2026-05-11T10:04:59.000+05:30,YES,10,NO,5,YES
17329,14,1170,54897.48,Uber,ATM WITHDRAWAL,Singapore,Tablet,2026-04-28T06:29:03.000+05:30,YES,6,NO,4,YES
18089,48,1165,84026.3,Amazon,ATM WITHDRAWAL,UK,ATM,2026-04-28T12:13:05.000+05:30,YES,12,NO,4,YES
18215,4,1184,90399.56,Amazon,NET BANKING,Germany,Laptop,2026-04-29T09:31:28.000+05:30,YES,9,NO,4,YES
18607,64,1033,83065.67,Nike,NET BANKING,USA,Mobile,2026-05-02T15:51:20.000+05:30,YES,15,NO,5,YES
19156,34,1012,62634.65,Amazon,ATM WITHDRAWAL,USA,Tablet,2026-04-19T15:43:33.000+05:30,YES,15,NO,4,YES
19467,62,1003,51161.28,Swiggy,NET BANKING,USA,Tablet,2026-04-26T21:44:03.000+05:30,YES,21,NO,4,YES
19491,14,1070,74889.48,Nike,NET BANKING,Singapore,ATM,2026-04-25T04:33:18.000+05:30,YES,4,YES,4,YES
19538,68,1191,92985.65,Netflix,ATM WITHDRAWAL,UK,Tablet,2026-04-26T15:59:01.000+05:30,YES,15,NO,4,YES
19639,29,1076,94580.13,Zomato,UPI,Singapore,Tablet,2026-05-11T22:38:40.000+05:30,YES,22,NO,5,YES
10161,88,1144,90929.18,Flipkart,CARD,USA,Mobile,2026-05-13T10:14:31.000+05:30,YES,10,NO,5,YES
10378,76,1177,79868.58,Uber,UPI,Germany,Laptop,2026-04-28T09:18:12.000+05:30,YES,9,NO,4,YES
10403,97,1048,62335.94,Flipkart,CARD,UK,Laptop,2026-05-05T12:13:25.000+05:30,YES,12,NO,5,YES
10691,86,1097,79845.52,Petrol Pump,UPI,Germany,Tablet,2026-04-23T08:34:23.000+05:30,YES,8,NO,4,YES
10702,55,1174,72614.43,Zomato,ATM WITHDRAWAL,Singapore,ATM,2026-05-10T15:42:07.000+05:30,YES,15,NO,5,YES
11232,25,1170,83925.7,Zomato,NET BANKING,Singapore,Tablet,2026-05-09T05:16:13.000+05:30,YES,5,YES,5,YES
11325,47,1187,65722.98,Walmart,ATM WITHDRAWAL,USA,Mobile,2026-05-03T10:41:16.000+05:30,YES,10,NO,5,YES
11494,3,1142,50742.2,Apple Store,ATM WITHDRAWAL,Singapore,Mobile,2026-04-19T13:13:38.000+05:30,YES,13,NO,4,YES
11781,57,1178,85350.59,Petrol Pump,UPI,USA,Laptop,2026-04-27T06:13:59.000+05:30,YES,6,NO,4,YES
14150,77,1038,65806.88,Flipkart,NET BANKING,Singapore,Mobile,2026-05-02T05:09:58.000+05:30,YES,5,YES,5,YES
14677,32,1098,89616.87,Flipkart,NET BANKING,USA,Laptop,2026-04-27T08:07:51.000+05:30,YES,8,NO,4,YES
14932,33,1004,55620.63,Petrol Pump,ATM WITHDRAWAL,Singapore,Tablet,2026-04-27T10:56:20.000+05:30,YES,10,NO,4,YES
16221,17,1138,83998.54,Nike,ATM WITHDRAWAL,USA,ATM,2026-04-28T14:47:01.000+05:30,YES,14,NO,4,YES
16907,76,1060,85425.4,Zomato,NET BANKING,Singapore,Tablet,2026-05-02T12:55:03.000+05:30,YES,12,NO,5,YES
17170,32,1134,94902.66,Flipkart,UPI,USA,ATM,2026-05-07T18:16:52.000+05:30,YES,18,NO,5,YES
17409,34,1198,93261.91,Zomato,CARD,Singapore,ATM,2026-05-03T15:59:58.000+05:30,YES,15,NO,5,YES
18352,70,1043,81538.67,Swiggy,UPI,UK,Tablet,2026-04-29T23:10:49.000+05:30,YES,23,NO,4,YES
10292,36,1003,78164.3,Walmart,ATM WITHDRAWAL,USA,Tablet,2026-05-10T01:06:27.000+05:30,YES,1,YES,5,YES
10400,39,1001,87263.59,Walmart,ATM WITHDRAWAL,Singapore,Tablet,2026-05-11T11:49:19.000+05:30,YES,11,NO,5,YES
10513,85,1097,71823.05,Zomato,NET BANKING,Germany,ATM,2026-04-20T04:42:50.000+05:30,YES,4,YES,4,YES
10977,47,1083,99559.08,Apple Store,NET BANKING,Germany,ATM,2026-04-26T01:35:21.000+05:30,YES,1,YES,4,YES
11900,17,1136,74290.66,Nike,ATM WITHDRAWAL,Singapore,Laptop,2026-05-02T00:00:23.000+05:30,YES,0,YES,5,YES
12530,73,1062,64749.94,Netflix,NET BANKING,Germany,Mobile,2026-05-08T16:45:12.000+05:30,YES,16,NO,5,YES
12722,43,1055,84266.85,Petrol Pump,UPI,Germany,Laptop,2026-05-08T23:40:07.000+05:30,YES,23,NO,5,YES
13544,77,1012,91251.73,Apple Store,NET BANKING,USA,Tablet,2026-05-11T18:13:49.000+05:30,YES,18,NO,5,YES
14153,94,1189,73058.53,Uber,CARD,Germany,Laptop,2026-04-21T12:34:36.000+05:30,YES,12,NO,4,YES
14323,76,1132,75232.85,Swiggy,CARD,Germany,ATM,2026-05-11T09:01:26.000+05:30,YES,9,NO,5,YES
14368,16,1067,77082.22,Flipkart,UPI,UK,ATM,2026-05-03T23:03:51.000+05:30,YES,23,NO,5,YES
15047,56,1107,53498.69,Netflix,ATM WITHDRAWAL,UK,Mobile,2026-04-27T05:40:56.000+05:30,YES,5,YES,4,YES
15151,34,1125,74260.05,Uber,CARD,Germany,Laptop,2026-05-08T16:45:42.000+05:30,YES,16,NO,5,YES
15824,74,1168,72977.68,Petrol Pump,ATM WITHDRAWAL,UK,Mobile,2026-04-28T00:51:32.000+05:30,YES,0,YES,4,YES
16316,89,1117,50032.13,Netflix,NET BANKING,USA,Mobile,2026-05-07T14:10:34.000+05:30,YES,14,NO,5,YES
17140,31,1181,78353.13,Nike,NET BANKING,Singapore,Laptop,2026-05-15T14:30:04.000+05:30,YES,14,NO,5,YES
19020,92,1004,92461.7,Amazon,ATM WITHDRAWAL,USA,ATM,2026-04-19T22:20:46.000+05:30,YES,22,NO,4,YES
10362,26,1170,82910.05,Amazon,NET BANKING,Singapore,Mobile,2026-05-17T10:00:48.000+05:30,YES,10,NO,5,YES
11221,4,1123,63873.47,Zomato,UPI,Singapore,Tablet,2026-05-17T03:08:52.000+05:30,YES,3,YES,5,YES
12499,17,1174,50783.79,Netflix,CARD,Germany,Tablet,2026-05-17T22:03:35.000+05:30,YES,22,NO,5,YES
13952,53,1119,65613.41,Apple Store,CARD,Germany,Tablet,2026-05-05T20:26:27.000+05:30,YES,20,NO,5,YES
14977,24,1181,76445.4,Flipkart,ATM WITHDRAWAL,Germany,Laptop,2026-04-27T07:28:14.000+05:30,YES,7,NO,4,YES
15092,99,1031,75606.24,Apple Store,CARD,UK,Mobile,2026-05-02T19:56:35.000+05:30,YES,19,NO,5,YES
16422,23,1050,64319.56,Uber,ATM WITHDRAWAL,Germany,ATM,2026-04-21T04:19:00.000+05:30,YES,4,YES,4,YES
17422,88,1181,60212.81,Walmart,NET BANKING,Germany,Tablet,2026-04-26T17:56:13.000+05:30,YES,17,NO,4,YES
17565,31,1064,98093.6,Swiggy,NET BANKING,Germany,ATM,2026-05-04T00:38:41.000+05:30,YES,0,YES,5,YES
19419,92,1036,99022.48,Amazon,UPI,UK,Mobile,2026-05-09T18:23:41.000+05:30,YES,18,NO,5,YES
10972,70,1143,74495.2,Flipkart,UPI,Singapore,Tablet,2026-05-12T19:52:37.000+05:30,YES,19,NO,5,YES
11790,16,1078,98733.47,Flipkart,CARD,Germany,Mobile,2026-04-19T18:24:12.000+05:30,YES,18,NO,4,YES
11980,93,1145,74703.24,Apple Store,NET BANKING,UK,Mobile,2026-05-13T11:03:16.000+05:30,YES,11,NO,5,YES
12745,65,1100,68552.57,Apple Store,NET BANKING,Germany,Tablet,2026-05-15T09:36:15.000+05:30,YES,9,NO,5,YES
13253,49,1185,90557.1,Walmart,ATM WITHDRAWAL,UK,Laptop,2026-04-20T06:34:50.000+05:30,YES,6,NO,4,YES
13667,39,1196,91578.13,Uber,UPI,UK,ATM,2026-05-12T19:28:14.000+05:30,YES,19,NO,5,YES
13961,43,1133,81205.72,Amazon,ATM WITHDRAWAL,Germany,ATM,2026-05-15T07:16:43.000+05:30,YES,7,NO,5,YES
14861,51,1126,64856.7,Swiggy,NET BANKING,USA,Mobile,2026-05-07T09:20:42.000+05:30,YES,9,NO,5,YES
15135,53,1149,51353.05,Amazon,NET BANKING,USA,Laptop,2026-05-17T10:50:24.000+05:30,YES,10,NO,5,YES
15332,91,1188,89586.5,Swiggy,NET BANKING,Singapore,Tablet,2026-05-14T00:14:53.000+05:30,YES,0,YES,5,YES
17484,64,1065,61910.65,Apple Store,ATM WITHDRAWAL,Singapore,Laptop,2026-04-28T12:31:50.000+05:30,YES,12,NO,4,YES
17775,42,1035,77406.71,Walmart,NET BANKING,USA,Laptop,2026-05-10T06:29:06.000+05:30,YES,6,NO,5,YES
18667,53,1182,65195.22,Amazon,NET BANKING,Singapore,Laptop,2026-04-26T18:02:33.000+05:30,YES,18,NO,4,YES
18724,18,1113,55265.25,Amazon,CARD,Singapore,Laptop,2026-05-11T11:25:14.000+05:30,YES,11,NO,5,YES
19410,42,1156,94470.79,Amazon,UPI,Germany,Laptop,2026-04-29T22:04:03.000+05:30,YES,22,NO,4,YES
10052,77,1159,75280.54,Petrol Pump,ATM WITHDRAWAL,UK,Tablet,2026-05-03T03:36:33.000+05:30,YES,3,YES,5,YES
10061,24,1055,84716.8,Petrol Pump,NET BANKING,Germany,Laptop,2026-05-01T22:37:07.000+05:30,YES,22,NO,5,YES
10492,64,1021,68370.09,Uber,UPI,USA,Laptop,2026-05-02T12:45:45.000+05:30,YES,12,NO,5,YES
11092,73,1155,58522.98,Apple Store,ATM WITHDRAWAL,Germany,ATM,2026-04-20T22:24:16.000+05:30,YES,22,NO,4,YES
12420,11,1157,82561.54,Uber,UPI,Germany,Mobile,2026-05-08T15:17:22.000+05:30,YES,15,NO,5,YES
12971,42,1133,81154.28,Walmart,NET BANKING,USA,Mobile,2026-05-01T09:38:15.000+05:30,YES,9,NO,5,YES
14139,52,1085,83956.85,Apple Store,ATM WITHDRAWAL,USA,Tablet,2026-04-21T01:10:05.000+05:30,YES,1,YES,4,YES
14506,45,1169,61547.34,Apple Store,CARD,Germany,Mobile,2026-04-25T14:00:28.000+05:30,YES,14,NO,4,YES
15068,68,1172,69869.45,Swiggy,UPI,Singapore,Mobile,2026-05-04T13:17:52.000+05:30,YES,13,NO,5,YES
15960,50,1121,72293.15,Nike,ATM WITHDRAWAL,Germany,Mobile,2026-05-02T22:42:37.000+05:30,YES,22,NO,5,YES
17447,23,1113,73619.44,Apple Store,NET BANKING,Singapore,Tablet,2026-04-24T09:53:07.000+05:30,YES,9,NO,4,YES
18498,24,1093,83424.21,Petrol Pump,ATM WITHDRAWAL,Germany,Laptop,2026-05-06T04:28:02.000+05:30,YES,4,YES,5,YES
18655,22,1131,68447.66,Netflix,ATM WITHDRAWAL,Germany,Mobile,2026-05-18T12:44:37.000+05:30,YES,12,NO,5,YES
19023,59,1091,95176.94,Zomato,CARD,Germany,ATM,2026-05-06T13:47:22.000+05:30,YES,13,NO,5,YES
19092,47,1198,88308.74,Zomato,CARD,USA,Tablet,2026-05-09T23:38:14.000+05:30,YES,23,NO,5,YES
19220,9,1136,55460.08,Flipkart,UPI,Singapore,Mobile,2026-05-07T08:17:38.000+05:30,YES,8,NO,5,YES
10204,9,1106,90184.68,Petrol Pump,UPI,USA,Mobile,2026-04-22T14:13:17.000+05:30,YES,14,NO,4,YES
11160,4,1134,91609.62,Amazon,CARD,Singapore,Tablet,2026-05-09T14:56:30.000+05:30,YES,14,NO,5,YES
12421,50,1171,95264.34,Swiggy,UPI,Germany,ATM,2026-05-15T04:13:48.000+05:30,YES,4,YES,5,YES
12585,56,1048,73361.21,Netflix,UPI,Singapore,ATM,2026-05-14T18:31:45.000+05:30,YES,18,NO,5,YES
13071,27,1046,90087.22,Uber,CARD,Germany,Mobile,2026-05-15T18:29:07.000+05:30,YES,18,NO,5,YES
14215,15,1169,67574.29,Nike,ATM WITHDRAWAL,Germany,Mobile,2026-05-01T04:45:46.000+05:30,YES,4,YES,5,YES
14301,22,1123,78337.84,Amazon,NET BANKING,Germany,Mobile,2026-04-20T03:50:54.000+05:30,YES,3,YES,4,YES
14411,10,1076,63112.72,Netflix,ATM WITHDRAWAL,USA,Laptop,2026-05-09T08:02:24.000+05:30,YES,8,NO,5,YES
14551,41,1035,83616.05,Apple Store,UPI,UK,Tablet,2026-04-27T23:23:07.000+05:30,YES,23,NO,4,YES
15880,26,1143,57886.83,Amazon,CARD,Singapore,Mobile,2026-04-18T18:02:39.000+05:30,YES,18,NO,4,YES
16771,83,1195,95248.39,Apple Store,UPI,UK,ATM,2026-05-02T01:28:23.000+05:30,YES,1,YES,5,YES
17609,79,1019,69242.4,Netflix,NET BANKING,UK,Mobile,2026-05-01T14:38:40.000+05:30,YES,14,NO,5,YES
19524,44,1005,66613.71,Walmart,CARD,USA,Tablet,2026-05-15T07:35:13.000+05:30,YES,7,NO,5,YES
10092,79,1026,55085.86,Amazon,UPI,Germany,Tablet,2026-05-07T07:21:29.000+05:30,YES,7,NO,5,YES
10514,55,1067,90272.83,Walmart,CARD,UK,ATM,2026-05-02T20:35:07.000+05:30,YES,20,NO,5,YES
11289,25,1102,72894.13,Zomato,UPI,Singapore,ATM,2026-05-02T20:51:52.000+05:30,YES,20,NO,5,YES
11425,8,1109,97028.35,Apple Store,NET BANKING,UK,Tablet,2026-05-01T13:03:30.000+05:30,YES,13,NO,5,YES
11826,47,1186,89087.08,Uber,UPI,Singapore,Mobile,2026-05-17T15:07:02.000+05:30,YES,15,NO,5,YES
12106,9,1137,88573.93,Uber,NET BANKING,Singapore,Tablet,2026-05-03T14:54:13.000+05:30,YES,14,NO,5,YES
12259,7,1054,81266.66,Walmart,NET BANKING,Germany,Mobile,2026-04-19T10:34:02.000+05:30,YES,10,NO,4,YES
12279,20,1001,68439.89,Apple Store,CARD,USA,Mobile,2026-05-04T00:42:15.000+05:30,YES,0,YES,5,YES
12396,90,1172,60232.9,Swiggy,UPI,Germany,Mobile,2026-04-19T22:28:43.000+05:30,YES,22,NO,4,YES
12589,99,1008,52409.72,Flipkart,ATM WITHDRAWAL,UK,Laptop,2026-05-01T02:08:01.000+05:30,YES,2,YES,5,YES
12590,18,1123,92812.24,Nike,CARD,USA,Laptop,2026-04-28T21:17:37.000+05:30,YES,21,NO,4,YES
13297,77,1128,77260.76,Swiggy,CARD,Singapore,Laptop,2026-04-22T02:57:14.000+05:30,YES,2,YES,4,YES
13573,86,1144,79778.06,Walmart,ATM WITHDRAWAL,Singapore,Mobile,2026-04-20T20:55:08.000+05:30,YES,20,NO,4,YES
13865,30,1157,63654.26,Amazon,CARD,Germany,Tablet,2026-04-23T22:25:13.000+05:30,YES,22,NO,4,YES
13923,19,1039,69523.75,Netflix,UPI,Germany,ATM,2026-04-27T21:39:34.000+05:30,YES,21,NO,4,YES
13994,100,1155,72167.13,Petrol Pump,ATM WITHDRAWAL,UK,ATM,2026-05-05T13:02:34.000+05:30,YES,13,NO,5,YES
14193,31,1096,56170.56,Flipkart,ATM WITHDRAWAL,Singapore,ATM,2026-04-21T21:28:50.000+05:30,YES,21,NO,4,YES
14950,63,1175,89504.33,Flipkart,UPI,USA,Laptop,2026-05-06T10:20:09.000+05:30,YES,10,NO,5,YES
15196,68,1161,96991.59,Petrol Pump,CARD,UK,ATM,2026-05-03T08:17:54.000+05:30,YES,8,NO,5,YES
15509,54,1200,92150.63,Swiggy,UPI,USA,ATM,2026-04-28T21:36:10.000+05:30,YES,21,NO,4,YES
16736,12,1198,74678.09,Netflix,NET BANKING,Germany,ATM,2026-04-29T17:03:04.000+05:30,YES,17,NO,4,YES
17235,13,1188,73961.7,Netflix,ATM WITHDRAWAL,Singapore,ATM,2026-04-19T11:00:36.000+05:30,YES,11,NO,4,YES
17654,50,1192,89213.69,Walmart,UPI,UK,ATM,2026-05-05T12:57:21.000+05:30,YES,12,NO,5,YES
18165,41,1137,95637.4,Walmart,ATM WITHDRAWAL,Germany,Tablet,2026-04-19T17:53:43.000+05:30,YES,17,NO,4,YES
18719,97,1091,68039.77,Nike,UPI,UK,Laptop,2026-04-22T05:57:34.000+05:30,YES,5,YES,4,YES
18988,58,1070,50035.21,Zomato,UPI,Singapore,Mobile,2026-04-30T11:25:44.000+05:30,YES,11,NO,4,YES
19346,100,1015,62397.11,Apple Store,ATM WITHDRAWAL,UK,Laptop,2026-04-29T08:54:12.000+05:30,YES,8,NO,4,YES
19421,36,1091,94492.79,Apple Store,UPI,Singapore,Mobile,2026-04-21T20:40:55.000+05:30,YES,20,NO,4,YES
19834,82,1027,68502.71,Swiggy,UPI,USA,Mobile,2026-05-09T23:40:35.000+05:30,YES,23,NO,5,YES
10882,23,1030,59380.0,Nike,ATM WITHDRAWAL,UK,ATM,2026-05-07T18:39:33.000+05:30,YES,18,NO,5,YES
11197,96,1106,81606.14,Walmart,ATM WITHDRAWAL,Singapore,Tablet,2026-04-24T00:47:57.000+05:30,YES,0,YES,4,YES
12256,68,1043,69896.41,Walmart,CARD,UK,Tablet,2026-04-26T12:00:29.000+05:30,YES,12,NO,4,YES
13085,45,1099,97239.79,Flipkart,ATM WITHDRAWAL,Germany,Laptop,2026-04-21T10:52:46.000+05:30,YES,10,NO,4,YES
14123,26,1110,86655.72,Amazon,NET BANKING,Singapore,ATM,2026-05-14T15:31:24.000+05:30,YES,15,NO,5,YES
14617,28,1187,92487.78,Amazon,UPI,Germany,Laptop,2026-05-14T22:51:33.000+05:30,YES,22,NO,5,YES
14888,71,1082,89627.96,Nike,NET BANKING,Germany,ATM,2026-05-16T05:10:26.000+05:30,YES,5,YES,5,YES
16517,95,1051,75308.72,Flipkart,CARD,Singapore,Laptop,2026-04-28T18:51:22.000+05:30,YES,18,NO,4,YES
16744,20,1046,93865.27,Swiggy,CARD,Germany,Mobile,2026-05-10T04:01:02.000+05:30,YES,4,YES,5,YES
16920,44,1044,51850.59,Netflix,UPI,Germany,Tablet,2026-04-19T01:44:35.000+05:30,YES,1,YES,4,YES
17024,42,1001,98230.97,Nike,CARD,USA,ATM,2026-04-26T13:10:38.000+05:30,YES,13,NO,4,YES
17560,65,1061,62969.72,Swiggy,ATM WITHDRAWAL,UK,Laptop,2026-05-13T02:37:35.000+05:30,YES,2,YES,5,YES
18229,71,1009,71276.26,Walmart,CARD,UK,Laptop,2026-05-10T10:07:21.000+05:30,YES,10,NO,5,YES
19174,1,1030,73085.42,Amazon,UPI,Germany,ATM,2026-05-06T22:11:00.000+05:30,YES,22,NO,5,YES
19432,28,1090,65153.42,Amazon,ATM WITHDRAWAL,Singapore,ATM,2026-04-29T03:39:18.000+05:30,YES,3,YES,4,YES
19512,81,1025,55109.25,Amazon,NET BANKING,Germany,Laptop,2026-05-09T13:58:59.000+05:30,YES,13,NO,5,YES
19544,20,1143,87026.51,Zomato,UPI,USA,ATM,2026-04-28T21:43:00.000+05:30,YES,21,NO,4,YES
10281,32,1101,96291.12,Flipkart,NET BANKING,Germany,Tablet,2026-05-13T13:56:58.000+05:30,YES,13,NO,5,YES
10711,99,1016,88370.64,Swiggy,UPI,USA,Tablet,2026-04-25T15:27:32.000+05:30,YES,15,NO,4,YES
11087,6,1178,54409.73,Netflix,ATM WITHDRAWAL,Singapore,Mobile,2026-05-10T12:28:08.000+05:30,YES,12,NO,5,YES
11488,72,1087,74647.37,Uber,UPI,USA,Mobile,2026-05-14T16:16:48.000+05:30,YES,16,NO,5,YES
12460,23,1134,61860.97,Netflix,CARD,UK,Tablet,2026-05-04T03:36:08.000+05:30,YES,3,YES,5,YES
12642,18,1164,78740.73,Swiggy,CARD,UK,ATM,2026-05-15T06:32:50.000+05:30,YES,6,NO,5,YES
12953,40,1125,88424.08,Swiggy,NET BANKING,USA,Laptop,2026-05-17T11:17:30.000+05:30,YES,11,NO,5,YES
15239,36,1189,83312.83,Uber,NET BANKING,Singapore,Mobile,2026-05-07T19:41:24.000+05:30,YES,19,NO,5,YES
15596,38,1182,98109.07,Apple Store,CARD,UK,Mobile,2026-04-29T18:47:32.000+05:30,YES,18,NO,4,YES
16351,72,1019,68381.26,Amazon,NET BANKING,USA,Laptop,2026-04-19T16:55:54.000+05:30,YES,16,NO,4,YES
16757,20,1105,55369.88,Swiggy,CARD,USA,Tablet,2026-04-26T03:09:42.000+05:30,YES,3,YES,4,YES
17534,53,1069,67693.15,Swiggy,ATM WITHDRAWAL,Singapore,Laptop,2026-05-09T04:07:54.000+05:30,YES,4,YES,5,YES
17910,47,1090,57365.27,Apple Store,CARD,Singapore,ATM,2026-05-08T07:18:26.000+05:30,YES,7,NO,5,YES
18619,62,1027,53757.32,Nike,NET BANKING,UK,Tablet,2026-04-28T21:13:48.000+05:30,YES,21,NO,4,YES
19803,66,1022,80663.95,Zomato,UPI,UK,Laptop,2026-05-13T22:10:00.000+05:30,YES,22,NO,5,YES
19897,34,1086,92879.49,Netflix,ATM WITHDRAWAL,USA,Laptop,2026-04-24T22:29:37.000+05:30,YES,22,NO,4,YES
11688,15,1075,73084.15,Swiggy,ATM WITHDRAWAL,Germany,Mobile,2026-05-01T02:43:37.000+05:30,YES,2,YES,5,YES
11694,50,1008,89648.95,Nike,CARD,USA,ATM,2026-04-28T12:36:24.000+05:30,YES,12,NO,4,YES
12431,79,1183,96280.16,Netflix,CARD,USA,Mobile,2026-05-17T05:48:35.000+05:30,YES,5,YES,5,YES
12614,58,1086,79252.53,Apple Store,ATM WITHDRAWAL,USA,ATM,2026-05-16T09:48:20.000+05:30,YES,9,NO,5,YES
15389,26,1196,69819.04,Apple Store,NET BANKING,USA,Tablet,2026-04-25T22:15:46.000+05:30,YES,22,NO,4,YES
15397,47,1027,71937.84,Apple Store,UPI,USA,Laptop,2026-05-05T16:11:31.000+05:30,YES,16,NO,5,YES
17137,18,1169,87443.62,Swiggy,NET BANKING,Singapore,Laptop,2026-04-26T16:22:34.000+05:30,YES,16,NO,4,YES
18142,72,1176,51710.68,Zomato,CARD,Singapore,Mobile,2026-04-23T22:26:50.000+05:30,YES,22,NO,4,YES
18834,58,1152,98257.63,Zomato,NET BANKING,UK,Tablet,2026-05-03T19:25:18.000+05:30,YES,19,NO,5,YES
18836,96,1079,87919.04,Nike,ATM WITHDRAWAL,Singapore,Tablet,2026-05-12T16:05:32.000+05:30,YES,16,NO,5,YES
19056,65,1021,58464.84,Zomato,ATM WITHDRAWAL,UK,ATM,2026-05-02T12:30:20.000+05:30,YES,12,NO,5,YES
19318,32,1128,83734.75,Zomato,NET BANKING,Singapore,Mobile,2026-05-08T00:23:44.000+05:30,YES,0,YES,5,YES
19637,19,1100,62756.89,Amazon,CARD,Germany,Mobile,2026-04-21T22:13:59.000+05:30,YES,22,NO,4,YES
19763,93,1077,60339.79,Petrol Pump,ATM WITHDRAWAL,Singapore,ATM,2026-04-29T17:30:28.000+05:30,YES,17,NO,4,YES
10414,52,1152,84775.45,Swiggy,UPI,Germany,ATM,2026-04-20T18:23:31.000+05:30,YES,18,NO,4,YES
13082,9,1139,60106.38,Flipkart,NET BANKING,USA,Tablet,2026-04-27T02:34:43.000+05:30,YES,2,YES,4,YES
13598,16,1099,68846.01,Nike,ATM WITHDRAWAL,Singapore,Tablet,2026-05-03T04:17:45.000+05:30,YES,4,YES,5,YES
14948,100,1073,87853.9,Petrol Pump,CARD,Germany,ATM,2026-05-08T18:53:51.000+05:30,YES,18,NO,5,YES
15936,85,1101,50321.82,Netflix,CARD,USA,Laptop,2026-05-03T23:34:04.000+05:30,YES,23,NO,5,YES
16000,61,1050,95671.46,Petrol Pump,ATM WITHDRAWAL,Singapore,Mobile,2026-05-17T11:22:38.000+05:30,YES,11,NO,5,YES
16182,32,1035,86127.71,Zomato,ATM WITHDRAWAL,UK,ATM,2026-05-02T18:08:44.000+05:30,YES,18,NO,5,YES
16295,28,1143,61414.42,Apple Store,UPI,UK,ATM,2026-05-11T12:58:37.000+05:30,YES,12,NO,5,YES
16419,96,1188,65732.03,Flipkart,UPI,Singapore,Mobile,2026-04-29T11:15:18.000+05:30,YES,11,NO,4,YES
17877,24,1120,58152.37,Amazon,CARD,UK,ATM,2026-04-21T13:40:02.000+05:30,YES,13,NO,4,YES
19752,98,1084,69481.99,Zomato,CARD,Germany,Tablet,2026-04-24T14:48:39.000+05:30,YES,14,NO,4,YES
10242,4,1198,97867.7,Netflix,UPI,USA,Tablet,2026-05-14T05:01:27.000+05:30,YES,5,YES,5,YES
10646,80,1099,81658.78,Petrol Pump,NET BANKING,Germany,Mobile,2026-04-27T04:36:38.000+05:30,YES,4,YES,4,YES
11077,63,1004,71660.56,Netflix,ATM WITHDRAWAL,Singapore,ATM,2026-05-17T01:48:06.000+05:30,YES,1,YES,5,YES
11214,30,1025,94277.4,Uber,CARD,Singapore,ATM,2026-04-30T02:26:24.000+05:30,YES,2,YES,4,YES
11802,92,1068,98317.95,Amazon,UPI,UK,Mobile,2026-04-19T04:45:25.000+05:30,YES,4,YES,4,YES
12455,49,1045,93862.23,Zomato,CARD,USA,ATM,2026-04-26T12:34:34.000+05:30,YES,12,NO,4,YES
12747,69,1185,79754.39,Nike,NET BANKING,Germany,Laptop,2026-05-01T22:32:22.000+05:30,YES,22,NO,5,YES
12888,16,1004,71400.89,Petrol Pump,CARD,USA,Laptop,2026-04-30T10:28:08.000+05:30,YES,10,NO,4,YES
13283,85,1011,78679.7,Swiggy,UPI,Germany,Mobile,2026-05-09T20:44:18.000+05:30,YES,20,NO,5,YES
14223,65,1004,73550.69,Netflix,NET BANKING,Singapore,ATM,2026-05-16T20:33:20.000+05:30,YES,20,NO,5,YES
15330,81,1015,60304.04,Swiggy,NET BANKING,UK,Laptop,2026-04-23T12:04:19.000+05:30,YES,12,NO,4,YES
15831,22,1009,84172.91,Nike,CARD,Singapore,Mobile,2026-05-05T23:25:57.000+05:30,YES,23,NO,5,YES
16072,46,1009,65243.45,Uber,ATM WITHDRAWAL,USA,Laptop,2026-04-19T03:53:08.000+05:30,YES,3,YES,4,YES
16917,46,1184,87117.78,Apple Store,UPI,UK,Laptop,2026-04-20T20:22:59.000+05:30,YES,20,NO,4,YES
16964,81,1176,68617.06,Zomato,UPI,USA,Laptop,2026-04-21T01:30:10.000+05:30,YES,1,YES,4,YES
11030,60,1079,80890.35,Apple Store,NET BANKING,UK,ATM,2026-05-13T02:23:01.000+05:30,YES,2,YES,5,YES
11414,85,1171,82362.39,Nike,UPI,Germany,Laptop,2026-05-11T09:24:15.000+05:30,YES,9,NO,5,YES
12350,70,1123,87343.75,Flipkart,CARD,Singapore,Laptop,2026-05-09T19:49:35.000+05:30,YES,19,NO,5,YES
12393,81,1013,72611.48,Swiggy,NET BANKING,Singapore,Tablet,2026-04-30T20:25:35.000+05:30,YES,20,NO,4,YES
13962,71,1028,67496.36,Apple Store,ATM WITHDRAWAL,UK,ATM,2026-05-04T16:15:09.000+05:30,YES,16,NO,5,YES
14623,39,1007,83119.73,Swiggy,ATM WITHDRAWAL,UK,Laptop,2026-05-17T14:45:10.000+05:30,YES,14,NO,5,YES
15046,76,1073,82282.97,Nike,ATM WITHDRAWAL,USA,Tablet,2026-04-18T23:35:44.000+05:30,YES,23,NO,4,YES
16030,23,1198,62121.88,Uber,UPI,Singapore,ATM,2026-04-30T10:29:39.000+05:30,YES,10,NO,4,YES
16463,9,1153,61795.78,Nike,CARD,Germany,Mobile,2026-05-03T17:20:08.000+05:30,YES,17,NO,5,YES
16864,9,1190,58098.07,Nike,NET BANKING,UK,Mobile,2026-04-28T04:20:01.000+05:30,YES,4,YES,4,YES
16958,10,1003,90523.61,Petrol Pump,ATM WITHDRAWAL,Germany,Mobile,2026-04-19T10:05:54.000+05:30,YES,10,NO,4,YES
17202,83,1099,54223.94,Nike,CARD,Singapore,Mobile,2026-05-05T21:15:00.000+05:30,YES,21,NO,5,YES
17837,62,1182,81501.3,Walmart,NET BANKING,USA,Tablet,2026-04-22T07:05:14.000+05:30,YES,7,NO,4,YES
18092,99,1196,76931.36,Uber,NET BANKING,USA,Tablet,2026-05-01T00:17:21.000+05:30,YES,0,YES,5,YES
18844,18,1053,70035.26,Netflix,CARD,UK,ATM,2026-05-11T00:19:40.000+05:30,YES,0,YES,5,YES
18899,67,1083,89853.85,Walmart,UPI,USA,Mobile,2026-05-09T22:13:25.000+05:30,YES,22,NO,5,YES
10486,76,1148,65568.99,Netflix,UPI,UK,Laptop,2026-05-02T17:41:06.000+05:30,YES,17,NO,5,YES
10742,82,1014,84543.34,Swiggy,CARD,Singapore,Laptop,2026-04-25T03:22:16.000+05:30,YES,3,YES,4,YES
10814,32,1195,76752.28,Apple Store,UPI,Singapore,Mobile,2026-04-26T04:37:37.000+05:30,YES,4,YES,4,YES
11259,66,1166,63931.05,Walmart,NET BANKING,Singapore,Mobile,2026-05-10T05:17:33.000+05:30,YES,5,YES,5,YES
11454,2,1045,68019.63,Zomato,CARD,Singapore,Tablet,2026-05-15T20:18:47.000+05:30,YES,20,NO,5,YES
12605,99,1040,93708.1,Walmart,CARD,Singapore,Laptop,2026-04-26T23:15:06.000+05:30,YES,23,NO,4,YES
12674,25,1136,54113.75,Apple Store,CARD,UK,Mobile,2026-05-04T14:07:19.000+05:30,YES,14,NO,5,YES
12701,1,1085,85161.53,Walmart,CARD,Germany,ATM,2026-05-05T13:32:18.000+05:30,YES,13,NO,5,YES
12819,57,1084,93176.63,Amazon,CARD,UK,Tablet,2026-05-11T04:03:52.000+05:30,YES,4,YES,5,YES
14021,87,1045,97312.83,Walmart,CARD,USA,Mobile,2026-05-12T11:11:59.000+05:30,YES,11,NO,5,YES
14266,69,1080,94577.84,Flipkart,NET BANKING,UK,Tablet,2026-04-28T08:23:43.000+05:30,YES,8,NO,4,YES
15315,40,1025,73945.41,Amazon,NET BANKING,UK,Mobile,2026-05-16T11:00:09.000+05:30,YES,11,NO,5,YES
15385,18,1072,91998.62,Flipkart,UPI,Germany,Laptop,2026-04-27T02:21:54.000+05:30,YES,2,YES,4,YES
15418,55,1046,99759.66,Flipkart,ATM WITHDRAWAL,USA,ATM,2026-05-07T17:15:09.000+05:30,YES,17,NO,5,YES
15603,26,1191,72409.4,Uber,UPI,UK,ATM,2026-04-29T04:41:22.000+05:30,YES,4,YES,4,YES
16069,35,1039,61584.43,Nike,CARD,Singapore,ATM,2026-04-19T03:57:23.000+05:30,YES,3,YES,4,YES
16271,46,1178,94190.63,Netflix,ATM WITHDRAWAL,Germany,Mobile,2026-05-06T16:06:00.000+05:30,YES,16,NO,5,YES
17666,92,1074,85465.74,Flipkart,UPI,USA,Mobile,2026-05-01T02:33:58.000+05:30,YES,2,YES,5,YES
18327,58,1163,55613.66,Swiggy,UPI,USA,Mobile,2026-04-29T19:48:25.000+05:30,YES,19,NO,4,YES
18798,41,1138,73591.51,Netflix,NET BANKING,UK,Tablet,2026-05-03T19:10:58.000+05:30,YES,19,NO,5,YES
19138,24,1190,84825.95,Amazon,NET BANKING,Germany,Mobile,2026-04-24T20:59:37.000+05:30,YES,20,NO,4,YES
10142,20,1064,60796.63,Flipkart,UPI,USA,ATM,2026-05-14T10:04:05.000+05:30,YES,10,NO,5,YES
11962,45,1132,98849.99,Amazon,CARD,USA,ATM,2026-05-06T06:47:43.000+05:30,YES,6,NO,5,YES
12242,38,1145,96758.63,Uber,CARD,Singapore,Mobile,2026-05-09T16:14:08.000+05:30,YES,16,NO,5,YES
12546,63,1150,68856.95,Zomato,UPI,USA,ATM,2026-05-13T00:38:59.000+05:30,YES,0,YES,5,YES
13941,86,1128,58190.49,Petrol Pump,CARD,USA,Mobile,2026-04-19T02:25:46.000+05:30,YES,2,YES,4,YES
14138,21,1041,79424.52,Zomato,NET BANKING,UK,ATM,2026-05-08T23:47:56.000+05:30,YES,23,NO,5,YES
14652,44,1117,96340.77,Uber,UPI,Germany,Laptop,2026-04-23T03:10:18.000+05:30,YES,3,YES,4,YES
15409,40,1032,60260.55,Zomato,CARD,UK,Tablet,2026-05-07T06:31:51.000+05:30,YES,6,NO,5,YES
15858,59,1020,85095.19,Apple Store,UPI,Singapore,Laptop,2026-05-07T19:18:48.000+05:30,YES,19,NO,5,YES
16672,32,1018,94318.09,Petrol Pump,CARD,USA,ATM,2026-05-01T03:16:05.000+05:30,YES,3,YES,5,YES
17145,82,1022,98472.48,Amazon,NET BANKING,Singapore,Tablet,2026-05-06T09:01:49.000+05:30,YES,9,NO,5,YES
17300,55,1173,92955.16,Amazon,ATM WITHDRAWAL,Germany,Tablet,2026-04-23T16:56:34.000+05:30,YES,16,NO,4,YES
18968,29,1072,87861.36,Apple Store,ATM WITHDRAWAL,Singapore,Mobile,2026-04-25T04:18:08.000+05:30,YES,4,YES,4,YES
19389,3,1120,56865.52,Walmart,UPI,Singapore,Laptop,2026-04-29T14:33:09.000+05:30,YES,14,NO,4,YES
11642,62,1166,91761.67,Petrol Pump,UPI,Germany,Laptop,2026-04-22T19:25:51.000+05:30,YES,19,NO,4,YES
12179,70,1038,92594.34,Walmart,CARD,Germany,ATM,2026-04-21T02:08:17.000+05:30,YES,2,YES,4,YES
12834,48,1130,75106.81,Flipkart,NET BANKING,Germany,Tablet,2026-05-08T04:47:37.000+05:30,YES,4,YES,5,YES
13494,78,1037,96462.35,Zomato,UPI,Singapore,Mobile,2026-05-14T03:52:50.000+05:30,YES,3,YES,5,YES
14417,85,1107,70912.45,Walmart,ATM WITHDRAWAL,UK,ATM,2026-05-16T00:09:06.000+05:30,YES,0,YES,5,YES
14660,7,1051,92767.62,Netflix,UPI,Singapore,ATM,2026-04-28T11:34:17.000+05:30,YES,11,NO,4,YES
15186,9,1097,94960.01,Walmart,ATM WITHDRAWAL,USA,ATM,2026-04-23T21:03:56.000+05:30,YES,21,NO,4,YES
15902,24,1024,69819.12,Swiggy,ATM WITHDRAWAL,Germany,Tablet,2026-05-01T07:52:59.000+05:30,YES,7,NO,5,YES
16890,1,1097,86036.67,Amazon,UPI,UK,Mobile,2026-05-11T20:48:36.000+05:30,YES,20,NO,5,YES
17393,65,1012,96110.61,Amazon,ATM WITHDRAWAL,Singapore,Mobile,2026-04-21T09:47:21.000+05:30,YES,9,NO,4,YES
17599,27,1177,89686.37,Flipkart,NET BANKING,UK,Laptop,2026-05-11T08:10:26.000+05:30,YES,8,NO,5,YES
17748,25,1085,58342.5,Amazon,UPI,Singapore,Mobile,2026-05-08T06:30:27.000+05:30,YES,6,NO,5,YES
17801,84,1091,95303.93,Amazon,UPI,Singapore,Laptop,2026-05-01T10:12:08.000+05:30,YES,10,NO,5,YES
17916,24,1086,69687.87,Apple Store,ATM WITHDRAWAL,USA,ATM,2026-04-20T20:05:35.000+05:30,YES,20,NO,4,YES
18309,2,1021,94245.76,Swiggy,ATM WITHDRAWAL,USA,ATM,2026-04-23T04:56:58.000+05:30,YES,4,YES,4,YES
18825,17,1092,83633.31,Swiggy,UPI,Germany,ATM,2026-05-12T01:59:04.000+05:30,YES,1,YES,5,YES
19101,18,1073,76491.74,Netflix,NET BANKING,USA,Laptop,2026-04-26T23:34:28.000+05:30,YES,23,NO,4,YES
19682,57,1094,77454.2,Nike,UPI,Singapore,ATM,2026-05-15T15:13:45.000+05:30,YES,15,NO,5,YES
10480,77,1034,75383.78,Nike,ATM WITHDRAWAL,USA,Tablet,2026-04-26T01:29:35.000+05:30,YES,1,YES,4,YES
10512,22,1066,58987.25,Uber,NET BANKING,Germany,Tablet,2026-04-19T16:46:51.000+05:30,YES,16,NO,4,YES
10810,92,1015,98628.81,Petrol Pump,NET BANKING,UK,ATM,2026-04-25T11:14:23.000+05:30,YES,11,NO,4,YES
11205,68,1030,74702.31,Flipkart,ATM WITHDRAWAL,Singapore,Mobile,2026-05-08T03:11:13.000+05:30,YES,3,YES,5,YES
11672,53,1048,65539.9,Petrol Pump,CARD,Germany,Mobile,2026-05-03T08:59:14.000+05:30,YES,8,NO,5,YES
12264,19,1038,51211.3,Walmart,ATM WITHDRAWAL,UK,Laptop,2026-05-10T20:51:08.000+05:30,YES,20,NO,5,YES
13264,76,1187,71955.48,Swiggy,UPI,Singapore,ATM,2026-04-23T13:15:36.000+05:30,YES,13,NO,4,YES
14598,74,1179,87151.59,Petrol Pump,UPI,USA,ATM,2026-05-18T13:03:34.000+05:30,YES,13,NO,5,YES
15300,24,1157,79985.86,Netflix,CARD,Singapore,Tablet,2026-04-26T11:33:45.000+05:30,YES,11,NO,4,YES
15774,86,1186,58119.96,Apple Store,ATM WITHDRAWAL,Singapore,Laptop,2026-04-26T01:20:19.000+05:30,YES,1,YES,4,YES
15943,43,1176,75029.53,Apple Store,UPI,Singapore,Tablet,2026-04-29T12:43:05.000+05:30,YES,12,NO,4,YES
16403,50,1016,87977.47,Zomato,ATM WITHDRAWAL,Germany,Mobile,2026-05-14T05:18:38.000+05:30,YES,5,YES,5,YES
16498,60,1025,99612.51,Netflix,ATM WITHDRAWAL,USA,ATM,2026-04-20T03:22:08.000+05:30,YES,3,YES,4,YES
16585,94,1152,59741.99,Amazon,ATM WITHDRAWAL,UK,Tablet,2026-05-15T11:14:04.000+05:30,YES,11,NO,5,YES
16876,2,1163,55880.4,Flipkart,CARD,Germany,Tablet,2026-05-09T05:11:21.000+05:30,YES,5,YES,5,YES
17056,29,1123,93480.78,Petrol Pump,CARD,Germany,ATM,2026-05-04T20:48:03.000+05:30,YES,20,NO,5,YES
19191,23,1055,80127.35,Walmart,UPI,USA,ATM,2026-04-22T11:18:17.000+05:30,YES,11,NO,4,YES
19307,21,1042,91819.43,Apple Store,ATM WITHDRAWAL,UK,Tablet,2026-05-07T14:15:19.000+05:30,YES,14,NO,5,YES
19690,4,1193,51176.8,Petrol Pump,CARD,Singapore,ATM,2026-05-11T23:00:35.000+05:30,YES,23,NO,5,YES
10009,28,1122,65795.3,Flipkart,UPI,Singapore,ATM,2026-05-01T10:55:30.000+05:30,YES,10,NO,5,YES
10741,2,1049,70636.81,Apple Store,CARD,USA,Tablet,2026-05-14T23:09:29.000+05:30,YES,23,NO,5,YES
11069,76,1072,50646.68,Swiggy,ATM WITHDRAWAL,USA,Mobile,2026-05-01T20:44:57.000+05:30,YES,20,NO,5,YES
11200,58,1119,65484.79,Zomato,ATM WITHDRAWAL,UK,Tablet,2026-04-22T05:32:05.000+05:30,YES,5,YES,4,YES
11355,23,1136,91771.21,Flipkart,NET BANKING,Germany,ATM,2026-04-21T08:12:32.000+05:30,YES,8,NO,4,YES
13002,20,1090,96194.35,Nike,CARD,Germany,Mobile,2026-04-27T10:16:20.000+05:30,YES,10,NO,4,YES
13033,73,1064,90879.5,Apple Store,NET BANKING,Germany,ATM,2026-05-10T14:42:52.000+05:30,YES,14,NO,5,YES
13401,72,1015,94488.92,Amazon,ATM WITHDRAWAL,USA,Laptop,2026-04-24T19:16:04.000+05:30,YES,19,NO,4,YES
15931,14,1021,68133.21,Nike,NET BANKING,Singapore,Tablet,2026-05-05T06:27:13.000+05:30,YES,6,NO,5,YES
16143,79,1159,75428.72,Uber,NET BANKING,Singapore,Laptop,2026-05-07T12:59:11.000+05:30,YES,12,NO,5,YES
16426,33,1147,85530.84,Nike,ATM WITHDRAWAL,Singapore,Mobile,2026-05-14T03:34:30.000+05:30,YES,3,YES,5,YES
17653,31,1027,78569.09,Flipkart,UPI,UK,ATM,2026-04-29T18:36:06.000+05:30,YES,18,NO,4,YES
19479,52,1015,88250.17,Flipkart,CARD,Germany,Tablet,2026-05-02T02:26:12.000+05:30,YES,2,YES,5,YES
19906,11,1041,94269.76,Netflix,CARD,Singapore,ATM,2026-05-14T17:49:39.000+05:30,YES,17,NO,5,YES
10048,45,1006,65043.48,Apple Store,NET BANKING,UK,Mobile,2026-05-05T15:16:18.000+05:30,YES,15,NO,5,YES
10243,85,1068,61490.67,Nike,UPI,Germany,Mobile,2026-05-10T21:45:50.000+05:30,YES,21,NO,5,YES
10308,80,1003,62905.82,Apple Store,NET BANKING,Germany,Laptop,2026-05-18T09:26:35.000+05:30,YES,9,NO,5,YES
11263,48,1200,61261.59,Swiggy,NET BANKING,USA,Mobile,2026-05-04T12:48:03.000+05:30,YES,12,NO,5,YES
13184,99,1132,68330.61,Netflix,ATM WITHDRAWAL,Germany,Mobile,2026-04-26T08:03:16.000+05:30,YES,8,NO,4,YES
13261,17,1085,78133.36,Uber,NET BANKING,UK,ATM,2026-04-21T11:58:17.000+05:30,YES,11,NO,4,YES
13587,88,1050,72106.56,Netflix,UPI,Germany,Laptop,2026-04-26T01:20:49.000+05:30,YES,1,YES,4,YES
15779,21,1116,79667.45,Flipkart,NET BANKING,UK,Laptop,2026-05-17T04:29:33.000+05:30,YES,4,YES,5,YES
15852,69,1015,84944.66,Nike,ATM WITHDRAWAL,Singapore,ATM,2026-05-05T00:13:59.000+05:30,YES,0,YES,5,YES
16378,36,1158,97374.75,Swiggy,NET BANKING,UK,Laptop,2026-04-21T00:31:30.000+05:30,YES,0,YES,4,YES
16565,92,1133,52100.17,Netflix,UPI,Singapore,ATM,2026-05-01T08:34:36.000+05:30,YES,8,NO,5,YES
16783,58,1106,54435.75,Nike,NET BANKING,Singapore,Tablet,2026-04-27T06:38:01.000+05:30,YES,6,NO,4,YES
16827,47,1032,70255.8,Swiggy,NET BANKING,UK,Tablet,2026-04-23T11:40:48.000+05:30,YES,11,NO,4,YES
17000,33,1122,95306.49,Petrol Pump,CARD,USA,Laptop,2026-05-02T13:37:51.000+05:30,YES,13,NO,5,YES
17138,12,1156,53213.16,Zomato,UPI,UK,ATM,2026-04-27T10:39:33.000+05:30,YES,10,NO,4,YES
17722,63,1047,60284.79,Petrol Pump,NET BANKING,UK,ATM,2026-04-24T01:28:27.000+05:30,YES,1,YES,4,YES
17726,60,1021,98825.17,Amazon,NET BANKING,USA,Mobile,2026-04-28T18:35:31.000+05:30,YES,18,NO,4,YES
10782,70,1123,88067.27,Nike,CARD,UK,Mobile,2026-04-23T10:21:52.000+05:30,YES,10,NO,4,YES
11177,22,1123,63141.21,Flipkart,ATM WITHDRAWAL,Singapore,Tablet,2026-04-21T22:10:59.000+05:30,YES,22,NO,4,YES
11872,81,1192,73259.33,Apple Store,CARD,Germany,Mobile,2026-04-23T10:54:04.000+05:30,YES,10,NO,4,YES
12599,79,1169,64193.68,Walmart,CARD,Singapore,Laptop,2026-04-26T23:03:50.000+05:30,YES,23,NO,4,YES
13106,41,1138,65700.92,Netflix,CARD,USA,ATM,2026-05-08T22:44:23.000+05:30,YES,22,NO,5,YES
13180,50,1192,94402.31,Swiggy,CARD,USA,Mobile,2026-05-15T02:53:54.000+05:30,YES,2,YES,5,YES
14960,26,1163,93556.3,Apple Store,ATM WITHDRAWAL,UK,Mobile,2026-04-18T21:50:45.000+05:30,YES,21,NO,4,YES
16193,27,1088,71569.6,Swiggy,ATM WITHDRAWAL,UK,Laptop,2026-04-18T17:39:40.000+05:30,YES,17,NO,4,YES
16665,5,1174,93267.23,Flipkart,UPI,Singapore,Laptop,2026-04-24T18:10:01.000+05:30,YES,18,NO,4,YES
17174,41,1047,89422.24,Apple Store,CARD,Germany,Mobile,2026-05-06T04:45:23.000+05:30,YES,4,YES,5,YES
17823,10,1178,60151.15,Petrol Pump,CARD,Germany,Mobile,2026-05-07T12:25:20.000+05:30,YES,12,NO,5,YES
19047,72,1143,52546.64,Walmart,CARD,UK,Tablet,2026-05-15T13:03:39.000+05:30,YES,13,NO,5,YES
19145,80,1081,96542.57,Uber,NET BANKING,UK,Laptop,2026-05-15T15:21:26.000+05:30,YES,15,NO,5,YES
10734,31,1079,92609.66,Petrol Pump,CARD,UK,Mobile,2026-05-03T10:55:38.000+05:30,YES,10,NO,5,YES
11616,38,1154,50132.39,Uber,CARD,Singapore,Tablet,2026-05-12T02:45:13.000+05:30,YES,2,YES,5,YES
11976,49,1017,91123.13,Apple Store,NET BANKING,USA,Tablet,2026-04-26T23:52:20.000+05:30,YES,23,NO,4,YES
12518,81,1072,54144.75,Swiggy,CARD,Germany,ATM,2026-04-26T20:47:09.000+05:30,YES,20,NO,4,YES
12767,83,1084,56099.08,Walmart,ATM WITHDRAWAL,USA,Mobile,2026-05-18T03:17:10.000+05:30,YES,3,YES,5,YES
12881,70,1093,75542.97,Amazon,CARD,Germany,Mobile,2026-05-15T10:35:50.000+05:30,YES,10,NO,5,YES
14775,93,1019,50302.66,Amazon,UPI,USA,Laptop,2026-05-01T07:10:27.000+05:30,YES,7,NO,5,YES
16569,51,1124,56873.04,Swiggy,ATM WITHDRAWAL,Singapore,Laptop,2026-04-26T18:54:07.000+05:30,YES,18,NO,4,YES
16990,56,1095,53597.19,Netflix,UPI,Germany,Laptop,2026-05-16T23:20:27.000+05:30,YES,23,NO,5,YES
17013,90,1172,69813.25,Uber,ATM WITHDRAWAL,UK,Laptop,2026-05-02T16:34:43.000+05:30,YES,16,NO,5,YES
19094,52,1194,82712.96,Zomato,UPI,UK,Mobile,2026-04-19T22:26:49.000+05:30,YES,22,NO,4,YES
10110,23,1007,80419.72,Uber,NET BANKING,Germany,Mobile,2026-05-09T11:28:46.000+05:30,YES,11,NO,5,YES
10341,64,1174,53490.47,Amazon,NET BANKING,Singapore,Laptop,2026-04-24T12:13:22.000+05:30,YES,12,NO,4,YES
10558,62,1138,77855.71,Flipkart,UPI,Germany,Mobile,2026-05-14T13:56:07.000+05:30,YES,13,NO,5,YES
12209,76,1079,57821.15,Amazon,UPI,USA,ATM,2026-04-29T19:42:52.000+05:30,YES,19,NO,4,YES
12337,19,1045,55970.82,Uber,UPI,Germany,Laptop,2026-05-16T11:38:10.000+05:30,YES,11,NO,5,YES
12543,77,1168,52296.86,Uber,NET BANKING,Germany,Tablet,2026-05-17T03:52:50.000+05:30,YES,3,YES,5,YES
12545,72,1008,61056.18,Walmart,CARD,USA,Mobile,2026-05-02T09:23:44.000+05:30,YES,9,NO,5,YES
15807,1,1105,95120.88,Uber,ATM WITHDRAWAL,Singapore,ATM,2026-05-02T04:21:12.000+05:30,YES,4,YES,5,YES
15811,7,1121,55232.4,Zomato,CARD,Germany,Mobile,2026-04-26T11:39:54.000+05:30,YES,11,NO,4,YES
16856,37,1170,88924.32,Flipkart,ATM WITHDRAWAL,Singapore,ATM,2026-04-21T19:51:20.000+05:30,YES,19,NO,4,YES
17578,86,1052,89355.12,Zomato,NET BANKING,USA,ATM,2026-05-11T13:24:08.000+05:30,YES,13,NO,5,YES
18033,51,1139,62382.33,Flipkart,UPI,UK,Laptop,2026-05-02T13:20:54.000+05:30,YES,13,NO,5,YES
18916,35,1191,58406.3,Netflix,ATM WITHDRAWAL,Singapore,Laptop,2026-04-24T15:15:12.000+05:30,YES,15,NO,4,YES
19060,93,1040,59215.97,Uber,UPI,Singapore,Laptop,2026-05-14T17:18:21.000+05:30,YES,17,NO,5,YES
19150,64,1090,70113.9,Apple Store,ATM WITHDRAWAL,Germany,ATM,2026-05-01T06:25:32.000+05:30,YES,6,NO,5,YES
19202,44,1109,68639.53,Swiggy,UPI,UK,Tablet,2026-05-06T14:11:42.000+05:30,YES,14,NO,5,YES
10283,83,1164,59735.01,Nike,ATM WITHDRAWAL,USA,Mobile,2026-05-02T20:19:38.000+05:30,YES,20,NO,5,YES
10350,77,1084,66694.31,Flipkart,ATM WITHDRAWAL,Germany,Laptop,2026-05-13T21:37:20.000+05:30,YES,21,NO,5,YES
10382,90,1187,87415.94,Amazon,UPI,USA,Tablet,2026-04-22T20:39:40.000+05:30,YES,20,NO,4,YES
11885,16,1049,99875.74,Netflix,UPI,Singapore,Mobile,2026-04-23T13:15:54.000+05:30,YES,13,NO,4,YES
11925,8,1126,77452.54,Swiggy,ATM WITHDRAWAL,USA,Tablet,2026-05-15T10:50:04.000+05:30,YES,10,NO,5,YES
11999,26,1001,50182.41,Walmart,CARD,Germany,Laptop,2026-04-24T21:14:11.000+05:30,YES,21,NO,4,YES
12176,64,1097,84589.17,Netflix,NET BANKING,Germany,Mobile,2026-05-04T21:29:32.000+05:30,YES,21,NO,5,YES
12310,83,1145,99112.86,Swiggy,UPI,USA,Mobile,2026-05-17T15:40:09.000+05:30,YES,15,NO,5,YES
13626,41,1118,85939.84,Apple Store,UPI,USA,Mobile,2026-05-03T22:06:42.000+05:30,YES,22,NO,5,YES
14060,94,1030,89506.59,Zomato,CARD,UK,Mobile,2026-05-12T12:12:09.000+05:30,YES,12,NO,5,YES
14074,87,1047,92259.11,Amazon,NET BANKING,Singapore,ATM,2026-04-19T06:55:17.000+05:30,YES,6,NO,4,YES
17286,16,1118,58999.15,Apple Store,ATM WITHDRAWAL,USA,Tablet,2026-04-20T14:15:15.000+05:30,YES,14,NO,4,YES
18243,7,1086,61428.29,Apple Store,NET BANKING,UK,Laptop,2026-05-11T19:40:39.000+05:30,YES,19,NO,5,YES
19328,12,1180,90295.63,Zomato,NET BANKING,UK,ATM,2026-05-13T10:44:32.000+05:30,YES,10,NO,5,YES
10129,91,1074,91006.03,Petrol Pump,NET BANKING,USA,ATM,2026-05-06T03:17:15.000+05:30,YES,3,YES,5,YES
10224,14,1176,92384.25,Apple Store,ATM WITHDRAWAL,UK,ATM,2026-05-07T16:07:21.000+05:30,YES,16,NO,5,YES
10496,77,1072,54930.05,Nike,NET BANKING,Germany,Tablet,2026-05-17T00:33:34.000+05:30,YES,0,YES,5,YES
10762,99,1127,98066.92,Apple Store,UPI,Germany,Mobile,2026-04-27T16:48:52.000+05:30,YES,16,NO,4,YES
12681,33,1043,95803.16,Swiggy,ATM WITHDRAWAL,USA,Tablet,2026-05-04T05:57:00.000+05:30,YES,5,YES,5,YES
12791,61,1108,57097.05,Swiggy,CARD,Germany,Tablet,2026-05-07T23:49:18.000+05:30,YES,23,NO,5,YES
12868,61,1158,76136.64,Amazon,UPI,Germany,Laptop,2026-04-29T05:10:11.000+05:30,YES,5,YES,4,YES
12992,67,1075,91681.09,Nike,ATM WITHDRAWAL,UK,ATM,2026-04-25T05:00:10.000+05:30,YES,5,YES,4,YES
13121,17,1092,70394.08,Petrol Pump,NET BANKING,USA,Mobile,2026-04-25T02:27:31.000+05:30,YES,2,YES,4,YES
14034,58,1123,64859.91,Swiggy,CARD,Singapore,Mobile,2026-05-05T03:38:46.000+05:30,YES,3,YES,5,YES
14967,93,1198,51488.53,Flipkart,UPI,UK,Tablet,2026-05-18T07:01:22.000+05:30,YES,7,NO,5,YES
14986,79,1166,87091.45,Flipkart,NET BANKING,USA,Laptop,2026-04-30T07:44:51.000+05:30,YES,7,NO,4,YES
16287,83,1085,54676.51,Nike,CARD,Germany,ATM,2026-05-04T00:19:03.000+05:30,YES,0,YES,5,YES
16599,84,1020,96449.72,Petrol Pump,NET BANKING,UK,Mobile,2026-05-07T01:25:29.000+05:30,YES,1,YES,5,YES
16625,4,1103,86984.82,Netflix,ATM WITHDRAWAL,UK,Laptop,2026-04-29T03:04:31.000+05:30,YES,3,YES,4,YES
17050,37,1075,70881.73,Amazon,UPI,UK,Tablet,2026-05-12T17:08:22.000+05:30,YES,17,NO,5,YES
17388,15,1181,60260.11,Swiggy,NET BANKING,UK,Laptop,2026-05-14T03:32:31.000+05:30,YES,3,YES,5,YES
17941,77,1161,96817.28,Walmart,UPI,UK,Laptop,2026-05-15T16:51:14.000+05:30,YES,16,NO,5,YES
18405,83,1020,64940.0,Amazon,ATM WITHDRAWAL,USA,ATM,2026-05-15T03:41:00.000+05:30,YES,3,YES,5,YES
19894,37,1140,98275.92,Walmart,NET BANKING,UK,Mobile,2026-04-25T11:28:45.000+05:30,YES,11,NO,4,YES
19905,49,1190,94072.7,Nike,UPI,UK,Tablet,2026-05-18T03:24:45.000+05:30,YES,3,YES,5,YES
11190,79,1117,97623.14,Flipkart,UPI,UK,Tablet,2026-05-04T01:03:00.000+05:30,YES,1,YES,5,YES
11771,10,1048,97460.36,Swiggy,CARD,Singapore,Mobile,2026-05-09T08:59:44.000+05:30,YES,8,NO,5,YES
11902,81,1141,91394.94,Zomato,ATM WITHDRAWAL,UK,Laptop,2026-05-11T02:57:36.000+05:30,YES,2,YES,5,YES
12547,24,1099,52221.84,Netflix,NET BANKING,USA,Tablet,2026-05-05T16:11:00.000+05:30,YES,16,NO,5,YES
12704,91,1198,51552.5,Apple Store,ATM WITHDRAWAL,UK,ATM,2026-05-16T23:48:54.000+05:30,YES,23,NO,5,YES
13769,76,1033,85464.49,Walmart,CARD,Germany,Tablet,2026-05-16T01:43:58.000+05:30,YES,1,YES,5,YES
15938,51,1138,75792.41,Walmart,NET BANKING,Germany,Laptop,2026-04-27T16:30:01.000+05:30,YES,16,NO,4,YES
16427,4,1160,54409.23,Netflix,NET BANKING,USA,ATM,2026-05-09T22:16:26.000+05:30,YES,22,NO,5,YES
17287,88,1148,69209.34,Petrol Pump,NET BANKING,UK,Laptop,2026-05-05T17:14:18.000+05:30,YES,17,NO,5,YES
17530,62,1115,68536.68,Flipkart,ATM WITHDRAWAL,Singapore,Laptop,2026-04-28T14:02:02.000+05:30,YES,14,NO,4,YES
18420,49,1091,69946.82,Amazon,NET BANKING,Germany,Tablet,2026-05-11T18:23:54.000+05:30,YES,18,NO,5,YES
19049,73,1052,94543.56,Walmart,UPI,Germany,ATM,2026-05-06T19:36:56.000+05:30,YES,19,NO,5,YES
19549,31,1146,71640.41,Amazon,NET BANKING,Singapore,Tablet,2026-05-15T10:20:19.000+05:30,YES,10,NO,5,YES
10856,6,1058,91696.51,Uber,CARD,Singapore,Tablet,2026-05-14T03:06:57.000+05:30,YES,3,YES,5,YES
11189,1,1169,80175.85,Petrol Pump,UPI,UK,Laptop,2026-04-25T20:59:13.000+05:30,YES,20,NO,4,YES
11415,84,1110,86647.4,Zomato,ATM WITHDRAWAL,Germany,Tablet,2026-05-06T08:39:19.000+05:30,YES,8,NO,5,YES
11535,11,1095,66124.41,Netflix,UPI,Germany,Laptop,2026-04-22T05:36:58.000+05:30,YES,5,YES,4,YES
11804,41,1186,85590.64,Nike,ATM WITHDRAWAL,Germany,Mobile,2026-05-08T21:46:59.000+05:30,YES,21,NO,5,YES
11856,59,1145,55603.35,Netflix,NET BANKING,Germany,Tablet,2026-04-27T01:38:02.000+05:30,YES,1,YES,4,YES
13617,75,1172,70532.34,Uber,CARD,USA,Laptop,2026-05-01T07:08:09.000+05:30,YES,7,NO,5,YES
14258,95,1129,82595.34,Apple Store,UPI,Germany,Laptop,2026-05-15T06:29:49.000+05:30,YES,6,NO,5,YES
14871,57,1150,66318.88,Flipkart,ATM WITHDRAWAL,USA,Tablet,2026-05-01T04:39:15.000+05:30,YES,4,YES,5,YES
17402,56,1022,79987.61,Zomato,CARD,UK,Tablet,2026-04-22T15:13:30.000+05:30,YES,15,NO,4,YES
17577,25,1078,90973.64,Uber,NET BANKING,Singapore,Laptop,2026-04-20T06:04:10.000+05:30,YES,6,NO,4,YES
18141,62,1087,53127.47,Swiggy,UPI,USA,Laptop,2026-04-22T11:09:35.000+05:30,YES,11,NO,4,YES
18746,85,1048,70647.01,Petrol Pump,NET BANKING,USA,Tablet,2026-04-23T23:33:48.000+05:30,YES,23,NO,4,YES
19153,68,1197,53678.2,Netflix,UPI,Singapore,Mobile,2026-05-01T18:16:42.000+05:30,YES,18,NO,5,YES
19466,60,1045,83667.26,Netflix,CARD,Singapore,Tablet,2026-05-09T23:20:32.000+05:30,YES,23,NO,5,YES
10474,75,1166,73208.96,Petrol Pump,CARD,UK,Mobile,2026-05-14T01:58:28.000+05:30,YES,1,YES,5,YES
10615,73,1131,96028.61,Amazon,CARD,Singapore,Tablet,2026-05-02T00:04:24.000+05:30,YES,0,YES,5,YES
10784,73,1108,68608.07,Walmart,ATM WITHDRAWAL,UK,Mobile,2026-05-14T05:06:09.000+05:30,YES,5,YES,5,YES
11441,92,1081,60507.74,Apple Store,NET BANKING,UK,Mobile,2026-05-13T14:39:39.000+05:30,YES,14,NO,5,YES
13911,8,1069,75968.07,Flipkart,CARD,USA,ATM,2026-05-05T18:12:12.000+05:30,YES,18,NO,5,YES
14294,75,1018,74589.39,Amazon,ATM WITHDRAWAL,USA,Laptop,2026-04-21T01:02:33.000+05:30,YES,1,YES,4,YES
14396,59,1021,88165.71,Flipkart,CARD,UK,ATM,2026-05-07T22:06:53.000+05:30,YES,22,NO,5,YES
14957,86,1076,70599.01,Swiggy,ATM WITHDRAWAL,Germany,Laptop,2026-05-07T07:19:20.000+05:30,YES,7,NO,5,YES
16519,76,1163,97282.28,Walmart,CARD,Singapore,Laptop,2026-04-19T15:36:54.000+05:30,YES,15,NO,4,YES
17953,56,1165,59817.08,Walmart,CARD,Singapore,Mobile,2026-04-27T22:34:15.000+05:30,YES,22,NO,4,YES
18133,69,1142,56405.68,Walmart,UPI,USA,Tablet,2026-04-22T19:39:45.000+05:30,YES,19,NO,4,YES
18600,83,1184,87901.92,Amazon,CARD,UK,Laptop,2026-04-28T18:56:25.000+05:30,YES,18,NO,4,YES
18609,13,1185,72935.3,Walmart,UPI,Germany,Mobile,2026-05-18T03:13:19.000+05:30,YES,3,YES,5,YES
18743,14,1154,65930.93,Nike,ATM WITHDRAWAL,UK,Tablet,2026-05-05T21:37:37.000+05:30,YES,21,NO,5,YES
18913,39,1125,88803.83,Flipkart,UPI,USA,Mobile,2026-04-24T15:05:43.000+05:30,YES,15,NO,4,YES
18922,8,1139,75580.81,Walmart,ATM WITHDRAWAL,UK,ATM,2026-05-17T11:23:15.000+05:30,YES,11,NO,5,YES
19064,15,1019,71039.9,Petrol Pump,ATM WITHDRAWAL,Singapore,Mobile,2026-05-03T20:42:23.000+05:30,YES,20,NO,5,YES
10022,90,1020,50966.28,Amazon,CARD,UK,Mobile,2026-04-30T02:30:07.000+05:30,YES,2,YES,4,YES
10657,82,1168,74735.32,Zomato,UPI,USA,Laptop,2026-05-17T17:06:01.000+05:30,YES,17,NO,5,YES
12502,13,1060,96716.55,Uber,UPI,Singapore,Laptop,2026-05-07T22:33:00.000+05:30,YES,22,NO,5,YES
15026,66,1007,57801.05,Apple Store,CARD,USA,Tablet,2026-04-27T02:16:13.000+05:30,YES,2,YES,4,YES
15292,17,1132,81757.7,Swiggy,NET BANKING,Singapore,Tablet,2026-05-03T14:30:52.000+05:30,YES,14,NO,5,YES
16404,88,1047,56625.79,Flipkart,UPI,Singapore,Mobile,2026-05-12T13:21:19.000+05:30,YES,13,NO,5,YES
16874,36,1078,79289.3,Apple Store,UPI,Singapore,ATM,2026-05-16T08:52:42.000+05:30,YES,8,NO,5,YES
16959,64,1181,80728.76,Petrol Pump,ATM WITHDRAWAL,Singapore,Mobile,2026-04-20T08:09:32.000+05:30,YES,8,NO,4,YES
16973,54,1075,59706.82,Netflix,ATM WITHDRAWAL,USA,Laptop,2026-04-29T15:22:54.000+05:30,YES,15,NO,4,YES
17433,60,1119,72172.15,Zomato,UPI,UK,Laptop,2026-05-15T09:25:22.000+05:30,YES,9,NO,5,YES
18398,12,1196,86292.77,Nike,CARD,UK,Mobile,2026-05-07T15:26:40.000+05:30,YES,15,NO,5,YES
19598,71,1088,51778.75,Swiggy,UPI,Germany,ATM,2026-05-17T00:51:35.000+05:30,YES,0,YES,5,YES
10740,27,1073,87334.06,Apple Store,UPI,Germany,Laptop,2026-05-12T21:55:30.000+05:30,YES,21,NO,5,YES
11192,75,1200,63258.06,Zomato,NET BANKING,Singapore,Tablet,2026-04-29T03:57:11.000+05:30,YES,3,YES,4,YES
11567,73,1015,68627.61,Walmart,NET BANKING,Germany,Mobile,2026-05-16T10:22:51.000+05:30,YES,10,NO,5,YES
11699,21,1146,61414.11,Flipkart,NET BANKING,USA,ATM,2026-04-23T04:09:56.000+05:30,YES,4,YES,4,YES
11713,2,1185,66604.95,Walmart,UPI,USA,Tablet,2026-05-10T14:32:39.000+05:30,YES,14,NO,5,YES
11948,26,1018,67415.13,Nike,CARD,Singapore,ATM,2026-05-01T18:30:13.000+05:30,YES,18,NO,5,YES
12723,39,1133,58819.86,Nike,ATM WITHDRAWAL,USA,Laptop,2026-04-25T03:52:06.000+05:30,YES,3,YES,4,YES
13376,41,1143,79442.51,Walmart,NET BANKING,Germany,Mobile,2026-04-29T01:37:08.000+05:30,YES,1,YES,4,YES
15238,49,1196,89173.24,Netflix,CARD,USA,Laptop,2026-04-24T12:42:18.000+05:30,YES,12,NO,4,YES
15496,64,1058,76743.81,Nike,NET BANKING,Singapore,Laptop,2026-05-05T18:55:17.000+05:30,YES,18,NO,5,YES
15896,17,1034,96570.31,Netflix,NET BANKING,Germany,Laptop,2026-04-24T19:45:29.000+05:30,YES,19,NO,4,YES
16274,61,1103,94328.85,Swiggy,UPI,Germany,ATM,2026-04-18T19:37:13.000+05:30,YES,19,NO,4,YES
16529,43,1190,65774.69,Walmart,ATM WITHDRAWAL,UK,Laptop,2026-05-01T11:33:03.000+05:30,YES,11,NO,5,YES
17347,96,1151,75552.3,Apple Store,UPI,Germany,ATM,2026-05-04T11:50:46.000+05:30,YES,11,NO,5,YES
10183,99,1009,83292.28,Netflix,ATM WITHDRAWAL,UK,Laptop,2026-04-24T07:10:00.000+05:30,YES,7,NO,4,YES
10524,81,1100,74474.64,Flipkart,NET BANKING,USA,Tablet,2026-05-17T10:13:20.000+05:30,YES,10,NO,5,YES
10526,61,1117,52200.76,Walmart,UPI,USA,Tablet,2026-05-10T11:44:05.000+05:30,YES,11,NO,5,YES
10599,18,1008,90587.72,Walmart,CARD,UK,Laptop,2026-05-10T02:36:18.000+05:30,YES,2,YES,5,YES
11908,99,1009,54985.49,Uber,NET BANKING,Germany,Mobile,2026-04-21T07:16:48.000+05:30,YES,7,NO,4,YES
14085,99,1072,81194.17,Flipkart,NET BANKING,Germany,Mobile,2026-04-25T03:57:07.000+05:30,YES,3,YES,4,YES
14400,23,1076,92425.96,Flipkart,UPI,Singapore,Tablet,2026-04-27T03:27:22.000+05:30,YES,3,YES,4,YES
14773,51,1025,85480.32,Zomato,ATM WITHDRAWAL,UK,Mobile,2026-04-28T03:32:34.000+05:30,YES,3,YES,4,YES
15742,8,1024,82319.81,Uber,ATM WITHDRAWAL,USA,Laptop,2026-05-12T11:09:52.000+05:30,YES,11,NO,5,YES
16545,84,1137,78081.49,Amazon,NET BANKING,UK,ATM,2026-05-09T22:08:11.000+05:30,YES,22,NO,5,YES
17265,95,1187,89979.76,Petrol Pump,ATM WITHDRAWAL,USA,Laptop,2026-04-28T16:42:38.000+05:30,YES,16,NO,4,YES
17440,18,1046,90117.38,Amazon,NET BANKING,USA,Tablet,2026-05-18T14:13:48.000+05:30,YES,14,NO,5,YES
17765,74,1143,52355.67,Netflix,UPI,UK,Laptop,2026-05-05T16:43:54.000+05:30,YES,16,NO,5,YES
17827,44,1187,59841.78,Flipkart,NET BANKING,Singapore,Tablet,2026-04-23T10:40:51.000+05:30,YES,10,NO,4,YES
18525,87,1033,72172.87,Swiggy,UPI,Germany,ATM,2026-05-15T13:08:12.000+05:30,YES,13,NO,5,YES
19067,70,1082,58558.39,Amazon,ATM WITHDRAWAL,UK,Tablet,2026-04-24T09:04:47.000+05:30,YES,9,NO,4,YES
19240,20,1042,60741.76,Amazon,CARD,USA,Laptop,2026-05-04T11:24:24.000+05:30,YES,11,NO,5,YES
19451,68,1107,96830.97,Flipkart,UPI,UK,Mobile,2026-04-29T12:12:47.000+05:30,YES,12,NO,4,YES
10668,64,1091,59239.08,Swiggy,ATM WITHDRAWAL,USA,Mobile,2026-05-03T22:52:23.000+05:30,YES,22,NO,5,YES
12503,28,1200,87209.95,Uber,ATM WITHDRAWAL,UK,Laptop,2026-04-19T18:28:17.000+05:30,YES,18,NO,4,YES
13092,59,1050,92258.05,Amazon,ATM WITHDRAWAL,Singapore,Mobile,2026-05-04T13:14:18.000+05:30,YES,13,NO,5,YES
13636,23,1107,85294.35,Zomato,CARD,USA,Tablet,2026-05-16T02:01:07.000+05:30,YES,2,YES,5,YES
13954,53,1174,51314.94,Flipkart,CARD,Singapore,Tablet,2026-04-23T00:16:20.000+05:30,YES,0,YES,4,YES
14202,64,1025,80072.36,Flipkart,UPI,Germany,Tablet,2026-05-11T05:43:03.000+05:30,YES,5,YES,5,YES
14512,23,1198,68060.26,Flipkart,UPI,USA,Mobile,2026-05-17T14:37:11.000+05:30,YES,14,NO,5,YES
14778,39,1121,57517.47,Uber,UPI,Germany,Laptop,2026-04-30T07:38:49.000+05:30,YES,7,NO,4,YES
14880,56,1195,85712.02,Zomato,CARD,Singapore,Mobile,2026-05-16T10:22:38.000+05:30,YES,10,NO,5,YES
16424,18,1076,98573.16,Netflix,ATM WITHDRAWAL,Singapore,Mobile,2026-04-26T11:59:13.000+05:30,YES,11,NO,4,YES
16466,41,1196,65469.58,Flipkart,ATM WITHDRAWAL,Singapore,Laptop,2026-05-11T01:47:36.000+05:30,YES,1,YES,5,YES
16759,36,1112,84159.88,Petrol Pump,ATM WITHDRAWAL,Germany,Tablet,2026-05-01T03:30:26.000+05:30,YES,3,YES,5,YES
17496,29,1196,64966.26,Nike,NET BANKING,USA,Tablet,2026-04-23T18:23:42.000+05:30,YES,18,NO,4,YES
17641,24,1169,91356.9,Apple Store,UPI,Singapore,Laptop,2026-04-26T22:37:41.000+05:30,YES,22,NO,4,YES
10153,41,1167,94386.72,Walmart,ATM WITHDRAWAL,Singapore,Tablet,2026-05-03T23:28:05.000+05:30,YES,23,NO,5,YES
10265,84,1142,68712.65,Nike,NET BANKING,Germany,ATM,2026-04-26T19:40:02.000+05:30,YES,19,NO,4,YES
11003,14,1036,70133.42,Apple Store,NET BANKING,UK,Laptop,2026-05-04T13:31:40.000+05:30,YES,13,NO,5,YES
11671,30,1056,99116.28,Apple Store,CARD,Germany,Laptop,2026-05-08T18:12:48.000+05:30,YES,18,NO,5,YES
12737,67,1138,95304.74,Apple Store,ATM WITHDRAWAL,Singapore,ATM,2026-04-22T06:34:36.000+05:30,YES,6,NO,4,YES
13468,20,1043,81962.72,Flipkart,UPI,Singapore,ATM,2026-05-13T14:47:34.000+05:30,YES,14,NO,5,YES
13629,38,1112,71218.82,Nike,NET BANKING,Germany,Tablet,2026-04-27T22:42:13.000+05:30,YES,22,NO,4,YES
14273,56,1057,61211.52,Swiggy,ATM WITHDRAWAL,USA,ATM,2026-05-09T05:43:08.000+05:30,YES,5,YES,5,YES
14311,51,1004,94244.48,Amazon,UPI,USA,Tablet,2026-05-09T00:35:09.000+05:30,YES,0,YES,5,YES
14615,1,1023,93806.72,Uber,ATM WITHDRAWAL,UK,Tablet,2026-04-30T17:12:55.000+05:30,YES,17,NO,4,YES
14925,85,1016,60344.66,Swiggy,UPI,UK,Laptop,2026-04-23T09:59:35.000+05:30,YES,9,NO,4,YES
16217,20,1091,92018.72,Flipkart,NET BANKING,Singapore,Laptop,2026-04-27T23:59:11.000+05:30,YES,23,NO,4,YES
16676,6,1040,58819.14,Zomato,CARD,USA,ATM,2026-05-15T21:08:53.000+05:30,YES,21,NO,5,YES
16968,3,1151,76386.71,Flipkart,UPI,USA,Laptop,2026-05-10T21:03:04.000+05:30,YES,21,NO,5,YES
17136,27,1059,67355.43,Flipkart,NET BANKING,USA,Mobile,2026-04-23T00:24:44.000+05:30,YES,0,YES,4,YES
17655,30,1156,92551.16,Petrol Pump,UPI,UK,ATM,2026-04-20T16:23:28.000+05:30,YES,16,NO,4,YES
19272,98,1096,68617.99,Flipkart,ATM WITHDRAWAL,Germany,Tablet,2026-04-29T14:36:55.000+05:30,YES,14,NO,4,YES
19932,55,1133,81292.12,Nike,ATM WITHDRAWAL,USA,ATM,2026-04-21T10:51:58.000+05:30,YES,10,NO,4,YES
10719,16,1053,96646.78,Amazon,NET BANKING,Germany,Mobile,2026-05-16T16:43:22.000+05:30,YES,16,NO,5,YES
11452,54,1106,87636.74,Amazon,NET BANKING,USA,Mobile,2026-05-05T04:34:54.000+05:30,YES,4,YES,5,YES
14747,75,1180,76527.74,Zomato,ATM WITHDRAWAL,Singapore,Laptop,2026-05-17T00:36:03.000+05:30,YES,0,YES,5,YES
16638,36,1164,79944.44,Amazon,UPI,Singapore,ATM,2026-05-08T09:01:00.000+05:30,YES,9,NO,5,YES
16853,91,1198,59487.35,Walmart,ATM WITHDRAWAL,UK,Tablet,2026-05-16T20:31:57.000+05:30,YES,20,NO,5,YES
17035,36,1134,57798.54,Amazon,CARD,UK,Laptop,2026-04-26T23:39:06.000+05:30,YES,23,NO,4,YES
17151,75,1078,59890.0,Apple Store,ATM WITHDRAWAL,USA,Mobile,2026-05-01T11:21:57.000+05:30,YES,11,NO,5,YES
18735,89,1172,67366.63,Nike,CARD,UK,ATM,2026-04-25T02:44:18.000+05:30,YES,2,YES,4,YES
18893,93,1178,86804.64,Uber,CARD,UK,Laptop,2026-04-23T18:25:42.000+05:30,YES,18,NO,4,YES
19439,85,1031,78032.77,Netflix,CARD,Singapore,Tablet,2026-05-11T01:33:52.000+05:30,YES,1,YES,5,YES
19729,8,1019,94533.54,Walmart,NET BANKING,USA,Mobile,2026-05-14T11:38:06.000+05:30,YES,11,NO,5,YES
19735,39,1096,86817.26,Petrol Pump,CARD,USA,ATM,2026-05-02T17:44:20.000+05:30,YES,17,NO,5,YES
11156,83,1126,90563.19,Netflix,ATM WITHDRAWAL,Germany,Tablet,2026-04-30T03:59:29.000+05:30,YES,3,YES,4,YES
12649,32,1025,90426.62,Apple Store,CARD,UK,Tablet,2026-05-18T07:43:07.000+05:30,YES,7,NO,5,YES
13304,5,1195,60994.56,Swiggy,ATM WITHDRAWAL,Germany,Laptop,2026-04-18T22:43:01.000+05:30,YES,22,NO,4,YES
14044,54,1104,68238.99,Nike,NET BANKING,Germany,Laptop,2026-05-16T06:11:18.000+05:30,YES,6,NO,5,YES
15796,88,1121,70653.62,Apple Store,ATM WITHDRAWAL,USA,ATM,2026-05-15T09:15:50.000+05:30,YES,9,NO,5,YES
16514,76,1066,94926.18,Apple Store,UPI,USA,Mobile,2026-05-08T18:27:43.000+05:30,YES,18,NO,5,YES
17176,89,1123,51196.52,Flipkart,UPI,Germany,ATM,2026-05-01T23:37:40.000+05:30,YES,23,NO,5,YES
17318,31,1179,91920.81,Uber,UPI,Germany,ATM,2026-05-12T03:22:05.000+05:30,YES,3,YES,5,YES
18942,59,1161,59489.44,Flipkart,ATM WITHDRAWAL,UK,Mobile,2026-05-10T06:43:01.000+05:30,YES,6,NO,5,YES
11403,21,1171,74752.11,Swiggy,ATM WITHDRAWAL,USA,Mobile,2026-05-18T08:48:12.000+05:30,YES,8,NO,5,YES
11701,32,1056,65800.12,Netflix,ATM WITHDRAWAL,UK,ATM,2026-05-05T17:20:22.000+05:30,YES,17,NO,5,YES
13404,95,1015,78912.93,Walmart,NET BANKING,Germany,ATM,2026-05-07T11:27:36.000+05:30,YES,11,NO,5,YES
13509,74,1175,90730.21,Zomato,UPI,UK,Mobile,2026-05-08T02:59:37.000+05:30,YES,2,YES,5,YES
14644,58,1119,54480.8,Uber,NET BANKING,UK,Mobile,2026-05-16T16:19:21.000+05:30,YES,16,NO,5,YES
14915,52,1030,83279.3,Petrol Pump,CARD,USA,Mobile,2026-05-01T13:08:08.000+05:30,YES,13,NO,5,YES
15965,61,1089,63583.4,Netflix,NET BANKING,UK,Mobile,2026-04-21T03:36:48.000+05:30,YES,3,YES,4,YES
16793,92,1158,89745.61,Uber,CARD,Germany,Mobile,2026-05-07T22:51:01.000+05:30,YES,22,NO,5,YES
16978,32,1196,66030.04,Walmart,NET BANKING,Singapore,ATM,2026-05-01T14:05:45.000+05:30,YES,14,NO,5,YES
17430,51,1181,67330.72,Swiggy,NET BANKING,USA,ATM,2026-04-25T01:27:56.000+05:30,YES,1,YES,4,YES
17638,38,1084,95054.19,Walmart,NET BANKING,Singapore,Laptop,2026-04-20T15:53:12.000+05:30,YES,15,NO,4,YES
18015,73,1095,90327.85,Petrol Pump,NET BANKING,UK,ATM,2026-05-14T01:39:56.000+05:30,YES,1,YES,5,YES
18193,86,1150,84273.54,Uber,ATM WITHDRAWAL,Singapore,Mobile,2026-05-08T06:32:11.000+05:30,YES,6,NO,5,YES
19104,93,1014,84290.1,Apple Store,UPI,UK,Tablet,2026-04-29T08:08:37.000+05:30,YES,8,NO,4,YES
19268,78,1130,62848.24,Walmart,UPI,USA,Mobile,2026-05-15T12:43:29.000+05:30,YES,12,NO,5,YES
19718,44,1087,62967.25,Swiggy,ATM WITHDRAWAL,UK,Tablet,2026-04-24T01:18:57.000+05:30,YES,1,YES,4,YES
10897,53,1183,51991.6,Flipkart,ATM WITHDRAWAL,USA,ATM,2026-05-13T18:35:30.000+05:30,YES,18,NO,5,YES
11101,90,1078,87725.25,Apple Store,NET BANKING,UK,Mobile,2026-05-11T19:29:58.000+05:30,YES,19,NO,5,YES
11594,37,1086,83626.15,Walmart,CARD,USA,Laptop,2026-05-05T02:49:17.000+05:30,YES,2,YES,5,YES
11619,24,1106,93092.97,Nike,CARD,USA,Tablet,2026-04-28T08:59:37.000+05:30,YES,8,NO,4,YES
12973,69,1023,81841.06,Walmart,ATM WITHDRAWAL,UK,Tablet,2026-05-17T21:57:12.000+05:30,YES,21,NO,5,YES
13398,54,1096,88404.47,Zomato,UPI,USA,Laptop,2026-04-22T11:12:36.000+05:30,YES,11,NO,4,YES
13423,67,1155,86654.96,Apple Store,NET BANKING,UK,ATM,2026-04-26T02:33:10.000+05:30,YES,2,YES,4,YES
13437,79,1123,76181.73,Flipkart,CARD,Singapore,Mobile,2026-04-26T11:03:03.000+05:30,YES,11,NO,4,YES
13458,57,1099,54068.03,Petrol Pump,CARD,Singapore,ATM,2026-05-11T21:42:38.000+05:30,YES,21,NO,5,YES
13678,21,1068,61284.82,Netflix,CARD,Singapore,Laptop,2026-04-21T02:30:06.000+05:30,YES,2,YES,4,YES
14718,33,1039,83450.97,Swiggy,UPI,USA,Tablet,2026-04-26T19:39:44.000+05:30,YES,19,NO,4,YES
15878,68,1164,99440.34,Walmart,ATM WITHDRAWAL,USA,ATM,2026-05-10T13:44:40.000+05:30,YES,13,NO,5,YES
18276,100,1165,53907.88,Uber,NET BANKING,USA,Tablet,2026-04-28T02:23:00.000+05:30,YES,2,YES,4,YES
18703,29,1063,73893.42,Uber,CARD,USA,Laptop,2026-05-03T06:15:34.000+05:30,YES,6,NO,5,YES
18996,69,1081,80695.13,Swiggy,NET BANKING,Singapore,Tablet,2026-04-20T23:54:35.000+05:30,YES,23,NO,4,YES
19500,32,1193,94800.72,Zomato,CARD,Singapore,Laptop,2026-04-26T06:38:59.000+05:30,YES,6,NO,4,YES
19581,45,1155,54783.75,Zomato,ATM WITHDRAWAL,USA,Mobile,2026-05-03T07:09:28.000+05:30,YES,7,NO,5,YES
11274,15,1020,63557.96,Zomato,ATM WITHDRAWAL,Singapore,ATM,2026-04-24T08:14:14.000+05:30,YES,8,NO,4,YES
12087,39,1138,74883.08,Apple Store,NET BANKING,USA,Laptop,2026-05-03T12:59:32.000+05:30,YES,12,NO,5,YES
12475,36,1076,73962.34,Amazon,ATM WITHDRAWAL,UK,ATM,2026-05-09T18:45:03.000+05:30,YES,18,NO,5,YES
13193,71,1148,66383.59,Netflix,CARD,Singapore,Laptop,2026-05-07T10:22:58.000+05:30,YES,10,NO,5,YES
13461,66,1097,62406.82,Flipkart,NET BANKING,Germany,Tablet,2026-05-15T13:28:58.000+05:30,YES,13,NO,5,YES
14329,68,1035,83335.51,Apple Store,NET BANKING,UK,ATM,2026-05-16T16:00:44.000+05:30,YES,16,NO,5,YES
14717,7,1072,81567.76,Nike,NET BANKING,Singapore,Tablet,2026-05-14T13:16:33.000+05:30,YES,13,NO,5,YES
15752,5,1120,91470.62,Swiggy,NET BANKING,Germany,Tablet,2026-05-12T04:46:55.000+05:30,YES,4,YES,5,YES
16681,41,1152,99483.12,Amazon,UPI,Germany,Laptop,2026-04-26T12:51:27.000+05:30,YES,12,NO,4,YES
17219,31,1116,82262.6,Apple Store,ATM WITHDRAWAL,Singapore,Mobile,2026-04-18T22:28:01.000+05:30,YES,22,NO,4,YES
18196,59,1047,91813.93,Swiggy,UPI,Germany,Mobile,2026-05-09T17:59:15.000+05:30,YES,17,NO,5,YES
18388,66,1161,94379.0,Amazon,NET BANKING,Singapore,Mobile,2026-04-27T22:25:41.000+05:30,YES,22,NO,4,YES
18927,94,1042,92037.8,Swiggy,CARD,Germany,Laptop,2026-04-25T09:48:35.000+05:30,YES,9,NO,4,YES
19902,18,1166,63486.57,Walmart,CARD,Germany,Tablet,2026-04-30T12:25:48.000+05:30,YES,12,NO,4,YES
10090,46,1092,66916.81,Uber,NET BANKING,Singapore,ATM,2026-04-23T12:55:10.000+05:30,YES,12,NO,4,YES
11424,81,1128,88360.05,Walmart,CARD,USA,Laptop,2026-04-24T22:42:31.000+05:30,YES,22,NO,4,YES
11895,6,1090,85208.76,Flipkart,ATM WITHDRAWAL,Singapore,ATM,2026-04-27T07:23:21.000+05:30,YES,7,NO,4,YES
12127,31,1026,53870.02,Netflix,UPI,UK,Mobile,2026-04-24T23:28:52.000+05:30,YES,23,NO,4,YES
12141,27,1040,96382.37,Petrol Pump,UPI,USA,Mobile,2026-05-11T00:22:45.000+05:30,YES,0,YES,5,YES
12324,42,1077,83130.64,Nike,NET BANKING,UK,Laptop,2026-05-15T23:27:56.000+05:30,YES,23,NO,5,YES
13570,1,1077,76784.46,Walmart,CARD,UK,ATM,2026-05-05T22:25:21.000+05:30,YES,22,NO,5,YES
13594,67,1183,87014.11,Swiggy,NET BANKING,Singapore,ATM,2026-05-10T08:24:24.000+05:30,YES,8,NO,5,YES
13709,18,1010,56051.29,Swiggy,NET BANKING,UK,Laptop,2026-05-13T14:00:13.000+05:30,YES,14,NO,5,YES
14306,35,1066,82394.86,Zomato,ATM WITHDRAWAL,UK,Mobile,2026-05-05T05:37:41.000+05:30,YES,5,YES,5,YES
17021,25,1126,82757.99,Netflix,UPI,USA,ATM,2026-05-03T22:31:27.000+05:30,YES,22,NO,5,YES
17457,45,1183,85011.28,Walmart,CARD,UK,ATM,2026-04-22T02:13:08.000+05:30,YES,2,YES,4,YES
18139,63,1025,92322.54,Amazon,CARD,UK,Laptop,2026-04-18T16:27:07.000+05:30,YES,16,NO,4,YES
18235,50,1183,73367.14,Zomato,UPI,UK,Laptop,2026-04-27T16:23:28.000+05:30,YES,16,NO,4,YES
18271,34,1147,88895.57,Swiggy,ATM WITHDRAWAL,USA,ATM,2026-04-26T11:07:13.000+05:30,YES,11,NO,4,YES
18683,68,1070,97903.11,Zomato,ATM WITHDRAWAL,UK,ATM,2026-04-21T02:05:46.000+05:30,YES,2,YES,4,YES
19111,7,1183,64107.85,Swiggy,UPI,USA,Mobile,2026-05-14T19:52:17.000+05:30,YES,19,NO,5,YES
19342,83,1182,68631.5,Netflix,UPI,UK,Mobile,2026-04-19T15:40:10.000+05:30,YES,15,NO,4,YES
19496,58,1016,62887.39,Walmart,UPI,Germany,Mobile,2026-05-03T14:27:28.000+05:30,YES,14,NO,5,YES
19781,10,1151,78834.32,Amazon,NET BANKING,Germany,ATM,2026-05-04T05:31:19.000+05:30,YES,5,YES,5,YES
19928,35,1043,96806.57,Petrol Pump,UPI,Germany,Mobile,2026-04-28T15:31:29.000+05:30,YES,15,NO,4,YES
19956,20,1021,70970.67,Uber,NET BANKING,UK,Laptop,2026-05-05T09:52:07.000+05:30,YES,9,NO,5,YES
19965,74,1114,99349.98,Walmart,ATM WITHDRAWAL,USA,Tablet,2026-05-11T00:03:15.000+05:30,YES,0,YES,5,YES
14134,24,1154,98752.4,Walmart,ATM WITHDRAWAL,Germany,Mobile,2026-04-23T13:33:24.000+05:30,YES,13,NO,4,YES
10302,51,1112,62847.15,Swiggy,CARD,UK,Tablet,2026-05-01T00:51:30.000+05:30,YES,0,YES,5,YES
12527,49,1139,75496.15,Netflix,NET BANKING,Germany,Laptop,2026-04-20T14:51:24.000+05:30,YES,14,NO,4,YES
12556,85,1130,75335.45,Uber,UPI,UK,Tablet,2026-04-23T04:35:02.000+05:30,YES,4,YES,4,YES
12595,81,1138,77905.39,Swiggy,ATM WITHDRAWAL,UK,Mobile,2026-05-05T05:57:19.000+05:30,YES,5,YES,5,YES
12824,67,1088,75024.55,Uber,NET BANKING,Singapore,Mobile,2026-05-05T20:35:38.000+05:30,YES,20,NO,5,YES
12826,85,1077,95674.1,Zomato,NET BANKING,Germany,Tablet,2026-04-23T00:52:41.000+05:30,YES,0,YES,4,YES
13182,45,1093,99064.43,Apple Store,NET BANKING,Germany,ATM,2026-04-22T19:16:48.000+05:30,YES,19,NO,4,YES
14554,69,1113,93159.27,Petrol Pump,NET BANKING,USA,Tablet,2026-04-21T18:14:46.000+05:30,YES,18,NO,4,YES
14678,65,1161,96606.72,Apple Store,CARD,USA,Tablet,2026-04-27T09:34:10.000+05:30,YES,9,NO,4,YES
15789,61,1141,84812.66,Netflix,NET BANKING,UK,Tablet,2026-05-04T04:38:33.000+05:30,YES,4,YES,5,YES
16222,96,1106,93721.33,Netflix,ATM WITHDRAWAL,UK,Tablet,2026-05-08T18:29:50.000+05:30,YES,18,NO,5,YES
16799,57,1097,86577.73,Nike,NET BANKING,USA,ATM,2026-05-18T03:44:52.000+05:30,YES,3,YES,5,YES
17044,58,1139,61800.53,Netflix,ATM WITHDRAWAL,Germany,ATM,2026-05-06T16:58:16.000+05:30,YES,16,NO,5,YES
17882,87,1163,64460.63,Zomato,UPI,UK,Mobile,2026-05-02T13:46:26.000+05:30,YES,13,NO,5,YES
10083,30,1183,72552.58,Petrol Pump,CARD,UK,Laptop,2026-05-12T02:51:07.000+05:30,YES,2,YES,5,YES
10820,6,1040,50459.4,Petrol Pump,CARD,USA,Tablet,2026-04-30T13:49:30.000+05:30,YES,13,NO,4,YES
11490,11,1019,79526.93,Netflix,ATM WITHDRAWAL,Germany,Laptop,2026-05-09T23:04:20.000+05:30,YES,23,NO,5,YES
11821,34,1050,62937.29,Uber,NET BANKING,Germany,Laptop,2026-05-10T03:34:32.000+05:30,YES,3,YES,5,YES
12030,68,1088,98255.63,Apple Store,CARD,Singapore,Mobile,2026-04-19T09:14:57.000+05:30,YES,9,NO,4,YES
12616,8,1032,51750.02,Apple Store,UPI,Singapore,Mobile,2026-04-23T21:38:14.000+05:30,YES,21,NO,4,YES
13235,91,1081,78253.1,Petrol Pump,UPI,UK,Mobile,2026-04-21T11:27:23.000+05:30,YES,11,NO,4,YES
13910,44,1009,94870.87,Swiggy,UPI,USA,ATM,2026-05-12T12:18:20.000+05:30,YES,12,NO,5,YES
14738,15,1115,89090.25,Netflix,ATM WITHDRAWAL,Germany,Laptop,2026-05-02T06:53:26.000+05:30,YES,6,NO,5,YES
17163,71,1184,99504.48,Netflix,ATM WITHDRAWAL,Singapore,Mobile,2026-05-09T08:18:54.000+05:30,YES,8,NO,5,YES
17383,38,1086,57706.08,Nike,NET BANKING,UK,ATM,2026-05-15T23:53:42.000+05:30,YES,23,NO,5,YES
17881,7,1177,69870.75,Nike,ATM WITHDRAWAL,Singapore,ATM,2026-04-29T22:08:07.000+05:30,YES,22,NO,4,YES
18028,39,1047,90605.48,Amazon,ATM WITHDRAWAL,USA,ATM,2026-05-15T20:01:54.000+05:30,YES,20,NO,5,YES
10206,12,1067,88501.8,Amazon,CARD,Germany,ATM,2026-04-22T09:00:54.000+05:30,YES,9,NO,4,YES
11601,36,1073,68965.46,Amazon,UPI,Singapore,Tablet,2026-04-25T07:54:58.000+05:30,YES,7,NO,4,YES
12089,60,1077,50480.37,Petrol Pump,CARD,Germany,Mobile,2026-05-16T17:45:18.000+05:30,YES,17,NO,5,YES
12660,2,1177,69612.27,Zomato,NET BANKING,UK,ATM,2026-04-22T10:27:35.000+05:30,YES,10,NO,4,YES
13090,12,1099,86396.91,Amazon,UPI,Germany,Mobile,2026-05-08T06:52:25.000+05:30,YES,6,NO,5,YES
13531,73,1115,81542.0,Flipkart,CARD,USA,ATM,2026-05-08T19:18:25.000+05:30,YES,19,NO,5,YES
14075,26,1061,91052.71,Zomato,CARD,UK,Tablet,2026-05-10T21:19:42.000+05:30,YES,21,NO,5,YES
14259,36,1185,87034.91,Flipkart,ATM WITHDRAWAL,Singapore,ATM,2026-05-16T21:47:13.000+05:30,YES,21,NO,5,YES
14321,97,1069,59471.73,Nike,NET BANKING,USA,ATM,2026-04-30T14:34:50.000+05:30,YES,14,NO,4,YES
15677,7,1031,70798.07,Zomato,CARD,Singapore,Laptop,2026-05-05T01:11:16.000+05:30,YES,1,YES,5,YES
17064,34,1135,68254.36,Zomato,UPI,Germany,Laptop,2026-05-16T10:23:27.000+05:30,YES,10,NO,5,YES
17372,40,1050,85636.38,Amazon,UPI,UK,Mobile,2026-04-25T22:17:44.000+05:30,YES,22,NO,4,YES
18419,67,1057,65665.21,Netflix,CARD,USA,Mobile,2026-05-14T12:01:26.000+05:30,YES,12,NO,5,YES
18540,76,1101,85171.11,Nike,NET BANKING,Singapore,Mobile,2026-05-05T18:11:24.000+05:30,YES,18,NO,5,YES
10986,70,1135,98273.66,Nike,CARD,UK,Laptop,2026-05-09T23:53:36.000+05:30,YES,23,NO,5,YES
11037,76,1190,80484.33,Apple Store,NET BANKING,USA,ATM,2026-04-24T16:57:05.000+05:30,YES,16,NO,4,YES
11371,83,1059,66582.37,Nike,NET BANKING,Germany,Tablet,2026-05-11T11:02:22.000+05:30,YES,11,NO,5,YES
12073,36,1034,76979.82,Walmart,UPI,UK,Tablet,2026-04-19T08:38:54.000+05:30,YES,8,NO,4,YES
12088,94,1124,61240.12,Petrol Pump,ATM WITHDRAWAL,Germany,Laptop,2026-05-10T02:59:41.000+05:30,YES,2,YES,5,YES
14178,51,1126,53889.26,Nike,NET BANKING,Germany,Mobile,2026-05-18T08:05:29.000+05:30,YES,8,NO,5,YES
15798,47,1161,53044.58,Apple Store,NET BANKING,UK,Tablet,2026-04-22T04:38:23.000+05:30,YES,4,YES,4,YES
16842,31,1133,91091.97,Swiggy,NET BANKING,USA,ATM,2026-05-18T12:44:45.000+05:30,YES,12,NO,5,YES
16869,32,1026,70762.22,Swiggy,CARD,USA,Laptop,2026-05-15T17:41:00.000+05:30,YES,17,NO,5,YES
18227,76,1036,93363.01,Swiggy,ATM WITHDRAWAL,Singapore,ATM,2026-05-08T14:38:06.000+05:30,YES,14,NO,5,YES
19059,57,1188,58808.98,Zomato,NET BANKING,UK,Mobile,2026-05-11T14:10:55.000+05:30,YES,14,NO,5,YES
10028,21,1190,67585.16,Amazon,CARD,UK,Mobile,2026-04-19T10:16:09.000+05:30,YES,10,NO,4,YES
10184,66,1054,55240.52,Swiggy,NET BANKING,UK,Mobile,2026-05-06T12:55:30.000+05:30,YES,12,NO,5,YES
10332,49,1019,55181.99,Swiggy,ATM WITHDRAWAL,USA,Tablet,2026-04-25T17:30:39.000+05:30,YES,17,NO,4,YES
11661,83,1102,78432.6,Amazon,NET BANKING,Singapore,Mobile,2026-05-08T05:31:05.000+05:30,YES,5,YES,5,YES
12032,14,1045,71985.62,Flipkart,ATM WITHDRAWAL,Singapore,ATM,2026-05-14T00:59:49.000+05:30,YES,0,YES,5,YES
14313,4,1180,51251.92,Amazon,CARD,UK,ATM,2026-04-20T13:47:52.000+05:30,YES,13,NO,4,YES
14521,58,1012,70704.28,Petrol Pump,NET BANKING,Singapore,Tablet,2026-04-24T01:51:24.000+05:30,YES,1,YES,4,YES
16279,81,1154,69803.03,Walmart,ATM WITHDRAWAL,UK,Tablet,2026-04-24T15:58:12.000+05:30,YES,15,NO,4,YES
16637,76,1125,59258.77,Uber,CARD,UK,Tablet,2026-04-21T20:04:27.000+05:30,YES,20,NO,4,YES
16911,25,1198,63351.33,Flipkart,ATM WITHDRAWAL,USA,ATM,2026-04-22T06:22:51.000+05:30,YES,6,NO,4,YES
17353,41,1069,76348.03,Zomato,UPI,UK,Tablet,2026-05-08T21:39:54.000+05:30,YES,21,NO,5,YES
18038,100,1087,91450.1,Amazon,UPI,USA,Laptop,2026-05-04T02:22:35.000+05:30,YES,2,YES,5,YES
19744,11,1054,77241.8,Apple Store,CARD,UK,Mobile,2026-05-05T10:31:39.000+05:30,YES,10,NO,5,YES
10884,94,1018,83148.92,Zomato,ATM WITHDRAWAL,Germany,ATM,2026-05-01T10:58:16.000+05:30,YES,10,NO,5,YES
11116,42,1042,75363.64,Petrol Pump,CARD,Germany,Mobile,2026-05-08T20:28:37.000+05:30,YES,20,NO,5,YES
12210,86,1145,91929.93,Petrol Pump,ATM WITHDRAWAL,UK,Tablet,2026-04-28T10:38:54.000+05:30,YES,10,NO,4,YES
12426,30,1136,64185.85,Nike,NET BANKING,UK,ATM,2026-05-14T03:55:24.000+05:30,YES,3,YES,5,YES
13269,86,1185,77068.61,Nike,ATM WITHDRAWAL,Singapore,Mobile,2026-04-28T20:40:50.000+05:30,YES,20,NO,4,YES
13800,12,1065,79867.91,Netflix,ATM WITHDRAWAL,Singapore,Mobile,2026-04-21T05:06:49.000+05:30,YES,5,YES,4,YES
14783,67,1161,89159.73,Petrol Pump,UPI,Germany,ATM,2026-05-01T22:44:29.000+05:30,YES,22,NO,5,YES
15163,65,1052,57878.04,Nike,CARD,UK,Tablet,2026-05-02T16:25:36.000+05:30,YES,16,NO,5,YES
15830,37,1091,90433.21,Uber,UPI,Germany,Laptop,2026-04-28T21:10:02.000+05:30,YES,21,NO,4,YES
15911,16,1159,74813.01,Swiggy,UPI,UK,Mobile,2026-05-17T00:43:22.000+05:30,YES,0,YES,5,YES
15963,52,1155,64200.19,Zomato,NET BANKING,Germany,Tablet,2026-05-12T13:29:10.000+05:30,YES,13,NO,5,YES
16381,89,1055,59520.93,Netflix,UPI,Singapore,Mobile,2026-04-24T17:47:58.000+05:30,YES,17,NO,4,YES
16456,9,1106,73949.88,Netflix,UPI,USA,Mobile,2026-05-16T05:44:42.000+05:30,YES,5,YES,5,YES
16928,42,1102,70387.7,Amazon,UPI,Singapore,Laptop,2026-04-21T13:43:46.000+05:30,YES,13,NO,4,YES
16943,77,1175,59389.6,Flipkart,UPI,Singapore,Tablet,2026-05-09T13:27:33.000+05:30,YES,13,NO,5,YES
16983,42,1132,68426.57,Uber,CARD,Singapore,Tablet,2026-05-17T00:15:18.000+05:30,YES,0,YES,5,YES
17284,21,1046,65587.61,Flipkart,ATM WITHDRAWAL,Singapore,ATM,2026-04-24T23:51:04.000+05:30,YES,23,NO,4,YES
18979,37,1086,68635.7,Uber,NET BANKING,UK,ATM,2026-04-28T16:00:07.000+05:30,YES,16,NO,4,YES
19625,45,1021,55052.53,Netflix,ATM WITHDRAWAL,Singapore,Laptop,2026-05-15T21:02:26.000+05:30,YES,21,NO,5,YES
10860,17,1167,65381.05,Swiggy,NET BANKING,USA,Mobile,2026-05-11T05:28:32.000+05:30,YES,5,YES,5,YES
11304,90,1084,87846.66,Nike,NET BANKING,USA,ATM,2026-05-08T21:04:45.000+05:30,YES,21,NO,5,YES
13103,70,1042,99129.57,Netflix,NET BANKING,Germany,Mobile,2026-05-03T11:09:04.000+05:30,YES,11,NO,5,YES
13125,71,1044,87448.46,Walmart,UPI,Singapore,Mobile,2026-05-13T18:31:19.000+05:30,YES,18,NO,5,YES
13270,18,1088,63774.31,Swiggy,ATM WITHDRAWAL,USA,Mobile,2026-04-26T15:55:54.000+05:30,YES,15,NO,4,YES
14214,68,1146,92628.29,Zomato,UPI,USA,Laptop,2026-04-22T15:22:05.000+05:30,YES,15,NO,4,YES
14361,99,1142,60032.79,Amazon,NET BANKING,Singapore,ATM,2026-05-02T17:31:34.000+05:30,YES,17,NO,5,YES
14632,76,1050,82134.43,Amazon,UPI,UK,Mobile,2026-04-21T12:15:41.000+05:30,YES,12,NO,4,YES
15329,43,1106,66835.64,Amazon,UPI,USA,Mobile,2026-04-21T18:24:50.000+05:30,YES,18,NO,4,YES
16205,61,1112,64562.77,Swiggy,ATM WITHDRAWAL,UK,Tablet,2026-04-24T04:08:59.000+05:30,YES,4,YES,4,YES
17406,8,1082,87304.44,Zomato,ATM WITHDRAWAL,USA,Laptop,2026-05-08T20:38:01.000+05:30,YES,20,NO,5,YES
18156,53,1042,91970.29,Amazon,CARD,UK,Laptop,2026-05-05T17:12:49.000+05:30,YES,17,NO,5,YES
18488,43,1005,62805.58,Flipkart,UPI,Germany,Tablet,2026-04-21T09:34:38.000+05:30,YES,9,NO,4,YES
18501,27,1137,73232.55,Amazon,NET BANKING,USA,Laptop,2026-04-27T23:34:21.000+05:30,YES,23,NO,4,YES
18759,15,1087,82442.96,Flipkart,NET BANKING,Germany,ATM,2026-05-16T07:43:02.000+05:30,YES,7,NO,5,YES
18896,92,1024,76730.43,Uber,CARD,Singapore,Mobile,2026-05-09T15:07:52.000+05:30,YES,15,NO,5,YES
18932,29,1152,88727.65,Walmart,CARD,UK,Tablet,2026-05-04T11:32:34.000+05:30,YES,11,NO,5,YES
10024,33,1065,86580.38,Walmart,UPI,Singapore,Laptop,2026-05-10T17:17:23.000+05:30,YES,17,NO,5,YES
10359,10,1197,76103.81,Walmart,ATM WITHDRAWAL,UK,ATM,2026-05-02T07:18:19.000+05:30,YES,7,NO,5,YES
10541,5,1167,59478.77,Amazon,NET BANKING,Singapore,Mobile,2026-05-12T07:44:51.000+05:30,YES,7,NO,5,YES
10675,82,1089,82997.84,Amazon,NET BANKING,USA,ATM,2026-04-28T18:17:55.000+05:30,YES,18,NO,4,YES
11860,17,1155,53635.0,Petrol Pump,NET BANKING,UK,Laptop,2026-04-28T17:18:09.000+05:30,YES,17,NO,4,YES
12481,7,1077,55141.1,Flipkart,NET BANKING,UK,Laptop,2026-05-10T04:25:43.000+05:30,YES,4,YES,5,YES
14173,14,1143,97249.17,Nike,ATM WITHDRAWAL,Germany,Laptop,2026-05-10T11:41:56.000+05:30,YES,11,NO,5,YES
14460,78,1012,91519.25,Flipkart,NET BANKING,UK,Tablet,2026-04-23T09:28:20.000+05:30,YES,9,NO,4,YES
15784,63,1113,80526.09,Nike,NET BANKING,UK,ATM,2026-04-21T06:37:19.000+05:30,YES,6,NO,4,YES
15837,58,1040,85356.4,Amazon,NET BANKING,USA,Tablet,2026-05-10T06:27:06.000+05:30,YES,6,NO,5,YES
17369,76,1123,58395.47,Swiggy,UPI,Germany,Laptop,2026-05-02T17:47:32.000+05:30,YES,17,NO,5,YES
18734,38,1109,96296.17,Petrol Pump,NET BANKING,Germany,ATM,2026-04-19T13:20:30.000+05:30,YES,13,NO,4,YES
18935,80,1029,51319.85,Nike,CARD,UK,Mobile,2026-04-21T16:52:21.000+05:30,YES,16,NO,4,YES
19770,1,1085,52429.04,Petrol Pump,ATM WITHDRAWAL,Singapore,Tablet,2026-04-30T00:01:13.000+05:30,YES,0,YES,4,YES
10068,46,1046,96125.69,Apple Store,UPI,Singapore,Mobile,2026-04-26T23:19:23.000+05:30,YES,23,NO,4,YES
10118,52,1060,75386.11,Apple Store,UPI,Germany,Tablet,2026-04-29T04:35:44.000+05:30,YES,4,YES,4,YES
10250,1,1101,55802.69,Walmart,UPI,UK,Tablet,2026-04-23T11:45:06.000+05:30,YES,11,NO,4,YES
10937,74,1144,86354.09,Apple Store,NET BANKING,USA,Laptop,2026-05-15T14:45:36.000+05:30,YES,14,NO,5,YES
12554,84,1093,62281.76,Netflix,CARD,Singapore,Tablet,2026-05-10T13:59:25.000+05:30,YES,13,NO,5,YES
13427,12,1026,54517.49,Zomato,ATM WITHDRAWAL,Singapore,Laptop,2026-04-26T18:37:06.000+05:30,YES,18,NO,4,YES
13520,81,1134,90131.59,Petrol Pump,CARD,Singapore,Laptop,2026-04-30T21:58:54.000+05:30,YES,21,NO,4,YES
13670,73,1045,70299.69,Apple Store,UPI,Singapore,ATM,2026-05-18T04:44:46.000+05:30,YES,4,YES,5,YES
14125,23,1148,99818.18,Amazon,CARD,UK,ATM,2026-05-01T18:09:08.000+05:30,YES,18,NO,5,YES
14698,26,1018,79318.63,Swiggy,ATM WITHDRAWAL,Germany,ATM,2026-04-29T05:16:22.000+05:30,YES,5,YES,4,YES
14856,42,1139,60219.41,Nike,CARD,Germany,ATM,2026-05-16T07:54:30.000+05:30,YES,7,NO,5,YES
14993,7,1138,72862.18,Netflix,NET BANKING,UK,Laptop,2026-05-13T23:53:06.000+05:30,YES,23,NO,5,YES
15256,55,1051,53771.49,Swiggy,ATM WITHDRAWAL,Germany,Laptop,2026-04-25T03:17:05.000+05:30,YES,3,YES,4,YES
15806,93,1073,56100.12,Zomato,NET BANKING,Germany,Laptop,2026-04-23T06:09:48.000+05:30,YES,6,NO,4,YES
16731,50,1011,54024.15,Netflix,CARD,UK,Tablet,2026-05-18T07:58:09.000+05:30,YES,7,NO,5,YES
17378,41,1126,64927.76,Petrol Pump,UPI,USA,ATM,2026-04-30T10:38:33.000+05:30,YES,10,NO,4,YES
17854,19,1028,50546.36,Nike,ATM WITHDRAWAL,Germany,Laptop,2026-04-20T22:21:59.000+05:30,YES,22,NO,4,YES
19769,37,1124,94198.15,Uber,ATM WITHDRAWAL,USA,Mobile,2026-04-30T16:02:21.000+05:30,YES,16,NO,4,YES
10952,34,1123,80977.47,Uber,ATM WITHDRAWAL,Singapore,Laptop,2026-04-22T16:56:39.000+05:30,YES,16,NO,4,YES
10998,91,1176,95150.72,Nike,NET BANKING,Germany,Laptop,2026-05-17T10:55:44.000+05:30,YES,10,NO,5,YES
12330,42,1147,62083.09,Swiggy,UPI,USA,Mobile,2026-05-15T08:16:13.000+05:30,YES,8,NO,5,YES
12580,82,1082,91997.64,Apple Store,ATM WITHDRAWAL,USA,ATM,2026-05-03T18:37:07.000+05:30,YES,18,NO,5,YES
12729,48,1037,69005.06,Nike,NET BANKING,Germany,Mobile,2026-05-02T11:43:13.000+05:30,YES,11,NO,5,YES
12763,71,1146,61010.49,Apple Store,NET BANKING,Singapore,ATM,2026-04-20T12:48:35.000+05:30,YES,12,NO,4,YES
12945,8,1040,65703.3,Swiggy,UPI,Singapore,Laptop,2026-04-20T03:51:12.000+05:30,YES,3,YES,4,YES
13305,3,1104,78950.72,Flipkart,UPI,Singapore,Laptop,2026-04-24T01:48:10.000+05:30,YES,1,YES,4,YES
13549,74,1118,75518.67,Swiggy,CARD,Germany,Tablet,2026-05-08T01:29:06.000+05:30,YES,1,YES,5,YES
14439,82,1038,63636.73,Petrol Pump,ATM WITHDRAWAL,UK,Laptop,2026-05-17T19:55:25.000+05:30,YES,19,NO,5,YES
14591,47,1028,53027.87,Uber,NET BANKING,Germany,ATM,2026-05-12T18:44:30.000+05:30,YES,18,NO,5,YES
15644,97,1171,64604.36,Nike,CARD,Singapore,Mobile,2026-04-27T18:43:44.000+05:30,YES,18,NO,4,YES
16033,50,1005,98448.19,Nike,UPI,Germany,Mobile,2026-05-15T11:53:22.000+05:30,YES,11,NO,5,YES
16485,18,1141,62634.61,Apple Store,ATM WITHDRAWAL,USA,ATM,2026-05-13T13:49:15.000+05:30,YES,13,NO,5,YES
16872,44,1075,53792.72,Flipkart,ATM WITHDRAWAL,USA,Laptop,2026-04-21T09:18:26.000+05:30,YES,9,NO,4,YES
17556,57,1098,66443.97,Apple Store,ATM WITHDRAWAL,UK,Tablet,2026-04-20T10:16:20.000+05:30,YES,10,NO,4,YES
17588,89,1079,75903.08,Amazon,ATM WITHDRAWAL,Germany,Tablet,2026-05-15T16:46:18.000+05:30,YES,16,NO,5,YES
17620,41,1090,93839.43,Petrol Pump,ATM WITHDRAWAL,Singapore,Tablet,2026-04-23T04:30:44.000+05:30,YES,4,YES,4,YES
18322,30,1146,93761.38,Flipkart,ATM WITHDRAWAL,UK,ATM,2026-05-05T13:42:09.000+05:30,YES,13,NO,5,YES
19015,48,1178,60375.3,Swiggy,ATM WITHDRAWAL,Singapore,Mobile,2026-04-26T07:13:53.000+05:30,YES,7,NO,4,YES
19265,77,1128,59753.36,Amazon,ATM WITHDRAWAL,Germany,ATM,2026-05-14T13:55:10.000+05:30,YES,13,NO,5,YES
19675,43,1022,85848.92,Petrol Pump,CARD,Germany,ATM,2026-05-10T15:51:51.000+05:30,YES,15,NO,5,YES
10376,53,1151,55792.05,Swiggy,ATM WITHDRAWAL,Singapore,ATM,2026-04-25T18:11:56.000+05:30,YES,18,NO,4,YES
10394,4,1089,74304.96,Walmart,ATM WITHDRAWAL,UK,Tablet,2026-05-08T13:40:56.000+05:30,YES,13,NO,5,YES
11155,22,1044,98433.86,Netflix,NET BANKING,Singapore,Tablet,2026-05-15T17:26:00.000+05:30,YES,17,NO,5,YES
12096,19,1083,58105.41,Flipkart,ATM WITHDRAWAL,Germany,ATM,2026-05-09T04:59:13.000+05:30,YES,4,YES,5,YES
12516,11,1055,62342.67,Swiggy,ATM WITHDRAWAL,Singapore,Laptop,2026-04-28T15:05:35.000+05:30,YES,15,NO,4,YES
12814,60,1159,72599.91,Apple Store,CARD,Singapore,Laptop,2026-04-27T03:09:37.000+05:30,YES,3,YES,4,YES
13402,36,1168,76218.31,Uber,ATM WITHDRAWAL,UK,Laptop,2026-05-06T15:06:37.000+05:30,YES,15,NO,5,YES
13744,43,1131,92610.8,Netflix,NET BANKING,Germany,Tablet,2026-05-06T00:54:57.000+05:30,YES,0,YES,5,YES
13754,8,1141,99028.88,Netflix,NET BANKING,Singapore,Tablet,2026-05-03T01:41:36.000+05:30,YES,1,YES,5,YES
13812,14,1103,88374.74,Apple Store,NET BANKING,Germany,Mobile,2026-05-03T06:10:21.000+05:30,YES,6,NO,5,YES
13990,31,1175,61087.91,Zomato,ATM WITHDRAWAL,USA,Laptop,2026-04-26T00:59:05.000+05:30,YES,0,YES,4,YES
14227,36,1127,97025.75,Nike,UPI,USA,Mobile,2026-05-01T05:24:30.000+05:30,YES,5,YES,5,YES
14241,6,1160,64611.3,Uber,UPI,Singapore,Laptop,2026-05-01T19:58:38.000+05:30,YES,19,NO,5,YES
14383,90,1080,56248.54,Nike,CARD,UK,Mobile,2026-05-18T14:30:32.000+05:30,YES,14,NO,5,YES
15366,7,1096,83926.76,Swiggy,UPI,Singapore,Laptop,2026-04-26T10:04:45.000+05:30,YES,10,NO,4,YES
15865,62,1123,69187.69,Nike,CARD,Germany,Mobile,2026-05-12T17:23:18.000+05:30,YES,17,NO,5,YES
15893,69,1095,85028.85,Nike,ATM WITHDRAWAL,Singapore,Mobile,2026-05-02T01:55:24.000+05:30,YES,1,YES,5,YES
15918,44,1023,71048.52,Walmart,UPI,UK,Tablet,2026-05-04T13:30:25.000+05:30,YES,13,NO,5,YES
16346,13,1101,90116.98,Nike,CARD,Singapore,Tablet,2026-05-06T20:38:22.000+05:30,YES,20,NO,5,YES
16533,7,1071,67123.36,Amazon,UPI,UK,ATM,2026-05-08T15:47:58.000+05:30,YES,15,NO,5,YES
16889,47,1093,69575.64,Swiggy,CARD,UK,Mobile,2026-05-15T23:56:22.000+05:30,YES,23,NO,5,YES
17036,65,1140,96165.24,Apple Store,CARD,Germany,ATM,2026-04-30T00:50:57.000+05:30,YES,0,YES,4,YES
17294,95,1162,70463.21,Walmart,NET BANKING,UK,Tablet,2026-05-12T04:23:19.000+05:30,YES,4,YES,5,YES
18146,98,1007,82027.43,Nike,ATM WITHDRAWAL,Germany,Mobile,2026-05-01T20:54:14.000+05:30,YES,20,NO,5,YES
18321,28,1140,52360.57,Petrol Pump,NET BANKING,Singapore,Tablet,2026-04-23T14:54:58.000+05:30,YES,14,NO,4,YES
19188,17,1025,51892.88,Apple Store,UPI,Germany,Tablet,2026-05-02T13:03:31.000+05:30,YES,13,NO,5,YES
10006,43,1076,56608.72,Swiggy,CARD,UK,Laptop,2026-04-24T21:38:35.000+05:30,YES,21,NO,4,YES
10045,49,1153,66251.96,Flipkart,CARD,Germany,Laptop,2026-05-07T12:12:12.000+05:30,YES,12,NO,5,YES
10178,60,1132,72068.2,Walmart,UPI,Germany,Laptop,2026-05-01T05:12:19.000+05:30,YES,5,YES,5,YES
11097,61,1132,57953.98,Apple Store,UPI,USA,Tablet,2026-05-07T09:17:58.000+05:30,YES,9,NO,5,YES
13772,14,1162,87874.3,Amazon,ATM WITHDRAWAL,Singapore,Laptop,2026-04-24T05:16:53.000+05:30,YES,5,YES,4,YES
14089,70,1029,63171.14,Flipkart,NET BANKING,UK,ATM,2026-05-09T05:09:27.000+05:30,YES,5,YES,5,YES
14990,57,1198,67501.88,Netflix,UPI,Germany,Mobile,2026-05-07T00:07:08.000+05:30,YES,0,YES,5,YES
16180,58,1117,69528.53,Swiggy,CARD,USA,Tablet,2026-05-12T22:29:35.000+05:30,YES,22,NO,5,YES
17626,37,1045,50313.17,Flipkart,UPI,Singapore,ATM,2026-04-29T16:18:36.000+05:30,YES,16,NO,4,YES
17728,59,1173,88827.4,Netflix,ATM WITHDRAWAL,UK,ATM,2026-04-25T21:10:56.000+05:30,YES,21,NO,4,YES
17844,76,1047,79321.18,Netflix,UPI,UK,ATM,2026-05-11T03:03:42.000+05:30,YES,3,YES,5,YES
18348,64,1083,61944.75,Uber,CARD,Singapore,Laptop,2026-05-01T12:06:37.000+05:30,YES,12,NO,5,YES
18877,72,1004,76178.58,Netflix,UPI,Singapore,ATM,2026-05-14T14:05:30.000+05:30,YES,14,NO,5,YES
10066,35,1173,83157.27,Nike,UPI,USA,ATM,2026-04-20T07:19:35.000+05:30,YES,7,NO,4,YES
10500,59,1059,64496.63,Amazon,CARD,USA,ATM,2026-05-14T21:58:08.000+05:30,YES,21,NO,5,YES
10644,39,1179,63033.16,Netflix,UPI,Singapore,Laptop,2026-05-18T07:02:52.000+05:30,YES,7,NO,5,YES
10939,50,1012,86434.61,Swiggy,NET BANKING,Singapore,Laptop,2026-04-28T09:30:40.000+05:30,YES,9,NO,4,YES
11180,21,1126,94367.95,Netflix,CARD,Singapore,Mobile,2026-04-30T07:40:12.000+05:30,YES,7,NO,4,YES
11368,37,1180,68403.38,Apple Store,UPI,Germany,Tablet,2026-04-25T11:29:49.000+05:30,YES,11,NO,4,YES
11731,15,1132,98684.27,Zomato,UPI,Germany,Tablet,2026-05-01T04:29:08.000+05:30,YES,4,YES,5,YES
11813,13,1103,85288.37,Zomato,NET BANKING,Germany,Tablet,2026-04-24T14:26:14.000+05:30,YES,14,NO,4,YES
12430,22,1165,78826.81,Petrol Pump,NET BANKING,USA,Mobile,2026-05-11T22:45:40.000+05:30,YES,22,NO,5,YES
12844,85,1170,88517.1,Walmart,UPI,USA,Mobile,2026-05-02T22:59:22.000+05:30,YES,22,NO,5,YES
13163,15,1150,77056.12,Walmart,NET BANKING,USA,ATM,2026-05-03T17:21:19.000+05:30,YES,17,NO,5,YES
14806,77,1107,70413.2,Amazon,UPI,Singapore,ATM,2026-05-16T22:23:34.000+05:30,YES,22,NO,5,YES
15306,16,1119,65588.65,Walmart,ATM WITHDRAWAL,Singapore,Tablet,2026-04-27T13:27:31.000+05:30,YES,13,NO,4,YES
15980,90,1159,67940.64,Petrol Pump,CARD,Singapore,Tablet,2026-05-13T04:01:47.000+05:30,YES,4,YES,5,YES
17741,74,1087,58139.69,Nike,NET BANKING,Singapore,Tablet,2026-05-09T07:24:48.000+05:30,YES,7,NO,5,YES
19198,68,1137,71227.15,Apple Store,NET BANKING,Singapore,ATM,2026-05-13T17:40:47.000+05:30,YES,17,NO,5,YES
19276,52,1056,61667.14,Zomato,ATM WITHDRAWAL,Germany,ATM,2026-05-09T16:01:22.000+05:30,YES,16,NO,5,YES
19298,17,1117,54733.55,Netflix,NET BANKING,Germany,ATM,2026-05-01T04:22:55.000+05:30,YES,4,YES,5,YES
19367,24,1122,69200.01,Walmart,ATM WITHDRAWAL,Germany,Tablet,2026-05-13T02:05:00.000+05:30,YES,2,YES,5,YES
19819,42,1081,85476.08,Amazon,CARD,USA,Mobile,2026-05-17T22:59:02.000+05:30,YES,22,NO,5,YES
10007,34,1044,94204.59,Nike,NET BANKING,UK,Mobile,2026-05-07T08:22:18.000+05:30,YES,8,NO,5,YES
10334,23,1138,99331.94,Swiggy,ATM WITHDRAWAL,Germany,Tablet,2026-04-20T03:04:20.000+05:30,YES,3,YES,4,YES
10638,29,1080,92803.29,Flipkart,NET BANKING,Singapore,Laptop,2026-05-04T04:08:26.000+05:30,YES,4,YES,5,YES
10901,95,1105,82459.89,Petrol Pump,ATM WITHDRAWAL,Singapore,Tablet,2026-04-21T15:03:12.000+05:30,YES,15,NO,4,YES
11463,39,1068,82392.82,Flipkart,ATM WITHDRAWAL,Germany,ATM,2026-05-12T17:06:20.000+05:30,YES,17,NO,5,YES
11520,9,1180,51569.9,Nike,UPI,USA,Tablet,2026-04-23T04:30:34.000+05:30,YES,4,YES,4,YES
11710,64,1120,94339.23,Walmart,ATM WITHDRAWAL,Singapore,ATM,2026-05-16T04:20:21.000+05:30,YES,4,YES,5,YES
11905,23,1172,96911.49,Zomato,UPI,Singapore,Mobile,2026-05-09T16:54:57.000+05:30,YES,16,NO,5,YES
12007,75,1028,78928.75,Netflix,ATM WITHDRAWAL,Singapore,Tablet,2026-04-26T12:08:12.000+05:30,YES,12,NO,4,YES
12182,3,1192,52722.52,Apple Store,ATM WITHDRAWAL,Germany,ATM,2026-05-02T19:08:52.000+05:30,YES,19,NO,5,YES
12441,53,1148,80078.38,Uber,CARD,UK,Mobile,2026-05-16T00:27:34.000+05:30,YES,0,YES,5,YES
12639,39,1166,80201.19,Amazon,NET BANKING,Singapore,ATM,2026-05-17T02:24:55.000+05:30,YES,2,YES,5,YES
12709,82,1069,83596.48,Nike,CARD,Germany,Mobile,2026-05-03T23:21:02.000+05:30,YES,23,NO,5,YES
13062,88,1044,88877.65,Netflix,NET BANKING,Singapore,ATM,2026-05-16T04:52:07.000+05:30,YES,4,YES,5,YES
14376,83,1069,61254.17,Netflix,CARD,Singapore,Laptop,2026-05-14T14:17:26.000+05:30,YES,14,NO,5,YES
14569,28,1051,62226.83,Zomato,ATM WITHDRAWAL,Singapore,ATM,2026-05-14T17:19:11.000+05:30,YES,17,NO,5,YES
14855,85,1197,54658.83,Swiggy,NET BANKING,UK,ATM,2026-05-01T11:08:42.000+05:30,YES,11,NO,5,YES
15919,45,1165,83158.96,Petrol Pump,CARD,Germany,ATM,2026-05-07T01:26:36.000+05:30,YES,1,YES,5,YES
18264,60,1132,80453.14,Uber,UPI,UK,Tablet,2026-05-08T20:56:15.000+05:30,YES,20,NO,5,YES
19160,87,1176,60658.38,Amazon,ATM WITHDRAWAL,Germany,Tablet,2026-04-28T14:17:20.000+05:30,YES,14,NO,4,YES
19626,38,1148,79002.88,Swiggy,NET BANKING,Germany,Tablet,2026-04-19T10:28:01.000+05:30,YES,10,NO,4,YES
10285,22,1060,73850.67,Netflix,ATM WITHDRAWAL,Germany,Mobile,2026-04-20T19:39:16.000+05:30,YES,19,NO,4,YES
11884,87,1195,57653.22,Swiggy,CARD,Singapore,ATM,2026-05-08T17:06:37.000+05:30,YES,17,NO,5,YES
13906,97,1106,81820.32,Petrol Pump,CARD,Germany,Laptop,2026-05-05T22:08:14.000+05:30,YES,22,NO,5,YES
13922,6,1029,51099.02,Nike,NET BANKING,Singapore,Laptop,2026-05-03T04:28:12.000+05:30,YES,4,YES,5,YES
14532,44,1143,92386.4,Netflix,ATM WITHDRAWAL,Germany,Laptop,2026-04-20T05:23:50.000+05:30,YES,5,YES,4,YES
15233,20,1127,91267.82,Nike,CARD,Singapore,ATM,2026-05-03T17:52:46.000+05:30,YES,17,NO,5,YES
15504,6,1117,90536.59,Zomato,NET BANKING,UK,ATM,2026-04-21T15:16:35.000+05:30,YES,15,NO,4,YES
15547,81,1046,51102.55,Nike,CARD,Germany,Mobile,2026-05-07T00:35:00.000+05:30,YES,0,YES,5,YES
16041,24,1113,66472.16,Petrol Pump,UPI,UK,Mobile,2026-05-04T08:19:03.000+05:30,YES,8,NO,5,YES
17109,96,1038,57387.12,Flipkart,NET BANKING,Singapore,Tablet,2026-05-03T13:14:06.000+05:30,YES,13,NO,5,YES
17234,92,1061,52271.42,Apple Store,CARD,Germany,Tablet,2026-04-21T12:05:32.000+05:30,YES,12,NO,4,YES
17418,68,1062,91948.99,Apple Store,NET BANKING,Singapore,Laptop,2026-04-29T21:04:28.000+05:30,YES,21,NO,4,YES
18189,80,1131,67529.47,Uber,ATM WITHDRAWAL,Singapore,Tablet,2026-05-15T13:11:30.000+05:30,YES,13,NO,5,YES
18763,25,1079,86473.68,Petrol Pump,NET BANKING,Germany,Mobile,2026-05-13T11:45:11.000+05:30,YES,11,NO,5,YES
10367,3,1095,72914.75,Nike,CARD,Singapore,Mobile,2026-05-06T04:36:45.000+05:30,YES,4,YES,5,YES
10445,80,1001,57993.21,Zomato,CARD,USA,Tablet,2026-05-13T06:32:56.000+05:30,YES,6,NO,5,YES
11280,2,1105,71735.71,Amazon,ATM WITHDRAWAL,USA,ATM,2026-04-22T07:23:35.000+05:30,YES,7,NO,4,YES
11754,88,1152,61050.26,Apple Store,NET BANKING,Germany,Tablet,2026-05-09T00:09:12.000+05:30,YES,0,YES,5,YES
12267,75,1185,89748.23,Amazon,CARD,USA,ATM,2026-05-08T11:17:49.000+05:30,YES,11,NO,5,YES
14940,43,1014,85900.7,Zomato,ATM WITHDRAWAL,UK,Tablet,2026-05-16T20:22:42.000+05:30,YES,20,NO,5,YES
15087,75,1135,98652.6,Apple Store,NET BANKING,Singapore,Laptop,2026-05-04T14:54:50.000+05:30,YES,14,NO,5,YES
17777,52,1172,61313.33,Flipkart,CARD,Germany,Tablet,2026-05-04T07:54:14.000+05:30,YES,7,NO,5,YES
18167,43,1003,64147.73,Petrol Pump,NET BANKING,UK,Mobile,2026-05-15T20:57:35.000+05:30,YES,20,NO,5,YES
10038,57,1092,71160.73,Apple Store,ATM WITHDRAWAL,USA,Laptop,2026-04-27T21:08:20.000+05:30,YES,21,NO,4,YES
10572,60,1016,62796.78,Nike,ATM WITHDRAWAL,USA,ATM,2026-04-29T12:17:54.000+05:30,YES,12,NO,4,YES
11078,64,1060,99286.58,Walmart,ATM WITHDRAWAL,Germany,Laptop,2026-05-04T23:46:52.000+05:30,YES,23,NO,5,YES
11609,8,1006,97467.6,Flipkart,NET BANKING,Germany,Laptop,2026-05-03T09:18:38.000+05:30,YES,9,NO,5,YES
11669,70,1164,79046.96,Uber,CARD,UK,Tablet,2026-05-10T08:48:23.000+05:30,YES,8,NO,5,YES
11829,57,1051,85409.65,Amazon,NET BANKING,Singapore,Mobile,2026-04-19T16:00:29.000+05:30,YES,16,NO,4,YES
12918,37,1186,96717.26,Amazon,UPI,Germany,Mobile,2026-04-26T05:29:04.000+05:30,YES,5,YES,4,YES
14095,88,1070,70985.22,Walmart,UPI,Germany,ATM,2026-05-12T08:48:34.000+05:30,YES,8,NO,5,YES
14643,75,1146,64968.7,Amazon,UPI,Germany,Mobile,2026-05-11T08:31:10.000+05:30,YES,8,NO,5,YES
16109,15,1109,70151.25,Zomato,ATM WITHDRAWAL,UK,Mobile,2026-05-09T09:25:19.000+05:30,YES,9,NO,5,YES
16945,90,1151,61360.38,Nike,UPI,Germany,Tablet,2026-05-12T14:27:19.000+05:30,YES,14,NO,5,YES
16992,60,1150,65290.39,Apple Store,NET BANKING,UK,Mobile,2026-04-26T00:41:53.000+05:30,YES,0,YES,4,YES
17451,9,1172,54147.46,Flipkart,ATM WITHDRAWAL,Singapore,ATM,2026-04-21T15:01:20.000+05:30,YES,15,NO,4,YES
17576,74,1044,95355.02,Flipkart,UPI,Singapore,Tablet,2026-04-29T21:52:44.000+05:30,YES,21,NO,4,YES
17695,83,1102,64418.74,Flipkart,ATM WITHDRAWAL,Germany,Laptop,2026-04-21T06:55:32.000+05:30,YES,6,NO,4,YES
17813,54,1150,57465.76,Netflix,CARD,Germany,Mobile,2026-04-20T07:56:49.000+05:30,YES,7,NO,4,YES
19255,56,1061,54111.39,Nike,ATM WITHDRAWAL,USA,Laptop,2026-05-11T09:07:13.000+05:30,YES,9,NO,5,YES
19580,59,1150,98307.52,Apple Store,NET BANKING,Germany,Laptop,2026-05-01T03:58:23.000+05:30,YES,3,YES,5,YES
10418,56,1103,90911.58,Petrol Pump,NET BANKING,USA,ATM,2026-04-19T21:59:11.000+05:30,YES,21,NO,4,YES
10579,4,1033,95841.71,Apple Store,CARD,UK,Laptop,2026-05-15T20:05:02.000+05:30,YES,20,NO,5,YES
11245,3,1058,83674.16,Uber,UPI,UK,Tablet,2026-04-30T13:15:50.000+05:30,YES,13,NO,4,YES
12148,30,1127,84253.6,Zomato,UPI,Singapore,ATM,2026-05-17T07:24:20.000+05:30,YES,7,NO,5,YES
12732,2,1136,55514.23,Uber,UPI,Singapore,Tablet,2026-05-12T22:27:08.000+05:30,YES,22,NO,5,YES
13916,92,1006,95619.91,Nike,ATM WITHDRAWAL,Singapore,Tablet,2026-05-15T20:09:38.000+05:30,YES,20,NO,5,YES
13943,50,1092,90984.21,Uber,UPI,Germany,Laptop,2026-05-08T00:39:16.000+05:30,YES,0,YES,5,YES
15195,39,1031,56204.32,Uber,NET BANKING,UK,Mobile,2026-04-23T19:31:19.000+05:30,YES,19,NO,4,YES
15358,64,1141,82857.32,Petrol Pump,NET BANKING,UK,Laptop,2026-05-13T09:13:25.000+05:30,YES,9,NO,5,YES
15475,17,1056,52762.28,Apple Store,ATM WITHDRAWAL,UK,Laptop,2026-05-01T07:59:29.000+05:30,YES,7,NO,5,YES
15485,29,1001,93194.02,Amazon,UPI,UK,Tablet,2026-04-26T05:18:00.000+05:30,YES,5,YES,4,YES
15502,25,1043,54175.78,Swiggy,ATM WITHDRAWAL,USA,Mobile,2026-05-03T11:20:52.000+05:30,YES,11,NO,5,YES
16379,50,1101,74268.11,Walmart,CARD,Singapore,Laptop,2026-04-19T04:56:01.000+05:30,YES,4,YES,4,YES
17492,24,1019,77793.99,Walmart,ATM WITHDRAWAL,UK,Tablet,2026-04-27T04:14:27.000+05:30,YES,4,YES,4,YES
17757,7,1099,75254.77,Amazon,UPI,USA,Laptop,2026-05-08T20:40:36.000+05:30,YES,20,NO,5,YES
17776,6,1127,71533.42,Flipkart,UPI,Singapore,Laptop,2026-05-04T02:50:09.000+05:30,YES,2,YES,5,YES
18029,53,1123,81700.7,Petrol Pump,CARD,Singapore,ATM,2026-05-02T09:32:53.000+05:30,YES,9,NO,5,YES
18623,98,1137,60679.32,Petrol Pump,CARD,Germany,ATM,2026-05-13T14:27:28.000+05:30,YES,14,NO,5,YES
18702,12,1099,94620.81,Walmart,CARD,USA,Tablet,2026-05-02T00:31:12.000+05:30,YES,0,YES,5,YES
19813,85,1028,85031.14,Nike,ATM WITHDRAWAL,Germany,Mobile,2026-04-24T18:17:16.000+05:30,YES,18,NO,4,YES
10226,81,1162,59563.85,Apple Store,UPI,Germany,ATM,2026-05-05T02:00:37.000+05:30,YES,2,YES,5,YES
10327,46,1108,91449.89,Swiggy,NET BANKING,Singapore,Mobile,2026-05-08T15:09:35.000+05:30,YES,15,NO,5,YES
10395,44,1130,96609.69,Zomato,CARD,UK,ATM,2026-05-12T11:10:50.000+05:30,YES,11,NO,5,YES
11978,19,1159,72855.85,Walmart,CARD,Singapore,Mobile,2026-05-15T01:31:25.000+05:30,YES,1,YES,5,YES
12085,88,1167,95533.32,Apple Store,ATM WITHDRAWAL,USA,Tablet,2026-05-04T22:12:28.000+05:30,YES,22,NO,5,YES
12137,88,1011,59608.57,Flipkart,ATM WITHDRAWAL,USA,Tablet,2026-04-26T12:27:25.000+05:30,YES,12,NO,4,YES
14296,95,1149,92006.36,Nike,CARD,Germany,Laptop,2026-04-26T06:19:19.000+05:30,YES,6,NO,4,YES
14466,51,1046,64278.66,Swiggy,NET BANKING,UK,Mobile,2026-05-11T05:36:18.000+05:30,YES,5,YES,5,YES
14619,48,1107,60757.95,Swiggy,CARD,USA,Tablet,2026-05-16T15:49:09.000+05:30,YES,15,NO,5,YES
15235,46,1053,76316.76,Petrol Pump,NET BANKING,Germany,ATM,2026-05-03T10:49:15.000+05:30,YES,10,NO,5,YES
15279,53,1079,81394.6,Flipkart,ATM WITHDRAWAL,Germany,Laptop,2026-05-07T09:09:24.000+05:30,YES,9,NO,5,YES
15437,47,1026,50378.99,Swiggy,NET BANKING,Germany,Mobile,2026-04-21T00:03:29.000+05:30,YES,0,YES,4,YES
16011,3,1190,56417.22,Petrol Pump,ATM WITHDRAWAL,Germany,Tablet,2026-04-24T11:52:38.000+05:30,YES,11,NO,4,YES
16730,69,1190,95983.54,Nike,CARD,Germany,Laptop,2026-04-23T00:13:14.000+05:30,YES,0,YES,4,YES
17341,75,1073,55613.22,Flipkart,NET BANKING,USA,ATM,2026-04-30T12:04:06.000+05:30,YES,12,NO,4,YES
18279,41,1044,84290.83,Zomato,ATM WITHDRAWAL,Singapore,Laptop,2026-05-07T17:49:07.000+05:30,YES,17,NO,5,YES
18612,37,1158,76674.31,Flipkart,CARD,USA,Mobile,2026-04-23T03:08:50.000+05:30,YES,3,YES,4,YES
18956,17,1101,83325.45,Swiggy,NET BANKING,Singapore,Mobile,2026-05-07T23:58:13.000+05:30,YES,23,NO,5,YES
19072,56,1115,63647.16,Walmart,NET BANKING,Singapore,ATM,2026-05-03T03:18:47.000+05:30,YES,3,YES,5,YES
19335,30,1124,59224.46,Uber,NET BANKING,USA,ATM,2026-05-10T00:13:48.000+05:30,YES,0,YES,5,YES
19362,10,1131,98765.1,Petrol Pump,ATM WITHDRAWAL,Singapore,Laptop,2026-05-07T08:04:35.000+05:30,YES,8,NO,5,YES
19786,18,1179,55824.69,Walmart,UPI,UK,ATM,2026-04-22T07:01:52.000+05:30,YES,7,NO,4,YES
10499,21,1003,82045.32,Petrol Pump,UPI,USA,Laptop,2026-04-29T03:54:38.000+05:30,YES,3,YES,4,YES
10508,72,1097,82425.66,Swiggy,ATM WITHDRAWAL,USA,Mobile,2026-05-02T03:18:34.000+05:30,YES,3,YES,5,YES
10865,98,1010,73149.02,Apple Store,NET BANKING,USA,Mobile,2026-04-23T00:12:05.000+05:30,YES,0,YES,4,YES
11016,83,1058,85770.85,Walmart,CARD,Singapore,Tablet,2026-05-07T19:08:07.000+05:30,YES,19,NO,5,YES
11058,27,1065,54729.25,Walmart,CARD,Germany,ATM,2026-04-30T13:56:15.000+05:30,YES,13,NO,4,YES
11457,82,1056,56998.88,Flipkart,NET BANKING,Germany,Laptop,2026-04-29T19:29:24.000+05:30,YES,19,NO,4,YES
12469,81,1015,90956.04,Flipkart,CARD,USA,Laptop,2026-05-08T01:25:18.000+05:30,YES,1,YES,5,YES
12720,71,1186,82365.3,Zomato,CARD,Singapore,ATM,2026-04-20T16:30:33.000+05:30,YES,16,NO,4,YES
13367,49,1162,51151.45,Flipkart,ATM WITHDRAWAL,UK,Laptop,2026-05-08T14:59:19.000+05:30,YES,14,NO,5,YES
13793,1,1158,51146.67,Uber,ATM WITHDRAWAL,Germany,Laptop,2026-05-08T06:55:05.000+05:30,YES,6,NO,5,YES
14197,22,1180,54406.13,Swiggy,CARD,Singapore,Mobile,2026-05-11T13:01:09.000+05:30,YES,13,NO,5,YES
14381,87,1048,80261.47,Swiggy,NET BANKING,USA,Tablet,2026-05-04T09:03:27.000+05:30,YES,9,NO,5,YES
14438,3,1122,98057.41,Flipkart,CARD,Singapore,Mobile,2026-05-12T13:52:56.000+05:30,YES,13,NO,5,YES
14556,88,1166,81623.04,Flipkart,NET BANKING,Germany,Laptop,2026-04-23T09:20:52.000+05:30,YES,9,NO,4,YES
14723,52,1147,77896.61,Zomato,CARD,USA,Mobile,2026-05-07T06:15:21.000+05:30,YES,6,NO,5,YES
16438,81,1029,95867.95,Apple Store,NET BANKING,USA,ATM,2026-05-18T11:42:31.000+05:30,YES,11,NO,5,YES
18981,69,1069,97536.75,Flipkart,NET BANKING,USA,Mobile,2026-04-24T18:08:52.000+05:30,YES,18,NO,4,YES
19012,13,1143,73615.04,Apple Store,ATM WITHDRAWAL,UK,Laptop,2026-05-15T03:36:36.000+05:30,YES,3,YES,5,YES
10216,41,1172,82411.16,Walmart,ATM WITHDRAWAL,USA,Tablet,2026-04-21T12:27:12.000+05:30,YES,12,NO,4,YES
10516,60,1197,70625.77,Flipkart,ATM WITHDRAWAL,UK,Mobile,2026-04-24T13:05:55.000+05:30,YES,13,NO,4,YES
10957,10,1081,86776.63,Nike,NET BANKING,Singapore,ATM,2026-05-15T12:23:11.000+05:30,YES,12,NO,5,YES
11580,37,1176,84436.18,Flipkart,NET BANKING,Germany,Laptop,2026-04-30T03:03:31.000+05:30,YES,3,YES,4,YES
12142,75,1169,89379.85,Petrol Pump,NET BANKING,Singapore,Mobile,2026-04-25T20:44:43.000+05:30,YES,20,NO,4,YES
12643,55,1084,53391.3,Uber,NET BANKING,Germany,ATM,2026-05-07T15:58:31.000+05:30,YES,15,NO,5,YES
12683,31,1039,88780.01,Flipkart,ATM WITHDRAWAL,UK,Tablet,2026-04-26T19:34:13.000+05:30,YES,19,NO,4,YES
12996,87,1162,94818.68,Swiggy,ATM WITHDRAWAL,Singapore,Laptop,2026-04-29T13:30:52.000+05:30,YES,13,NO,4,YES
13078,78,1122,82429.05,Nike,UPI,Germany,ATM,2026-05-18T14:57:43.000+05:30,YES,14,NO,5,YES
14363,65,1048,57002.0,Uber,NET BANKING,Germany,Tablet,2026-05-06T19:48:05.000+05:30,YES,19,NO,5,YES
14476,15,1038,56309.62,Netflix,CARD,Germany,ATM,2026-05-15T20:08:18.000+05:30,YES,20,NO,5,YES
14847,14,1183,71733.96,Apple Store,CARD,Germany,Laptop,2026-04-21T15:42:36.000+05:30,YES,15,NO,4,YES
15206,9,1128,92091.55,Uber,UPI,USA,Mobile,2026-05-06T00:01:09.000+05:30,YES,0,YES,5,YES
15474,72,1090,78961.18,Flipkart,NET BANKING,USA,Mobile,2026-05-07T06:22:22.000+05:30,YES,6,NO,5,YES
17637,17,1107,87148.42,Petrol Pump,CARD,UK,ATM,2026-05-05T09:00:09.000+05:30,YES,9,NO,5,YES
17721,52,1039,53506.3,Swiggy,CARD,UK,Tablet,2026-04-21T17:23:39.000+05:30,YES,17,NO,4,YES
17743,99,1066,84799.3,Petrol Pump,UPI,UK,Laptop,2026-05-01T02:38:38.000+05:30,YES,2,YES,5,YES
19086,41,1135,82868.69,Netflix,CARD,Germany,Laptop,2026-05-05T02:16:20.000+05:30,YES,2,YES,5,YES
19349,41,1078,75674.33,Apple Store,CARD,UK,Tablet,2026-04-24T23:52:10.000+05:30,YES,23,NO,4,YES
10554,50,1163,81209.11,Swiggy,NET BANKING,USA,Mobile,2026-04-24T02:33:19.000+05:30,YES,2,YES,4,YES
11174,48,1127,93294.8,Amazon,ATM WITHDRAWAL,Singapore,Mobile,2026-05-16T19:41:37.000+05:30,YES,19,NO,5,YES
11491,57,1132,52120.1,Apple Store,UPI,Germany,Tablet,2026-05-02T23:40:52.000+05:30,YES,23,NO,5,YES
13788,45,1127,60967.15,Amazon,ATM WITHDRAWAL,UK,Laptop,2026-05-11T16:16:07.000+05:30,YES,16,NO,5,YES
13802,7,1163,55480.27,Flipkart,ATM WITHDRAWAL,USA,Mobile,2026-04-20T14:36:09.000+05:30,YES,14,NO,4,YES
13885,43,1104,67166.74,Swiggy,CARD,Germany,ATM,2026-04-26T17:13:27.000+05:30,YES,17,NO,4,YES
14081,27,1045,53237.67,Apple Store,CARD,UK,Tablet,2026-05-15T17:52:00.000+05:30,YES,17,NO,5,YES
14230,25,1088,99887.55,Zomato,NET BANKING,USA,Mobile,2026-05-03T11:55:18.000+05:30,YES,11,NO,5,YES
14448,64,1187,74801.3,Netflix,NET BANKING,UK,ATM,2026-05-17T15:02:56.000+05:30,YES,15,NO,5,YES
14966,5,1055,51374.01,Swiggy,UPI,UK,Laptop,2026-04-20T08:45:43.000+05:30,YES,8,NO,4,YES
16348,43,1198,99956.03,Zomato,CARD,UK,ATM,2026-04-28T00:05:14.000+05:30,YES,0,YES,4,YES
16518,8,1020,78866.58,Uber,NET BANKING,Germany,Laptop,2026-05-05T17:34:00.000+05:30,YES,17,NO,5,YES
17076,76,1067,97544.73,Petrol Pump,ATM WITHDRAWAL,USA,Laptop,2026-05-12T08:58:31.000+05:30,YES,8,NO,5,YES
18087,65,1077,87870.6,Amazon,ATM WITHDRAWAL,USA,Laptop,2026-05-06T05:08:01.000+05:30,YES,5,YES,5,YES
18118,32,1039,92280.05,Apple Store,CARD,Singapore,Tablet,2026-05-07T23:20:02.000+05:30,YES,23,NO,5,YES
18298,13,1109,93684.39,Uber,CARD,UK,ATM,2026-04-30T08:48:42.000+05:30,YES,8,NO,4,YES
19400,29,1012,78125.6,Nike,CARD,UK,Mobile,2026-04-26T14:08:39.000+05:30,YES,14,NO,4,YES
19582,33,1062,91869.7,Nike,UPI,Germany,ATM,2026-05-17T23:38:05.000+05:30,YES,23,NO,5,YES
19804,62,1114,94652.26,Uber,ATM WITHDRAWAL,UK,ATM,2026-04-27T11:37:46.000+05:30,YES,11,NO,4,YES
19817,74,1002,77862.28,Walmart,NET BANKING,Singapore,Tablet,2026-05-13T23:33:53.000+05:30,YES,23,NO,5,YES
10617,10,1123,65149.69,Netflix,CARD,Singapore,Laptop,2026-04-26T04:05:09.000+05:30,YES,4,YES,4,YES
12413,44,1103,95723.34,Apple Store,CARD,UK,ATM,2026-05-10T07:57:15.000+05:30,YES,7,NO,5,YES
12576,82,1001,82205.31,Apple Store,CARD,USA,Mobile,2026-05-18T15:23:25.000+05:30,YES,15,NO,5,YES
13648,80,1104,55248.92,Nike,NET BANKING,UK,Tablet,2026-04-30T18:31:50.000+05:30,YES,18,NO,4,YES
13664,97,1058,64923.02,Zomato,NET BANKING,Germany,ATM,2026-05-15T18:37:48.000+05:30,YES,18,NO,5,YES
14612,46,1117,87300.83,Swiggy,NET BANKING,Singapore,Tablet,2026-05-07T12:59:47.000+05:30,YES,12,NO,5,YES
15652,16,1164,93391.71,Amazon,CARD,UK,ATM,2026-04-18T21:10:05.000+05:30,YES,21,NO,4,YES
16326,18,1034,63728.49,Apple Store,UPI,UK,Tablet,2026-04-20T17:32:41.000+05:30,YES,17,NO,4,YES
16610,53,1198,83524.51,Swiggy,NET BANKING,USA,Mobile,2026-04-28T16:56:18.000+05:30,YES,16,NO,4,YES
17908,20,1038,82281.72,Flipkart,UPI,Singapore,Mobile,2026-05-07T19:33:44.000+05:30,YES,19,NO,5,YES
18090,40,1046,83112.06,Nike,CARD,USA,Laptop,2026-04-22T21:27:12.000+05:30,YES,21,NO,4,YES
18166,16,1060,51363.03,Zomato,ATM WITHDRAWAL,UK,Laptop,2026-04-29T22:31:17.000+05:30,YES,22,NO,4,YES
18489,96,1123,98329.75,Zomato,UPI,UK,ATM,2026-05-07T10:15:18.000+05:30,YES,10,NO,5,YES
18937,89,1116,68241.11,Walmart,UPI,Singapore,Laptop,2026-05-12T08:49:16.000+05:30,YES,8,NO,5,YES
19007,99,1148,51439.22,Zomato,NET BANKING,Germany,Mobile,2026-05-14T09:00:59.000+05:30,YES,9,NO,5,YES
19662,83,1132,66603.28,Flipkart,NET BANKING,UK,ATM,2026-04-25T10:06:26.000+05:30,YES,10,NO,4,YES
19883,74,1125,84900.17,Zomato,ATM WITHDRAWAL,USA,ATM,2026-04-30T22:25:54.000+05:30,YES,22,NO,4,YES
19884,83,1062,53630.01,Nike,UPI,USA,Tablet,2026-04-29T08:12:36.000+05:30,YES,8,NO,4,YES
10383,71,1086,99169.7,Apple Store,NET BANKING,USA,Mobile,2026-04-28T03:05:48.000+05:30,YES,3,YES,4,YES
11014,25,1006,63455.87,Nike,NET BANKING,UK,Laptop,2026-05-09T13:48:32.000+05:30,YES,13,NO,5,YES
11599,3,1081,62981.51,Amazon,UPI,Germany,Laptop,2026-05-06T14:14:34.000+05:30,YES,14,NO,5,YES
12315,22,1065,69693.29,Amazon,NET BANKING,Singapore,Tablet,2026-04-29T22:31:01.000+05:30,YES,22,NO,4,YES
12383,79,1133,91956.72,Netflix,UPI,Singapore,Tablet,2026-05-12T06:51:11.000+05:30,YES,6,NO,5,YES
12711,93,1128,64467.8,Zomato,UPI,UK,Mobile,2026-05-05T18:40:20.000+05:30,YES,18,NO,5,YES
12989,77,1181,81348.18,Flipkart,ATM WITHDRAWAL,Singapore,Tablet,2026-05-15T01:27:44.000+05:30,YES,1,YES,5,YES
13823,58,1161,85862.95,Uber,ATM WITHDRAWAL,Singapore,Tablet,2026-04-28T17:47:14.000+05:30,YES,17,NO,4,YES
13837,57,1093,81589.5,Swiggy,CARD,UK,ATM,2026-04-29T12:56:58.000+05:30,YES,12,NO,4,YES
14276,83,1027,74739.5,Petrol Pump,NET BANKING,USA,Tablet,2026-04-25T11:21:04.000+05:30,YES,11,NO,4,YES
14956,34,1183,97136.51,Uber,NET BANKING,Germany,Tablet,2026-05-08T05:35:29.000+05:30,YES,5,YES,5,YES
15085,79,1029,61935.66,Uber,UPI,Singapore,Tablet,2026-04-26T20:35:32.000+05:30,YES,20,NO,4,YES
15157,33,1181,77888.95,Walmart,UPI,Singapore,Mobile,2026-05-07T14:27:42.000+05:30,YES,14,NO,5,YES
15672,92,1032,93841.45,Flipkart,CARD,Singapore,Tablet,2026-05-06T09:20:29.000+05:30,YES,9,NO,5,YES
15895,10,1039,99816.98,Zomato,CARD,Singapore,ATM,2026-05-13T11:38:50.000+05:30,YES,11,NO,5,YES
16238,68,1131,51735.12,Petrol Pump,ATM WITHDRAWAL,Singapore,Tablet,2026-05-07T03:08:12.000+05:30,YES,3,YES,5,YES
16499,70,1168,94377.97,Flipkart,ATM WITHDRAWAL,UK,Tablet,2026-05-05T01:36:27.000+05:30,YES,1,YES,5,YES
17463,8,1151,93072.44,Zomato,UPI,UK,Laptop,2026-05-18T02:41:22.000+05:30,YES,2,YES,5,YES
18111,66,1067,92193.89,Petrol Pump,ATM WITHDRAWAL,UK,ATM,2026-04-27T11:50:46.000+05:30,YES,11,NO,4,YES
19413,45,1075,96419.75,Nike,NET BANKING,Singapore,Laptop,2026-04-27T11:44:47.000+05:30,YES,11,NO,4,YES
19640,19,1150,72732.97,Uber,ATM WITHDRAWAL,Singapore,ATM,2026-05-03T00:04:28.000+05:30,YES,0,YES,5,YES
10152,79,1111,67342.68,Swiggy,ATM WITHDRAWAL,Singapore,Mobile,2026-04-27T07:29:51.000+05:30,YES,7,NO,4,YES
12200,56,1056,70052.55,Swiggy,ATM WITHDRAWAL,USA,Laptop,2026-05-10T10:34:26.000+05:30,YES,10,NO,5,YES
12630,80,1200,92922.7,Amazon,CARD,USA,ATM,2026-05-03T00:12:27.000+05:30,YES,0,YES,5,YES
12671,42,1065,50433.62,Walmart,CARD,Germany,ATM,2026-05-02T23:06:19.000+05:30,YES,23,NO,5,YES
12946,25,1120,52094.16,Walmart,UPI,Singapore,Laptop,2026-05-17T15:32:50.000+05:30,YES,15,NO,5,YES
13069,41,1144,80195.42,Nike,NET BANKING,Germany,Tablet,2026-04-30T13:53:23.000+05:30,YES,13,NO,4,YES
13201,80,1184,53389.75,Nike,UPI,UK,ATM,2026-05-09T20:51:20.000+05:30,YES,20,NO,5,YES
13872,11,1046,90813.17,Netflix,CARD,UK,Tablet,2026-05-14T15:46:55.000+05:30,YES,15,NO,5,YES
14593,28,1085,59482.69,Apple Store,ATM WITHDRAWAL,USA,Tablet,2026-04-18T20:58:32.000+05:30,YES,20,NO,4,YES
15118,44,1068,50676.75,Apple Store,UPI,Singapore,Laptop,2026-05-10T23:32:55.000+05:30,YES,23,NO,5,YES
15237,30,1030,71656.54,Nike,UPI,Singapore,Mobile,2026-05-07T23:00:17.000+05:30,YES,23,NO,5,YES
15688,5,1150,65883.99,Zomato,UPI,Singapore,Mobile,2026-05-07T13:45:15.000+05:30,YES,13,NO,5,YES
16035,9,1013,90366.04,Petrol Pump,UPI,UK,Laptop,2026-04-27T05:20:09.000+05:30,YES,5,YES,4,YES
16790,87,1092,68841.95,Flipkart,UPI,Germany,Laptop,2026-05-13T07:23:28.000+05:30,YES,7,NO,5,YES
17561,34,1012,63677.62,Zomato,UPI,USA,ATM,2026-04-28T09:01:16.000+05:30,YES,9,NO,4,YES
18654,32,1180,81756.4,Zomato,UPI,UK,Laptop,2026-05-08T00:09:50.000+05:30,YES,0,YES,5,YES
19669,54,1014,62452.71,Zomato,UPI,USA,Laptop,2026-05-15T16:58:57.000+05:30,YES,16,NO,5,YES
19915,26,1013,83765.94,Uber,NET BANKING,UK,ATM,2026-04-30T09:18:34.000+05:30,YES,9,NO,4,YES
10377,71,1138,59535.55,Flipkart,NET BANKING,Germany,Mobile,2026-05-16T12:17:25.000+05:30,YES,12,NO,5,YES
12303,89,1140,88377.1,Netflix,UPI,Germany,Laptop,2026-05-09T22:52:10.000+05:30,YES,22,NO,5,YES
13317,80,1027,66579.76,Netflix,ATM WITHDRAWAL,UK,ATM,2026-05-03T13:51:12.000+05:30,YES,13,NO,5,YES
14487,95,1070,59822.13,Amazon,NET BANKING,USA,ATM,2026-05-17T02:06:37.000+05:30,YES,2,YES,5,YES
14952,48,1167,69208.99,Amazon,NET BANKING,UK,Laptop,2026-04-22T03:19:12.000+05:30,YES,3,YES,4,YES
14999,61,1090,83705.71,Walmart,ATM WITHDRAWAL,UK,Mobile,2026-04-28T11:20:15.000+05:30,YES,11,NO,4,YES
15452,24,1129,90544.0,Nike,NET BANKING,USA,Mobile,2026-05-10T17:34:30.000+05:30,YES,17,NO,5,YES
15521,84,1049,83890.5,Walmart,ATM WITHDRAWAL,Singapore,Tablet,2026-05-05T14:09:54.000+05:30,YES,14,NO,5,YES
15759,1,1075,74011.91,Petrol Pump,NET BANKING,Germany,Laptop,2026-05-16T02:12:15.000+05:30,YES,2,YES,5,YES
16664,28,1069,76515.73,Swiggy,NET BANKING,Germany,Laptop,2026-05-14T14:28:26.000+05:30,YES,14,NO,5,YES
16949,49,1013,76234.82,Nike,UPI,Singapore,Mobile,2026-04-23T21:14:03.000+05:30,YES,21,NO,4,YES
17191,2,1031,75426.64,Nike,UPI,Germany,Tablet,2026-04-27T21:18:18.000+05:30,YES,21,NO,4,YES
17295,91,1051,59893.65,Flipkart,UPI,UK,Mobile,2026-05-10T08:22:18.000+05:30,YES,8,NO,5,YES
17309,2,1150,88599.16,Swiggy,NET BANKING,Singapore,ATM,2026-05-06T15:20:04.000+05:30,YES,15,NO,5,YES
17367,87,1157,68448.08,Amazon,NET BANKING,UK,Mobile,2026-04-29T17:14:29.000+05:30,YES,17,NO,4,YES
17399,82,1011,62577.58,Apple Store,ATM WITHDRAWAL,USA,Mobile,2026-04-18T19:13:23.000+05:30,YES,19,NO,4,YES
17898,31,1107,79570.53,Zomato,CARD,Germany,Tablet,2026-05-04T23:37:09.000+05:30,YES,23,NO,5,YES
18306,8,1048,89187.44,Amazon,UPI,USA,Tablet,2026-04-19T13:58:51.000+05:30,YES,13,NO,4,YES
19039,53,1166,66661.58,Amazon,UPI,UK,ATM,2026-05-17T03:41:55.000+05:30,YES,3,YES,5,YES
10202,4,1131,53909.59,Apple Store,CARD,Germany,Laptop,2026-04-29T03:35:42.000+05:30,YES,3,YES,4,YES
10343,85,1184,62135.28,Amazon,ATM WITHDRAWAL,Germany,Tablet,2026-04-22T07:37:15.000+05:30,YES,7,NO,4,YES
10584,33,1072,54164.5,Swiggy,ATM WITHDRAWAL,UK,Laptop,2026-05-15T17:09:59.000+05:30,YES,17,NO,5,YES
11074,85,1040,65332.07,Petrol Pump,UPI,UK,ATM,2026-04-25T02:10:39.000+05:30,YES,2,YES,4,YES
11128,46,1038,82626.65,Uber,ATM WITHDRAWAL,UK,ATM,2026-05-04T20:24:58.000+05:30,YES,20,NO,5,YES
11778,13,1022,62112.49,Nike,NET BANKING,Singapore,Mobile,2026-04-27T14:16:09.000+05:30,YES,14,NO,4,YES
11959,94,1183,98022.56,Netflix,UPI,UK,ATM,2026-05-09T03:29:50.000+05:30,YES,3,YES,5,YES
14015,37,1148,62101.7,Zomato,CARD,Singapore,ATM,2026-05-11T19:43:22.000+05:30,YES,19,NO,5,YES
14548,39,1164,81076.88,Swiggy,UPI,USA,Laptop,2026-05-02T14:07:08.000+05:30,YES,14,NO,5,YES
15126,18,1126,56267.3,Zomato,UPI,Germany,Tablet,2026-04-19T17:08:40.000+05:30,YES,17,NO,4,YES
15223,19,1151,53592.79,Petrol Pump,UPI,UK,ATM,2026-05-08T20:07:46.000+05:30,YES,20,NO,5,YES
16298,66,1176,76546.0,Apple Store,ATM WITHDRAWAL,USA,ATM,2026-05-14T19:02:00.000+05:30,YES,19,NO,5,YES
16329,28,1043,50182.85,Flipkart,CARD,USA,Mobile,2026-05-08T12:04:43.000+05:30,YES,12,NO,5,YES
17814,35,1113,92886.59,Petrol Pump,CARD,Singapore,Laptop,2026-05-06T10:03:55.000+05:30,YES,10,NO,5,YES
18093,67,1030,58095.92,Uber,ATM WITHDRAWAL,Germany,ATM,2026-04-25T13:48:39.000+05:30,YES,13,NO,4,YES
18960,64,1037,65986.4,Zomato,UPI,UK,Mobile,2026-04-29T17:44:17.000+05:30,YES,17,NO,4,YES
13152,86,1049,97513.03,Flipkart,NET BANKING,USA,Laptop,2026-04-22T08:20:59.000+05:30,YES,8,NO,4,YES
14739,63,1152,90849.45,Zomato,UPI,USA,ATM,2026-04-19T03:36:46.000+05:30,YES,3,YES,4,YES
14792,48,1187,70541.74,Walmart,CARD,Germany,Tablet,2026-04-23T11:55:55.000+05:30,YES,11,NO,4,YES
15531,78,1083,79795.65,Swiggy,UPI,Germany,Tablet,2026-05-17T19:53:02.000+05:30,YES,19,NO,5,YES
16493,84,1113,88139.05,Uber,CARD,UK,Laptop,2026-05-07T21:16:42.000+05:30,YES,21,NO,5,YES
16653,46,1123,98091.56,Swiggy,ATM WITHDRAWAL,USA,Laptop,2026-05-16T21:09:37.000+05:30,YES,21,NO,5,YES
16791,83,1064,97093.07,Uber,CARD,UK,Tablet,2026-05-11T22:21:59.000+05:30,YES,22,NO,5,YES
17799,83,1198,81519.84,Flipkart,UPI,UK,Mobile,2026-05-17T22:41:22.000+05:30,YES,22,NO,5,YES
18199,44,1082,70499.54,Walmart,UPI,UK,Laptop,2026-04-28T23:44:35.000+05:30,YES,23,NO,4,YES
18217,25,1080,96398.81,Swiggy,ATM WITHDRAWAL,Singapore,Mobile,2026-05-02T15:38:33.000+05:30,YES,15,NO,5,YES
19214,30,1044,64771.1,Netflix,UPI,Singapore,Laptop,2026-04-25T21:42:00.000+05:30,YES,21,NO,4,YES
19945,3,1048,83046.66,Netflix,UPI,Germany,Tablet,2026-05-09T02:45:32.000+05:30,YES,2,YES,5,YES
19986,55,1002,77460.92,Swiggy,ATM WITHDRAWAL,Germany,ATM,2026-05-02T11:51:56.000+05:30,YES,11,NO,5,YES
15335,57,1103,52105.12,Apple Store,CARD,Singapore,Mobile,2026-04-27T02:35:06.000+05:30,YES,2,YES,4,YES
10074,79,1024,85738.98,Petrol Pump,UPI,Singapore,Laptop,2026-05-14T04:46:31.000+05:30,YES,4,YES,5,YES
11333,74,1166,56983.83,Uber,CARD,USA,Tablet,2026-05-09T10:18:58.000+05:30,YES,10,NO,5,YES
11666,74,1153,53832.89,Petrol Pump,ATM WITHDRAWAL,Germany,ATM,2026-04-21T19:28:00.000+05:30,YES,19,NO,4,YES
13017,35,1171,74967.8,Walmart,NET BANKING,UK,Mobile,2026-04-19T20:58:06.000+05:30,YES,20,NO,4,YES
14285,51,1016,63778.73,Petrol Pump,NET BANKING,UK,ATM,2026-04-28T07:10:13.000+05:30,YES,7,NO,4,YES
14394,49,1136,78589.41,Petrol Pump,UPI,Singapore,ATM,2026-04-22T19:25:41.000+05:30,YES,19,NO,4,YES
14564,56,1126,83004.34,Petrol Pump,ATM WITHDRAWAL,Germany,Tablet,2026-04-26T13:14:23.000+05:30,YES,13,NO,4,YES
14700,27,1155,74551.18,Uber,CARD,Germany,Tablet,2026-04-30T03:05:59.000+05:30,YES,3,YES,4,YES
14828,65,1001,84386.77,Swiggy,ATM WITHDRAWAL,USA,ATM,2026-04-26T21:21:41.000+05:30,YES,21,NO,4,YES
15017,13,1197,63898.56,Netflix,ATM WITHDRAWAL,UK,ATM,2026-05-18T10:28:19.000+05:30,YES,10,NO,5,YES
15962,64,1175,63665.96,Walmart,CARD,UK,Tablet,2026-05-01T18:31:43.000+05:30,YES,18,NO,5,YES
16611,32,1103,73516.43,Nike,ATM WITHDRAWAL,UK,Mobile,2026-05-16T22:18:57.000+05:30,YES,22,NO,5,YES
16652,6,1035,85316.58,Netflix,NET BANKING,Singapore,Laptop,2026-04-29T19:20:26.000+05:30,YES,19,NO,4,YES
16863,15,1079,63481.44,Uber,CARD,Singapore,Tablet,2026-04-23T10:23:30.000+05:30,YES,10,NO,4,YES
17778,61,1109,67945.42,Swiggy,NET BANKING,USA,Mobile,2026-05-13T23:43:28.000+05:30,YES,23,NO,5,YES
18058,37,1187,75340.01,Zomato,CARD,USA,Tablet,2026-05-14T01:55:44.000+05:30,YES,1,YES,5,YES
18131,78,1110,81646.15,Walmart,CARD,USA,Laptop,2026-04-24T04:14:03.000+05:30,YES,4,YES,4,YES
18513,63,1155,90866.09,Uber,ATM WITHDRAWAL,Germany,Mobile,2026-04-28T05:06:39.000+05:30,YES,5,YES,4,YES
18732,10,1003,91670.27,Apple Store,UPI,USA,Tablet,2026-04-29T06:36:12.000+05:30,YES,6,NO,4,YES
19157,7,1150,71344.07,Apple Store,CARD,Singapore,Laptop,2026-05-18T01:37:12.000+05:30,YES,1,YES,5,YES
10338,63,1094,83638.26,Amazon,ATM WITHDRAWAL,USA,Tablet,2026-05-03T23:11:16.000+05:30,YES,23,NO,5,YES
11056,26,1055,90589.69,Swiggy,UPI,USA,Laptop,2026-05-09T05:30:50.000+05:30,YES,5,YES,5,YES
11159,41,1014,58377.32,Petrol Pump,UPI,Germany,Mobile,2026-04-19T05:22:32.000+05:30,YES,5,YES,4,YES
11588,49,1132,65096.29,Flipkart,CARD,UK,ATM,2026-04-25T22:21:03.000+05:30,YES,22,NO,4,YES
11679,77,1034,93556.28,Netflix,NET BANKING,UK,Tablet,2026-04-22T02:01:05.000+05:30,YES,2,YES,4,YES
11873,82,1191,95821.76,Flipkart,NET BANKING,Germany,Tablet,2026-05-03T00:55:46.000+05:30,YES,0,YES,5,YES
12107,22,1117,83512.84,Amazon,CARD,Singapore,ATM,2026-04-27T07:27:32.000+05:30,YES,7,NO,4,YES
12661,66,1180,80420.78,Flipkart,NET BANKING,USA,Laptop,2026-05-13T18:20:21.000+05:30,YES,18,NO,5,YES
12668,14,1054,88851.07,Swiggy,ATM WITHDRAWAL,Singapore,ATM,2026-05-01T13:19:20.000+05:30,YES,13,NO,5,YES
13088,42,1099,85837.07,Uber,NET BANKING,Singapore,Laptop,2026-05-12T07:40:41.000+05:30,YES,7,NO,5,YES
13875,54,1048,98716.18,Nike,ATM WITHDRAWAL,Germany,Mobile,2026-05-01T22:37:38.000+05:30,YES,22,NO,5,YES
14611,63,1098,79464.23,Netflix,UPI,USA,Laptop,2026-05-17T16:43:48.000+05:30,YES,16,NO,5,YES
14987,81,1053,96717.78,Flipkart,CARD,Singapore,Tablet,2026-05-17T18:06:36.000+05:30,YES,18,NO,5,YES
15054,62,1051,97498.88,Apple Store,UPI,UK,Tablet,2026-05-06T01:30:04.000+05:30,YES,1,YES,5,YES
16711,41,1032,61788.41,Swiggy,ATM WITHDRAWAL,USA,Laptop,2026-04-27T20:55:46.000+05:30,YES,20,NO,4,YES
17162,44,1094,50287.49,Walmart,ATM WITHDRAWAL,Singapore,ATM,2026-04-22T12:29:20.000+05:30,YES,12,NO,4,YES
17518,5,1091,50682.34,Amazon,UPI,USA,ATM,2026-04-26T03:52:22.000+05:30,YES,3,YES,4,YES
17970,34,1037,82590.9,Apple Store,UPI,UK,Tablet,2026-05-02T09:38:24.000+05:30,YES,9,NO,5,YES
17983,33,1065,80588.82,Amazon,CARD,Singapore,ATM,2026-04-28T11:12:01.000+05:30,YES,11,NO,4,YES
18287,62,1055,59317.59,Petrol Pump,UPI,Germany,ATM,2026-04-29T03:00:27.000+05:30,YES,3,YES,4,YES
18550,70,1111,55258.4,Uber,UPI,Singapore,Laptop,2026-05-02T10:18:16.000+05:30,YES,10,NO,5,YES
19306,71,1167,80511.42,Swiggy,ATM WITHDRAWAL,Germany,Mobile,2026-05-02T17:41:48.000+05:30,YES,17,NO,5,YES
10577,42,1179,66560.69,Uber,CARD,USA,Laptop,2026-05-11T00:34:36.000+05:30,YES,0,YES,5,YES
11032,26,1171,51548.65,Uber,UPI,Germany,Tablet,2026-05-03T00:13:38.000+05:30,YES,0,YES,5,YES
11707,71,1090,54126.54,Apple Store,CARD,USA,ATM,2026-05-13T20:11:50.000+05:30,YES,20,NO,5,YES
11793,48,1021,72429.11,Petrol Pump,NET BANKING,Germany,Tablet,2026-05-13T20:24:09.000+05:30,YES,20,NO,5,YES
13111,48,1075,78207.0,Walmart,ATM WITHDRAWAL,Germany,Mobile,2026-05-05T19:38:07.000+05:30,YES,19,NO,5,YES
13207,18,1175,71236.86,Zomato,ATM WITHDRAWAL,Singapore,Tablet,2026-05-07T17:16:30.000+05:30,YES,17,NO,5,YES
13294,100,1066,62393.46,Apple Store,UPI,Singapore,Mobile,2026-05-05T07:56:41.000+05:30,YES,7,NO,5,YES
13352,27,1070,83855.17,Amazon,NET BANKING,Germany,Laptop,2026-05-08T12:30:48.000+05:30,YES,12,NO,5,YES
14167,39,1125,50018.86,Netflix,NET BANKING,Singapore,Laptop,2026-05-13T20:44:45.000+05:30,YES,20,NO,5,YES
14663,67,1084,57677.68,Amazon,UPI,Germany,Mobile,2026-05-16T21:30:04.000+05:30,YES,21,NO,5,YES
14754,11,1187,53128.2,Walmart,NET BANKING,Germany,Mobile,2026-05-16T06:09:04.000+05:30,YES,6,NO,5,YES
15127,13,1011,79156.21,Apple Store,CARD,UK,ATM,2026-05-18T14:16:42.000+05:30,YES,14,NO,5,YES
15551,58,1054,87990.83,Swiggy,CARD,USA,Mobile,2026-05-02T03:33:29.000+05:30,YES,3,YES,5,YES
15558,36,1198,60771.96,Zomato,UPI,Germany,Tablet,2026-05-15T08:41:28.000+05:30,YES,8,NO,5,YES
15571,41,1087,83382.82,Swiggy,UPI,UK,ATM,2026-05-09T21:30:11.000+05:30,YES,21,NO,5,YES
15818,56,1135,53393.43,Nike,CARD,USA,Laptop,2026-04-26T15:11:18.000+05:30,YES,15,NO,4,YES
16253,47,1078,68797.3,Netflix,ATM WITHDRAWAL,Germany,Tablet,2026-04-27T22:00:31.000+05:30,YES,22,NO,4,YES
17784,20,1136,95604.75,Nike,ATM WITHDRAWAL,UK,Mobile,2026-04-27T01:01:35.000+05:30,YES,1,YES,4,YES
18203,63,1029,68572.47,Nike,UPI,Singapore,Mobile,2026-05-12T15:44:07.000+05:30,YES,15,NO,5,YES
18889,28,1091,84099.73,Walmart,NET BANKING,Singapore,Laptop,2026-04-28T16:09:54.000+05:30,YES,16,NO,4,YES
10676,56,1091,66651.14,Flipkart,NET BANKING,USA,Laptop,2026-04-28T19:56:50.000+05:30,YES,19,NO,4,YES
10697,95,1063,64346.78,Walmart,UPI,UK,Laptop,2026-05-17T07:47:29.000+05:30,YES,7,NO,5,YES
10895,15,1103,73379.13,Zomato,ATM WITHDRAWAL,Germany,ATM,2026-05-12T19:17:23.000+05:30,YES,19,NO,5,YES
10969,67,1055,71992.49,Zomato,ATM WITHDRAWAL,UK,ATM,2026-05-06T08:21:28.000+05:30,YES,8,NO,5,YES
11347,56,1157,63715.63,Swiggy,CARD,Singapore,ATM,2026-05-11T03:26:46.000+05:30,YES,3,YES,5,YES
11691,81,1006,65376.84,Flipkart,UPI,Germany,Mobile,2026-05-05T15:45:37.000+05:30,YES,15,NO,5,YES
11837,56,1025,81034.74,Netflix,ATM WITHDRAWAL,UK,Tablet,2026-04-20T16:12:58.000+05:30,YES,16,NO,4,YES
12454,11,1104,61270.86,Apple Store,UPI,UK,Tablet,2026-05-16T09:29:40.000+05:30,YES,9,NO,5,YES
12884,32,1163,72962.14,Walmart,NET BANKING,Germany,Laptop,2026-05-13T03:53:53.000+05:30,YES,3,YES,5,YES
15944,61,1120,98443.26,Netflix,CARD,UK,Tablet,2026-04-19T03:50:50.000+05:30,YES,3,YES,4,YES
15956,13,1169,83881.65,Swiggy,UPI,UK,ATM,2026-04-29T02:59:20.000+05:30,YES,2,YES,4,YES
16891,92,1110,55129.41,Zomato,UPI,Singapore,ATM,2026-05-17T18:32:48.000+05:30,YES,18,NO,5,YES
18721,55,1034,78194.14,Walmart,UPI,Singapore,Laptop,2026-05-04T03:19:00.000+05:30,YES,3,YES,5,YES
18959,72,1127,67403.71,Uber,UPI,UK,Tablet,2026-04-23T23:46:40.000+05:30,YES,23,NO,4,YES
11047,20,1136,90821.92,Petrol Pump,ATM WITHDRAWAL,Singapore,Laptop,2026-04-29T05:42:09.000+05:30,YES,5,YES,4,YES
11446,4,1153,93142.62,Nike,CARD,Singapore,Mobile,2026-04-26T12:28:25.000+05:30,YES,12,NO,4,YES
11675,38,1102,75131.7,Uber,ATM WITHDRAWAL,USA,ATM,2026-04-23T10:38:48.000+05:30,YES,10,NO,4,YES
12579,50,1198,50513.91,Nike,ATM WITHDRAWAL,USA,ATM,2026-04-22T14:06:43.000+05:30,YES,14,NO,4,YES
13114,66,1184,51771.84,Amazon,UPI,USA,Laptop,2026-05-05T01:46:12.000+05:30,YES,1,YES,5,YES
13175,81,1132,59835.17,Apple Store,UPI,Germany,Mobile,2026-05-02T00:58:06.000+05:30,YES,0,YES,5,YES
13241,39,1083,58616.05,Apple Store,ATM WITHDRAWAL,Germany,Laptop,2026-04-24T14:45:20.000+05:30,YES,14,NO,4,YES
14377,47,1101,66650.28,Apple Store,ATM WITHDRAWAL,UK,Laptop,2026-05-12T23:40:34.000+05:30,YES,23,NO,5,YES
14597,31,1066,80028.31,Flipkart,CARD,UK,Laptop,2026-05-18T09:48:21.000+05:30,YES,9,NO,5,YES
15221,69,1071,76636.85,Flipkart,ATM WITHDRAWAL,UK,Mobile,2026-04-26T22:09:55.000+05:30,YES,22,NO,4,YES
16201,59,1178,90179.53,Amazon,UPI,Germany,ATM,2026-04-29T09:05:52.000+05:30,YES,9,NO,4,YES
16580,37,1199,57210.55,Nike,CARD,UK,Laptop,2026-04-20T06:39:23.000+05:30,YES,6,NO,4,YES
18110,65,1135,86055.57,Uber,UPI,Germany,Laptop,2026-05-13T22:09:43.000+05:30,YES,22,NO,5,YES
18130,88,1034,67287.94,Flipkart,CARD,Singapore,ATM,2026-05-16T02:32:52.000+05:30,YES,2,YES,5,YES
18198,21,1043,62909.88,Zomato,NET BANKING,UK,ATM,2026-05-07T18:06:24.000+05:30,YES,18,NO,5,YES
18397,100,1144,82319.15,Zomato,CARD,USA,Laptop,2026-05-15T02:08:53.000+05:30,YES,2,YES,5,YES
18906,86,1089,89620.4,Nike,NET BANKING,USA,Laptop,2026-04-25T16:19:20.000+05:30,YES,16,NO,4,YES
10149,68,1126,60926.24,Amazon,ATM WITHDRAWAL,UK,Laptop,2026-04-19T23:43:14.000+05:30,YES,23,NO,4,YES
11283,29,1027,53062.37,Amazon,CARD,USA,Mobile,2026-05-13T03:35:00.000+05:30,YES,3,YES,5,YES
12584,43,1002,72957.02,Swiggy,CARD,USA,ATM,2026-05-06T10:20:26.000+05:30,YES,10,NO,5,YES
13234,22,1186,54528.65,Apple Store,NET BANKING,Singapore,Mobile,2026-05-15T16:44:17.000+05:30,YES,16,NO,5,YES
13897,29,1002,98036.61,Netflix,NET BANKING,Germany,Tablet,2026-05-15T14:32:26.000+05:30,YES,14,NO,5,YES
14540,44,1135,55280.73,Flipkart,CARD,USA,Laptop,2026-05-13T06:38:29.000+05:30,YES,6,NO,5,YES
14656,53,1148,60959.24,Swiggy,NET BANKING,Germany,Mobile,2026-05-15T14:17:47.000+05:30,YES,14,NO,5,YES
14919,6,1184,61387.36,Netflix,ATM WITHDRAWAL,Germany,Tablet,2026-05-16T05:10:29.000+05:30,YES,5,YES,5,YES
14959,5,1102,84214.5,Netflix,NET BANKING,Singapore,Mobile,2026-04-19T05:47:19.000+05:30,YES,5,YES,4,YES
15745,21,1138,74037.33,Walmart,CARD,Germany,Mobile,2026-05-03T05:24:12.000+05:30,YES,5,YES,5,YES
16318,79,1026,78257.66,Swiggy,CARD,Singapore,Tablet,2026-04-24T20:52:13.000+05:30,YES,20,NO,4,YES
16459,87,1181,97251.21,Amazon,NET BANKING,Germany,Tablet,2026-05-05T02:43:14.000+05:30,YES,2,YES,5,YES
16776,29,1137,94992.99,Flipkart,CARD,USA,Tablet,2026-05-12T17:02:53.000+05:30,YES,17,NO,5,YES
17218,56,1162,98607.61,Netflix,ATM WITHDRAWAL,USA,Laptop,2026-05-09T17:34:30.000+05:30,YES,17,NO,5,YES
17354,30,1107,94116.0,Amazon,ATM WITHDRAWAL,UK,ATM,2026-05-01T21:09:13.000+05:30,YES,21,NO,5,YES
17675,39,1130,95755.6,Netflix,NET BANKING,Germany,ATM,2026-05-13T04:08:51.000+05:30,YES,4,YES,5,YES
18236,88,1113,97141.46,Walmart,NET BANKING,UK,ATM,2026-05-12T23:15:32.000+05:30,YES,23,NO,5,YES
18577,85,1194,78833.59,Walmart,CARD,Germany,Tablet,2026-05-12T20:39:06.000+05:30,YES,20,NO,5,YES
10889,93,1147,61924.81,Uber,UPI,UK,Mobile,2026-05-06T04:34:31.000+05:30,YES,4,YES,5,YES
11931,44,1197,94653.97,Netflix,NET BANKING,UK,ATM,2026-05-14T01:10:43.000+05:30,YES,1,YES,5,YES
13634,4,1191,78091.79,Swiggy,NET BANKING,USA,ATM,2026-05-07T19:28:29.000+05:30,YES,19,NO,5,YES
14457,58,1094,51181.43,Nike,UPI,Singapore,Mobile,2026-05-08T20:45:59.000+05:30,YES,20,NO,5,YES
16021,14,1078,66907.69,Uber,UPI,USA,Laptop,2026-05-09T10:55:16.000+05:30,YES,10,NO,5,YES
16418,11,1132,58468.4,Zomato,UPI,UK,Laptop,2026-05-08T21:46:16.000+05:30,YES,21,NO,5,YES
16940,46,1162,58606.92,Swiggy,UPI,UK,Mobile,2026-04-23T09:35:43.000+05:30,YES,9,NO,4,YES
17302,12,1131,74690.08,Uber,ATM WITHDRAWAL,USA,Laptop,2026-05-04T15:16:07.000+05:30,YES,15,NO,5,YES
17385,58,1109,90030.35,Walmart,NET BANKING,Germany,Laptop,2026-04-24T22:40:47.000+05:30,YES,22,NO,4,YES
17519,36,1036,63658.55,Zomato,ATM WITHDRAWAL,USA,ATM,2026-04-30T08:47:01.000+05:30,YES,8,NO,4,YES
17532,15,1120,75056.75,Flipkart,ATM WITHDRAWAL,Singapore,Laptop,2026-05-05T11:22:12.000+05:30,YES,11,NO,5,YES
17977,64,1048,94687.77,Apple Store,CARD,UK,ATM,2026-04-26T22:20:11.000+05:30,YES,22,NO,4,YES
18701,72,1070,51694.04,Zomato,ATM WITHDRAWAL,UK,ATM,2026-04-28T14:18:57.000+05:30,YES,14,NO,4,YES
10147,23,1014,63820.22,Amazon,NET BANKING,UK,Mobile,2026-04-19T21:17:32.000+05:30,YES,21,NO,4,YES
11960,53,1071,94974.31,Walmart,NET BANKING,Singapore,ATM,2026-05-15T00:44:02.000+05:30,YES,0,YES,5,YES
13519,61,1072,88386.94,Nike,ATM WITHDRAWAL,UK,Tablet,2026-04-20T02:23:03.000+05:30,YES,2,YES,4,YES
13971,28,1043,51647.73,Swiggy,ATM WITHDRAWAL,Germany,Laptop,2026-05-17T06:20:34.000+05:30,YES,6,NO,5,YES
14032,47,1184,68211.81,Uber,CARD,Germany,Laptop,2026-05-01T20:14:28.000+05:30,YES,20,NO,5,YES
14122,16,1032,99577.02,Netflix,CARD,Singapore,ATM,2026-05-02T05:41:31.000+05:30,YES,5,YES,5,YES
14513,94,1187,78272.21,Netflix,UPI,UK,ATM,2026-04-26T11:13:49.000+05:30,YES,11,NO,4,YES
14560,100,1121,70857.4,Nike,UPI,Singapore,Mobile,2026-05-07T13:03:21.000+05:30,YES,13,NO,5,YES
14811,78,1043,97586.76,Uber,UPI,Singapore,Mobile,2026-05-16T15:24:39.000+05:30,YES,15,NO,5,YES
15703,60,1075,51340.71,Flipkart,UPI,Singapore,Tablet,2026-04-25T04:20:27.000+05:30,YES,4,YES,4,YES
15939,6,1174,67546.21,Apple Store,NET BANKING,Germany,ATM,2026-04-26T06:09:47.000+05:30,YES,6,NO,4,YES
16407,79,1038,93244.7,Swiggy,CARD,Germany,Tablet,2026-05-05T21:24:34.000+05:30,YES,21,NO,5,YES
16716,84,1044,95351.67,Petrol Pump,UPI,UK,Mobile,2026-04-24T14:18:07.000+05:30,YES,14,NO,4,YES
16809,49,1129,87927.82,Swiggy,CARD,USA,ATM,2026-05-11T18:23:54.000+05:30,YES,18,NO,5,YES
16828,5,1123,82088.49,Walmart,CARD,UK,Tablet,2026-05-09T18:20:18.000+05:30,YES,18,NO,5,YES
17061,50,1167,71366.83,Amazon,ATM WITHDRAWAL,Singapore,Tablet,2026-04-28T11:12:12.000+05:30,YES,11,NO,4,YES
19258,15,1146,89164.58,Netflix,NET BANKING,Germany,Laptop,2026-04-29T02:12:54.000+05:30,YES,2,YES,4,YES
19624,19,1133,83296.21,Walmart,CARD,UK,Mobile,2026-05-09T06:59:32.000+05:30,YES,6,NO,5,YES
19768,6,1009,55773.25,Netflix,CARD,USA,ATM,2026-04-30T06:04:17.000+05:30,YES,6,NO,4,YES
10484,48,1082,50460.36,Petrol Pump,UPI,UK,Mobile,2026-04-27T00:19:04.000+05:30,YES,0,YES,4,YES
10993,1,1039,67696.77,Zomato,NET BANKING,UK,Laptop,2026-04-30T02:46:16.000+05:30,YES,2,YES,4,YES
12386,43,1085,78911.48,Swiggy,UPI,UK,Tablet,2026-04-22T17:29:20.000+05:30,YES,17,NO,4,YES
12522,35,1129,73869.59,Amazon,UPI,USA,ATM,2026-04-29T06:59:35.000+05:30,YES,6,NO,4,YES
12570,54,1127,52841.26,Zomato,CARD,USA,Laptop,2026-05-03T04:13:47.000+05:30,YES,4,YES,5,YES
14902,94,1085,94929.67,Swiggy,ATM WITHDRAWAL,UK,ATM,2026-04-30T20:10:22.000+05:30,YES,20,NO,4,YES
14923,93,1044,84645.63,Amazon,ATM WITHDRAWAL,Singapore,Mobile,2026-05-02T06:26:18.000+05:30,YES,6,NO,5,YES
15799,83,1067,66381.23,Flipkart,UPI,Singapore,ATM,2026-05-07T22:34:19.000+05:30,YES,22,NO,5,YES
15903,6,1025,77350.29,Swiggy,UPI,Germany,Laptop,2026-05-03T01:11:21.000+05:30,YES,1,YES,5,YES
16275,13,1011,88315.35,Netflix,ATM WITHDRAWAL,USA,ATM,2026-05-01T14:02:16.000+05:30,YES,14,NO,5,YES
16288,25,1026,95834.5,Apple Store,ATM WITHDRAWAL,Singapore,Mobile,2026-04-28T05:17:21.000+05:30,YES,5,YES,4,YES
18132,16,1174,72654.45,Swiggy,ATM WITHDRAWAL,Singapore,Tablet,2026-05-01T08:21:51.000+05:30,YES,8,NO,5,YES
18529,6,1085,70457.84,Netflix,NET BANKING,Germany,Mobile,2026-05-01T11:08:02.000+05:30,YES,11,NO,5,YES
18993,96,1076,58355.65,Nike,ATM WITHDRAWAL,Germany,Mobile,2026-04-24T18:25:58.000+05:30,YES,18,NO,4,YES
19319,41,1123,99422.81,Nike,CARD,Singapore,Tablet,2026-04-27T21:35:29.000+05:30,YES,21,NO,4,YES
19382,66,1087,52758.21,Zomato,ATM WITHDRAWAL,Germany,Laptop,2026-04-24T10:10:41.000+05:30,YES,10,NO,4,YES
10324,25,1120,85614.76,Petrol Pump,NET BANKING,USA,ATM,2026-05-14T18:42:07.000+05:30,YES,18,NO,5,YES
10643,98,1160,53398.32,Amazon,UPI,UK,Mobile,2026-05-03T13:33:43.000+05:30,YES,13,NO,5,YES
11052,4,1019,67655.41,Netflix,NET BANKING,USA,ATM,2026-05-03T06:30:40.000+05:30,YES,6,NO,5,YES
11277,79,1102,64969.42,Apple Store,ATM WITHDRAWAL,Singapore,Tablet,2026-05-05T08:05:11.000+05:30,YES,8,NO,5,YES
11390,85,1074,70142.0,Nike,UPI,Singapore,ATM,2026-05-16T10:36:33.000+05:30,YES,10,NO,5,YES
14024,23,1039,82760.1,Petrol Pump,ATM WITHDRAWAL,Germany,Laptop,2026-04-20T02:48:20.000+05:30,YES,2,YES,4,YES
14574,5,1015,99215.66,Petrol Pump,ATM WITHDRAWAL,Germany,ATM,2026-05-07T18:36:45.000+05:30,YES,18,NO,5,YES
14813,62,1031,88842.36,Nike,UPI,UK,Laptop,2026-04-25T01:51:25.000+05:30,YES,1,YES,4,YES
15125,63,1175,64345.92,Apple Store,ATM WITHDRAWAL,Germany,Laptop,2026-04-19T16:53:06.000+05:30,YES,16,NO,4,YES
16232,98,1088,52595.01,Zomato,UPI,USA,ATM,2026-05-02T11:14:15.000+05:30,YES,11,NO,5,YES
17031,78,1168,71771.55,Flipkart,ATM WITHDRAWAL,Singapore,Mobile,2026-05-10T23:33:55.000+05:30,YES,23,NO,5,YES
17096,36,1017,65434.59,Amazon,NET BANKING,Singapore,Mobile,2026-05-06T20:26:35.000+05:30,YES,20,NO,5,YES
17634,8,1107,75265.1,Walmart,ATM WITHDRAWAL,USA,Tablet,2026-04-20T13:44:15.000+05:30,YES,13,NO,4,YES
17920,30,1142,87040.05,Uber,NET BANKING,Singapore,Tablet,2026-05-01T22:03:42.000+05:30,YES,22,NO,5,YES
18073,69,1101,90243.11,Petrol Pump,CARD,Germany,ATM,2026-05-03T17:19:47.000+05:30,YES,17,NO,5,YES
18331,19,1125,86509.59,Netflix,CARD,USA,Tablet,2026-04-28T08:35:00.000+05:30,YES,8,NO,4,YES
19048,58,1042,69548.47,Swiggy,CARD,Singapore,Tablet,2026-04-24T01:53:31.000+05:30,YES,1,YES,4,YES
19486,80,1192,83114.06,Flipkart,ATM WITHDRAWAL,USA,Laptop,2026-05-12T07:19:19.000+05:30,YES,7,NO,5,YES
10537,36,1135,87483.62,Netflix,NET BANKING,UK,Tablet,2026-05-05T01:41:50.000+05:30,YES,1,YES,5,YES
11320,42,1045,72238.54,Amazon,CARD,USA,ATM,2026-05-18T11:59:19.000+05:30,YES,11,NO,5,YES
11365,98,1042,54407.91,Netflix,NET BANKING,Singapore,ATM,2026-05-12T07:06:52.000+05:30,YES,7,NO,5,YES
12404,66,1147,58110.88,Petrol Pump,UPI,UK,Laptop,2026-05-16T00:15:20.000+05:30,YES,0,YES,5,YES
12539,24,1065,55534.57,Nike,CARD,USA,Laptop,2026-05-15T21:37:23.000+05:30,YES,21,NO,5,YES
13074,32,1122,92753.54,Apple Store,NET BANKING,Germany,ATM,2026-04-21T02:31:36.000+05:30,YES,2,YES,4,YES
13319,79,1151,54895.66,Walmart,ATM WITHDRAWAL,UK,Laptop,2026-05-15T06:39:24.000+05:30,YES,6,NO,5,YES
13439,25,1146,53730.72,Zomato,NET BANKING,USA,Mobile,2026-05-12T14:00:37.000+05:30,YES,14,NO,5,YES
14068,93,1082,81981.59,Flipkart,ATM WITHDRAWAL,UK,Tablet,2026-05-08T16:07:47.000+05:30,YES,16,NO,5,YES
14961,84,1037,88895.05,Uber,UPI,UK,Mobile,2026-05-05T20:51:30.000+05:30,YES,20,NO,5,YES
15136,28,1198,73733.61,Apple Store,UPI,UK,Laptop,2026-04-19T01:26:53.000+05:30,YES,1,YES,4,YES
15328,79,1133,84136.15,Walmart,ATM WITHDRAWAL,USA,Tablet,2026-05-05T22:36:01.000+05:30,YES,22,NO,5,YES
15487,96,1178,88611.83,Zomato,UPI,USA,Tablet,2026-05-07T03:16:08.000+05:30,YES,3,YES,5,YES
16701,70,1041,78736.95,Uber,ATM WITHDRAWAL,Singapore,Mobile,2026-05-10T08:00:40.000+05:30,YES,8,NO,5,YES
18176,27,1045,62577.04,Petrol Pump,ATM WITHDRAWAL,USA,Mobile,2026-05-14T22:01:03.000+05:30,YES,22,NO,5,YES
18263,99,1105,82858.15,Zomato,UPI,UK,Mobile,2026-04-29T21:21:56.000+05:30,YES,21,NO,4,YES
18745,44,1057,76965.88,Amazon,UPI,USA,ATM,2026-04-29T07:36:19.000+05:30,YES,7,NO,4,YES
19324,49,1166,55967.93,Walmart,UPI,UK,Mobile,2026-05-10T21:12:21.000+05:30,YES,21,NO,5,YES
19864,85,1074,99265.83,Zomato,UPI,UK,Mobile,2026-05-15T00:08:54.000+05:30,YES,0,YES,5,YES
10567,72,1179,70004.1,Zomato,NET BANKING,UK,Laptop,2026-04-21T15:55:37.000+05:30,YES,15,NO,4,YES
10841,55,1001,78538.88,Walmart,NET BANKING,Germany,Laptop,2026-05-10T23:41:57.000+05:30,YES,23,NO,5,YES
11302,87,1011,95264.96,Uber,UPI,Singapore,Mobile,2026-04-21T04:16:30.000+05:30,YES,4,YES,4,YES
12650,50,1107,74671.94,Apple Store,ATM WITHDRAWAL,UK,Tablet,2026-05-05T01:05:21.000+05:30,YES,1,YES,5,YES
13620,4,1169,66139.41,Swiggy,NET BANKING,UK,ATM,2026-05-08T22:11:50.000+05:30,YES,22,NO,5,YES
13779,4,1174,70146.31,Zomato,UPI,USA,Laptop,2026-04-21T10:53:43.000+05:30,YES,10,NO,4,YES
15131,48,1096,75255.61,Uber,ATM WITHDRAWAL,Germany,Laptop,2026-04-24T17:00:43.000+05:30,YES,17,NO,4,YES
15234,29,1166,57816.09,Amazon,NET BANKING,Germany,Mobile,2026-05-18T08:01:36.000+05:30,YES,8,NO,5,YES
18101,7,1094,57925.2,Uber,NET BANKING,USA,Tablet,2026-05-11T12:17:14.000+05:30,YES,12,NO,5,YES
19096,55,1125,66571.09,Nike,ATM WITHDRAWAL,USA,Mobile,2026-05-04T14:03:58.000+05:30,YES,14,NO,5,YES
19311,82,1142,75464.43,Nike,ATM WITHDRAWAL,UK,ATM,2026-05-02T23:54:42.000+05:30,YES,23,NO,5,YES
11858,1,1004,90041.69,Apple Store,ATM WITHDRAWAL,UK,Laptop,2026-05-06T12:15:06.000+05:30,YES,12,NO,5,YES
12771,18,1022,57534.55,Swiggy,ATM WITHDRAWAL,UK,Tablet,2026-04-28T07:39:13.000+05:30,YES,7,NO,4,YES
13631,1,1068,56273.38,Zomato,ATM WITHDRAWAL,UK,Tablet,2026-04-18T17:35:47.000+05:30,YES,17,NO,4,YES
13672,53,1194,68441.15,Uber,CARD,Singapore,Tablet,2026-05-03T12:15:28.000+05:30,YES,12,NO,5,YES
14284,12,1182,53051.38,Walmart,UPI,UK,Laptop,2026-05-15T08:41:12.000+05:30,YES,8,NO,5,YES
15032,95,1199,64848.03,Flipkart,CARD,Singapore,Mobile,2026-05-05T22:48:03.000+05:30,YES,22,NO,5,YES
15402,81,1094,64732.68,Netflix,CARD,Germany,Laptop,2026-04-21T00:32:46.000+05:30,YES,0,YES,4,YES
15737,78,1142,89993.4,Flipkart,NET BANKING,USA,Tablet,2026-04-28T09:37:10.000+05:30,YES,9,NO,4,YES
16225,91,1193,85621.42,Zomato,ATM WITHDRAWAL,UK,ATM,2026-05-07T08:40:05.000+05:30,YES,8,NO,5,YES
17559,85,1153,99238.31,Uber,ATM WITHDRAWAL,USA,Tablet,2026-05-16T20:08:40.000+05:30,YES,20,NO,5,YES
19027,40,1058,81087.53,Netflix,CARD,USA,Laptop,2026-05-15T17:23:42.000+05:30,YES,17,NO,5,YES
12174,33,1122,92243.66,Zomato,ATM WITHDRAWAL,USA,Laptop,2026-04-28T14:55:26.000+05:30,YES,14,NO,4,YES
14831,29,1101,51926.06,Netflix,NET BANKING,Singapore,Laptop,2026-04-21T22:39:18.000+05:30,YES,22,NO,4,YES
15104,56,1162,62610.24,Netflix,UPI,Germany,ATM,2026-05-05T02:57:15.000+05:30,YES,2,YES,5,YES
15316,99,1073,59183.05,Uber,CARD,Germany,Laptop,2026-05-03T20:09:37.000+05:30,YES,20,NO,5,YES
16089,96,1034,79377.03,Amazon,UPI,UK,ATM,2026-05-06T02:40:33.000+05:30,YES,2,YES,5,YES
16108,22,1192,80203.05,Swiggy,ATM WITHDRAWAL,UK,Mobile,2026-05-12T22:56:13.000+05:30,YES,22,NO,5,YES
16795,48,1144,77874.78,Walmart,UPI,UK,ATM,2026-05-13T11:57:35.000+05:30,YES,11,NO,5,YES
17288,59,1157,63383.99,Apple Store,UPI,USA,Tablet,2026-04-30T18:01:33.000+05:30,YES,18,NO,4,YES
17382,7,1043,68153.71,Flipkart,UPI,Germany,Mobile,2026-05-02T05:16:21.000+05:30,YES,5,YES,5,YES
17557,67,1055,87016.01,Flipkart,UPI,USA,Tablet,2026-04-25T05:21:31.000+05:30,YES,5,YES,4,YES
18921,3,1134,84790.76,Petrol Pump,CARD,UK,Tablet,2026-05-11T13:07:43.000+05:30,YES,13,NO,5,YES
19052,37,1030,91280.42,Walmart,ATM WITHDRAWAL,USA,Tablet,2026-05-12T07:24:01.000+05:30,YES,7,NO,5,YES
19078,2,1010,76569.71,Petrol Pump,UPI,Germany,Laptop,2026-04-28T02:38:43.000+05:30,YES,2,YES,4,YES
19226,21,1048,51524.26,Amazon,ATM WITHDRAWAL,UK,Laptop,2026-05-11T12:29:56.000+05:30,YES,12,NO,5,YES
19271,61,1187,90857.61,Zomato,NET BANKING,USA,Tablet,2026-04-29T19:45:22.000+05:30,YES,19,NO,4,YES
19647,24,1132,96027.81,Apple Store,ATM WITHDRAWAL,UK,ATM,2026-05-02T09:51:25.000+05:30,YES,9,NO,5,YES
10156,88,1037,76195.33,Swiggy,ATM WITHDRAWAL,Singapore,ATM,2026-05-03T00:49:40.000+05:30,YES,0,YES,5,YES
10389,70,1028,95651.14,Walmart,NET BANKING,USA,Mobile,2026-05-14T18:51:33.000+05:30,YES,18,NO,5,YES
11163,47,1009,63003.53,Amazon,CARD,USA,ATM,2026-04-20T01:59:00.000+05:30,YES,1,YES,4,YES
11431,31,1117,73811.16,Swiggy,NET BANKING,USA,Laptop,2026-04-28T07:17:41.000+05:30,YES,7,NO,4,YES
13585,15,1032,83997.8,Nike,NET BANKING,UK,Tablet,2026-04-26T19:23:23.000+05:30,YES,19,NO,4,YES
14014,71,1184,98433.17,Apple Store,UPI,Singapore,Laptop,2026-05-01T23:08:52.000+05:30,YES,23,NO,5,YES
14651,25,1020,50794.21,Apple Store,ATM WITHDRAWAL,UK,Laptop,2026-05-16T20:27:12.000+05:30,YES,20,NO,5,YES
14729,10,1005,57475.65,Nike,ATM WITHDRAWAL,USA,ATM,2026-05-12T16:15:35.000+05:30,YES,16,NO,5,YES
15376,71,1141,73853.83,Nike,NET BANKING,USA,Tablet,2026-04-20T11:10:07.000+05:30,YES,11,NO,4,YES
15738,36,1087,71101.55,Zomato,CARD,Singapore,Tablet,2026-05-06T11:54:45.000+05:30,YES,11,NO,5,YES
15924,63,1188,96823.31,Walmart,NET BANKING,UK,Tablet,2026-05-14T03:48:38.000+05:30,YES,3,YES,5,YES
16838,17,1032,86419.42,Flipkart,CARD,Singapore,ATM,2026-05-02T08:06:07.000+05:30,YES,8,NO,5,YES
17863,35,1052,68538.0,Petrol Pump,CARD,USA,Mobile,2026-05-02T10:43:30.000+05:30,YES,10,NO,5,YES
18716,90,1082,52095.07,Uber,NET BANKING,Germany,Laptop,2026-05-15T13:00:49.000+05:30,YES,13,NO,5,YES
19404,52,1054,64169.76,Flipkart,CARD,UK,Tablet,2026-05-11T03:20:59.000+05:30,YES,3,YES,5,YES
19742,7,1017,70929.64,Uber,NET BANKING,Singapore,ATM,2026-05-11T14:27:02.000+05:30,YES,14,NO,5,YES
19870,97,1043,66692.68,Netflix,ATM WITHDRAWAL,USA,Tablet,2026-04-24T20:07:48.000+05:30,YES,20,NO,4,YES
10010,9,1145,79462.99,Petrol Pump,ATM WITHDRAWAL,UK,Laptop,2026-04-23T18:16:45.000+05:30,YES,18,NO,4,YES
10565,97,1017,80063.14,Walmart,NET BANKING,Germany,Tablet,2026-05-13T09:48:16.000+05:30,YES,9,NO,5,YES
10767,20,1126,85418.37,Apple Store,NET BANKING,UK,Laptop,2026-05-13T02:25:05.000+05:30,YES,2,YES,5,YES
11308,63,1028,63314.5,Uber,UPI,Singapore,Laptop,2026-04-20T12:34:19.000+05:30,YES,12,NO,4,YES
12432,8,1014,70067.87,Flipkart,NET BANKING,Singapore,Mobile,2026-05-13T17:48:23.000+05:30,YES,17,NO,5,YES
12536,28,1098,55550.9,Walmart,UPI,Germany,ATM,2026-05-15T10:06:21.000+05:30,YES,10,NO,5,YES
12873,94,1198,60374.33,Amazon,NET BANKING,UK,Tablet,2026-04-22T01:58:45.000+05:30,YES,1,YES,4,YES
13246,15,1006,97011.47,Nike,UPI,Germany,Tablet,2026-05-11T23:46:20.000+05:30,YES,23,NO,5,YES
13346,12,1017,55589.11,Zomato,ATM WITHDRAWAL,Germany,Mobile,2026-04-29T04:07:30.000+05:30,YES,4,YES,4,YES
13417,47,1135,80388.72,Flipkart,UPI,Singapore,ATM,2026-04-27T01:15:58.000+05:30,YES,1,YES,4,YES
13443,55,1133,54505.46,Flipkart,NET BANKING,Germany,Mobile,2026-04-22T01:57:46.000+05:30,YES,1,YES,4,YES
13657,13,1061,79202.34,Swiggy,NET BANKING,USA,Mobile,2026-04-21T11:13:08.000+05:30,YES,11,NO,4,YES
15277,43,1143,88981.04,Amazon,ATM WITHDRAWAL,Singapore,Mobile,2026-04-25T04:27:26.000+05:30,YES,4,YES,4,YES
15877,51,1148,61279.12,Swiggy,CARD,Singapore,Mobile,2026-05-06T02:07:41.000+05:30,YES,2,YES,5,YES
16226,7,1027,74291.65,Amazon,NET BANKING,Singapore,Laptop,2026-04-28T08:32:31.000+05:30,YES,8,NO,4,YES
16472,99,1016,77172.86,Amazon,CARD,Germany,Laptop,2026-05-14T11:29:32.000+05:30,YES,11,NO,5,YES
16487,58,1010,84696.06,Uber,NET BANKING,Singapore,Laptop,2026-05-08T14:18:27.000+05:30,YES,14,NO,5,YES
18707,96,1018,86173.3,Flipkart,NET BANKING,USA,Laptop,2026-05-17T17:05:40.000+05:30,YES,17,NO,5,YES
19494,12,1017,55615.34,Walmart,ATM WITHDRAWAL,Singapore,Tablet,2026-05-13T17:55:38.000+05:30,YES,17,NO,5,YES
11432,54,1127,74813.13,Swiggy,ATM WITHDRAWAL,USA,ATM,2026-05-10T11:55:41.000+05:30,YES,11,NO,5,YES
11816,95,1045,50522.9,Apple Store,NET BANKING,Germany,Mobile,2026-05-17T10:40:50.000+05:30,YES,10,NO,5,YES
12320,18,1075,59609.07,Zomato,CARD,UK,ATM,2026-05-12T21:09:15.000+05:30,YES,21,NO,5,YES
12594,24,1149,56374.71,Amazon,UPI,UK,Mobile,2026-04-23T19:24:38.000+05:30,YES,19,NO,4,YES
13804,89,1164,66507.11,Flipkart,ATM WITHDRAWAL,UK,Mobile,2026-04-23T21:52:47.000+05:30,YES,21,NO,4,YES
13859,62,1183,57619.93,Petrol Pump,CARD,UK,Mobile,2026-05-07T08:01:39.000+05:30,YES,8,NO,5,YES
14129,99,1073,76622.76,Amazon,NET BANKING,Germany,ATM,2026-05-16T05:01:20.000+05:30,YES,5,YES,5,YES
14290,40,1167,53948.14,Uber,ATM WITHDRAWAL,Singapore,Tablet,2026-04-20T07:51:04.000+05:30,YES,7,NO,4,YES
14630,19,1012,94962.08,Walmart,NET BANKING,Singapore,Mobile,2026-05-04T09:44:27.000+05:30,YES,9,NO,5,YES
15022,1,1196,92740.47,Petrol Pump,ATM WITHDRAWAL,UK,Mobile,2026-04-25T05:52:10.000+05:30,YES,5,YES,4,YES
15167,11,1061,70751.09,Apple Store,ATM WITHDRAWAL,Germany,Mobile,2026-05-14T05:09:55.000+05:30,YES,5,YES,5,YES
15840,16,1059,65213.36,Netflix,UPI,UK,Mobile,2026-04-28T07:55:04.000+05:30,YES,7,NO,4,YES
16513,4,1184,86843.17,Nike,UPI,UK,Laptop,2026-05-07T08:21:24.000+05:30,YES,8,NO,5,YES
17363,52,1192,66531.97,Amazon,CARD,Germany,Mobile,2026-05-06T05:58:36.000+05:30,YES,5,YES,5,YES
17434,35,1018,52914.79,Amazon,CARD,USA,Mobile,2026-05-03T00:03:15.000+05:30,YES,0,YES,5,YES
17618,55,1174,70931.51,Walmart,UPI,UK,Laptop,2026-05-02T12:01:24.000+05:30,YES,12,NO,5,YES
17659,41,1085,64207.22,Amazon,ATM WITHDRAWAL,UK,ATM,2026-05-02T13:39:51.000+05:30,YES,13,NO,5,YES
18305,42,1024,99325.38,Zomato,NET BANKING,UK,Mobile,2026-05-03T02:15:57.000+05:30,YES,2,YES,5,YES
18566,55,1148,74772.5,Apple Store,UPI,UK,Mobile,2026-05-10T00:39:35.000+05:30,YES,0,YES,5,YES
18588,98,1083,79888.03,Nike,ATM WITHDRAWAL,Singapore,Tablet,2026-05-06T19:10:31.000+05:30,YES,19,NO,5,YES
18773,6,1034,76294.1,Uber,ATM WITHDRAWAL,USA,ATM,2026-05-13T18:31:12.000+05:30,YES,18,NO,5,YES
18897,9,1129,88858.65,Amazon,UPI,UK,Mobile,2026-05-18T04:11:23.000+05:30,YES,4,YES,5,YES
13007,37,1196,73007.52,Nike,ATM WITHDRAWAL,USA,ATM,2026-05-04T08:38:17.000+05:30,YES,8,NO,5,YES
15407,49,1173,53788.48,Nike,UPI,UK,Mobile,2026-04-30T19:12:10.000+05:30,YES,19,NO,4,YES
17848,26,1110,56627.28,Walmart,NET BANKING,UK,Laptop,2026-05-03T07:12:29.000+05:30,YES,7,NO,5,YES
14271,18,1112,74252.91,Apple Store,NET BANKING,Germany,Laptop,2026-05-15T01:40:28.000+05:30,YES,1,YES,5,YES
11725,13,1167,93038.75,Flipkart,CARD,UK,Mobile,2026-05-09T21:17:56.000+05:30,YES,21,NO,5,YES
10439,3,1072,58734.95,Nike,CARD,Germany,Mobile,2026-05-12T01:54:58.000+05:30,YES,1,YES,5,YES
15063,47,1167,86449.19,Netflix,CARD,Singapore,ATM,2026-04-28T14:14:43.000+05:30,YES,14,NO,4,YES
10662,2,1033,70690.27,Flipkart,CARD,USA,Laptop,2026-05-05T09:52:30.000+05:30,YES,9,NO,5,YES
14753,45,1070,59898.19,Walmart,CARD,USA,ATM,2026-05-16T04:43:19.000+05:30,YES,4,YES,5,YES
