transaction_id,customer_id,account_id,amount,merchant,transaction_type,country,device_id,transaction_time,high_amount_flag,transaction_hour,night_transaction_flag,transaction_month,international_transaction_flag
10102,92,1165,80663.64,Nike,ATM WITHDRAWAL,Germany,Tablet,2026-05-07T18:05:08.000+05:30,YES,18,NO,5,YES
10106,30,1006,49753.8,Zomato,UPI,Singapore,ATM,2026-04-22T12:49:09.000+05:30,NO,12,NO,4,YES
10538,100,1144,98988.76,Zomato,CARD,USA,Tablet,2026-04-26T06:55:00.000+05:30,YES,6,NO,4,YES
10547,87,1018,14084.18,Walmart,ATM WITHDRAWAL,UK,Mobile,2026-04-25T19:27:01.000+05:30,NO,19,NO,4,YES
10722,29,1108,89416.69,Uber,ATM WITHDRAWAL,Singapore,Laptop,2026-05-15T23:22:23.000+05:30,YES,23,NO,5,YES
10736,82,1098,85782.87,Walmart,UPI,India,Laptop,2026-04-21T20:45:44.000+05:30,YES,20,NO,4,NO
10815,2,1121,18483.29,Amazon,UPI,Singapore,Mobile,2026-04-28T12:28:44.000+05:30,NO,12,NO,4,YES
11353,94,1171,40340.05,Walmart,UPI,Germany,Laptop,2026-05-11T08:46:18.000+05:30,NO,8,NO,5,YES
11626,73,1089,35587.48,Swiggy,ATM WITHDRAWAL,Singapore,Mobile,2026-04-28T22:35:57.000+05:30,NO,22,NO,4,YES
11764,23,1005,9456.51,Uber,CARD,UK,ATM,2026-05-09T00:04:40.000+05:30,NO,0,YES,5,YES
12633,96,1121,77454.76,Walmart,UPI,USA,Laptop,2026-05-02T10:35:27.000+05:30,YES,10,NO,5,YES
12947,91,1161,89894.56,Zomato,ATM WITHDRAWAL,Singapore,Tablet,2026-05-10T12:34:37.000+05:30,YES,12,NO,5,YES
13028,62,1161,84514.53,Swiggy,NET BANKING,UK,Mobile,2026-05-03T12:53:35.000+05:30,YES,12,NO,5,YES
13397,62,1194,22058.52,Uber,CARD,India,Laptop,2026-05-18T01:46:35.000+05:30,NO,1,YES,5,NO
13490,37,1113,96681.25,Apple Store,UPI,UK,Mobile,2026-04-27T21:35:36.000+05:30,YES,21,NO,4,YES
14196,55,1005,4523.01,Swiggy,ATM WITHDRAWAL,USA,Tablet,2026-04-30T10:55:56.000+05:30,NO,10,NO,4,YES
14395,50,1020,73759.94,Flipkart,ATM WITHDRAWAL,Germany,Laptop,2026-04-27T15:44:38.000+05:30,YES,15,NO,4,YES
14415,53,1135,91785.89,Uber,ATM WITHDRAWAL,UK,Laptop,2026-04-21T03:17:55.000+05:30,YES,3,YES,4,YES
14421,42,1052,30673.83,Netflix,CARD,Singapore,ATM,2026-04-28T06:25:57.000+05:30,NO,6,NO,4,YES
14600,85,1001,56275.93,Amazon,NET BANKING,India,Tablet,2026-04-27T23:07:12.000+05:30,YES,23,NO,4,NO
14702,21,1017,86772.85,Swiggy,CARD,India,ATM,2026-05-07T08:06:27.000+05:30,YES,8,NO,5,NO
15312,13,1099,96105.52,Swiggy,CARD,USA,Mobile,2026-04-23T18:20:13.000+05:30,YES,18,NO,4,YES
15604,73,1132,72473.38,Walmart,CARD,Germany,Mobile,2026-05-13T19:55:56.000+05:30,YES,19,NO,5,YES
15836,31,1128,47953.04,Apple Store,NET BANKING,USA,Mobile,2026-04-24T16:00:35.000+05:30,NO,16,NO,4,YES
16373,86,1102,48462.14,Uber,UPI,Germany,ATM,2026-05-05T16:11:33.000+05:30,NO,16,NO,5,YES
16830,79,1052,6382.63,Uber,CARD,Singapore,Tablet,2026-04-30T12:34:27.000+05:30,NO,12,NO,4,YES
16918,58,1086,76717.64,Uber,ATM WITHDRAWAL,India,ATM,2026-05-04T17:38:50.000+05:30,YES,17,NO,5,NO
17068,14,1016,26134.93,Nike,UPI,Germany,Laptop,2026-04-30T20:17:50.000+05:30,NO,20,NO,4,YES
18096,19,1034,49038.23,Zomato,NET BANKING,India,Tablet,2026-04-27T04:30:33.000+05:30,NO,4,YES,4,NO
18289,5,1046,89101.49,Swiggy,ATM WITHDRAWAL,Germany,Laptop,2026-05-12T18:29:01.000+05:30,YES,18,NO,5,YES
10069,14,1196,83753.54,Amazon,UPI,India,Tablet,2026-04-27T15:27:56.000+05:30,YES,15,NO,4,NO
10116,56,1181,61759.0,Swiggy,UPI,UK,ATM,2026-05-07T12:38:11.000+05:30,YES,12,NO,5,YES
10770,69,1042,95530.15,Uber,ATM WITHDRAWAL,UK,Tablet,2026-04-29T20:46:26.000+05:30,YES,20,NO,4,YES
11144,74,1009,95371.93,Nike,NET BANKING,India,Laptop,2026-04-24T17:40:50.000+05:30,YES,17,NO,4,NO
11434,12,1081,67337.37,Apple Store,UPI,UK,Tablet,2026-04-28T09:12:52.000+05:30,YES,9,NO,4,YES
11658,60,1080,83189.98,Uber,CARD,India,Tablet,2026-04-25T23:46:09.000+05:30,YES,23,NO,4,NO
11755,3,1060,71175.11,Netflix,UPI,USA,Laptop,2026-05-09T06:47:01.000+05:30,YES,6,NO,5,YES
11808,28,1061,78261.04,Nike,NET BANKING,India,ATM,2026-05-14T12:28:13.000+05:30,YES,12,NO,5,NO
12031,89,1184,72334.77,Apple Store,ATM WITHDRAWAL,Germany,Mobile,2026-05-06T16:21:10.000+05:30,YES,16,NO,5,YES
12266,72,1134,66694.82,Apple Store,UPI,Germany,ATM,2026-04-19T21:26:31.000+05:30,YES,21,NO,4,YES
12316,12,1151,69673.02,Swiggy,CARD,Germany,ATM,2026-05-03T20:52:01.000+05:30,YES,20,NO,5,YES
12352,25,1151,69219.42,Swiggy,NET BANKING,Singapore,Laptop,2026-04-28T07:25:30.000+05:30,YES,7,NO,4,YES
12359,91,1197,93573.34,Amazon,UPI,USA,Tablet,2026-04-28T04:05:44.000+05:30,YES,4,YES,4,YES
12367,30,1182,73987.5,Zomato,UPI,USA,ATM,2026-05-05T02:42:31.000+05:30,YES,2,YES,5,YES
12449,83,1013,17944.84,Apple Store,ATM WITHDRAWAL,Singapore,Tablet,2026-04-29T06:45:21.000+05:30,NO,6,NO,4,YES
12789,19,1049,83513.76,Nike,UPI,UK,ATM,2026-05-10T13:57:27.000+05:30,YES,13,NO,5,YES
12841,61,1153,80598.19,Netflix,UPI,UK,Laptop,2026-05-13T13:56:44.000+05:30,YES,13,NO,5,YES
12890,87,1131,56647.94,Flipkart,CARD,India,Laptop,2026-05-02T12:03:37.000+05:30,YES,12,NO,5,NO
12963,84,1129,25711.25,Flipkart,CARD,Germany,ATM,2026-05-05T13:21:18.000+05:30,NO,13,NO,5,YES
13236,36,1101,35667.26,Apple Store,ATM WITHDRAWAL,UK,Tablet,2026-04-19T02:42:42.000+05:30,NO,2,YES,4,YES
13679,42,1188,8341.64,Petrol Pump,CARD,Germany,Laptop,2026-05-18T02:38:50.000+05:30,NO,2,YES,5,YES
13953,12,1073,50551.96,Apple Store,UPI,Singapore,Mobile,2026-04-26T20:59:30.000+05:30,YES,20,NO,4,YES
14062,100,1007,696.75,Flipkart,UPI,USA,Laptop,2026-04-22T05:07:56.000+05:30,NO,5,YES,4,YES
14084,4,1146,57019.76,Walmart,CARD,UK,Laptop,2026-05-11T20:52:03.000+05:30,YES,20,NO,5,YES
14431,72,1102,57904.26,Flipkart,UPI,Singapore,Mobile,2026-05-08T23:32:08.000+05:30,YES,23,NO,5,YES
15231,75,1133,54601.54,Uber,UPI,India,Mobile,2026-04-28T16:57:21.000+05:30,YES,16,NO,4,NO
15341,59,1078,9583.71,Apple Store,NET BANKING,USA,Laptop,2026-04-21T00:09:20.000+05:30,NO,0,YES,4,YES
16077,82,1144,83200.46,Netflix,NET BANKING,Germany,Laptop,2026-05-14T06:02:40.000+05:30,YES,6,NO,5,YES
16185,54,1064,625.25,Petrol Pump,CARD,Germany,Tablet,2026-05-13T05:52:03.000+05:30,NO,5,YES,5,YES
16491,29,1041,19273.07,Petrol Pump,UPI,Singapore,Tablet,2026-04-18T22:59:13.000+05:30,NO,22,NO,4,YES
17134,77,1048,4742.19,Nike,NET BANKING,UK,Tablet,2026-05-07T14:09:35.000+05:30,NO,14,NO,5,YES
17220,38,1089,5863.23,Flipkart,ATM WITHDRAWAL,UK,ATM,2026-05-08T09:41:25.000+05:30,NO,9,NO,5,YES
17798,25,1163,3480.5,Walmart,ATM WITHDRAWAL,Singapore,Mobile,2026-05-06T16:54:16.000+05:30,NO,16,NO,5,YES
17876,43,1198,61546.83,Petrol Pump,ATM WITHDRAWAL,UK,Laptop,2026-05-04T22:20:38.000+05:30,YES,22,NO,5,YES
17909,73,1195,78613.7,Amazon,NET BANKING,UK,Laptop,2026-04-20T03:53:25.000+05:30,YES,3,YES,4,YES
17972,31,1103,84013.29,Petrol Pump,CARD,Germany,Mobile,2026-04-29T19:24:08.000+05:30,YES,19,NO,4,YES
18016,87,1051,54265.28,Uber,UPI,India,Tablet,2026-04-25T22:11:16.000+05:30,YES,22,NO,4,NO
18074,47,1167,31381.5,Flipkart,NET BANKING,Germany,Tablet,2026-05-13T18:18:39.000+05:30,NO,18,NO,5,YES
18292,86,1061,46123.77,Amazon,CARD,UK,Mobile,2026-05-13T13:43:01.000+05:30,NO,13,NO,5,YES
19297,17,1094,79667.26,Nike,UPI,USA,Laptop,2026-04-25T14:54:49.000+05:30,YES,14,NO,4,YES
19740,49,1074,21081.58,Uber,UPI,USA,ATM,2026-04-27T09:20:47.000+05:30,NO,9,NO,4,YES
10065,80,1143,61632.39,Walmart,ATM WITHDRAWAL,USA,ATM,2026-05-01T13:41:25.000+05:30,YES,13,NO,5,YES
10173,55,1087,20454.65,Flipkart,UPI,Germany,Tablet,2026-05-18T08:08:02.000+05:30,NO,8,NO,5,YES
10318,47,1024,139.4,Netflix,CARD,Germany,Laptop,2026-05-10T14:48:06.000+05:30,NO,14,NO,5,YES
10352,70,1001,79421.81,Uber,NET BANKING,Germany,Tablet,2026-04-20T13:32:15.000+05:30,YES,13,NO,4,YES
10621,66,1012,68228.09,Nike,CARD,India,Tablet,2026-05-12T07:48:38.000+05:30,YES,7,NO,5,NO
10947,98,1117,80153.86,Petrol Pump,ATM WITHDRAWAL,India,Mobile,2026-04-26T07:04:31.000+05:30,YES,7,NO,4,NO
10968,88,1159,42785.27,Swiggy,UPI,Germany,Laptop,2026-04-27T03:06:38.000+05:30,NO,3,YES,4,YES
11107,85,1093,8206.84,Walmart,NET BANKING,USA,ATM,2026-05-08T21:38:13.000+05:30,NO,21,NO,5,YES
11330,49,1163,20667.46,Walmart,ATM WITHDRAWAL,UK,Tablet,2026-05-12T08:56:57.000+05:30,NO,8,NO,5,YES
11376,32,1079,78337.04,Zomato,ATM WITHDRAWAL,UK,Laptop,2026-05-07T19:00:51.000+05:30,YES,19,NO,5,YES
11516,70,1122,20473.8,Uber,UPI,USA,Tablet,2026-05-04T02:45:35.000+05:30,NO,2,YES,5,YES
11788,81,1043,77379.23,Uber,UPI,Singapore,ATM,2026-05-03T16:43:48.000+05:30,YES,16,NO,5,YES
12013,98,1048,19321.2,Amazon,ATM WITHDRAWAL,USA,Mobile,2026-05-01T03:50:37.000+05:30,NO,3,YES,5,YES
12203,1,1104,70199.23,Flipkart,ATM WITHDRAWAL,Germany,ATM,2026-05-01T19:35:45.000+05:30,YES,19,NO,5,YES
12489,44,1143,35039.3,Netflix,CARD,USA,ATM,2026-05-12T17:06:53.000+05:30,NO,17,NO,5,YES
12765,17,1131,55089.16,Petrol Pump,NET BANKING,India,Tablet,2026-05-02T08:46:56.000+05:30,YES,8,NO,5,NO
12795,84,1037,13465.94,Amazon,CARD,UK,Tablet,2026-04-27T07:02:26.000+05:30,NO,7,NO,4,YES
13791,16,1070,81821.97,Petrol Pump,NET BANKING,India,ATM,2026-05-16T02:07:14.000+05:30,YES,2,YES,5,NO
13830,94,1094,56524.17,Flipkart,ATM WITHDRAWAL,Germany,ATM,2026-04-27T17:00:20.000+05:30,YES,17,NO,4,YES
13838,48,1001,66598.6,Amazon,ATM WITHDRAWAL,USA,Mobile,2026-05-10T21:50:12.000+05:30,YES,21,NO,5,YES
13934,31,1163,84691.26,Apple Store,UPI,Germany,ATM,2026-05-02T05:56:09.000+05:30,YES,5,YES,5,YES
14190,79,1143,21494.04,Uber,ATM WITHDRAWAL,Singapore,Mobile,2026-04-18T23:29:09.000+05:30,NO,23,NO,4,YES
14489,10,1085,63628.37,Petrol Pump,NET BANKING,USA,ATM,2026-05-05T08:20:49.000+05:30,YES,8,NO,5,YES
14748,59,1121,69005.52,Flipkart,CARD,India,Tablet,2026-05-06T04:52:59.000+05:30,YES,4,YES,5,NO
15500,53,1126,30039.8,Uber,ATM WITHDRAWAL,USA,Laptop,2026-04-26T15:24:37.000+05:30,NO,15,NO,4,YES
16139,47,1086,77646.32,Uber,NET BANKING,Germany,Laptop,2026-04-19T00:53:37.000+05:30,YES,0,YES,4,YES
16719,73,1145,43057.38,Petrol Pump,CARD,UK,ATM,2026-05-07T01:51:22.000+05:30,NO,1,YES,5,YES
16755,27,1036,94109.67,Swiggy,NET BANKING,India,ATM,2026-05-06T00:41:56.000+05:30,YES,0,YES,5,NO
16784,8,1169,50464.7,Zomato,NET BANKING,USA,Tablet,2026-05-10T22:15:15.000+05:30,YES,22,NO,5,YES
17207,48,1153,51170.62,Petrol Pump,ATM WITHDRAWAL,Germany,Laptop,2026-04-28T02:08:42.000+05:30,YES,2,YES,4,YES
17480,46,1055,77876.15,Flipkart,UPI,Singapore,Laptop,2026-05-03T11:46:35.000+05:30,YES,11,NO,5,YES
18114,81,1086,43979.29,Flipkart,UPI,Germany,Laptop,2026-05-13T05:26:40.000+05:30,NO,5,YES,5,YES
18134,27,1198,48591.6,Netflix,NET BANKING,UK,ATM,2026-04-23T21:12:56.000+05:30,NO,21,NO,4,YES
18349,41,1102,70055.88,Flipkart,NET BANKING,UK,Laptop,2026-04-26T21:07:45.000+05:30,YES,21,NO,4,YES
18694,38,1194,41122.62,Flipkart,CARD,UK,Laptop,2026-04-19T04:19:20.000+05:30,NO,4,YES,4,YES
19269,99,1073,25193.78,Swiggy,CARD,Singapore,ATM,2026-05-08T13:24:58.000+05:30,NO,13,NO,5,YES
19696,82,1175,45772.85,Zomato,NET BANKING,USA,Tablet,2026-05-08T00:08:42.000+05:30,NO,0,YES,5,YES
19738,45,1165,54379.19,Apple Store,ATM WITHDRAWAL,India,Laptop,2026-05-16T05:08:20.000+05:30,YES,5,YES,5,NO
19953,61,1026,79022.84,Netflix,CARD,Germany,Laptop,2026-05-07T23:27:54.000+05:30,YES,23,NO,5,YES
10042,3,1164,65950.24,Uber,CARD,UK,ATM,2026-05-09T22:04:09.000+05:30,YES,22,NO,5,YES
10055,46,1004,65537.83,Flipkart,CARD,Germany,Tablet,2026-05-12T21:45:02.000+05:30,YES,21,NO,5,YES
10236,1,1053,14873.54,Apple Store,CARD,India,Laptop,2026-05-14T02:20:39.000+05:30,NO,2,YES,5,NO
10619,27,1011,35786.43,Swiggy,ATM WITHDRAWAL,Singapore,Tablet,2026-04-18T21:18:12.000+05:30,NO,21,NO,4,YES
11203,21,1014,26071.93,Zomato,UPI,Germany,Mobile,2026-04-23T16:59:08.000+05:30,NO,16,NO,4,YES
11269,53,1013,71334.82,Uber,UPI,Singapore,Laptop,2026-04-21T05:22:09.000+05:30,YES,5,YES,4,YES
11958,62,1083,35914.27,Petrol Pump,ATM WITHDRAWAL,Germany,Mobile,2026-04-22T21:13:28.000+05:30,NO,21,NO,4,YES
11994,65,1172,11464.48,Swiggy,NET BANKING,Germany,ATM,2026-04-22T13:41:49.000+05:30,NO,13,NO,4,YES
12023,55,1037,98904.01,Swiggy,UPI,USA,ATM,2026-05-05T07:36:39.000+05:30,YES,7,NO,5,YES
12103,1,1011,87811.8,Flipkart,UPI,USA,ATM,2026-05-03T21:17:57.000+05:30,YES,21,NO,5,YES
12208,83,1180,80816.69,Netflix,CARD,Singapore,Tablet,2026-04-24T10:45:06.000+05:30,YES,10,NO,4,YES
12262,79,1108,98374.89,Nike,NET BANKING,India,Mobile,2026-04-29T22:43:02.000+05:30,YES,22,NO,4,NO
12728,99,1033,83162.73,Swiggy,ATM WITHDRAWAL,Singapore,ATM,2026-05-02T16:08:50.000+05:30,YES,16,NO,5,YES
12951,92,1142,70788.83,Flipkart,UPI,Germany,Laptop,2026-05-18T11:40:09.000+05:30,YES,11,NO,5,YES
13217,20,1034,97371.94,Zomato,CARD,UK,Laptop,2026-05-17T05:42:24.000+05:30,YES,5,YES,5,YES
13263,69,1182,28606.11,Amazon,CARD,Singapore,Tablet,2026-04-29T02:04:50.000+05:30,NO,2,YES,4,YES
13310,93,1186,81496.06,Zomato,ATM WITHDRAWAL,Singapore,Tablet,2026-05-03T00:33:12.000+05:30,YES,0,YES,5,YES
13783,19,1106,66427.41,Swiggy,ATM WITHDRAWAL,UK,Laptop,2026-05-09T08:18:42.000+05:30,YES,8,NO,5,YES
13886,18,1124,63706.75,Uber,NET BANKING,UK,Laptop,2026-05-15T02:50:57.000+05:30,YES,2,YES,5,YES
14255,24,1080,90861.5,Uber,CARD,Singapore,ATM,2026-04-28T04:26:26.000+05:30,YES,4,YES,4,YES
14830,56,1030,70820.68,Uber,ATM WITHDRAWAL,Germany,Laptop,2026-04-18T22:18:28.000+05:30,YES,22,NO,4,YES
15575,23,1177,24373.36,Swiggy,CARD,UK,ATM,2026-05-04T22:43:41.000+05:30,NO,22,NO,5,YES
16004,64,1050,82594.31,Nike,NET BANKING,USA,Tablet,2026-04-30T08:48:06.000+05:30,YES,8,NO,4,YES
16042,32,1165,77973.5,Netflix,UPI,Singapore,Mobile,2026-04-25T19:50:00.000+05:30,YES,19,NO,4,YES
16606,36,1121,63970.83,Nike,UPI,USA,Mobile,2026-05-10T15:58:28.000+05:30,YES,15,NO,5,YES
17130,60,1062,85667.03,Swiggy,CARD,USA,ATM,2026-04-19T16:05:07.000+05:30,YES,16,NO,4,YES
17566,13,1088,69903.43,Swiggy,UPI,UK,Tablet,2026-05-17T17:09:45.000+05:30,YES,17,NO,5,YES
17860,48,1070,57157.17,Swiggy,ATM WITHDRAWAL,UK,Laptop,2026-04-19T18:39:29.000+05:30,YES,18,NO,4,YES
18414,3,1024,33841.71,Swiggy,ATM WITHDRAWAL,Singapore,ATM,2026-05-09T01:53:11.000+05:30,NO,1,YES,5,YES
18936,52,1157,71107.98,Petrol Pump,UPI,Singapore,Laptop,2026-05-15T22:49:54.000+05:30,YES,22,NO,5,YES
19091,98,1200,41305.39,Nike,ATM WITHDRAWAL,UK,ATM,2026-04-25T20:57:53.000+05:30,NO,20,NO,4,YES
19361,31,1119,94447.25,Nike,UPI,USA,ATM,2026-05-14T08:03:49.000+05:30,YES,8,NO,5,YES
19477,19,1155,28798.29,Uber,CARD,UK,Laptop,2026-04-30T11:18:18.000+05:30,NO,11,NO,4,YES
19943,94,1097,12211.56,Nike,ATM WITHDRAWAL,Germany,Laptop,2026-05-12T04:52:49.000+05:30,NO,4,YES,5,YES
10139,12,1013,51920.55,Nike,UPI,USA,Tablet,2026-04-22T04:45:49.000+05:30,YES,4,YES,4,YES
10449,36,1135,91578.22,Nike,ATM WITHDRAWAL,Singapore,Mobile,2026-04-28T12:10:17.000+05:30,YES,12,NO,4,YES
10821,18,1004,32568.68,Netflix,CARD,UK,Mobile,2026-04-27T08:16:50.000+05:30,NO,8,NO,4,YES
10967,88,1001,63466.68,Uber,NET BANKING,USA,Tablet,2026-04-30T21:45:12.000+05:30,YES,21,NO,4,YES
11139,63,1098,17903.42,Amazon,ATM WITHDRAWAL,Germany,Tablet,2026-04-23T17:05:07.000+05:30,NO,17,NO,4,YES
11624,41,1135,41117.26,Petrol Pump,CARD,USA,Mobile,2026-05-10T18:23:19.000+05:30,NO,18,NO,5,YES
11711,47,1185,85031.4,Nike,ATM WITHDRAWAL,UK,Laptop,2026-04-26T12:55:05.000+05:30,YES,12,NO,4,YES
11782,14,1028,36982.21,Apple Store,UPI,USA,Laptop,2026-05-01T09:30:29.000+05:30,NO,9,NO,5,YES
11879,94,1125,5765.29,Walmart,NET BANKING,Germany,Laptop,2026-05-06T15:57:04.000+05:30,NO,15,NO,5,YES
12270,52,1107,96347.87,Petrol Pump,NET BANKING,Germany,Laptop,2026-05-09T18:54:23.000+05:30,YES,18,NO,5,YES
12552,49,1102,54032.29,Apple Store,NET BANKING,Germany,Tablet,2026-05-04T20:31:27.000+05:30,YES,20,NO,5,YES
12645,50,1113,37128.33,Uber,ATM WITHDRAWAL,UK,Tablet,2026-04-23T19:46:06.000+05:30,NO,19,NO,4,YES
12664,80,1099,72443.82,Flipkart,UPI,India,Tablet,2026-05-04T07:23:38.000+05:30,YES,7,NO,5,NO
12952,27,1163,47825.28,Amazon,ATM WITHDRAWAL,UK,Mobile,2026-05-03T01:13:56.000+05:30,NO,1,YES,5,YES
12979,98,1088,34830.2,Petrol Pump,ATM WITHDRAWAL,Singapore,ATM,2026-04-30T01:13:04.000+05:30,NO,1,YES,4,YES
13153,36,1048,97085.44,Walmart,CARD,USA,Tablet,2026-04-19T23:58:28.000+05:30,YES,23,NO,4,YES
13179,90,1175,18350.55,Zomato,UPI,Germany,ATM,2026-04-26T02:46:57.000+05:30,NO,2,YES,4,YES
13251,58,1088,16185.63,Walmart,CARD,India,Laptop,2026-04-30T03:07:10.000+05:30,NO,3,YES,4,NO
13602,11,1107,8892.04,Uber,ATM WITHDRAWAL,USA,ATM,2026-04-22T23:56:26.000+05:30,NO,23,NO,4,YES
13633,91,1056,98895.92,Amazon,ATM WITHDRAWAL,Singapore,Mobile,2026-05-04T18:21:03.000+05:30,YES,18,NO,5,YES
14112,82,1175,69309.03,Swiggy,ATM WITHDRAWAL,India,ATM,2026-04-24T05:49:17.000+05:30,YES,5,YES,4,NO
14177,31,1129,31228.64,Petrol Pump,NET BANKING,USA,ATM,2026-05-11T17:39:58.000+05:30,NO,17,NO,5,YES
14324,38,1128,99170.18,Amazon,CARD,Germany,Mobile,2026-04-23T13:09:06.000+05:30,YES,13,NO,4,YES
14670,87,1151,45016.33,Nike,NET BANKING,UK,Mobile,2026-04-21T02:53:44.000+05:30,NO,2,YES,4,YES
14930,29,1119,77051.2,Walmart,UPI,Germany,Tablet,2026-04-24T01:50:59.000+05:30,YES,1,YES,4,YES
15018,97,1186,27961.35,Apple Store,UPI,Germany,Laptop,2026-05-04T08:05:46.000+05:30,NO,8,NO,5,YES
15730,16,1154,68596.71,Nike,CARD,UK,ATM,2026-05-16T07:46:53.000+05:30,YES,7,NO,5,YES
16068,54,1182,8219.62,Zomato,ATM WITHDRAWAL,Singapore,ATM,2026-05-14T08:17:39.000+05:30,NO,8,NO,5,YES
16234,75,1098,49303.87,Petrol Pump,CARD,USA,Laptop,2026-05-07T06:58:14.000+05:30,NO,6,NO,5,YES
16254,22,1117,98413.18,Nike,UPI,Germany,Tablet,2026-05-07T16:02:44.000+05:30,YES,16,NO,5,YES
16291,98,1039,40324.88,Apple Store,UPI,USA,Laptop,2026-04-30T21:54:15.000+05:30,NO,21,NO,4,YES
17001,6,1173,93641.73,Amazon,CARD,UK,Tablet,2026-05-02T15:22:58.000+05:30,YES,15,NO,5,YES
17243,42,1097,93830.2,Nike,NET BANKING,India,Laptop,2026-04-25T04:49:36.000+05:30,YES,4,YES,4,NO
17320,85,1019,50852.05,Amazon,CARD,UK,Mobile,2026-05-10T18:55:18.000+05:30,YES,18,NO,5,YES
17467,83,1052,91060.58,Uber,ATM WITHDRAWAL,India,Tablet,2026-05-03T21:54:10.000+05:30,YES,21,NO,5,NO
17951,54,1131,30014.05,Nike,NET BANKING,Germany,ATM,2026-04-27T05:30:39.000+05:30,NO,5,YES,4,YES
18076,62,1087,53095.68,Swiggy,NET BANKING,USA,Laptop,2026-05-14T09:56:43.000+05:30,YES,9,NO,5,YES
18464,36,1010,73314.94,Netflix,ATM WITHDRAWAL,Singapore,ATM,2026-05-05T08:15:10.000+05:30,YES,8,NO,5,YES
18647,53,1178,314.55,Walmart,CARD,Singapore,Laptop,2026-05-05T14:33:38.000+05:30,NO,14,NO,5,YES
18720,78,1072,55178.7,Netflix,ATM WITHDRAWAL,India,ATM,2026-04-27T19:13:14.000+05:30,YES,19,NO,4,NO
19620,92,1150,27487.1,Flipkart,ATM WITHDRAWAL,Singapore,Mobile,2026-05-01T18:12:00.000+05:30,NO,18,NO,5,YES
19838,87,1096,73371.08,Netflix,NET BANKING,India,Tablet,2026-05-05T06:05:35.000+05:30,YES,6,NO,5,NO
19995,24,1179,91181.23,Flipkart,NET BANKING,USA,Tablet,2026-04-28T04:57:58.000+05:30,YES,4,YES,4,YES
10167,47,1064,93571.4,Amazon,UPI,Germany,Laptop,2026-04-29T17:57:26.000+05:30,YES,17,NO,4,YES
10608,90,1116,98642.57,Walmart,NET BANKING,Singapore,Mobile,2026-04-22T15:14:09.000+05:30,YES,15,NO,4,YES
10679,38,1070,46731.44,Flipkart,UPI,Germany,Mobile,2026-04-24T23:22:40.000+05:30,NO,23,NO,4,YES
10700,62,1061,28566.96,Swiggy,ATM WITHDRAWAL,UK,ATM,2026-04-23T22:52:58.000+05:30,NO,22,NO,4,YES
10818,20,1014,97795.87,Swiggy,UPI,India,Mobile,2026-04-24T20:50:07.000+05:30,YES,20,NO,4,NO
10918,11,1064,33828.71,Amazon,NET BANKING,Singapore,ATM,2026-05-03T23:44:08.000+05:30,NO,23,NO,5,YES
11436,38,1131,92323.52,Netflix,ATM WITHDRAWAL,India,ATM,2026-05-18T01:18:29.000+05:30,YES,1,YES,5,NO
11630,3,1166,14515.08,Walmart,UPI,UK,Laptop,2026-04-28T04:44:41.000+05:30,NO,4,YES,4,YES
11733,84,1094,92986.51,Nike,UPI,Singapore,Tablet,2026-05-04T04:05:10.000+05:30,YES,4,YES,5,YES
11832,98,1119,35320.8,Walmart,ATM WITHDRAWAL,Germany,Tablet,2026-04-29T10:07:10.000+05:30,NO,10,NO,4,YES
11845,11,1094,38616.33,Netflix,ATM WITHDRAWAL,Singapore,Laptop,2026-05-18T00:09:23.000+05:30,NO,0,YES,5,YES
11941,23,1097,73345.45,Nike,NET BANKING,USA,Tablet,2026-04-18T22:56:26.000+05:30,YES,22,NO,4,YES
11942,64,1037,59612.66,Apple Store,ATM WITHDRAWAL,UK,ATM,2026-05-17T11:51:01.000+05:30,YES,11,NO,5,YES
12055,96,1056,46717.85,Petrol Pump,ATM WITHDRAWAL,USA,Mobile,2026-05-04T04:19:52.000+05:30,NO,4,YES,5,YES
12839,23,1100,62046.11,Walmart,CARD,Germany,Tablet,2026-05-11T14:57:01.000+05:30,YES,14,NO,5,YES
13727,100,1069,57440.9,Uber,UPI,Germany,Mobile,2026-05-13T12:57:27.000+05:30,YES,12,NO,5,YES
13821,35,1061,88273.79,Nike,ATM WITHDRAWAL,USA,ATM,2026-05-04T17:51:20.000+05:30,YES,17,NO,5,YES
13901,16,1173,25031.36,Petrol Pump,CARD,Singapore,Laptop,2026-05-14T17:07:03.000+05:30,NO,17,NO,5,YES
14049,57,1168,97422.46,Netflix,UPI,Germany,ATM,2026-05-12T01:33:06.000+05:30,YES,1,YES,5,YES
14842,87,1159,67699.77,Flipkart,ATM WITHDRAWAL,India,ATM,2026-05-09T15:18:34.000+05:30,YES,15,NO,5,NO
14853,59,1038,88847.21,Petrol Pump,ATM WITHDRAWAL,Germany,Laptop,2026-04-26T02:05:01.000+05:30,YES,2,YES,4,YES
15168,14,1183,4044.51,Amazon,UPI,Singapore,ATM,2026-05-03T14:18:28.000+05:30,NO,14,NO,5,YES
15352,84,1018,93815.55,Walmart,ATM WITHDRAWAL,USA,Tablet,2026-05-10T03:51:33.000+05:30,YES,3,YES,5,YES
15363,27,1177,40152.09,Swiggy,ATM WITHDRAWAL,Singapore,Mobile,2026-04-26T17:11:02.000+05:30,NO,17,NO,4,YES
15635,42,1004,83203.41,Amazon,NET BANKING,USA,Laptop,2026-04-21T12:48:22.000+05:30,YES,12,NO,4,YES
15650,64,1200,70003.81,Apple Store,UPI,India,Mobile,2026-04-30T07:10:00.000+05:30,YES,7,NO,4,NO
15700,1,1033,7996.14,Uber,NET BANKING,USA,ATM,2026-05-10T11:11:30.000+05:30,NO,11,NO,5,YES
15704,62,1187,56097.8,Swiggy,CARD,Singapore,Laptop,2026-05-12T18:06:55.000+05:30,YES,18,NO,5,YES
16251,56,1153,10797.94,Petrol Pump,ATM WITHDRAWAL,Singapore,Laptop,2026-05-07T21:02:54.000+05:30,NO,21,NO,5,YES
16674,80,1013,66734.04,Nike,CARD,Germany,ATM,2026-05-16T20:11:34.000+05:30,YES,20,NO,5,YES
16836,67,1165,81721.76,Apple Store,ATM WITHDRAWAL,India,Laptop,2026-04-25T04:23:14.000+05:30,YES,4,YES,4,NO
17254,26,1124,35258.25,Petrol Pump,NET BANKING,USA,ATM,2026-04-27T07:53:41.000+05:30,NO,7,NO,4,YES
17293,92,1183,61543.52,Nike,UPI,Singapore,Tablet,2026-05-05T18:37:15.000+05:30,YES,18,NO,5,YES
17297,59,1065,90109.58,Netflix,CARD,India,Laptop,2026-05-16T01:36:26.000+05:30,YES,1,YES,5,NO
17325,95,1160,60994.35,Flipkart,ATM WITHDRAWAL,India,ATM,2026-04-24T19:13:20.000+05:30,YES,19,NO,4,NO
17508,73,1032,90183.61,Walmart,ATM WITHDRAWAL,UK,Laptop,2026-05-03T02:11:03.000+05:30,YES,2,YES,5,YES
17840,80,1130,22223.28,Walmart,UPI,Germany,Tablet,2026-05-15T19:24:46.000+05:30,NO,19,NO,5,YES
18416,85,1043,90795.12,Uber,ATM WITHDRAWAL,India,ATM,2026-05-18T03:42:35.000+05:30,YES,3,YES,5,NO
18622,40,1010,42269.84,Swiggy,UPI,UK,ATM,2026-05-11T20:17:01.000+05:30,NO,20,NO,5,YES
19063,26,1095,89558.49,Nike,NET BANKING,Singapore,Tablet,2026-05-06T10:25:30.000+05:30,YES,10,NO,5,YES
19528,64,1011,18298.74,Nike,UPI,Singapore,Laptop,2026-05-17T08:56:09.000+05:30,NO,8,NO,5,YES
19605,90,1130,56331.69,Nike,CARD,Singapore,ATM,2026-04-29T12:48:47.000+05:30,YES,12,NO,4,YES
19617,68,1124,9673.0,Zomato,CARD,USA,Mobile,2026-05-08T02:22:09.000+05:30,NO,2,YES,5,YES
19841,80,1087,71883.73,Walmart,ATM WITHDRAWAL,India,ATM,2026-04-22T05:27:26.000+05:30,YES,5,YES,4,NO
19854,17,1061,12791.25,Netflix,ATM WITHDRAWAL,Singapore,Laptop,2026-04-19T16:44:53.000+05:30,NO,16,NO,4,YES
10080,69,1149,77004.76,Zomato,NET BANKING,Singapore,Tablet,2026-05-18T09:11:20.000+05:30,YES,9,NO,5,YES
10724,39,1093,45953.68,Nike,CARD,Germany,Laptop,2026-04-18T20:05:21.000+05:30,NO,20,NO,4,YES
10771,8,1047,86588.4,Flipkart,UPI,Singapore,Laptop,2026-05-04T00:12:00.000+05:30,YES,0,YES,5,YES
10953,18,1072,23611.47,Flipkart,NET BANKING,Singapore,Tablet,2026-05-18T05:35:20.000+05:30,NO,5,YES,5,YES
11117,42,1025,32661.01,Netflix,UPI,Germany,Laptop,2026-04-20T02:34:21.000+05:30,NO,2,YES,4,YES
11256,8,1113,15274.23,Uber,CARD,USA,Tablet,2026-05-17T23:46:12.000+05:30,NO,23,NO,5,YES
11703,14,1008,91037.02,Petrol Pump,UPI,UK,Tablet,2026-05-12T17:52:24.000+05:30,YES,17,NO,5,YES
11853,9,1009,97164.43,Nike,UPI,India,Mobile,2026-05-13T18:11:45.000+05:30,YES,18,NO,5,NO
11896,91,1070,71254.54,Nike,NET BANKING,India,Laptop,2026-04-25T07:48:59.000+05:30,YES,7,NO,4,NO
12401,2,1191,64221.43,Nike,CARD,UK,ATM,2026-04-26T17:55:19.000+05:30,YES,17,NO,4,YES
12498,11,1187,94243.0,Apple Store,CARD,Germany,Tablet,2026-04-22T13:12:42.000+05:30,YES,13,NO,4,YES
12792,54,1179,14796.59,Flipkart,ATM WITHDRAWAL,Singapore,ATM,2026-04-28T01:18:40.000+05:30,NO,1,YES,4,YES
13059,51,1058,67622.35,Apple Store,UPI,UK,Tablet,2026-05-05T22:57:11.000+05:30,YES,22,NO,5,YES
13209,17,1040,55429.96,Zomato,UPI,UK,Laptop,2026-04-30T05:36:28.000+05:30,YES,5,YES,4,YES
13606,87,1011,12307.46,Nike,ATM WITHDRAWAL,USA,Laptop,2026-05-17T05:25:10.000+05:30,NO,5,YES,5,YES
13925,6,1086,39406.88,Zomato,UPI,Singapore,ATM,2026-04-25T13:00:46.000+05:30,NO,13,NO,4,YES
14245,53,1106,53530.86,Petrol Pump,CARD,USA,ATM,2026-04-19T05:08:56.000+05:30,YES,5,YES,4,YES
14742,80,1094,14017.26,Zomato,ATM WITHDRAWAL,Singapore,Laptop,2026-05-15T21:07:59.000+05:30,NO,21,NO,5,YES
15832,14,1065,56821.53,Nike,UPI,Singapore,ATM,2026-05-14T01:29:49.000+05:30,YES,1,YES,5,YES
18071,82,1139,30094.05,Walmart,UPI,Germany,ATM,2026-05-10T09:05:38.000+05:30,NO,9,NO,5,YES
18105,35,1061,61096.08,Petrol Pump,UPI,India,Tablet,2026-05-12T13:36:38.000+05:30,YES,13,NO,5,NO
18171,24,1133,9257.41,Uber,UPI,Germany,Tablet,2026-05-05T23:07:23.000+05:30,NO,23,NO,5,YES
18395,27,1001,84469.01,Uber,UPI,India,Mobile,2026-04-26T18:15:53.000+05:30,YES,18,NO,4,NO
18753,81,1137,25584.47,Amazon,ATM WITHDRAWAL,Singapore,ATM,2026-04-29T11:00:08.000+05:30,NO,11,NO,4,YES
19066,63,1029,90218.95,Apple Store,NET BANKING,UK,ATM,2026-04-19T10:02:56.000+05:30,YES,10,NO,4,YES
19723,16,1072,59804.79,Swiggy,UPI,Singapore,Laptop,2026-05-09T07:07:55.000+05:30,YES,7,NO,5,YES
19845,15,1156,92071.35,Uber,NET BANKING,India,Tablet,2026-05-17T21:42:37.000+05:30,YES,21,NO,5,NO
19909,13,1184,66983.12,Walmart,NET BANKING,Singapore,ATM,2026-04-27T05:05:26.000+05:30,YES,5,YES,4,YES
19962,39,1059,24946.98,Amazon,ATM WITHDRAWAL,Singapore,Laptop,2026-05-11T03:10:15.000+05:30,NO,3,YES,5,YES
10191,78,1028,27021.31,Walmart,UPI,Singapore,Laptop,2026-05-06T10:59:44.000+05:30,NO,10,NO,5,YES
10751,62,1130,60149.75,Zomato,NET BANKING,India,Tablet,2026-05-03T01:48:43.000+05:30,YES,1,YES,5,NO
10859,39,1189,29421.07,Petrol Pump,NET BANKING,Germany,Tablet,2026-05-17T07:12:33.000+05:30,NO,7,NO,5,YES
10980,40,1089,52562.32,Apple Store,CARD,Singapore,Laptop,2026-04-27T02:20:50.000+05:30,YES,2,YES,4,YES
11053,25,1036,1876.73,Amazon,CARD,USA,Tablet,2026-05-13T15:50:18.000+05:30,NO,15,NO,5,YES
11273,10,1105,14928.4,Nike,ATM WITHDRAWAL,UK,Mobile,2026-04-26T00:59:49.000+05:30,NO,0,YES,4,YES
11724,9,1165,22794.91,Petrol Pump,CARD,Singapore,Laptop,2026-04-19T23:11:50.000+05:30,NO,23,NO,4,YES
11753,67,1134,51790.4,Petrol Pump,NET BANKING,USA,Tablet,2026-05-09T20:25:03.000+05:30,YES,20,NO,5,YES
11779,55,1117,99674.75,Flipkart,UPI,Singapore,Mobile,2026-05-01T07:27:40.000+05:30,YES,7,NO,5,YES
12084,8,1038,15869.14,Walmart,ATM WITHDRAWAL,UK,ATM,2026-05-03T23:01:43.000+05:30,NO,23,NO,5,YES
12408,21,1159,48256.04,Flipkart,ATM WITHDRAWAL,Singapore,Mobile,2026-05-12T02:59:41.000+05:30,NO,2,YES,5,YES
12416,65,1060,83322.44,Petrol Pump,ATM WITHDRAWAL,India,Laptop,2026-04-24T13:35:25.000+05:30,YES,13,NO,4,NO
12686,51,1059,11887.48,Walmart,NET BANKING,Singapore,Laptop,2026-05-16T17:09:08.000+05:30,NO,17,NO,5,YES
13005,3,1118,22211.71,Uber,ATM WITHDRAWAL,Singapore,Laptop,2026-04-28T12:21:13.000+05:30,NO,12,NO,4,YES
13428,89,1014,27454.86,Uber,NET BANKING,USA,Tablet,2026-05-10T11:48:36.000+05:30,NO,11,NO,5,YES
14013,64,1154,1263.04,Zomato,UPI,Germany,Laptop,2026-04-19T00:37:44.000+05:30,NO,0,YES,4,YES
14509,54,1184,67850.23,Flipkart,CARD,USA,ATM,2026-04-19T23:58:59.000+05:30,YES,23,NO,4,YES
15984,37,1110,28497.38,Amazon,ATM WITHDRAWAL,Germany,Tablet,2026-04-30T06:59:03.000+05:30,NO,6,NO,4,YES
16023,48,1049,9130.11,Amazon,CARD,Germany,Tablet,2026-05-12T01:27:12.000+05:30,NO,1,YES,5,YES
16040,30,1002,93851.12,Nike,UPI,UK,Tablet,2026-05-06T20:15:15.000+05:30,YES,20,NO,5,YES
16679,90,1171,61805.17,Walmart,CARD,Singapore,Tablet,2026-05-15T17:34:36.000+05:30,YES,17,NO,5,YES
16732,1,1122,35883.54,Amazon,ATM WITHDRAWAL,Singapore,Mobile,2026-04-19T07:02:23.000+05:30,NO,7,NO,4,YES
17610,17,1198,50573.17,Petrol Pump,NET BANKING,Germany,Laptop,2026-04-25T14:16:15.000+05:30,YES,14,NO,4,YES
17932,9,1183,6583.04,Flipkart,CARD,Singapore,Laptop,2026-04-19T16:03:13.000+05:30,NO,16,NO,4,YES
18364,60,1018,22339.61,Netflix,CARD,UK,Laptop,2026-05-06T15:51:17.000+05:30,NO,15,NO,5,YES
18528,75,1015,97959.88,Nike,ATM WITHDRAWAL,Singapore,Laptop,2026-04-28T16:21:56.000+05:30,YES,16,NO,4,YES
18969,4,1035,22276.8,Nike,CARD,Singapore,Tablet,2026-04-21T10:55:25.000+05:30,NO,10,NO,4,YES
19001,86,1083,58836.84,Petrol Pump,NET BANKING,USA,Laptop,2026-04-19T07:16:01.000+05:30,YES,7,NO,4,YES
19350,76,1037,96311.36,Amazon,ATM WITHDRAWAL,Singapore,ATM,2026-05-15T03:44:48.000+05:30,YES,3,YES,5,YES
19687,25,1105,80886.39,Uber,ATM WITHDRAWAL,USA,ATM,2026-04-22T23:41:08.000+05:30,YES,23,NO,4,YES
19767,3,1010,82963.81,Amazon,ATM WITHDRAWAL,Germany,Tablet,2026-04-27T07:21:55.000+05:30,YES,7,NO,4,YES
19958,47,1180,1922.25,Zomato,NET BANKING,Germany,Tablet,2026-05-13T06:19:40.000+05:30,NO,6,NO,5,YES
10036,13,1060,20687.6,Amazon,CARD,USA,ATM,2026-05-12T01:39:26.000+05:30,NO,1,YES,5,YES
10086,38,1127,64538.64,Amazon,ATM WITHDRAWAL,UK,Tablet,2026-04-24T08:55:27.000+05:30,YES,8,NO,4,YES
10137,12,1108,59445.23,Apple Store,UPI,Singapore,ATM,2026-04-28T08:39:35.000+05:30,YES,8,NO,4,YES
10259,38,1134,39846.67,Apple Store,CARD,Germany,Laptop,2026-05-17T12:12:58.000+05:30,NO,12,NO,5,YES
10337,61,1040,23527.87,Walmart,UPI,UK,Mobile,2026-04-23T05:27:03.000+05:30,NO,5,YES,4,YES
10342,50,1165,82875.44,Netflix,NET BANKING,India,Mobile,2026-05-13T10:35:08.000+05:30,YES,10,NO,5,NO
10459,56,1016,39350.06,Zomato,CARD,Singapore,Mobile,2026-05-04T16:46:27.000+05:30,NO,16,NO,5,YES
10525,88,1053,77922.22,Walmart,NET BANKING,Germany,Laptop,2026-04-27T17:10:39.000+05:30,YES,17,NO,4,YES
10550,18,1102,25428.45,Netflix,NET BANKING,UK,Mobile,2026-05-18T08:46:37.000+05:30,NO,8,NO,5,YES
11267,64,1169,26847.17,Flipkart,UPI,USA,Mobile,2026-04-20T13:32:03.000+05:30,NO,13,NO,4,YES
11573,44,1149,78306.68,Swiggy,UPI,UK,Mobile,2026-04-28T21:20:56.000+05:30,YES,21,NO,4,YES
11973,35,1136,30509.67,Walmart,NET BANKING,UK,Tablet,2026-04-24T17:15:14.000+05:30,NO,17,NO,4,YES
12154,55,1042,74866.88,Netflix,ATM WITHDRAWAL,India,ATM,2026-04-29T10:03:58.000+05:30,YES,10,NO,4,NO
12282,20,1053,65370.45,Uber,CARD,Singapore,Tablet,2026-05-14T09:32:42.000+05:30,YES,9,NO,5,YES
12360,29,1048,93207.21,Petrol Pump,UPI,USA,Tablet,2026-05-06T00:12:15.000+05:30,YES,0,YES,5,YES
12619,84,1120,68649.46,Flipkart,UPI,Singapore,Tablet,2026-05-04T20:21:56.000+05:30,YES,20,NO,5,YES
12622,85,1127,83639.83,Walmart,CARD,Germany,Tablet,2026-05-18T08:54:16.000+05:30,YES,8,NO,5,YES
12779,95,1125,10442.13,Nike,NET BANKING,India,Tablet,2026-05-18T04:01:17.000+05:30,NO,4,YES,5,NO
12803,69,1196,15078.04,Swiggy,NET BANKING,USA,ATM,2026-05-05T10:45:25.000+05:30,NO,10,NO,5,YES
12829,5,1171,70935.75,Uber,ATM WITHDRAWAL,Germany,Laptop,2026-05-12T05:56:06.000+05:30,YES,5,YES,5,YES
13337,33,1016,19533.82,Uber,CARD,UK,Mobile,2026-04-19T00:12:13.000+05:30,NO,0,YES,4,YES
13902,89,1033,15121.73,Netflix,UPI,UK,ATM,2026-04-29T03:58:26.000+05:30,NO,3,YES,4,YES
13929,84,1045,62410.27,Walmart,CARD,Singapore,Laptop,2026-05-01T10:01:35.000+05:30,YES,10,NO,5,YES
14012,41,1176,64758.75,Flipkart,CARD,Germany,Tablet,2026-04-29T03:45:12.000+05:30,YES,3,YES,4,YES
14020,75,1060,89071.28,Amazon,ATM WITHDRAWAL,India,Tablet,2026-04-30T05:44:15.000+05:30,YES,5,YES,4,NO
14191,93,1183,40773.52,Petrol Pump,NET BANKING,USA,Tablet,2026-04-21T19:22:56.000+05:30,NO,19,NO,4,YES
14338,68,1141,28092.75,Flipkart,CARD,UK,Mobile,2026-05-17T08:51:48.000+05:30,NO,8,NO,5,YES
14744,49,1012,60787.3,Swiggy,UPI,UK,ATM,2026-04-20T00:40:56.000+05:30,YES,0,YES,4,YES
15058,76,1103,75608.75,Netflix,NET BANKING,Germany,Mobile,2026-05-10T13:20:59.000+05:30,YES,13,NO,5,YES
15626,8,1167,97919.46,Netflix,NET BANKING,Germany,Mobile,2026-04-22T14:50:04.000+05:30,YES,14,NO,4,YES
16823,16,1060,11528.45,Apple Store,NET BANKING,UK,Laptop,2026-05-17T05:02:23.000+05:30,NO,5,YES,5,YES
16895,36,1085,79436.31,Walmart,CARD,Germany,Laptop,2026-04-25T14:15:47.000+05:30,YES,14,NO,4,YES
16904,11,1074,60390.32,Netflix,CARD,UK,Mobile,2026-05-13T19:56:37.000+05:30,YES,19,NO,5,YES
17160,47,1039,53661.81,Apple Store,CARD,India,Laptop,2026-05-10T11:35:40.000+05:30,YES,11,NO,5,NO
17226,80,1040,77704.95,Zomato,UPI,Germany,Tablet,2026-05-13T04:14:08.000+05:30,YES,4,YES,5,YES
17425,27,1087,52497.62,Swiggy,NET BANKING,USA,Tablet,2026-05-15T01:56:50.000+05:30,YES,1,YES,5,YES
17554,93,1028,28377.41,Swiggy,UPI,UK,Laptop,2026-05-17T04:41:19.000+05:30,NO,4,YES,5,YES
18318,3,1073,56945.05,Flipkart,UPI,USA,ATM,2026-04-22T07:16:48.000+05:30,YES,7,NO,4,YES
18324,19,1095,21175.03,Amazon,UPI,India,ATM,2026-05-05T00:53:21.000+05:30,NO,0,YES,5,NO
18446,88,1200,7764.83,Zomato,CARD,UK,Laptop,2026-04-29T10:44:18.000+05:30,NO,10,NO,4,YES
18530,66,1158,27279.96,Uber,UPI,Germany,Laptop,2026-05-06T03:06:36.000+05:30,NO,3,YES,5,YES
18692,73,1032,53874.06,Petrol Pump,UPI,Germany,Laptop,2026-04-22T19:44:40.000+05:30,YES,19,NO,4,YES
18934,72,1102,45288.1,Walmart,ATM WITHDRAWAL,Germany,Mobile,2026-05-03T22:43:46.000+05:30,NO,22,NO,5,YES
19082,46,1048,22055.08,Petrol Pump,NET BANKING,USA,Mobile,2026-04-18T21:53:03.000+05:30,NO,21,NO,4,YES
19116,16,1002,44786.42,Walmart,NET BANKING,UK,ATM,2026-04-27T09:14:07.000+05:30,NO,9,NO,4,YES
19229,27,1085,95317.03,Zomato,NET BANKING,India,Mobile,2026-05-09T01:15:45.000+05:30,YES,1,YES,5,NO
19242,54,1005,56332.21,Nike,NET BANKING,India,Tablet,2026-04-28T22:03:47.000+05:30,YES,22,NO,4,NO
19643,63,1144,97006.92,Nike,ATM WITHDRAWAL,Germany,Tablet,2026-05-03T19:03:29.000+05:30,YES,19,NO,5,YES
10286,79,1156,56536.75,Zomato,CARD,Singapore,ATM,2026-05-11T06:43:45.000+05:30,YES,6,NO,5,YES
10760,90,1077,59779.78,Amazon,CARD,Singapore,ATM,2026-05-05T05:01:50.000+05:30,YES,5,YES,5,YES
10909,26,1132,23591.61,Nike,UPI,Singapore,Tablet,2026-04-20T00:53:11.000+05:30,NO,0,YES,4,YES
11048,29,1191,25209.26,Uber,CARD,Germany,Tablet,2026-04-23T14:23:51.000+05:30,NO,14,NO,4,YES
11073,97,1149,17687.43,Amazon,UPI,Singapore,Mobile,2026-05-08T09:52:02.000+05:30,NO,9,NO,5,YES
11149,33,1108,65614.87,Walmart,NET BANKING,UK,Tablet,2026-05-11T23:59:27.000+05:30,YES,23,NO,5,YES
11686,72,1162,20688.71,Petrol Pump,CARD,India,Mobile,2026-04-27T03:51:49.000+05:30,NO,3,YES,4,NO
11893,13,1071,27222.98,Amazon,UPI,India,ATM,2026-05-16T00:19:27.000+05:30,NO,0,YES,5,NO
12033,8,1093,7288.07,Swiggy,CARD,Singapore,ATM,2026-04-22T12:00:46.000+05:30,NO,12,NO,4,YES
12041,3,1112,8461.53,Walmart,CARD,India,Tablet,2026-04-25T04:37:08.000+05:30,NO,4,YES,4,NO
12166,14,1089,44773.24,Amazon,CARD,Germany,Mobile,2026-05-18T13:57:05.000+05:30,NO,13,NO,5,YES
12351,69,1094,28376.61,Flipkart,ATM WITHDRAWAL,Germany,Mobile,2026-05-13T11:56:28.000+05:30,NO,11,NO,5,YES
12609,3,1088,54390.27,Walmart,ATM WITHDRAWAL,USA,Mobile,2026-05-17T06:32:01.000+05:30,YES,6,NO,5,YES
13036,36,1121,98476.65,Swiggy,NET BANKING,India,Mobile,2026-04-23T21:02:42.000+05:30,YES,21,NO,4,NO
13266,1,1140,6850.87,Apple Store,UPI,Singapore,ATM,2026-05-02T10:20:18.000+05:30,NO,10,NO,5,YES
13296,2,1187,22075.93,Walmart,UPI,UK,Tablet,2026-05-03T12:45:02.000+05:30,NO,12,NO,5,YES
13344,33,1171,3146.85,Flipkart,UPI,Singapore,Laptop,2026-04-19T12:05:55.000+05:30,NO,12,NO,4,YES
13496,89,1077,91791.4,Uber,UPI,UK,Laptop,2026-04-29T07:59:53.000+05:30,YES,7,NO,4,YES
13569,5,1167,1907.99,Uber,CARD,Germany,Mobile,2026-04-22T15:03:55.000+05:30,NO,15,NO,4,YES
13613,83,1162,30573.34,Nike,ATM WITHDRAWAL,USA,Laptop,2026-05-18T12:21:32.000+05:30,NO,12,NO,5,YES
13649,38,1164,11094.09,Uber,CARD,Singapore,Mobile,2026-05-07T17:12:31.000+05:30,NO,17,NO,5,YES
15094,15,1001,93768.69,Petrol Pump,CARD,USA,ATM,2026-04-23T13:03:18.000+05:30,YES,13,NO,4,YES
15243,15,1106,75819.6,Flipkart,ATM WITHDRAWAL,Singapore,ATM,2026-04-29T05:14:46.000+05:30,YES,5,YES,4,YES
15468,23,1031,7773.86,Swiggy,NET BANKING,Singapore,Mobile,2026-04-27T10:26:05.000+05:30,NO,10,NO,4,YES
15771,55,1195,43518.33,Flipkart,CARD,Germany,Laptop,2026-05-05T13:04:12.000+05:30,NO,13,NO,5,YES
15782,63,1156,22013.36,Swiggy,CARD,Germany,ATM,2026-05-17T23:15:24.000+05:30,NO,23,NO,5,YES
15809,34,1024,85747.88,Uber,CARD,Germany,Tablet,2026-05-06T18:59:03.000+05:30,YES,18,NO,5,YES
16081,13,1187,70955.67,Swiggy,NET BANKING,Germany,Tablet,2026-05-17T18:16:44.000+05:30,YES,18,NO,5,YES
16304,14,1192,72611.71,Zomato,CARD,Germany,ATM,2026-05-06T12:45:52.000+05:30,YES,12,NO,5,YES
16726,17,1189,44195.38,Zomato,UPI,Singapore,Laptop,2026-05-02T17:48:54.000+05:30,NO,17,NO,5,YES
17896,46,1178,89818.82,Apple Store,UPI,Germany,Tablet,2026-05-11T13:24:41.000+05:30,YES,13,NO,5,YES
18088,54,1195,71692.64,Netflix,ATM WITHDRAWAL,USA,ATM,2026-05-14T05:44:19.000+05:30,YES,5,YES,5,YES
18161,25,1125,21611.88,Walmart,CARD,USA,ATM,2026-05-09T02:30:38.000+05:30,NO,2,YES,5,YES
18221,69,1106,80980.02,Petrol Pump,NET BANKING,India,Tablet,2026-04-28T02:01:29.000+05:30,YES,2,YES,4,NO
18614,82,1040,52075.56,Swiggy,UPI,USA,Mobile,2026-05-10T01:22:31.000+05:30,YES,1,YES,5,YES
18823,90,1200,46391.86,Uber,UPI,Singapore,Tablet,2026-05-06T16:11:17.000+05:30,NO,16,NO,5,YES
19760,44,1031,60841.4,Nike,NET BANKING,Germany,Mobile,2026-05-02T11:30:09.000+05:30,YES,11,NO,5,YES
10054,88,1001,75762.85,Amazon,ATM WITHDRAWAL,Germany,Tablet,2026-05-09T17:56:13.000+05:30,YES,17,NO,5,YES
10410,99,1111,45344.41,Walmart,NET BANKING,UK,Laptop,2026-05-03T22:50:56.000+05:30,NO,22,NO,5,YES
10425,2,1126,26841.31,Petrol Pump,UPI,UK,Laptop,2026-05-17T20:13:20.000+05:30,NO,20,NO,5,YES
10488,78,1165,6218.12,Uber,CARD,UK,ATM,2026-04-28T05:37:02.000+05:30,NO,5,YES,4,YES
10540,38,1193,49947.1,Apple Store,ATM WITHDRAWAL,Germany,Laptop,2026-05-04T03:48:35.000+05:30,NO,3,YES,5,YES
10628,3,1062,72411.52,Swiggy,UPI,USA,Mobile,2026-05-04T04:43:54.000+05:30,YES,4,YES,5,YES
10723,49,1177,56802.4,Walmart,CARD,India,Laptop,2026-04-29T00:11:24.000+05:30,YES,0,YES,4,NO
10927,28,1004,36274.95,Walmart,ATM WITHDRAWAL,USA,ATM,2026-04-25T12:01:21.000+05:30,NO,12,NO,4,YES
11000,14,1138,45936.64,Netflix,CARD,USA,ATM,2026-05-18T03:03:34.000+05:30,NO,3,YES,5,YES
11043,63,1113,13694.91,Petrol Pump,CARD,Singapore,Tablet,2026-04-20T02:59:02.000+05:30,NO,2,YES,4,YES
11746,55,1045,43794.87,Uber,ATM WITHDRAWAL,USA,Mobile,2026-05-03T22:58:57.000+05:30,NO,22,NO,5,YES
12211,70,1056,86367.77,Walmart,CARD,India,Mobile,2026-05-03T18:03:18.000+05:30,YES,18,NO,5,NO
12222,30,1013,78429.82,Nike,CARD,UK,Tablet,2026-05-07T17:01:06.000+05:30,YES,17,NO,5,YES
13259,11,1115,75506.45,Apple Store,NET BANKING,India,Mobile,2026-05-07T03:10:04.000+05:30,YES,3,YES,5,NO
13327,98,1096,87144.05,Walmart,NET BANKING,Germany,ATM,2026-04-27T01:49:33.000+05:30,YES,1,YES,4,YES
13829,46,1115,59515.57,Swiggy,ATM WITHDRAWAL,Singapore,Mobile,2026-05-09T16:47:37.000+05:30,YES,16,NO,5,YES
13930,26,1015,71803.59,Netflix,ATM WITHDRAWAL,India,Laptop,2026-04-19T06:14:16.000+05:30,YES,6,NO,4,NO
13932,7,1109,57306.19,Nike,NET BANKING,Germany,ATM,2026-04-25T14:45:04.000+05:30,YES,14,NO,4,YES
13987,22,1055,87430.67,Swiggy,NET BANKING,USA,Mobile,2026-05-11T23:09:11.000+05:30,YES,23,NO,5,YES
14043,89,1042,1552.9,Flipkart,CARD,USA,Mobile,2026-05-05T08:54:41.000+05:30,NO,8,NO,5,YES
14256,73,1142,1683.43,Apple Store,NET BANKING,Germany,Laptop,2026-04-29T03:51:40.000+05:30,NO,3,YES,4,YES
14997,47,1073,99507.81,Petrol Pump,NET BANKING,UK,Mobile,2026-04-22T09:31:31.000+05:30,YES,9,NO,4,YES
15132,65,1132,33445.69,Apple Store,ATM WITHDRAWAL,UK,Mobile,2026-04-20T19:28:10.000+05:30,NO,19,NO,4,YES
15679,35,1097,36108.01,Zomato,ATM WITHDRAWAL,Singapore,Mobile,2026-05-06T01:38:21.000+05:30,NO,1,YES,5,YES
15696,29,1066,6860.72,Petrol Pump,ATM WITHDRAWAL,USA,Mobile,2026-05-03T21:27:40.000+05:30,NO,21,NO,5,YES
15975,57,1039,11145.66,Walmart,ATM WITHDRAWAL,Singapore,Tablet,2026-05-17T18:26:28.000+05:30,NO,18,NO,5,YES
16350,8,1165,53530.52,Nike,NET BANKING,UK,Tablet,2026-05-10T19:44:51.000+05:30,YES,19,NO,5,YES
16683,35,1149,84762.47,Nike,CARD,USA,Tablet,2026-05-09T16:56:06.000+05:30,YES,16,NO,5,YES
16706,93,1154,37544.97,Uber,ATM WITHDRAWAL,UK,ATM,2026-04-26T09:22:19.000+05:30,NO,9,NO,4,YES
16761,57,1062,30689.27,Netflix,ATM WITHDRAWAL,USA,Mobile,2026-05-01T02:58:19.000+05:30,NO,2,YES,5,YES
17014,83,1165,71634.6,Amazon,NET BANKING,India,Laptop,2026-05-03T03:18:26.000+05:30,YES,3,YES,5,NO
17037,32,1186,51274.75,Amazon,UPI,UK,Tablet,2026-04-30T00:21:43.000+05:30,YES,0,YES,4,YES
17237,86,1106,83605.38,Uber,ATM WITHDRAWAL,UK,ATM,2026-04-21T12:39:57.000+05:30,YES,12,NO,4,YES
17491,21,1033,84447.51,Walmart,ATM WITHDRAWAL,USA,Laptop,2026-04-24T05:45:47.000+05:30,YES,5,YES,4,YES
18516,32,1022,81332.73,Amazon,NET BANKING,India,Laptop,2026-05-13T01:52:34.000+05:30,YES,1,YES,5,NO
18652,64,1076,31235.82,Amazon,UPI,USA,Laptop,2026-04-25T10:03:46.000+05:30,NO,10,NO,4,YES
18749,76,1003,78450.09,Flipkart,CARD,UK,Mobile,2026-05-07T08:10:21.000+05:30,YES,8,NO,5,YES
18789,77,1049,8783.91,Nike,CARD,USA,ATM,2026-05-11T00:30:19.000+05:30,NO,0,YES,5,YES
18905,92,1012,46280.54,Amazon,CARD,Germany,Laptop,2026-04-22T13:44:18.000+05:30,NO,13,NO,4,YES
19079,49,1153,10186.0,Flipkart,CARD,Germany,Tablet,2026-05-03T09:45:42.000+05:30,NO,9,NO,5,YES
19218,39,1014,52229.92,Swiggy,ATM WITHDRAWAL,USA,Tablet,2026-04-25T08:03:32.000+05:30,YES,8,NO,4,YES
19353,69,1027,41571.41,Amazon,UPI,USA,Tablet,2026-05-02T12:51:57.000+05:30,NO,12,NO,5,YES
10126,45,1155,71208.55,Petrol Pump,ATM WITHDRAWAL,Singapore,Laptop,2026-04-18T18:46:35.000+05:30,YES,18,NO,4,YES
10435,27,1018,72889.05,Uber,ATM WITHDRAWAL,UK,Tablet,2026-05-02T10:38:26.000+05:30,YES,10,NO,5,YES
10580,81,1185,84972.99,Petrol Pump,NET BANKING,Germany,ATM,2026-04-28T09:17:46.000+05:30,YES,9,NO,4,YES
10857,28,1194,2682.74,Zomato,CARD,Singapore,Mobile,2026-05-03T05:15:39.000+05:30,NO,5,YES,5,YES
10903,76,1047,77068.74,Swiggy,UPI,Singapore,Laptop,2026-04-20T15:34:33.000+05:30,YES,15,NO,4,YES
11136,84,1105,80140.76,Swiggy,ATM WITHDRAWAL,India,Tablet,2026-04-25T13:01:52.000+05:30,YES,13,NO,4,NO
11448,74,1040,3435.89,Walmart,UPI,Singapore,Mobile,2026-05-10T07:08:01.000+05:30,NO,7,NO,5,YES
11947,29,1006,64924.79,Flipkart,CARD,USA,Mobile,2026-05-13T18:36:09.000+05:30,YES,18,NO,5,YES
11970,85,1146,7171.21,Swiggy,NET BANKING,USA,Tablet,2026-05-06T13:38:18.000+05:30,NO,13,NO,5,YES
12513,18,1066,8329.48,Flipkart,ATM WITHDRAWAL,Germany,Tablet,2026-04-21T11:40:56.000+05:30,NO,11,NO,4,YES
12958,52,1173,87445.75,Netflix,UPI,Singapore,Mobile,2026-05-15T05:22:45.000+05:30,YES,5,YES,5,YES
13107,14,1016,42913.8,Nike,ATM WITHDRAWAL,Singapore,Mobile,2026-05-04T19:01:42.000+05:30,NO,19,NO,5,YES
13967,78,1009,57169.01,Petrol Pump,UPI,UK,Mobile,2026-05-05T10:09:45.000+05:30,YES,10,NO,5,YES
14553,67,1081,87151.28,Nike,ATM WITHDRAWAL,Singapore,Mobile,2026-05-03T17:39:47.000+05:30,YES,17,NO,5,YES
15549,3,1050,21488.07,Walmart,ATM WITHDRAWAL,UK,Laptop,2026-05-14T05:30:43.000+05:30,NO,5,YES,5,YES
15660,29,1150,71165.65,Nike,CARD,Singapore,Tablet,2026-05-02T06:05:56.000+05:30,YES,6,NO,5,YES
15695,67,1040,74501.21,Swiggy,UPI,USA,Tablet,2026-05-17T00:06:27.000+05:30,YES,0,YES,5,YES
15899,14,1015,28652.83,Petrol Pump,ATM WITHDRAWAL,Germany,Mobile,2026-05-17T06:26:10.000+05:30,NO,6,NO,5,YES
16058,62,1054,39726.88,Uber,CARD,Germany,Mobile,2026-05-08T18:44:24.000+05:30,NO,18,NO,5,YES
16355,22,1140,32146.74,Uber,CARD,UK,Tablet,2026-04-25T15:28:01.000+05:30,NO,15,NO,4,YES
16796,31,1161,33736.85,Petrol Pump,CARD,UK,Laptop,2026-05-10T20:00:00.000+05:30,NO,20,NO,5,YES
16812,59,1146,58690.16,Petrol Pump,NET BANKING,India,ATM,2026-04-21T04:27:01.000+05:30,YES,4,YES,4,NO
16877,31,1192,41038.62,Swiggy,UPI,UK,Laptop,2026-04-28T07:16:14.000+05:30,NO,7,NO,4,YES
16932,26,1020,34373.29,Swiggy,NET BANKING,UK,Tablet,2026-04-20T04:51:43.000+05:30,NO,4,YES,4,YES
17083,83,1035,92592.79,Netflix,UPI,India,Laptop,2026-05-03T23:43:43.000+05:30,YES,23,NO,5,NO
17156,22,1120,25309.87,Nike,CARD,Singapore,Laptop,2026-04-27T15:30:45.000+05:30,NO,15,NO,4,YES
17299,29,1012,26615.29,Walmart,CARD,USA,Tablet,2026-05-02T18:52:04.000+05:30,NO,18,NO,5,YES
17351,24,1042,85895.86,Swiggy,CARD,Singapore,Mobile,2026-04-20T07:54:56.000+05:30,YES,7,NO,4,YES
18204,99,1008,64221.57,Swiggy,CARD,Singapore,ATM,2026-05-15T02:09:31.000+05:30,YES,2,YES,5,YES
18396,29,1148,86735.95,Walmart,CARD,Singapore,Mobile,2026-05-09T02:58:59.000+05:30,YES,2,YES,5,YES
18469,86,1010,23494.08,Swiggy,NET BANKING,UK,ATM,2026-04-26T14:33:31.000+05:30,NO,14,NO,4,YES
18561,67,1075,28875.52,Zomato,ATM WITHDRAWAL,Germany,ATM,2026-05-14T19:38:37.000+05:30,NO,19,NO,5,YES
18930,49,1040,61195.01,Apple Store,ATM WITHDRAWAL,Germany,ATM,2026-05-01T08:47:18.000+05:30,YES,8,NO,5,YES
18940,72,1047,72110.34,Apple Store,CARD,UK,Tablet,2026-05-01T01:56:12.000+05:30,YES,1,YES,5,YES
18973,97,1123,24604.78,Nike,NET BANKING,USA,Mobile,2026-04-25T17:10:13.000+05:30,NO,17,NO,4,YES
19234,21,1041,44095.14,Netflix,NET BANKING,Germany,Tablet,2026-04-29T22:24:31.000+05:30,NO,22,NO,4,YES
19678,10,1044,2391.08,Flipkart,UPI,UK,Mobile,2026-04-21T00:15:44.000+05:30,NO,0,YES,4,YES
19961,22,1037,34153.05,Netflix,CARD,UK,Mobile,2026-04-28T06:34:05.000+05:30,NO,6,NO,4,YES
10241,25,1162,27281.18,Petrol Pump,CARD,Singapore,Mobile,2026-05-14T12:02:14.000+05:30,NO,12,NO,5,YES
11346,47,1189,33512.58,Apple Store,UPI,Singapore,Mobile,2026-05-14T06:46:57.000+05:30,NO,6,NO,5,YES
11380,81,1175,3790.16,Apple Store,CARD,India,Mobile,2026-04-23T01:35:45.000+05:30,NO,1,YES,4,NO
11633,96,1074,11444.78,Zomato,ATM WITHDRAWAL,India,Mobile,2026-04-22T03:48:20.000+05:30,NO,3,YES,4,NO
11677,62,1138,77709.21,Apple Store,ATM WITHDRAWAL,India,ATM,2026-05-15T10:36:33.000+05:30,YES,10,NO,5,NO
12500,85,1096,6355.35,Zomato,ATM WITHDRAWAL,Singapore,Tablet,2026-05-12T21:59:10.000+05:30,NO,21,NO,5,YES
12550,81,1168,79016.68,Zomato,CARD,USA,ATM,2026-04-30T20:31:36.000+05:30,YES,20,NO,4,YES
12563,21,1178,55469.45,Zomato,CARD,UK,Mobile,2026-04-26T05:58:46.000+05:30,YES,5,YES,4,YES
12905,86,1087,30472.31,Zomato,UPI,Singapore,ATM,2026-05-16T19:54:26.000+05:30,NO,19,NO,5,YES
12910,5,1198,57750.43,Nike,NET BANKING,USA,Tablet,2026-04-21T18:42:27.000+05:30,YES,18,NO,4,YES
12972,7,1008,17698.46,Netflix,UPI,UK,Mobile,2026-04-22T12:16:54.000+05:30,NO,12,NO,4,YES
13086,83,1030,51996.37,Zomato,UPI,India,Tablet,2026-05-06T12:07:09.000+05:30,YES,12,NO,5,NO
13093,93,1037,82337.26,Swiggy,CARD,Singapore,Laptop,2026-05-07T21:52:44.000+05:30,YES,21,NO,5,YES
13553,20,1032,561.42,Uber,NET BANKING,USA,Mobile,2026-05-14T21:32:28.000+05:30,NO,21,NO,5,YES
13824,20,1120,10329.11,Amazon,NET BANKING,USA,Laptop,2026-05-04T06:02:40.000+05:30,NO,6,NO,5,YES
14342,40,1185,10222.7,Flipkart,UPI,USA,ATM,2026-04-20T10:31:44.000+05:30,NO,10,NO,4,YES
14989,41,1143,74128.29,Walmart,ATM WITHDRAWAL,Singapore,ATM,2026-05-17T01:08:32.000+05:30,YES,1,YES,5,YES
15128,55,1005,50886.45,Nike,CARD,USA,ATM,2026-05-12T04:21:45.000+05:30,YES,4,YES,5,YES
17078,38,1183,40551.9,Walmart,UPI,Singapore,Mobile,2026-05-02T15:22:16.000+05:30,NO,15,NO,5,YES
17358,36,1054,59976.94,Apple Store,CARD,UK,Laptop,2026-05-15T22:40:35.000+05:30,YES,22,NO,5,YES
17791,42,1107,96149.48,Apple Store,ATM WITHDRAWAL,USA,Laptop,2026-05-02T15:53:58.000+05:30,YES,15,NO,5,YES
17830,83,1017,28236.37,Amazon,ATM WITHDRAWAL,Germany,Mobile,2026-05-03T14:39:46.000+05:30,NO,14,NO,5,YES
18275,79,1182,47424.89,Zomato,CARD,Germany,ATM,2026-05-16T19:32:15.000+05:30,NO,19,NO,5,YES
18436,62,1167,51876.21,Nike,ATM WITHDRAWAL,Singapore,Mobile,2026-04-28T21:05:00.000+05:30,YES,21,NO,4,YES
18496,49,1057,11424.33,Nike,ATM WITHDRAWAL,USA,Tablet,2026-05-01T17:58:30.000+05:30,NO,17,NO,5,YES
18508,5,1198,23233.21,Walmart,UPI,UK,Tablet,2026-05-06T16:43:48.000+05:30,NO,16,NO,5,YES
18556,62,1012,84657.35,Uber,CARD,India,Mobile,2026-05-06T05:33:55.000+05:30,YES,5,YES,5,NO
18742,81,1145,50216.79,Zomato,CARD,Singapore,ATM,2026-04-22T12:31:27.000+05:30,YES,12,NO,4,YES
19206,28,1135,46766.96,Petrol Pump,CARD,India,Mobile,2026-05-11T01:41:37.000+05:30,NO,1,YES,5,NO
19507,21,1019,86463.13,Swiggy,ATM WITHDRAWAL,Germany,ATM,2026-05-18T07:10:31.000+05:30,YES,7,NO,5,YES
19567,30,1089,14713.2,Nike,UPI,USA,Tablet,2026-05-04T00:15:08.000+05:30,NO,0,YES,5,YES
19942,85,1112,68736.44,Petrol Pump,UPI,UK,ATM,2026-05-08T14:40:13.000+05:30,YES,14,NO,5,YES
10721,79,1086,69884.31,Uber,NET BANKING,Germany,ATM,2026-04-28T09:22:38.000+05:30,YES,9,NO,4,YES
11228,84,1044,91227.62,Walmart,NET BANKING,USA,Laptop,2026-04-27T18:32:58.000+05:30,YES,18,NO,4,YES
11487,51,1098,85818.33,Nike,NET BANKING,USA,Mobile,2026-04-29T09:52:50.000+05:30,YES,9,NO,4,YES
11721,22,1003,99713.42,Nike,UPI,India,Laptop,2026-05-13T00:54:52.000+05:30,YES,0,YES,5,NO
11996,14,1006,72030.53,Apple Store,ATM WITHDRAWAL,India,ATM,2026-05-04T16:33:36.000+05:30,YES,16,NO,5,NO
12184,34,1069,50863.63,Apple Store,CARD,India,ATM,2026-04-21T01:48:24.000+05:30,YES,1,YES,4,NO
12514,71,1106,72644.91,Walmart,ATM WITHDRAWAL,India,Mobile,2026-04-19T15:18:29.000+05:30,YES,15,NO,4,NO
12707,30,1130,14301.43,Zomato,ATM WITHDRAWAL,India,Tablet,2026-05-02T02:38:41.000+05:30,NO,2,YES,5,NO
12867,68,1056,34499.88,Apple Store,NET BANKING,UK,Mobile,2026-05-09T23:37:19.000+05:30,NO,23,NO,5,YES
13057,23,1091,84371.31,Netflix,ATM WITHDRAWAL,Germany,Tablet,2026-04-24T11:26:32.000+05:30,YES,11,NO,4,YES
13255,68,1097,59752.73,Walmart,ATM WITHDRAWAL,Singapore,Tablet,2026-05-07T15:03:15.000+05:30,YES,15,NO,5,YES
13386,51,1042,28226.23,Flipkart,NET BANKING,USA,Mobile,2026-05-08T22:37:08.000+05:30,NO,22,NO,5,YES
13421,39,1168,5778.17,Apple Store,ATM WITHDRAWAL,Singapore,Laptop,2026-04-20T14:26:30.000+05:30,NO,14,NO,4,YES
13601,36,1171,88666.8,Uber,ATM WITHDRAWAL,USA,Tablet,2026-05-11T16:15:37.000+05:30,YES,16,NO,5,YES
13808,21,1072,75720.73,Nike,UPI,India,ATM,2026-05-17T08:24:52.000+05:30,YES,8,NO,5,NO
13818,34,1059,46879.14,Zomato,ATM WITHDRAWAL,Germany,Mobile,2026-05-07T02:17:39.000+05:30,NO,2,YES,5,YES
14018,99,1073,67995.1,Uber,ATM WITHDRAWAL,Germany,ATM,2026-05-06T05:32:30.000+05:30,YES,5,YES,5,YES
14340,3,1054,75447.97,Uber,NET BANKING,USA,ATM,2026-04-23T15:57:37.000+05:30,YES,15,NO,4,YES
14416,82,1125,66150.9,Flipkart,NET BANKING,Singapore,Laptop,2026-05-13T07:22:14.000+05:30,YES,7,NO,5,YES
14528,33,1169,11988.79,Petrol Pump,NET BANKING,Singapore,Laptop,2026-04-21T17:25:13.000+05:30,NO,17,NO,4,YES
14816,36,1127,86454.67,Flipkart,CARD,India,ATM,2026-04-27T13:51:14.000+05:30,YES,13,NO,4,NO
14970,81,1158,87957.55,Petrol Pump,NET BANKING,USA,Tablet,2026-05-04T02:12:20.000+05:30,YES,2,YES,5,YES
15064,30,1185,43215.05,Zomato,UPI,Germany,Laptop,2026-05-15T08:34:34.000+05:30,NO,8,NO,5,YES
15263,90,1150,95379.88,Swiggy,UPI,UK,Tablet,2026-04-24T20:12:43.000+05:30,YES,20,NO,4,YES
15293,5,1200,34556.51,Swiggy,ATM WITHDRAWAL,UK,Laptop,2026-05-03T07:43:07.000+05:30,NO,7,NO,5,YES
15655,82,1170,61777.54,Zomato,NET BANKING,India,ATM,2026-05-13T09:28:00.000+05:30,YES,9,NO,5,NO
15793,2,1044,70771.86,Netflix,UPI,India,Laptop,2026-05-05T18:18:24.000+05:30,YES,18,NO,5,NO
16084,58,1014,20926.75,Flipkart,CARD,USA,Tablet,2026-05-06T14:15:55.000+05:30,NO,14,NO,5,YES
16101,63,1104,93998.57,Swiggy,NET BANKING,Germany,Mobile,2026-05-15T05:14:52.000+05:30,YES,5,YES,5,YES
16141,19,1060,80429.3,Flipkart,ATM WITHDRAWAL,India,Tablet,2026-05-02T17:00:44.000+05:30,YES,17,NO,5,NO
16177,12,1139,37168.56,Zomato,ATM WITHDRAWAL,Germany,Laptop,2026-05-03T12:38:25.000+05:30,NO,12,NO,5,YES
16434,34,1097,79939.96,Uber,ATM WITHDRAWAL,USA,Mobile,2026-05-12T17:41:58.000+05:30,YES,17,NO,5,YES
16502,86,1141,36678.59,Apple Store,ATM WITHDRAWAL,Singapore,Tablet,2026-05-01T05:34:50.000+05:30,NO,5,YES,5,YES
17098,70,1045,14503.78,Amazon,ATM WITHDRAWAL,Singapore,Laptop,2026-05-11T03:16:17.000+05:30,NO,3,YES,5,YES
17542,97,1090,52967.82,Apple Store,ATM WITHDRAWAL,USA,Laptop,2026-04-26T16:08:11.000+05:30,YES,16,NO,4,YES
17764,55,1019,89042.85,Amazon,ATM WITHDRAWAL,UK,ATM,2026-04-28T12:19:14.000+05:30,YES,12,NO,4,YES
18242,41,1184,91036.65,Netflix,NET BANKING,UK,ATM,2026-04-20T13:15:41.000+05:30,YES,13,NO,4,YES
18368,84,1152,8352.84,Netflix,CARD,USA,Tablet,2026-04-19T09:45:27.000+05:30,NO,9,NO,4,YES
18502,23,1075,23915.93,Netflix,UPI,UK,Laptop,2026-05-15T21:44:45.000+05:30,NO,21,NO,5,YES
18731,40,1097,26449.79,Nike,CARD,USA,ATM,2026-05-03T05:56:47.000+05:30,NO,5,YES,5,YES
18758,61,1122,72888.46,Uber,ATM WITHDRAWAL,Singapore,Tablet,2026-04-19T00:19:37.000+05:30,YES,0,YES,4,YES
18779,93,1067,86054.63,Netflix,UPI,India,Mobile,2026-04-22T12:26:47.000+05:30,YES,12,NO,4,NO
18986,30,1020,84918.35,Swiggy,UPI,India,Laptop,2026-05-15T07:06:14.000+05:30,YES,7,NO,5,NO
19545,96,1018,76857.08,Netflix,NET BANKING,India,Tablet,2026-04-27T03:56:07.000+05:30,YES,3,YES,4,NO
19558,39,1144,29072.91,Swiggy,ATM WITHDRAWAL,USA,Laptop,2026-05-16T23:56:18.000+05:30,NO,23,NO,5,YES
10664,33,1160,32542.3,Amazon,CARD,UK,Laptop,2026-05-12T23:39:43.000+05:30,NO,23,NO,5,YES
11482,84,1172,96318.39,Uber,CARD,Singapore,ATM,2026-05-06T17:42:39.000+05:30,YES,17,NO,5,YES
12417,16,1033,75989.52,Flipkart,CARD,India,Tablet,2026-04-18T22:59:33.000+05:30,YES,22,NO,4,NO
12487,98,1089,65404.58,Petrol Pump,CARD,Germany,Mobile,2026-05-13T19:17:30.000+05:30,YES,19,NO,5,YES
12591,28,1160,11002.58,Uber,UPI,USA,Laptop,2026-04-25T20:21:40.000+05:30,NO,20,NO,4,YES
12908,9,1094,80767.43,Amazon,UPI,USA,Mobile,2026-05-03T10:57:15.000+05:30,YES,10,NO,5,YES
13127,21,1183,68745.24,Amazon,NET BANKING,Singapore,Mobile,2026-05-11T22:43:53.000+05:30,YES,22,NO,5,YES
13302,56,1163,7174.87,Petrol Pump,UPI,USA,Mobile,2026-04-22T15:02:32.000+05:30,NO,15,NO,4,YES
13835,64,1148,85400.91,Zomato,CARD,India,Tablet,2026-05-18T00:50:32.000+05:30,YES,0,YES,5,NO
14508,23,1193,45256.54,Nike,CARD,USA,Mobile,2026-05-08T10:23:06.000+05:30,NO,10,NO,5,YES
15601,40,1116,62422.69,Walmart,NET BANKING,Germany,Tablet,2026-05-02T11:26:07.000+05:30,YES,11,NO,5,YES
15907,59,1197,19677.81,Flipkart,NET BANKING,Germany,Laptop,2026-05-14T06:50:01.000+05:30,NO,6,NO,5,YES
16029,73,1089,86848.7,Netflix,UPI,Germany,ATM,2026-05-03T06:03:31.000+05:30,YES,6,NO,5,YES
16197,3,1014,72044.38,Uber,UPI,UK,Mobile,2026-04-19T14:25:00.000+05:30,YES,14,NO,4,YES
16504,67,1150,2690.29,Netflix,CARD,Singapore,Mobile,2026-05-11T08:40:31.000+05:30,NO,8,NO,5,YES
16867,93,1109,38084.82,Uber,ATM WITHDRAWAL,Singapore,Mobile,2026-04-25T04:59:15.000+05:30,NO,4,YES,4,YES
17055,38,1067,51188.2,Nike,ATM WITHDRAWAL,India,ATM,2026-04-28T08:09:03.000+05:30,YES,8,NO,4,NO
17224,37,1087,45050.71,Nike,UPI,UK,ATM,2026-05-06T22:44:46.000+05:30,NO,22,NO,5,YES
17269,13,1149,48680.68,Flipkart,UPI,USA,ATM,2026-04-25T06:10:51.000+05:30,NO,6,NO,4,YES
17316,100,1128,1459.9,Amazon,UPI,UK,ATM,2026-05-08T09:42:51.000+05:30,NO,9,NO,5,YES
17731,66,1119,86624.84,Walmart,ATM WITHDRAWAL,USA,Tablet,2026-05-02T15:12:30.000+05:30,YES,15,NO,5,YES
18491,4,1074,90990.14,Apple Store,ATM WITHDRAWAL,USA,Tablet,2026-05-05T15:09:51.000+05:30,YES,15,NO,5,YES
18987,21,1083,67930.57,Flipkart,UPI,Singapore,ATM,2026-05-09T12:53:57.000+05:30,YES,12,NO,5,YES
19071,98,1126,54705.96,Nike,NET BANKING,India,ATM,2026-05-04T08:08:12.000+05:30,YES,8,NO,5,NO
19501,87,1030,7813.95,Uber,ATM WITHDRAWAL,Germany,ATM,2026-05-15T21:40:55.000+05:30,NO,21,NO,5,YES
19840,8,1192,64147.89,Flipkart,NET BANKING,Singapore,Mobile,2026-05-10T21:11:44.000+05:30,YES,21,NO,5,YES
19982,10,1071,31811.05,Flipkart,UPI,USA,Laptop,2026-05-05T08:42:15.000+05:30,NO,8,NO,5,YES
10240,68,1037,47694.17,Flipkart,UPI,UK,Mobile,2026-04-24T16:25:24.000+05:30,NO,16,NO,4,YES
10301,77,1084,29287.51,Flipkart,UPI,Germany,Tablet,2026-04-21T16:49:35.000+05:30,NO,16,NO,4,YES
10326,50,1095,7471.08,Zomato,CARD,Germany,Laptop,2026-05-06T11:12:42.000+05:30,NO,11,NO,5,YES
10498,33,1097,86161.46,Swiggy,ATM WITHDRAWAL,UK,Tablet,2026-04-20T04:58:20.000+05:30,YES,4,YES,4,YES
10881,11,1041,7435.0,Amazon,UPI,Germany,Tablet,2026-04-22T20:57:13.000+05:30,NO,20,NO,4,YES
10906,62,1004,50322.44,Zomato,CARD,India,Laptop,2026-04-28T11:35:41.000+05:30,YES,11,NO,4,NO
10922,70,1068,71595.57,Apple Store,CARD,Singapore,Tablet,2026-05-11T08:07:32.000+05:30,YES,8,NO,5,YES
10995,38,1145,60976.17,Nike,UPI,UK,ATM,2026-04-20T16:56:01.000+05:30,YES,16,NO,4,YES
11002,88,1030,70334.66,Nike,ATM WITHDRAWAL,India,Tablet,2026-05-01T22:00:09.000+05:30,YES,22,NO,5,NO
11123,7,1048,82880.75,Zomato,NET BANKING,India,Tablet,2026-04-23T10:47:17.000+05:30,YES,10,NO,4,NO
11410,86,1112,8040.85,Walmart,NET BANKING,USA,ATM,2026-04-22T00:53:38.000+05:30,NO,0,YES,4,YES
11423,63,1060,2535.16,Amazon,UPI,Singapore,Tablet,2026-05-13T17:55:00.000+05:30,NO,17,NO,5,YES
11537,65,1112,79038.24,Zomato,NET BANKING,Germany,Tablet,2026-05-12T18:43:34.000+05:30,YES,18,NO,5,YES
11664,13,1140,86683.38,Netflix,UPI,Germany,ATM,2026-05-06T17:36:41.000+05:30,YES,17,NO,5,YES
12015,45,1008,52448.26,Walmart,CARD,India,Mobile,2026-05-08T20:41:05.000+05:30,YES,20,NO,5,NO
12314,23,1171,58420.44,Flipkart,CARD,India,Tablet,2026-05-07T03:21:34.000+05:30,YES,3,YES,5,NO
12617,34,1035,65159.39,Walmart,ATM WITHDRAWAL,Singapore,ATM,2026-05-01T23:43:34.000+05:30,YES,23,NO,5,YES
12696,31,1162,46763.45,Netflix,ATM WITHDRAWAL,USA,Mobile,2026-04-26T17:21:11.000+05:30,NO,17,NO,4,YES
12991,95,1098,61046.54,Flipkart,CARD,UK,Mobile,2026-05-04T02:47:21.000+05:30,YES,2,YES,5,YES
13150,59,1196,81487.66,Zomato,UPI,UK,Tablet,2026-04-26T04:37:06.000+05:30,YES,4,YES,4,YES
13223,86,1112,26418.37,Walmart,CARD,UK,Tablet,2026-04-25T03:02:24.000+05:30,NO,3,YES,4,YES
13303,21,1055,82440.59,Flipkart,ATM WITHDRAWAL,USA,Mobile,2026-04-22T15:48:28.000+05:30,YES,15,NO,4,YES
13447,77,1067,71378.63,Netflix,NET BANKING,Germany,Mobile,2026-05-12T20:52:09.000+05:30,YES,20,NO,5,YES
13582,100,1108,63401.32,Walmart,CARD,USA,Laptop,2026-05-06T16:47:56.000+05:30,YES,16,NO,5,YES
13748,35,1104,62901.51,Walmart,UPI,Germany,Tablet,2026-04-25T01:49:42.000+05:30,YES,1,YES,4,YES
13786,32,1144,64700.39,Zomato,ATM WITHDRAWAL,USA,Laptop,2026-05-10T23:44:00.000+05:30,YES,23,NO,5,YES
13834,49,1046,64608.51,Petrol Pump,NET BANKING,India,Laptop,2026-05-03T22:38:51.000+05:30,YES,22,NO,5,NO
14182,41,1075,55574.28,Amazon,CARD,Singapore,ATM,2026-05-06T01:43:12.000+05:30,YES,1,YES,5,YES
14283,14,1176,59748.37,Nike,NET BANKING,USA,Mobile,2026-05-06T12:14:45.000+05:30,YES,12,NO,5,YES
14288,87,1075,11505.67,Netflix,ATM WITHDRAWAL,UK,Tablet,2026-04-25T19:23:16.000+05:30,NO,19,NO,4,YES
14337,33,1039,78901.83,Walmart,UPI,Germany,Tablet,2026-05-11T13:59:32.000+05:30,YES,13,NO,5,YES
14371,53,1138,35797.44,Netflix,ATM WITHDRAWAL,Singapore,Tablet,2026-05-10T11:15:41.000+05:30,NO,11,NO,5,YES
14517,9,1027,17035.0,Walmart,CARD,UK,Laptop,2026-05-03T04:49:35.000+05:30,NO,4,YES,5,YES
14947,20,1186,69470.68,Petrol Pump,CARD,USA,Laptop,2026-04-20T17:19:57.000+05:30,YES,17,NO,4,YES
15354,38,1038,65901.03,Zomato,ATM WITHDRAWAL,UK,ATM,2026-05-09T03:59:30.000+05:30,YES,3,YES,5,YES
15676,39,1192,6576.1,Walmart,CARD,Germany,Tablet,2026-05-10T08:35:56.000+05:30,NO,8,NO,5,YES
16317,17,1018,13564.91,Flipkart,NET BANKING,UK,ATM,2026-05-05T07:02:48.000+05:30,NO,7,NO,5,YES
16376,84,1168,67340.56,Zomato,UPI,Germany,Mobile,2026-05-16T21:41:36.000+05:30,YES,21,NO,5,YES
16388,53,1068,54329.58,Netflix,ATM WITHDRAWAL,USA,Mobile,2026-04-21T12:04:48.000+05:30,YES,12,NO,4,YES
16634,19,1100,96145.49,Uber,UPI,UK,Laptop,2026-04-24T00:44:48.000+05:30,YES,0,YES,4,YES
16729,61,1101,91815.73,Petrol Pump,ATM WITHDRAWAL,Singapore,Mobile,2026-04-24T13:35:31.000+05:30,YES,13,NO,4,YES
16768,27,1142,24126.35,Walmart,CARD,Singapore,ATM,2026-04-30T03:26:36.000+05:30,NO,3,YES,4,YES
17040,81,1103,11698.71,Uber,CARD,UK,ATM,2026-04-28T15:05:11.000+05:30,NO,15,NO,4,YES
17296,81,1164,11170.13,Flipkart,UPI,USA,ATM,2026-04-28T13:31:07.000+05:30,NO,13,NO,4,YES
17380,99,1165,97677.39,Nike,NET BANKING,Germany,Mobile,2026-05-08T00:54:11.000+05:30,YES,0,YES,5,YES
17551,21,1166,63187.92,Walmart,CARD,UK,ATM,2026-04-27T11:11:03.000+05:30,YES,11,NO,4,YES
18392,74,1089,54799.85,Amazon,UPI,Germany,Mobile,2026-05-13T17:54:41.000+05:30,YES,17,NO,5,YES
18708,98,1177,46860.47,Swiggy,NET BANKING,UK,Tablet,2026-05-15T14:07:11.000+05:30,NO,14,NO,5,YES
19002,95,1151,66222.07,Flipkart,UPI,Germany,Tablet,2026-05-18T03:55:07.000+05:30,YES,3,YES,5,YES
19009,42,1095,89579.24,Walmart,ATM WITHDRAWAL,USA,ATM,2026-04-24T06:49:43.000+05:30,YES,6,NO,4,YES
19279,41,1089,23455.11,Petrol Pump,NET BANKING,USA,ATM,2026-04-25T06:51:11.000+05:30,NO,6,NO,4,YES
19431,25,1139,73972.53,Flipkart,ATM WITHDRAWAL,India,Mobile,2026-05-10T04:31:46.000+05:30,YES,4,YES,5,NO
19447,78,1053,55868.32,Walmart,NET BANKING,India,ATM,2026-05-08T06:27:57.000+05:30,YES,6,NO,5,NO
19493,72,1148,37151.15,Walmart,NET BANKING,USA,Mobile,2026-05-15T19:42:25.000+05:30,NO,19,NO,5,YES
19634,19,1142,50027.11,Petrol Pump,UPI,Germany,ATM,2026-05-09T09:50:36.000+05:30,YES,9,NO,5,YES
19842,50,1083,71807.99,Apple Store,UPI,UK,Mobile,2026-05-16T00:38:00.000+05:30,YES,0,YES,5,YES
19139,22,1075,78386.38,Uber,NET BANKING,India,ATM,2026-05-08T23:30:12.000+05:30,YES,23,NO,5,NO
10104,49,1029,6807.51,Flipkart,UPI,Singapore,Mobile,2026-05-12T18:54:08.000+05:30,NO,18,NO,5,YES
10317,36,1181,60749.98,Swiggy,NET BANKING,India,Tablet,2026-04-30T06:49:33.000+05:30,YES,6,NO,4,NO
10360,24,1194,80412.57,Flipkart,NET BANKING,USA,ATM,2026-04-19T23:38:24.000+05:30,YES,23,NO,4,YES
10612,90,1022,20085.9,Petrol Pump,UPI,UK,Mobile,2026-05-04T18:12:35.000+05:30,NO,18,NO,5,YES
10624,20,1043,35353.28,Amazon,ATM WITHDRAWAL,Germany,Mobile,2026-05-14T00:05:41.000+05:30,NO,0,YES,5,YES
10658,24,1142,85793.12,Nike,ATM WITHDRAWAL,UK,Tablet,2026-04-22T19:07:50.000+05:30,YES,19,NO,4,YES
10808,27,1089,40475.0,Uber,UPI,Germany,Tablet,2026-05-04T08:01:40.000+05:30,NO,8,NO,5,YES
11383,76,1113,82348.99,Swiggy,ATM WITHDRAWAL,UK,Tablet,2026-04-27T00:12:51.000+05:30,YES,0,YES,4,YES
11404,69,1083,75569.35,Swiggy,ATM WITHDRAWAL,Singapore,Laptop,2026-05-13T19:17:21.000+05:30,YES,19,NO,5,YES
11604,41,1164,57098.66,Walmart,CARD,Singapore,Tablet,2026-04-25T21:36:37.000+05:30,YES,21,NO,4,YES
12076,56,1102,62858.87,Apple Store,NET BANKING,India,Mobile,2026-05-05T21:41:53.000+05:30,YES,21,NO,5,NO
12144,73,1109,38819.14,Zomato,UPI,Singapore,ATM,2026-04-30T13:48:00.000+05:30,NO,13,NO,4,YES
12504,32,1081,49168.55,Flipkart,NET BANKING,UK,ATM,2026-04-22T10:48:56.000+05:30,NO,10,NO,4,YES
12943,13,1131,99425.77,Flipkart,NET BANKING,Singapore,Mobile,2026-05-15T04:01:55.000+05:30,YES,4,YES,5,YES
13075,1,1017,94920.33,Flipkart,CARD,India,ATM,2026-05-17T18:50:05.000+05:30,YES,18,NO,5,NO
13687,78,1009,58498.9,Swiggy,UPI,India,Tablet,2026-05-17T23:13:20.000+05:30,YES,23,NO,5,NO
13999,11,1021,63902.06,Apple Store,ATM WITHDRAWAL,USA,ATM,2026-05-15T16:28:32.000+05:30,YES,16,NO,5,YES
14756,66,1054,7254.06,Netflix,UPI,USA,Mobile,2026-05-13T12:16:36.000+05:30,NO,12,NO,5,YES
15367,85,1182,53732.66,Walmart,ATM WITHDRAWAL,UK,ATM,2026-05-16T04:12:53.000+05:30,YES,4,YES,5,YES
15453,4,1122,16069.76,Netflix,UPI,Germany,Laptop,2026-05-11T07:06:24.000+05:30,NO,7,NO,5,YES
15690,98,1110,65379.25,Nike,ATM WITHDRAWAL,Germany,Tablet,2026-05-03T17:38:36.000+05:30,YES,17,NO,5,YES
17077,34,1111,85446.12,Apple Store,ATM WITHDRAWAL,Germany,Mobile,2026-04-22T11:25:46.000+05:30,YES,11,NO,4,YES
17342,41,1015,70339.18,Flipkart,CARD,USA,Tablet,2026-05-07T21:36:59.000+05:30,YES,21,NO,5,YES
17552,67,1011,15531.41,Petrol Pump,ATM WITHDRAWAL,UK,ATM,2026-05-07T05:17:39.000+05:30,NO,5,YES,5,YES
17794,31,1037,10434.37,Uber,UPI,USA,Mobile,2026-05-13T04:39:59.000+05:30,NO,4,YES,5,YES
17874,8,1164,9954.91,Nike,ATM WITHDRAWAL,USA,Tablet,2026-04-26T11:17:48.000+05:30,NO,11,NO,4,YES
18342,87,1031,95528.15,Zomato,NET BANKING,Germany,Mobile,2026-05-09T22:35:32.000+05:30,YES,22,NO,5,YES
18472,20,1074,9930.25,Nike,ATM WITHDRAWAL,Germany,ATM,2026-05-12T11:13:25.000+05:30,NO,11,NO,5,YES
19152,67,1065,81138.87,Netflix,NET BANKING,Germany,Laptop,2026-05-11T17:53:53.000+05:30,YES,17,NO,5,YES
19203,46,1032,7870.52,Walmart,NET BANKING,Singapore,Mobile,2026-05-17T21:51:40.000+05:30,NO,21,NO,5,YES
19227,88,1187,60882.44,Amazon,ATM WITHDRAWAL,India,ATM,2026-05-06T04:59:19.000+05:30,YES,4,YES,5,NO
19515,10,1143,46628.25,Flipkart,ATM WITHDRAWAL,Singapore,ATM,2026-04-20T06:38:07.000+05:30,NO,6,NO,4,YES
19601,87,1150,34543.83,Apple Store,UPI,Singapore,Mobile,2026-04-20T06:22:25.000+05:30,NO,6,NO,4,YES
19836,48,1169,29542.17,Nike,UPI,USA,ATM,2026-05-07T02:28:17.000+05:30,NO,2,YES,5,YES
10157,83,1147,96828.74,Walmart,ATM WITHDRAWAL,Singapore,Laptop,2026-05-14T08:14:30.000+05:30,YES,8,NO,5,YES
10276,92,1054,16419.67,Netflix,ATM WITHDRAWAL,Germany,Tablet,2026-05-03T06:17:31.000+05:30,NO,6,NO,5,YES
10799,4,1087,38614.44,Apple Store,CARD,Singapore,Laptop,2026-04-21T21:31:33.000+05:30,NO,21,NO,4,YES
11060,22,1089,38105.74,Walmart,UPI,USA,Laptop,2026-04-25T04:32:12.000+05:30,NO,4,YES,4,YES
11231,23,1112,52852.2,Zomato,UPI,UK,Laptop,2026-05-10T10:30:53.000+05:30,YES,10,NO,5,YES
11296,57,1007,67719.06,Flipkart,CARD,India,Laptop,2026-05-08T07:27:24.000+05:30,YES,7,NO,5,NO
11348,67,1181,14931.52,Netflix,UPI,UK,Laptop,2026-05-17T22:31:56.000+05:30,NO,22,NO,5,YES
12114,16,1139,2101.85,Nike,CARD,UK,Mobile,2026-05-11T21:53:19.000+05:30,NO,21,NO,5,YES
12188,62,1126,57667.11,Zomato,NET BANKING,Singapore,Mobile,2026-05-13T15:17:46.000+05:30,YES,15,NO,5,YES
12263,26,1194,4902.5,Netflix,ATM WITHDRAWAL,Singapore,Laptop,2026-05-07T19:02:59.000+05:30,NO,19,NO,5,YES
12644,94,1107,63626.56,Petrol Pump,ATM WITHDRAWAL,India,ATM,2026-05-14T08:45:24.000+05:30,YES,8,NO,5,NO
13060,9,1100,16619.35,Petrol Pump,UPI,USA,Mobile,2026-05-17T03:54:27.000+05:30,NO,3,YES,5,YES
13592,5,1068,11680.49,Zomato,NET BANKING,USA,Mobile,2026-05-12T16:42:53.000+05:30,NO,16,NO,5,YES
13721,64,1074,93304.44,Petrol Pump,NET BANKING,Germany,Tablet,2026-05-10T01:45:58.000+05:30,YES,1,YES,5,YES
13927,27,1102,82473.76,Nike,CARD,UK,ATM,2026-04-28T09:12:09.000+05:30,YES,9,NO,4,YES
14019,58,1184,81288.87,Walmart,UPI,Germany,Tablet,2026-04-30T23:03:24.000+05:30,YES,23,NO,4,YES
14475,68,1150,39238.49,Swiggy,UPI,USA,ATM,2026-05-06T14:30:14.000+05:30,NO,14,NO,5,YES
14840,94,1123,39560.58,Netflix,ATM WITHDRAWAL,UK,Laptop,2026-04-26T16:59:36.000+05:30,NO,16,NO,4,YES
14981,20,1134,47059.42,Petrol Pump,NET BANKING,Singapore,Laptop,2026-04-21T20:24:17.000+05:30,NO,20,NO,4,YES
15057,58,1032,34564.44,Nike,ATM WITHDRAWAL,Singapore,Mobile,2026-04-23T03:00:03.000+05:30,NO,3,YES,4,YES
15190,11,1082,6348.38,Uber,NET BANKING,UK,Tablet,2026-05-06T15:44:59.000+05:30,NO,15,NO,5,YES
15410,82,1121,81417.73,Petrol Pump,CARD,India,Laptop,2026-05-10T15:27:03.000+05:30,YES,15,NO,5,NO
15428,38,1139,26850.81,Swiggy,NET BANKING,UK,Mobile,2026-04-28T22:02:28.000+05:30,NO,22,NO,4,YES
15445,46,1033,42132.32,Amazon,ATM WITHDRAWAL,USA,ATM,2026-05-05T08:06:29.000+05:30,NO,8,NO,5,YES
15646,49,1050,86639.34,Walmart,NET BANKING,Germany,Tablet,2026-04-25T12:29:49.000+05:30,YES,12,NO,4,YES
15773,85,1134,11837.96,Netflix,ATM WITHDRAWAL,Singapore,ATM,2026-05-07T15:05:46.000+05:30,NO,15,NO,5,YES
16049,53,1048,8945.39,Walmart,ATM WITHDRAWAL,UK,ATM,2026-05-05T18:04:47.000+05:30,NO,18,NO,5,YES
16534,41,1073,89347.76,Zomato,UPI,Germany,ATM,2026-04-21T14:08:55.000+05:30,YES,14,NO,4,YES
16967,5,1014,24670.99,Flipkart,CARD,Singapore,Mobile,2026-04-30T16:01:07.000+05:30,NO,16,NO,4,YES
17344,82,1097,5277.35,Walmart,UPI,Germany,Mobile,2026-05-17T14:32:19.000+05:30,NO,14,NO,5,YES
17736,70,1010,84892.15,Zomato,ATM WITHDRAWAL,India,Laptop,2026-05-05T09:45:35.000+05:30,YES,9,NO,5,NO
17871,19,1126,61270.76,Flipkart,ATM WITHDRAWAL,UK,Laptop,2026-04-26T19:02:23.000+05:30,YES,19,NO,4,YES
18389,64,1135,68372.55,Petrol Pump,ATM WITHDRAWAL,USA,Tablet,2026-04-29T01:06:17.000+05:30,YES,1,YES,4,YES
18483,13,1088,61317.47,Swiggy,UPI,USA,Mobile,2026-05-10T05:53:24.000+05:30,YES,5,YES,5,YES
18682,36,1076,54535.4,Zomato,CARD,Singapore,Laptop,2026-05-14T17:37:20.000+05:30,YES,17,NO,5,YES
18958,20,1163,82085.75,Uber,CARD,Germany,ATM,2026-04-27T02:18:18.000+05:30,YES,2,YES,4,YES
19233,4,1008,34970.2,Swiggy,NET BANKING,Singapore,Laptop,2026-05-06T09:14:49.000+05:30,NO,9,NO,5,YES
19438,3,1173,18235.4,Zomato,UPI,USA,Laptop,2026-04-23T13:01:42.000+05:30,NO,13,NO,4,YES
19590,96,1010,27567.64,Flipkart,CARD,Germany,Tablet,2026-05-02T06:04:23.000+05:30,NO,6,NO,5,YES
19818,54,1185,32694.88,Petrol Pump,NET BANKING,India,Tablet,2026-05-13T01:19:49.000+05:30,NO,1,YES,5,NO
19949,71,1123,72438.95,Walmart,NET BANKING,Germany,Laptop,2026-05-07T10:17:06.000+05:30,YES,10,NO,5,YES
10001,6,1122,9579.62,Netflix,CARD,Singapore,ATM,2026-05-07T14:37:56.000+05:30,NO,14,NO,5,YES
10223,94,1074,24509.07,Zomato,CARD,Singapore,Tablet,2026-04-26T12:54:01.000+05:30,NO,12,NO,4,YES
10487,66,1113,73726.35,Nike,ATM WITHDRAWAL,Germany,Tablet,2026-05-06T00:42:01.000+05:30,YES,0,YES,5,YES
11185,3,1192,23423.26,Petrol Pump,ATM WITHDRAWAL,Germany,Laptop,2026-04-26T03:17:57.000+05:30,NO,3,YES,4,YES
11407,10,1079,28344.0,Flipkart,ATM WITHDRAWAL,UK,Tablet,2026-04-21T03:44:38.000+05:30,NO,3,YES,4,YES
11656,41,1065,54410.33,Flipkart,NET BANKING,India,ATM,2026-05-18T07:18:48.000+05:30,YES,7,NO,5,NO
11864,43,1186,68003.19,Apple Store,ATM WITHDRAWAL,UK,ATM,2026-04-26T07:40:53.000+05:30,YES,7,NO,4,YES
12040,15,1015,48808.16,Nike,CARD,UK,ATM,2026-04-22T23:34:26.000+05:30,NO,23,NO,4,YES
12361,30,1106,43542.22,Flipkart,CARD,Germany,ATM,2026-04-27T10:20:23.000+05:30,NO,10,NO,4,YES
12748,43,1027,51913.95,Apple Store,CARD,UK,Mobile,2026-05-10T03:41:45.000+05:30,YES,3,YES,5,YES
13154,30,1194,32521.15,Flipkart,NET BANKING,India,ATM,2026-04-22T03:25:00.000+05:30,NO,3,YES,4,NO
13514,98,1168,16229.48,Netflix,UPI,Singapore,ATM,2026-05-17T23:22:43.000+05:30,NO,23,NO,5,YES
13545,26,1057,79716.64,Netflix,ATM WITHDRAWAL,India,Mobile,2026-05-17T23:23:31.000+05:30,YES,23,NO,5,NO
13554,84,1082,21125.39,Swiggy,UPI,USA,ATM,2026-05-02T22:34:13.000+05:30,NO,22,NO,5,YES
13888,42,1004,83998.44,Flipkart,UPI,Germany,Mobile,2026-05-11T20:43:29.000+05:30,YES,20,NO,5,YES
13896,12,1185,18126.01,Zomato,NET BANKING,Germany,ATM,2026-05-01T09:01:23.000+05:30,NO,9,NO,5,YES
13903,48,1010,6280.61,Apple Store,ATM WITHDRAWAL,Singapore,Tablet,2026-05-14T10:33:11.000+05:30,NO,10,NO,5,YES
14073,39,1076,98474.54,Apple Store,ATM WITHDRAWAL,India,Tablet,2026-04-24T17:28:20.000+05:30,YES,17,NO,4,NO
14249,57,1016,67848.22,Amazon,UPI,Singapore,Tablet,2026-05-05T10:09:02.000+05:30,YES,10,NO,5,YES
14680,35,1136,37199.82,Uber,NET BANKING,Singapore,ATM,2026-05-05T00:11:13.000+05:30,NO,0,YES,5,YES
14737,50,1063,31875.26,Swiggy,CARD,UK,Tablet,2026-05-15T04:31:19.000+05:30,NO,4,YES,5,YES
14751,18,1106,98827.46,Petrol Pump,CARD,India,Tablet,2026-04-30T06:59:36.000+05:30,YES,6,NO,4,NO
14769,40,1084,50459.5,Nike,NET BANKING,USA,Laptop,2026-05-06T05:19:00.000+05:30,YES,5,YES,5,YES
14913,65,1126,93291.67,Walmart,ATM WITHDRAWAL,USA,ATM,2026-05-04T02:49:59.000+05:30,YES,2,YES,5,YES
15456,39,1092,18517.38,Netflix,CARD,UK,Laptop,2026-05-18T07:03:23.000+05:30,NO,7,NO,5,YES
15785,79,1122,58170.19,Apple Store,ATM WITHDRAWAL,Germany,ATM,2026-05-05T23:27:24.000+05:30,YES,23,NO,5,YES
15969,50,1082,14808.34,Uber,CARD,UK,Laptop,2026-04-29T21:04:20.000+05:30,NO,21,NO,4,YES
16260,67,1117,51965.77,Swiggy,UPI,Germany,Laptop,2026-04-27T18:26:04.000+05:30,YES,18,NO,4,YES
16364,19,1021,61514.33,Flipkart,UPI,UK,Tablet,2026-05-13T09:33:06.000+05:30,YES,9,NO,5,YES
16457,53,1021,90023.16,Nike,CARD,Germany,ATM,2026-05-18T04:10:32.000+05:30,YES,4,YES,5,YES
16521,58,1100,10807.83,Netflix,CARD,UK,Mobile,2026-04-30T11:58:04.000+05:30,NO,11,NO,4,YES
16688,73,1028,33492.32,Zomato,ATM WITHDRAWAL,USA,Mobile,2026-05-17T12:34:11.000+05:30,NO,12,NO,5,YES
17108,83,1014,85668.11,Uber,CARD,Germany,Mobile,2026-04-29T18:20:17.000+05:30,YES,18,NO,4,YES
17193,63,1128,58118.73,Petrol Pump,UPI,UK,Tablet,2026-04-22T06:25:27.000+05:30,YES,6,NO,4,YES
17277,83,1040,40969.13,Flipkart,ATM WITHDRAWAL,India,Mobile,2026-05-15T00:58:39.000+05:30,NO,0,YES,5,NO
17420,51,1195,87773.07,Apple Store,NET BANKING,Germany,Tablet,2026-04-30T11:08:26.000+05:30,YES,11,NO,4,YES
17450,41,1135,48664.06,Swiggy,UPI,Singapore,ATM,2026-05-08T00:46:03.000+05:30,NO,0,YES,5,YES
17469,83,1047,80444.84,Netflix,NET BANKING,Singapore,Laptop,2026-05-08T01:08:44.000+05:30,YES,1,YES,5,YES
17536,82,1156,77141.07,Zomato,NET BANKING,Singapore,Laptop,2026-05-10T17:39:02.000+05:30,YES,17,NO,5,YES
17852,42,1028,65974.15,Petrol Pump,NET BANKING,Germany,ATM,2026-05-07T16:42:20.000+05:30,YES,16,NO,5,YES
17944,85,1179,67880.88,Amazon,UPI,India,Tablet,2026-04-26T06:23:59.000+05:30,YES,6,NO,4,NO
18116,64,1082,140.06,Flipkart,NET BANKING,USA,Tablet,2026-05-06T01:04:06.000+05:30,NO,1,YES,5,YES
18584,37,1037,91233.22,Walmart,ATM WITHDRAWAL,USA,Laptop,2026-04-28T08:40:01.000+05:30,YES,8,NO,4,YES
18915,29,1017,57033.35,Nike,NET BANKING,UK,Laptop,2026-05-07T18:20:16.000+05:30,YES,18,NO,5,YES
19248,21,1153,68650.36,Amazon,ATM WITHDRAWAL,Singapore,Mobile,2026-05-15T22:27:01.000+05:30,YES,22,NO,5,YES
19292,90,1108,94373.7,Netflix,CARD,Germany,ATM,2026-05-14T16:11:41.000+05:30,YES,16,NO,5,YES
19458,93,1153,34655.26,Flipkart,NET BANKING,UK,Mobile,2026-05-09T14:24:02.000+05:30,NO,14,NO,5,YES
19461,81,1140,45169.68,Swiggy,UPI,Germany,Mobile,2026-04-30T10:02:02.000+05:30,NO,10,NO,4,YES
19526,44,1157,63008.04,Amazon,NET BANKING,Germany,Tablet,2026-04-19T02:52:54.000+05:30,YES,2,YES,4,YES
10122,17,1154,31297.01,Netflix,ATM WITHDRAWAL,Germany,ATM,2026-04-30T15:45:27.000+05:30,NO,15,NO,4,YES
10179,89,1148,61216.03,Walmart,ATM WITHDRAWAL,Germany,ATM,2026-05-13T06:30:12.000+05:30,YES,6,NO,5,YES
10581,48,1104,72173.83,Flipkart,UPI,Singapore,Mobile,2026-05-09T13:48:20.000+05:30,YES,13,NO,5,YES
10636,1,1071,80408.64,Netflix,ATM WITHDRAWAL,UK,Mobile,2026-05-10T07:06:23.000+05:30,YES,7,NO,5,YES
10650,35,1168,9013.99,Walmart,UPI,Germany,Laptop,2026-05-04T03:22:28.000+05:30,NO,3,YES,5,YES
10653,66,1083,87760.97,Swiggy,ATM WITHDRAWAL,Singapore,Tablet,2026-04-21T22:20:02.000+05:30,YES,22,NO,4,YES
10690,50,1120,67292.0,Netflix,CARD,Singapore,Laptop,2026-04-24T15:28:34.000+05:30,YES,15,NO,4,YES
10843,28,1049,88728.52,Amazon,ATM WITHDRAWAL,USA,ATM,2026-05-13T20:56:06.000+05:30,YES,20,NO,5,YES
11427,32,1115,58228.41,Flipkart,CARD,UK,ATM,2026-05-13T03:27:16.000+05:30,YES,3,YES,5,YES
11655,76,1008,10641.36,Netflix,NET BANKING,USA,Tablet,2026-05-10T07:36:40.000+05:30,NO,7,NO,5,YES
12300,56,1019,1613.37,Netflix,NET BANKING,UK,Mobile,2026-05-08T08:37:28.000+05:30,NO,8,NO,5,YES
12448,72,1123,3778.69,Netflix,CARD,Singapore,Laptop,2026-05-06T15:40:21.000+05:30,NO,15,NO,5,YES
12548,69,1121,56459.67,Amazon,CARD,UK,Tablet,2026-05-14T05:00:58.000+05:30,YES,5,YES,5,YES
12631,80,1124,75256.57,Walmart,ATM WITHDRAWAL,UK,ATM,2026-05-02T03:26:51.000+05:30,YES,3,YES,5,YES
12690,90,1198,42593.83,Apple Store,CARD,USA,Mobile,2026-05-14T11:01:24.000+05:30,NO,11,NO,5,YES
12777,91,1179,74756.27,Uber,UPI,India,ATM,2026-04-29T18:37:03.000+05:30,YES,18,NO,4,NO
12784,11,1113,8104.71,Petrol Pump,CARD,Singapore,ATM,2026-05-05T12:29:50.000+05:30,NO,12,NO,5,YES
12885,10,1018,36495.02,Petrol Pump,CARD,Germany,Tablet,2026-05-12T13:12:41.000+05:30,NO,13,NO,5,YES
12937,21,1135,37259.32,Amazon,CARD,UK,Tablet,2026-05-02T06:15:30.000+05:30,NO,6,NO,5,YES
13329,5,1131,90219.2,Petrol Pump,CARD,India,ATM,2026-05-01T08:55:06.000+05:30,YES,8,NO,5,NO
14402,68,1114,99719.49,Walmart,ATM WITHDRAWAL,Singapore,ATM,2026-04-25T00:34:29.000+05:30,YES,0,YES,4,YES
14776,70,1053,19070.88,Amazon,UPI,USA,Tablet,2026-04-25T04:20:25.000+05:30,NO,4,YES,4,YES
14797,82,1178,39809.37,Flipkart,ATM WITHDRAWAL,UK,ATM,2026-05-14T06:10:39.000+05:30,NO,6,NO,5,YES
15514,66,1095,91693.04,Swiggy,CARD,Singapore,Tablet,2026-05-08T03:30:18.000+05:30,YES,3,YES,5,YES
15945,20,1006,78744.38,Walmart,NET BANKING,Germany,Tablet,2026-05-01T07:09:48.000+05:30,YES,7,NO,5,YES
16313,22,1169,66020.24,Zomato,UPI,Singapore,Mobile,2026-05-15T13:40:06.000+05:30,YES,13,NO,5,YES
16315,26,1171,95706.84,Petrol Pump,UPI,Germany,ATM,2026-05-08T22:27:21.000+05:30,YES,22,NO,5,YES
16594,48,1003,93555.04,Flipkart,NET BANKING,Singapore,ATM,2026-05-02T02:51:38.000+05:30,YES,2,YES,5,YES
17368,40,1081,84829.65,Swiggy,UPI,Singapore,Tablet,2026-04-26T09:39:33.000+05:30,YES,9,NO,4,YES
17839,30,1132,30374.22,Apple Store,ATM WITHDRAWAL,Germany,Laptop,2026-05-07T04:27:45.000+05:30,NO,4,YES,5,YES
18049,7,1167,70539.68,Uber,UPI,USA,Laptop,2026-05-07T12:50:55.000+05:30,YES,12,NO,5,YES
18170,14,1200,837.76,Nike,NET BANKING,Singapore,Laptop,2026-04-19T02:49:55.000+05:30,NO,2,YES,4,YES
18417,57,1021,56250.48,Petrol Pump,UPI,Germany,Laptop,2026-05-06T18:15:15.000+05:30,YES,18,NO,5,YES
18978,29,1046,32356.96,Flipkart,UPI,USA,ATM,2026-04-22T07:38:13.000+05:30,NO,7,NO,4,YES
19745,78,1002,86988.19,Apple Store,NET BANKING,USA,Tablet,2026-05-05T20:59:04.000+05:30,YES,20,NO,5,YES
19858,68,1107,79021.77,Uber,CARD,Germany,Mobile,2026-05-04T09:04:35.000+05:30,YES,9,NO,5,YES
10047,17,1024,71592.44,Petrol Pump,ATM WITHDRAWAL,Germany,Laptop,2026-05-18T01:54:50.000+05:30,YES,1,YES,5,YES
10089,80,1185,97359.9,Netflix,UPI,USA,Mobile,2026-05-15T05:49:22.000+05:30,YES,5,YES,5,YES
10465,51,1071,42123.94,Nike,CARD,USA,Laptop,2026-04-19T02:00:33.000+05:30,NO,2,YES,4,YES
10466,55,1127,87375.53,Apple Store,CARD,Singapore,Tablet,2026-05-09T11:28:32.000+05:30,YES,11,NO,5,YES
10556,74,1165,59981.8,Nike,NET BANKING,Germany,Mobile,2026-05-17T14:02:06.000+05:30,YES,14,NO,5,YES
10728,39,1152,48143.23,Zomato,NET BANKING,India,Tablet,2026-05-08T04:55:17.000+05:30,NO,4,YES,5,NO
10956,89,1078,22979.4,Netflix,CARD,Germany,Laptop,2026-05-16T22:46:17.000+05:30,NO,22,NO,5,YES
11227,30,1065,66854.38,Netflix,NET BANKING,Germany,Mobile,2026-05-17T12:46:45.000+05:30,YES,12,NO,5,YES
11378,16,1099,8585.08,Amazon,CARD,USA,Laptop,2026-05-09T02:51:37.000+05:30,NO,2,YES,5,YES
11478,15,1185,89052.72,Zomato,ATM WITHDRAWAL,UK,Laptop,2026-04-20T06:08:17.000+05:30,YES,6,NO,4,YES
12298,92,1139,40768.89,Zomato,UPI,Singapore,ATM,2026-05-09T14:09:27.000+05:30,NO,14,NO,5,YES
13042,47,1005,63263.44,Flipkart,CARD,India,ATM,2026-05-03T05:21:10.000+05:30,YES,5,YES,5,NO
13063,82,1094,59869.36,Netflix,CARD,Singapore,ATM,2026-05-01T19:09:07.000+05:30,YES,19,NO,5,YES
13208,89,1184,83948.1,Walmart,UPI,India,ATM,2026-04-27T03:24:26.000+05:30,YES,3,YES,4,NO
13408,90,1198,47003.16,Netflix,NET BANKING,Singapore,Mobile,2026-05-05T21:11:41.000+05:30,NO,21,NO,5,YES
13502,20,1130,80858.71,Zomato,UPI,India,ATM,2026-05-10T18:21:37.000+05:30,YES,18,NO,5,NO
13666,2,1023,45655.75,Petrol Pump,CARD,Singapore,Mobile,2026-05-11T06:57:10.000+05:30,NO,6,NO,5,YES
13740,49,1040,90137.29,Flipkart,CARD,USA,ATM,2026-05-12T20:30:07.000+05:30,YES,20,NO,5,YES
13857,46,1105,69156.24,Nike,CARD,Singapore,ATM,2026-04-23T17:10:14.000+05:30,YES,17,NO,4,YES
14459,53,1178,95714.71,Apple Store,CARD,Germany,Mobile,2026-05-04T23:06:26.000+05:30,YES,23,NO,5,YES
14903,73,1079,24023.88,Petrol Pump,ATM WITHDRAWAL,Singapore,Mobile,2026-05-14T14:46:53.000+05:30,NO,14,NO,5,YES
15339,60,1091,47239.51,Flipkart,NET BANKING,Germany,Tablet,2026-05-13T05:54:57.000+05:30,NO,5,YES,5,YES
15649,89,1001,10542.45,Zomato,UPI,UK,Laptop,2026-04-30T23:33:36.000+05:30,NO,23,NO,4,YES
15839,55,1196,17192.03,Zomato,UPI,UK,Tablet,2026-04-19T05:53:25.000+05:30,NO,5,YES,4,YES
15843,1,1017,69871.48,Zomato,CARD,India,ATM,2026-04-29T17:09:48.000+05:30,YES,17,NO,4,NO
15951,48,1181,33732.22,Walmart,ATM WITHDRAWAL,USA,Tablet,2026-04-26T14:38:59.000+05:30,NO,14,NO,4,YES
17010,77,1066,58996.15,Uber,UPI,UK,Laptop,2026-04-28T02:29:35.000+05:30,YES,2,YES,4,YES
17175,65,1149,47494.39,Amazon,ATM WITHDRAWAL,USA,Mobile,2026-05-07T07:37:08.000+05:30,NO,7,NO,5,YES
17350,21,1153,2222.19,Swiggy,NET BANKING,UK,Tablet,2026-05-16T03:35:55.000+05:30,NO,3,YES,5,YES
17856,81,1157,61593.34,Walmart,UPI,USA,Mobile,2026-04-22T05:12:25.000+05:30,YES,5,YES,4,YES
17971,96,1078,66270.41,Walmart,NET BANKING,Singapore,ATM,2026-05-10T01:15:26.000+05:30,YES,1,YES,5,YES
18254,73,1075,8215.57,Netflix,UPI,USA,Laptop,2026-04-19T16:36:29.000+05:30,NO,16,NO,4,YES
18377,1,1186,67110.09,Netflix,CARD,India,Laptop,2026-05-08T07:19:56.000+05:30,YES,7,NO,5,NO
18402,61,1158,64969.34,Apple Store,NET BANKING,Singapore,Laptop,2026-05-06T18:15:19.000+05:30,YES,18,NO,5,YES
18730,97,1115,97271.56,Flipkart,ATM WITHDRAWAL,USA,ATM,2026-05-02T04:55:37.000+05:30,YES,4,YES,5,YES
19814,39,1036,29901.29,Flipkart,UPI,Germany,Tablet,2026-04-26T03:27:35.000+05:30,NO,3,YES,4,YES
19843,89,1044,56307.1,Netflix,UPI,USA,Laptop,2026-04-30T00:32:38.000+05:30,YES,0,YES,4,YES
19860,74,1179,79700.64,Nike,ATM WITHDRAWAL,UK,ATM,2026-04-28T12:28:07.000+05:30,YES,12,NO,4,YES
10262,26,1110,12918.83,Petrol Pump,UPI,UK,Tablet,2026-04-26T04:54:33.000+05:30,NO,4,YES,4,YES
10419,25,1172,29311.97,Flipkart,UPI,Singapore,ATM,2026-05-16T22:36:55.000+05:30,NO,22,NO,5,YES
10424,39,1200,87698.69,Zomato,UPI,Germany,ATM,2026-04-18T23:31:12.000+05:30,YES,23,NO,4,YES
10659,47,1072,66095.81,Nike,NET BANKING,Singapore,ATM,2026-04-23T11:14:56.000+05:30,YES,11,NO,4,YES
10720,83,1149,34842.58,Petrol Pump,ATM WITHDRAWAL,Singapore,Tablet,2026-04-20T10:52:55.000+05:30,NO,10,NO,4,YES
10811,53,1096,33374.32,Petrol Pump,UPI,Germany,Tablet,2026-04-30T15:37:50.000+05:30,NO,15,NO,4,YES
10943,80,1086,71306.64,Uber,NET BANKING,Germany,ATM,2026-05-01T12:36:16.000+05:30,YES,12,NO,5,YES
10951,32,1040,58935.45,Swiggy,NET BANKING,USA,Laptop,2026-04-25T08:53:20.000+05:30,YES,8,NO,4,YES
11114,80,1075,27270.8,Netflix,ATM WITHDRAWAL,UK,Tablet,2026-05-16T05:34:10.000+05:30,NO,5,YES,5,YES
11127,13,1013,6993.06,Petrol Pump,NET BANKING,Germany,Mobile,2026-04-24T02:10:51.000+05:30,NO,2,YES,4,YES
11150,6,1025,72234.65,Zomato,ATM WITHDRAWAL,Germany,Tablet,2026-05-07T16:10:22.000+05:30,YES,16,NO,5,YES
11393,57,1184,9902.18,Zomato,ATM WITHDRAWAL,Singapore,Laptop,2026-05-02T07:57:18.000+05:30,NO,7,NO,5,YES
11987,100,1007,4498.92,Swiggy,NET BANKING,Singapore,Laptop,2026-05-12T02:53:34.000+05:30,NO,2,YES,5,YES
12329,80,1165,50744.69,Swiggy,NET BANKING,UK,Laptop,2026-04-22T23:53:11.000+05:30,YES,23,NO,4,YES
12610,79,1069,38256.82,Apple Store,UPI,USA,Mobile,2026-05-17T21:53:37.000+05:30,NO,21,NO,5,YES
12804,9,1024,12143.64,Zomato,CARD,Singapore,Mobile,2026-05-02T04:00:44.000+05:30,NO,4,YES,5,YES
12878,31,1115,9263.77,Walmart,NET BANKING,Germany,ATM,2026-05-12T13:35:22.000+05:30,NO,13,NO,5,YES
13012,85,1086,95781.71,Flipkart,UPI,Singapore,Tablet,2026-04-22T16:25:44.000+05:30,YES,16,NO,4,YES
13129,98,1027,50875.88,Apple Store,ATM WITHDRAWAL,USA,ATM,2026-04-18T21:09:27.000+05:30,YES,21,NO,4,YES
13271,40,1051,89917.71,Petrol Pump,NET BANKING,USA,ATM,2026-04-25T00:58:54.000+05:30,YES,0,YES,4,YES
13489,21,1175,47315.81,Zomato,ATM WITHDRAWAL,UK,Tablet,2026-05-05T03:57:35.000+05:30,NO,3,YES,5,YES
13603,13,1022,99955.2,Amazon,UPI,India,Mobile,2026-04-24T02:00:43.000+05:30,YES,2,YES,4,NO
13663,75,1034,90251.74,Amazon,UPI,India,ATM,2026-05-05T02:52:43.000+05:30,YES,2,YES,5,NO
13894,17,1060,2145.41,Petrol Pump,ATM WITHDRAWAL,USA,Mobile,2026-05-10T02:35:40.000+05:30,NO,2,YES,5,YES
14103,41,1161,63789.28,Flipkart,CARD,USA,Laptop,2026-04-19T22:04:35.000+05:30,YES,22,NO,4,YES
14354,94,1115,56674.66,Uber,NET BANKING,USA,ATM,2026-04-28T13:49:41.000+05:30,YES,13,NO,4,YES
14995,5,1158,44229.86,Swiggy,UPI,UK,Laptop,2026-05-17T17:17:41.000+05:30,NO,17,NO,5,YES
15012,29,1187,87455.37,Zomato,ATM WITHDRAWAL,USA,ATM,2026-04-28T02:37:13.000+05:30,YES,2,YES,4,YES
15093,9,1069,80518.23,Petrol Pump,CARD,Singapore,Laptop,2026-05-02T15:28:10.000+05:30,YES,15,NO,5,YES
15102,2,1055,90738.23,Uber,CARD,Germany,Tablet,2026-05-03T22:11:08.000+05:30,YES,22,NO,5,YES
15289,62,1004,8251.32,Amazon,ATM WITHDRAWAL,USA,Laptop,2026-04-19T20:08:40.000+05:30,NO,20,NO,4,YES
15697,26,1107,89636.83,Flipkart,ATM WITHDRAWAL,India,Mobile,2026-04-19T09:03:35.000+05:30,YES,9,NO,4,NO
15731,86,1067,56183.26,Apple Store,ATM WITHDRAWAL,USA,ATM,2026-05-04T03:37:36.000+05:30,YES,3,YES,5,YES
16104,54,1059,94946.67,Netflix,CARD,USA,Mobile,2026-04-19T13:14:01.000+05:30,YES,13,NO,4,YES
16321,65,1003,15932.65,Apple Store,NET BANKING,UK,Mobile,2026-05-06T01:17:09.000+05:30,NO,1,YES,5,YES
17337,46,1040,6548.89,Amazon,ATM WITHDRAWAL,UK,ATM,2026-04-30T07:49:09.000+05:30,NO,7,NO,4,YES
17370,97,1053,94678.16,Nike,CARD,USA,Tablet,2026-05-11T00:09:13.000+05:30,YES,0,YES,5,YES
17956,9,1137,91107.53,Uber,CARD,USA,Tablet,2026-05-01T21:29:44.000+05:30,YES,21,NO,5,YES
18086,53,1133,50694.86,Apple Store,UPI,Germany,Mobile,2026-04-24T19:02:23.000+05:30,YES,19,NO,4,YES
18500,64,1059,61977.63,Apple Store,ATM WITHDRAWAL,India,Laptop,2026-04-29T11:34:52.000+05:30,YES,11,NO,4,NO
18638,7,1144,66529.41,Zomato,NET BANKING,India,ATM,2026-05-03T18:00:09.000+05:30,YES,18,NO,5,NO
19166,81,1146,20363.2,Apple Store,CARD,USA,Laptop,2026-04-23T10:54:58.000+05:30,NO,10,NO,4,YES
19257,60,1173,80268.92,Walmart,CARD,Singapore,Laptop,2026-04-27T05:17:55.000+05:30,YES,5,YES,4,YES
19560,72,1083,32858.57,Petrol Pump,CARD,Germany,Laptop,2026-04-26T10:45:11.000+05:30,NO,10,NO,4,YES
19931,61,1195,89642.57,Apple Store,UPI,Singapore,Mobile,2026-05-05T05:05:37.000+05:30,YES,5,YES,5,YES
10033,76,1094,92913.78,Amazon,CARD,India,ATM,2026-05-18T12:35:00.000+05:30,YES,12,NO,5,NO
10076,3,1026,59307.73,Amazon,UPI,USA,ATM,2026-05-06T12:42:52.000+05:30,YES,12,NO,5,YES
10098,24,1198,53034.79,Amazon,NET BANKING,UK,Mobile,2026-05-07T00:50:38.000+05:30,YES,0,YES,5,YES
10255,86,1075,9539.41,Amazon,ATM WITHDRAWAL,Germany,ATM,2026-04-29T21:51:18.000+05:30,NO,21,NO,4,YES
10448,24,1170,53711.61,Netflix,ATM WITHDRAWAL,Germany,Tablet,2026-05-11T15:41:32.000+05:30,YES,15,NO,5,YES
10688,42,1034,59944.03,Zomato,NET BANKING,USA,Laptop,2026-05-05T14:58:02.000+05:30,YES,14,NO,5,YES
10765,92,1089,39085.21,Flipkart,CARD,Germany,Mobile,2026-04-25T18:45:28.000+05:30,NO,18,NO,4,YES
10778,58,1074,47602.23,Swiggy,UPI,Singapore,ATM,2026-05-06T09:05:30.000+05:30,NO,9,NO,5,YES
10960,43,1096,16778.88,Swiggy,NET BANKING,Germany,ATM,2026-05-09T14:47:49.000+05:30,NO,14,NO,5,YES
11084,79,1113,19662.98,Flipkart,ATM WITHDRAWAL,Singapore,ATM,2026-05-11T11:16:18.000+05:30,NO,11,NO,5,YES
11336,98,1150,37597.51,Netflix,ATM WITHDRAWAL,Germany,Tablet,2026-04-27T14:18:27.000+05:30,NO,14,NO,4,YES
11409,81,1170,96171.2,Swiggy,UPI,Singapore,ATM,2026-05-10T16:47:58.000+05:30,YES,16,NO,5,YES
11974,10,1050,73790.12,Amazon,CARD,India,Laptop,2026-05-07T04:58:24.000+05:30,YES,4,YES,5,NO
12112,5,1005,27365.52,Zomato,ATM WITHDRAWAL,UK,ATM,2026-04-29T19:40:02.000+05:30,NO,19,NO,4,YES
12231,27,1059,21192.01,Walmart,CARD,UK,Tablet,2026-05-10T13:25:40.000+05:30,NO,13,NO,5,YES
12239,64,1171,310.71,Nike,UPI,Germany,ATM,2026-04-23T02:33:02.000+05:30,NO,2,YES,4,YES
12519,74,1160,19144.63,Nike,UPI,Singapore,Mobile,2026-05-17T02:10:48.000+05:30,NO,2,YES,5,YES
12611,1,1075,70112.85,Petrol Pump,NET BANKING,Germany,Tablet,2026-04-21T15:07:05.000+05:30,YES,15,NO,4,YES
12654,93,1157,88181.07,Petrol Pump,CARD,Germany,Laptop,2026-04-27T00:10:40.000+05:30,YES,0,YES,4,YES
12751,30,1111,59983.79,Apple Store,CARD,Singapore,Laptop,2026-05-13T04:32:18.000+05:30,YES,4,YES,5,YES
13325,77,1158,89988.19,Uber,NET BANKING,UK,Laptop,2026-05-16T18:01:48.000+05:30,YES,18,NO,5,YES
13358,93,1027,52818.47,Netflix,CARD,UK,Mobile,2026-04-27T13:08:37.000+05:30,YES,13,NO,4,YES
13393,22,1196,51400.89,Netflix,UPI,Germany,Tablet,2026-05-14T00:55:41.000+05:30,YES,0,YES,5,YES
14027,92,1061,96116.99,Swiggy,CARD,India,Mobile,2026-05-09T07:45:16.000+05:30,YES,7,NO,5,NO
15224,22,1127,78325.68,Nike,ATM WITHDRAWAL,India,Laptop,2026-05-04T07:39:04.000+05:30,YES,7,NO,5,NO
15790,61,1199,17309.45,Uber,ATM WITHDRAWAL,UK,Mobile,2026-04-24T07:06:11.000+05:30,NO,7,NO,4,YES
15821,50,1179,79831.01,Swiggy,CARD,India,Tablet,2026-04-21T20:37:37.000+05:30,YES,20,NO,4,NO
16289,34,1154,98150.87,Walmart,ATM WITHDRAWAL,Germany,Mobile,2026-05-07T00:45:37.000+05:30,YES,0,YES,5,YES
16344,68,1034,31306.69,Amazon,UPI,Germany,ATM,2026-05-16T11:38:37.000+05:30,NO,11,NO,5,YES
16420,4,1153,27737.61,Apple Store,CARD,Singapore,ATM,2026-04-23T05:36:18.000+05:30,NO,5,YES,4,YES
16624,3,1193,73857.02,Zomato,CARD,Germany,Mobile,2026-04-28T14:00:44.000+05:30,YES,14,NO,4,YES
16880,40,1056,54992.35,Nike,CARD,India,ATM,2026-05-09T21:24:02.000+05:30,YES,21,NO,5,NO
17133,62,1148,83668.54,Zomato,UPI,USA,Mobile,2026-05-05T15:45:54.000+05:30,YES,15,NO,5,YES
17171,75,1006,53018.01,Walmart,ATM WITHDRAWAL,India,Tablet,2026-04-25T19:12:46.000+05:30,YES,19,NO,4,NO
17424,59,1141,12741.17,Flipkart,UPI,Singapore,Tablet,2026-05-07T02:42:06.000+05:30,NO,2,YES,5,YES
17727,43,1056,58626.56,Zomato,CARD,USA,Mobile,2026-05-08T20:11:32.000+05:30,YES,20,NO,5,YES
18153,81,1096,5314.76,Zomato,CARD,UK,Mobile,2026-05-01T14:37:24.000+05:30,NO,14,NO,5,YES
18214,71,1077,81291.21,Uber,ATM WITHDRAWAL,USA,Tablet,2026-04-29T09:15:40.000+05:30,YES,9,NO,4,YES
18245,30,1192,95399.44,Amazon,CARD,UK,Laptop,2026-05-15T20:17:45.000+05:30,YES,20,NO,5,YES
18926,56,1072,65696.6,Amazon,CARD,India,Laptop,2026-04-21T09:50:57.000+05:30,YES,9,NO,4,NO
19113,60,1111,15941.49,Apple Store,ATM WITHDRAWAL,USA,Tablet,2026-05-06T13:23:46.000+05:30,NO,13,NO,5,YES
19330,64,1091,52300.83,Amazon,NET BANKING,India,Mobile,2026-04-30T04:49:22.000+05:30,YES,4,YES,4,NO
19694,83,1064,29461.06,Uber,UPI,Germany,Tablet,2026-04-29T02:44:08.000+05:30,NO,2,YES,4,YES
19837,36,1070,30837.58,Zomato,CARD,USA,Laptop,2026-04-30T04:47:30.000+05:30,NO,4,YES,4,YES
19975,25,1194,23392.23,Zomato,UPI,India,Mobile,2026-04-19T04:36:40.000+05:30,NO,4,YES,4,NO
10987,88,1016,40392.67,Apple Store,UPI,Germany,ATM,2026-05-09T04:57:03.000+05:30,NO,4,YES,5,YES
11049,80,1015,40352.88,Apple Store,CARD,UK,Mobile,2026-05-04T10:23:40.000+05:30,NO,10,NO,5,YES
11337,17,1104,10653.95,Walmart,CARD,Germany,Laptop,2026-05-03T06:13:13.000+05:30,NO,6,NO,5,YES
11438,56,1088,18502.82,Netflix,UPI,Germany,ATM,2026-05-01T21:23:36.000+05:30,NO,21,NO,5,YES
11618,4,1073,51920.25,Uber,UPI,USA,ATM,2026-04-21T23:55:23.000+05:30,YES,23,NO,4,YES
12607,57,1054,25199.85,Amazon,NET BANKING,UK,Laptop,2026-05-06T13:56:41.000+05:30,NO,13,NO,5,YES
12692,7,1023,51516.05,Netflix,CARD,Germany,Mobile,2026-04-29T14:56:48.000+05:30,YES,14,NO,4,YES
13141,63,1135,57113.28,Swiggy,ATM WITHDRAWAL,USA,Tablet,2026-04-24T17:47:56.000+05:30,YES,17,NO,4,YES
13211,45,1010,65045.41,Nike,CARD,UK,ATM,2026-05-06T07:21:58.000+05:30,YES,7,NO,5,YES
13410,94,1049,27945.82,Apple Store,ATM WITHDRAWAL,USA,ATM,2026-04-24T20:53:25.000+05:30,NO,20,NO,4,YES
13801,28,1040,30985.18,Amazon,ATM WITHDRAWAL,UK,Laptop,2026-04-29T06:22:39.000+05:30,NO,6,NO,4,YES
14464,89,1142,52508.77,Netflix,NET BANKING,India,Mobile,2026-05-06T05:31:44.000+05:30,YES,5,YES,5,NO
14777,47,1064,60876.29,Netflix,UPI,UK,ATM,2026-04-27T16:11:50.000+05:30,YES,16,NO,4,YES
14927,15,1127,76764.41,Uber,UPI,Germany,ATM,2026-05-14T23:10:22.000+05:30,YES,23,NO,5,YES
15080,16,1095,96452.6,Netflix,NET BANKING,Singapore,Tablet,2026-04-21T08:30:30.000+05:30,YES,8,NO,4,YES
15147,95,1172,96617.85,Flipkart,NET BANKING,India,Tablet,2026-04-26T04:46:35.000+05:30,YES,4,YES,4,NO
15431,43,1089,6010.33,Walmart,CARD,USA,Mobile,2026-05-01T23:41:10.000+05:30,NO,23,NO,5,YES
15853,15,1009,11084.38,Swiggy,NET BANKING,UK,Tablet,2026-05-03T06:34:52.000+05:30,NO,6,NO,5,YES
15889,89,1076,29218.79,Walmart,UPI,UK,ATM,2026-05-08T15:11:07.000+05:30,NO,15,NO,5,YES
16406,83,1071,23222.38,Zomato,NET BANKING,UK,Mobile,2026-05-15T07:42:54.000+05:30,NO,7,NO,5,YES
16846,88,1052,25053.84,Netflix,CARD,Singapore,Tablet,2026-04-25T02:00:41.000+05:30,NO,2,YES,4,YES
16956,51,1095,30829.19,Nike,NET BANKING,USA,Tablet,2026-04-23T15:36:56.000+05:30,NO,15,NO,4,YES
17190,39,1185,32182.49,Petrol Pump,NET BANKING,USA,Mobile,2026-05-17T22:12:01.000+05:30,NO,22,NO,5,YES
18410,29,1048,83417.09,Zomato,UPI,Singapore,Tablet,2026-05-17T12:54:10.000+05:30,YES,12,NO,5,YES
18664,8,1068,48780.65,Zomato,ATM WITHDRAWAL,USA,Tablet,2026-04-29T12:36:02.000+05:30,NO,12,NO,4,YES
19033,47,1199,30544.76,Uber,NET BANKING,USA,Laptop,2026-05-01T00:01:36.000+05:30,NO,0,YES,5,YES
19355,13,1059,77407.09,Zomato,UPI,USA,Mobile,2026-05-02T21:19:03.000+05:30,YES,21,NO,5,YES
19374,84,1174,34614.36,Uber,UPI,Germany,Laptop,2026-05-08T03:01:58.000+05:30,NO,3,YES,5,YES
19551,72,1154,60649.31,Swiggy,CARD,Singapore,Tablet,2026-04-18T23:47:18.000+05:30,YES,23,NO,4,YES
19564,80,1029,88295.0,Petrol Pump,UPI,USA,ATM,2026-05-05T02:08:57.000+05:30,YES,2,YES,5,YES
19659,92,1196,82246.34,Petrol Pump,ATM WITHDRAWAL,Germany,Laptop,2026-04-22T04:18:43.000+05:30,YES,4,YES,4,YES
10210,66,1025,38323.77,Zomato,ATM WITHDRAWAL,Germany,Mobile,2026-04-30T06:52:03.000+05:30,NO,6,NO,4,YES
10536,92,1132,40627.0,Amazon,UPI,Singapore,ATM,2026-05-06T11:51:28.000+05:30,NO,11,NO,5,YES
10663,29,1110,17511.98,Nike,UPI,Singapore,ATM,2026-05-16T03:45:38.000+05:30,NO,3,YES,5,YES
10739,36,1106,22806.67,Nike,NET BANKING,Germany,Mobile,2026-05-15T21:50:22.000+05:30,NO,21,NO,5,YES
11462,41,1110,10523.45,Nike,NET BANKING,Singapore,Tablet,2026-04-28T18:26:26.000+05:30,NO,18,NO,4,YES
12286,72,1004,78599.22,Uber,NET BANKING,UK,Tablet,2026-05-03T16:19:38.000+05:30,YES,16,NO,5,YES
12347,100,1097,69596.7,Zomato,ATM WITHDRAWAL,India,Laptop,2026-04-23T03:53:45.000+05:30,YES,3,YES,4,NO
12533,24,1134,17401.63,Amazon,ATM WITHDRAWAL,Germany,Laptop,2026-04-24T08:34:51.000+05:30,NO,8,NO,4,YES
12697,84,1136,23475.79,Nike,ATM WITHDRAWAL,Germany,Mobile,2026-04-24T15:10:29.000+05:30,NO,15,NO,4,YES
13073,21,1047,13363.1,Swiggy,UPI,USA,Mobile,2026-04-18T21:19:09.000+05:30,NO,21,NO,4,YES
13102,77,1035,86289.19,Uber,ATM WITHDRAWAL,Singapore,Mobile,2026-04-26T01:33:55.000+05:30,YES,1,YES,4,YES
13429,92,1027,34797.54,Uber,UPI,UK,Tablet,2026-05-06T07:58:34.000+05:30,NO,7,NO,5,YES
13588,75,1181,30414.69,Swiggy,ATM WITHDRAWAL,Germany,Tablet,2026-05-18T02:43:24.000+05:30,NO,2,YES,5,YES
13612,56,1098,42869.73,Zomato,UPI,USA,Tablet,2026-04-19T03:25:16.000+05:30,NO,3,YES,4,YES
14344,70,1024,56512.38,Amazon,ATM WITHDRAWAL,Singapore,Mobile,2026-05-13T04:47:15.000+05:30,YES,4,YES,5,YES
14360,65,1176,50807.4,Swiggy,NET BANKING,India,Tablet,2026-04-22T05:54:16.000+05:30,YES,5,YES,4,NO
14578,28,1005,95513.57,Petrol Pump,NET BANKING,Singapore,Mobile,2026-05-18T03:43:18.000+05:30,YES,3,YES,5,YES
14921,12,1187,46734.77,Amazon,NET BANKING,Singapore,Mobile,2026-05-12T09:38:02.000+05:30,NO,9,NO,5,YES
15024,59,1072,61433.38,Apple Store,NET BANKING,UK,Mobile,2026-05-11T06:37:43.000+05:30,YES,6,NO,5,YES
15253,75,1169,66820.54,Apple Store,UPI,India,Mobile,2026-05-06T02:33:41.000+05:30,YES,2,YES,5,NO
15787,59,1100,18881.17,Petrol Pump,NET BANKING,UK,Mobile,2026-05-04T18:32:48.000+05:30,NO,18,NO,5,YES
15802,95,1129,6918.34,Petrol Pump,ATM WITHDRAWAL,USA,ATM,2026-05-14T01:49:07.000+05:30,NO,1,YES,5,YES
16008,39,1119,37362.47,Flipkart,CARD,Germany,ATM,2026-05-09T02:08:38.000+05:30,NO,2,YES,5,YES
16140,35,1119,38606.21,Netflix,NET BANKING,UK,ATM,2026-05-02T13:31:58.000+05:30,NO,13,NO,5,YES
16282,96,1038,11225.64,Netflix,UPI,USA,Mobile,2026-05-05T14:24:46.000+05:30,NO,14,NO,5,YES
16737,59,1200,32969.17,Netflix,CARD,Singapore,ATM,2026-04-26T20:28:15.000+05:30,NO,20,NO,4,YES
17125,57,1148,3800.84,Uber,CARD,Germany,Tablet,2026-04-22T01:53:33.000+05:30,NO,1,YES,4,YES
17611,68,1061,56878.09,Nike,UPI,Germany,Laptop,2026-05-04T12:17:05.000+05:30,YES,12,NO,5,YES
17629,15,1072,53648.13,Flipkart,CARD,Singapore,Mobile,2026-04-27T07:56:46.000+05:30,YES,7,NO,4,YES
17713,38,1137,52524.86,Petrol Pump,NET BANKING,Germany,Laptop,2026-05-09T11:57:36.000+05:30,YES,11,NO,5,YES
18173,46,1001,54710.89,Zomato,ATM WITHDRAWAL,USA,ATM,2026-05-11T00:00:23.000+05:30,YES,0,YES,5,YES
18241,94,1125,68362.4,Netflix,UPI,UK,Laptop,2026-05-13T05:14:47.000+05:30,YES,5,YES,5,YES
18451,86,1064,85903.18,Nike,NET BANKING,USA,Mobile,2026-04-25T19:08:50.000+05:30,YES,19,NO,4,YES
18574,54,1021,80965.47,Nike,CARD,UK,Laptop,2026-05-15T20:27:55.000+05:30,YES,20,NO,5,YES
18602,73,1143,81293.67,Netflix,NET BANKING,Germany,Mobile,2026-04-20T23:20:55.000+05:30,YES,23,NO,4,YES
18736,82,1089,46064.04,Uber,CARD,USA,ATM,2026-05-10T08:35:49.000+05:30,NO,8,NO,5,YES
18770,61,1031,94398.52,Swiggy,CARD,India,ATM,2026-04-25T00:19:50.000+05:30,YES,0,YES,4,NO
18912,62,1074,59258.06,Zomato,UPI,India,Tablet,2026-05-14T08:26:19.000+05:30,YES,8,NO,5,NO
18951,60,1093,39703.99,Walmart,UPI,USA,Laptop,2026-04-24T11:36:17.000+05:30,NO,11,NO,4,YES
18997,46,1197,95468.44,Netflix,ATM WITHDRAWAL,UK,Mobile,2026-04-23T18:54:20.000+05:30,YES,18,NO,4,YES
19127,68,1085,93182.49,Petrol Pump,NET BANKING,UK,ATM,2026-04-27T07:27:37.000+05:30,YES,7,NO,4,YES
19612,4,1034,62240.59,Apple Store,UPI,Germany,ATM,2026-04-26T09:52:48.000+05:30,YES,9,NO,4,YES
19713,68,1049,34397.96,Apple Store,UPI,UK,Tablet,2026-05-10T18:43:33.000+05:30,NO,18,NO,5,YES
19812,47,1077,99423.11,Uber,ATM WITHDRAWAL,USA,Tablet,2026-05-08T04:19:18.000+05:30,YES,4,YES,5,YES
11152,78,1065,64631.99,Uber,ATM WITHDRAWAL,USA,Laptop,2026-05-13T09:52:40.000+05:30,YES,9,NO,5,YES
11823,50,1157,40969.85,Netflix,ATM WITHDRAWAL,Germany,Mobile,2026-04-25T01:21:15.000+05:30,NO,1,YES,4,YES
12272,6,1115,79827.19,Nike,UPI,Germany,Mobile,2026-05-14T02:45:03.000+05:30,YES,2,YES,5,YES
12415,31,1125,81618.41,Zomato,UPI,Germany,ATM,2026-05-13T08:41:47.000+05:30,YES,8,NO,5,YES
12437,78,1050,30442.67,Zomato,ATM WITHDRAWAL,Singapore,Laptop,2026-05-03T03:35:54.000+05:30,NO,3,YES,5,YES
12526,11,1053,93576.97,Apple Store,UPI,Singapore,Tablet,2026-04-29T07:37:17.000+05:30,YES,7,NO,4,YES
12761,90,1071,36756.71,Nike,CARD,Singapore,Laptop,2026-05-11T19:11:05.000+05:30,NO,19,NO,5,YES
13181,94,1129,71961.6,Amazon,NET BANKING,Germany,Laptop,2026-05-16T13:04:54.000+05:30,YES,13,NO,5,YES
13293,39,1133,13064.03,Nike,CARD,Singapore,ATM,2026-04-24T19:40:05.000+05:30,NO,19,NO,4,YES
13307,35,1141,85719.29,Swiggy,ATM WITHDRAWAL,USA,Laptop,2026-05-05T08:52:49.000+05:30,YES,8,NO,5,YES
13378,32,1153,56403.19,Amazon,NET BANKING,Singapore,Laptop,2026-04-25T01:42:55.000+05:30,YES,1,YES,4,YES
13848,35,1122,77958.64,Nike,UPI,UK,Mobile,2026-04-28T02:37:33.000+05:30,YES,2,YES,4,YES
13992,80,1140,72729.0,Nike,CARD,UK,ATM,2026-05-02T08:13:38.000+05:30,YES,8,NO,5,YES
14098,93,1195,86268.89,Amazon,ATM WITHDRAWAL,India,Tablet,2026-05-07T00:54:24.000+05:30,YES,0,YES,5,NO
14488,21,1185,23841.05,Zomato,CARD,USA,ATM,2026-05-03T04:22:07.000+05:30,NO,4,YES,5,YES
15609,78,1119,44472.95,Nike,UPI,UK,ATM,2026-04-26T17:59:44.000+05:30,NO,17,NO,4,YES
15949,49,1122,77385.18,Zomato,CARD,India,Tablet,2026-05-04T07:21:06.000+05:30,YES,7,NO,5,NO
16149,53,1152,12490.78,Flipkart,CARD,Singapore,ATM,2026-05-17T03:25:08.000+05:30,NO,3,YES,5,YES
16220,91,1019,11759.27,Swiggy,ATM WITHDRAWAL,UK,ATM,2026-05-02T17:59:53.000+05:30,NO,17,NO,5,YES
16392,93,1108,92032.16,Nike,NET BANKING,Germany,Mobile,2026-05-10T02:15:26.000+05:30,YES,2,YES,5,YES
16607,86,1089,33864.4,Netflix,CARD,USA,Tablet,2026-05-10T17:33:26.000+05:30,NO,17,NO,5,YES
17118,50,1120,12068.88,Apple Store,ATM WITHDRAWAL,Germany,Tablet,2026-05-17T22:08:22.000+05:30,NO,22,NO,5,YES
17198,29,1019,26920.26,Uber,UPI,Singapore,ATM,2026-04-30T08:00:17.000+05:30,NO,8,NO,4,YES
17311,21,1057,11613.45,Apple Store,UPI,UK,Tablet,2026-04-19T14:08:23.000+05:30,NO,14,NO,4,YES
17432,84,1147,43864.59,Swiggy,ATM WITHDRAWAL,India,Tablet,2026-05-08T04:53:08.000+05:30,NO,4,YES,5,NO
18137,25,1135,54705.5,Zomato,UPI,UK,Mobile,2026-05-05T19:15:02.000+05:30,YES,19,NO,5,YES
18248,65,1061,52528.01,Nike,NET BANKING,Germany,Tablet,2026-04-26T02:43:30.000+05:30,YES,2,YES,4,YES
18266,72,1119,40582.64,Swiggy,NET BANKING,Singapore,Mobile,2026-05-14T04:00:03.000+05:30,NO,4,YES,5,YES
18384,94,1128,93123.08,Nike,CARD,Germany,ATM,2026-04-29T04:00:26.000+05:30,YES,4,YES,4,YES
18426,98,1092,33255.93,Amazon,NET BANKING,Germany,Tablet,2026-04-25T23:54:48.000+05:30,NO,23,NO,4,YES
18445,3,1198,54381.14,Zomato,UPI,UK,Laptop,2026-04-28T04:29:17.000+05:30,YES,4,YES,4,YES
18680,52,1195,66338.82,Amazon,NET BANKING,UK,Mobile,2026-05-07T13:32:49.000+05:30,YES,13,NO,5,YES
18723,53,1070,92241.77,Flipkart,ATM WITHDRAWAL,UK,Mobile,2026-05-08T15:40:01.000+05:30,YES,15,NO,5,YES
19109,64,1090,66538.0,Zomato,ATM WITHDRAWAL,USA,ATM,2026-05-01T09:37:07.000+05:30,YES,9,NO,5,YES
19288,42,1040,9250.1,Petrol Pump,UPI,USA,Laptop,2026-04-22T08:27:01.000+05:30,NO,8,NO,4,YES
19427,57,1192,84432.92,Swiggy,NET BANKING,Germany,Tablet,2026-04-21T08:29:20.000+05:30,YES,8,NO,4,YES
19674,27,1048,86010.18,Walmart,NET BANKING,Singapore,Tablet,2026-04-26T00:30:35.000+05:30,YES,0,YES,4,YES
19754,97,1088,32698.04,Petrol Pump,NET BANKING,India,Laptop,2026-04-25T03:37:40.000+05:30,NO,3,YES,4,NO
19801,99,1073,10978.88,Uber,UPI,UK,ATM,2026-04-20T05:29:21.000+05:30,NO,5,YES,4,YES
19904,7,1033,98798.53,Netflix,NET BANKING,UK,Tablet,2026-05-17T06:27:28.000+05:30,YES,6,NO,5,YES
11033,62,1105,74515.69,Apple Store,UPI,Germany,Mobile,2026-05-07T20:11:07.000+05:30,YES,20,NO,5,YES
11036,65,1156,62426.6,Flipkart,NET BANKING,Singapore,Laptop,2026-05-02T23:04:21.000+05:30,YES,23,NO,5,YES
11096,70,1078,66494.42,Amazon,ATM WITHDRAWAL,UK,Laptop,2026-04-27T21:24:57.000+05:30,YES,21,NO,4,YES
11328,4,1045,66965.38,Petrol Pump,UPI,Singapore,ATM,2026-04-24T19:12:28.000+05:30,YES,19,NO,4,YES
11546,39,1194,37785.7,Zomato,ATM WITHDRAWAL,Singapore,Mobile,2026-05-16T01:22:28.000+05:30,NO,1,YES,5,YES
12470,46,1034,80794.0,Nike,NET BANKING,USA,Tablet,2026-05-15T14:12:00.000+05:30,YES,14,NO,5,YES
12976,30,1029,25748.06,Flipkart,ATM WITHDRAWAL,India,Laptop,2026-05-12T00:37:22.000+05:30,NO,0,YES,5,NO
13375,43,1062,96215.29,Petrol Pump,NET BANKING,Germany,Tablet,2026-04-22T01:38:21.000+05:30,YES,1,YES,4,YES
13405,74,1144,86319.13,Uber,UPI,Germany,Laptop,2026-04-23T14:07:15.000+05:30,YES,14,NO,4,YES
13406,42,1171,42451.8,Swiggy,ATM WITHDRAWAL,Germany,ATM,2026-05-14T22:20:16.000+05:30,NO,22,NO,5,YES
13466,100,1039,9258.25,Walmart,UPI,Singapore,Laptop,2026-05-16T23:21:33.000+05:30,NO,23,NO,5,YES
13580,99,1096,42542.74,Netflix,NET BANKING,USA,Laptop,2026-05-09T14:11:58.000+05:30,NO,14,NO,5,YES
13734,12,1050,4572.47,Apple Store,CARD,Germany,ATM,2026-05-04T17:34:21.000+05:30,NO,17,NO,5,YES
14053,64,1128,31119.5,Amazon,NET BANKING,USA,Tablet,2026-04-22T08:59:51.000+05:30,NO,8,NO,4,YES
14185,3,1043,65157.31,Uber,UPI,Singapore,Mobile,2026-05-05T13:25:19.000+05:30,YES,13,NO,5,YES
14243,2,1146,52647.53,Nike,CARD,Germany,ATM,2026-05-04T22:52:54.000+05:30,YES,22,NO,5,YES
14248,7,1155,45890.47,Zomato,ATM WITHDRAWAL,Singapore,ATM,2026-05-08T15:04:22.000+05:30,NO,15,NO,5,YES
14728,2,1169,22739.8,Zomato,UPI,India,Mobile,2026-05-01T00:39:13.000+05:30,NO,0,YES,5,NO
15016,47,1157,32985.43,Amazon,ATM WITHDRAWAL,India,Tablet,2026-05-13T04:35:45.000+05:30,NO,4,YES,5,NO
15493,29,1056,50177.32,Swiggy,ATM WITHDRAWAL,USA,ATM,2026-04-20T16:03:42.000+05:30,YES,16,NO,4,YES
15619,87,1025,74149.34,Flipkart,CARD,Singapore,ATM,2026-04-30T00:39:26.000+05:30,YES,0,YES,4,YES
15682,27,1158,80935.16,Amazon,UPI,UK,Mobile,2026-05-05T22:38:00.000+05:30,YES,22,NO,5,YES
15990,56,1162,54172.81,Apple Store,UPI,Germany,Laptop,2026-04-21T12:15:56.000+05:30,YES,12,NO,4,YES
16557,6,1054,35460.26,Netflix,CARD,UK,ATM,2026-05-02T03:36:53.000+05:30,NO,3,YES,5,YES
17515,9,1189,3662.7,Flipkart,NET BANKING,Singapore,Mobile,2026-04-20T00:04:53.000+05:30,NO,0,YES,4,YES
17548,85,1039,8631.01,Swiggy,CARD,India,Tablet,2026-05-09T01:11:58.000+05:30,NO,1,YES,5,NO
17672,1,1097,75550.78,Zomato,CARD,UK,Tablet,2026-04-19T12:11:35.000+05:30,YES,12,NO,4,YES
17686,94,1108,53731.08,Nike,NET BANKING,India,Tablet,2026-04-22T11:17:50.000+05:30,YES,11,NO,4,NO
17825,8,1059,82550.81,Apple Store,CARD,USA,Tablet,2026-05-10T10:01:37.000+05:30,YES,10,NO,5,YES
17946,75,1178,63152.37,Netflix,UPI,Germany,ATM,2026-05-02T22:21:13.000+05:30,YES,22,NO,5,YES
18394,40,1108,52044.79,Amazon,NET BANKING,Singapore,ATM,2026-04-24T22:54:05.000+05:30,YES,22,NO,4,YES
18461,41,1188,99578.08,Netflix,ATM WITHDRAWAL,UK,Mobile,2026-05-09T22:16:12.000+05:30,YES,22,NO,5,YES
18671,80,1033,89745.64,Nike,CARD,Germany,ATM,2026-05-02T11:09:02.000+05:30,YES,11,NO,5,YES
18970,57,1083,44616.53,Walmart,ATM WITHDRAWAL,Germany,ATM,2026-05-15T13:46:16.000+05:30,NO,13,NO,5,YES
19114,13,1111,86124.38,Apple Store,NET BANKING,UK,ATM,2026-04-20T05:10:24.000+05:30,YES,5,YES,4,YES
19142,14,1143,23208.31,Uber,UPI,Germany,Mobile,2026-05-04T03:54:33.000+05:30,NO,3,YES,5,YES
19231,45,1189,67913.72,Flipkart,UPI,India,Mobile,2026-04-22T13:05:15.000+05:30,YES,13,NO,4,NO
19774,97,1116,59670.1,Apple Store,CARD,Germany,Tablet,2026-05-01T07:23:07.000+05:30,YES,7,NO,5,YES
19889,95,1079,8286.95,Uber,NET BANKING,USA,Laptop,2026-05-16T20:02:36.000+05:30,NO,20,NO,5,YES
19999,62,1038,18242.48,Swiggy,ATM WITHDRAWAL,UK,Tablet,2026-05-14T18:56:12.000+05:30,NO,18,NO,5,YES
10521,61,1111,45588.3,Amazon,NET BANKING,USA,Mobile,2026-04-26T21:19:05.000+05:30,NO,21,NO,4,YES
10921,1,1007,97249.86,Uber,CARD,India,Tablet,2026-05-17T14:32:43.000+05:30,YES,14,NO,5,NO
10991,74,1124,59706.65,Amazon,CARD,Germany,Laptop,2026-04-27T08:44:48.000+05:30,YES,8,NO,4,YES
11255,18,1002,46975.83,Zomato,ATM WITHDRAWAL,Germany,Laptop,2026-05-09T08:16:43.000+05:30,NO,8,NO,5,YES
11640,72,1069,42356.81,Nike,CARD,Singapore,ATM,2026-05-15T03:29:00.000+05:30,NO,3,YES,5,YES
12258,64,1188,51782.21,Zomato,NET BANKING,UK,Mobile,2026-05-13T07:17:18.000+05:30,YES,7,NO,5,YES
12497,43,1146,61069.48,Uber,NET BANKING,UK,Mobile,2026-05-08T03:11:14.000+05:30,YES,3,YES,5,YES
12828,83,1145,49217.4,Walmart,UPI,UK,Mobile,2026-04-23T11:50:17.000+05:30,NO,11,NO,4,YES
12892,8,1034,95125.33,Amazon,UPI,Singapore,Mobile,2026-04-27T09:51:10.000+05:30,YES,9,NO,4,YES
13170,12,1107,45038.84,Zomato,ATM WITHDRAWAL,UK,Tablet,2026-04-19T23:32:32.000+05:30,NO,23,NO,4,YES
13228,73,1025,38193.43,Apple Store,NET BANKING,Singapore,Tablet,2026-05-01T09:25:10.000+05:30,NO,9,NO,5,YES
13424,54,1179,46690.86,Walmart,CARD,Germany,Mobile,2026-05-13T00:34:18.000+05:30,NO,0,YES,5,YES
13436,79,1161,2994.27,Zomato,NET BANKING,USA,ATM,2026-05-12T19:31:08.000+05:30,NO,19,NO,5,YES
13500,83,1086,76161.47,Petrol Pump,UPI,USA,Mobile,2026-04-23T14:27:15.000+05:30,YES,14,NO,4,YES
13536,57,1116,7974.67,Zomato,CARD,USA,Laptop,2026-04-19T05:26:19.000+05:30,NO,5,YES,4,YES
14124,65,1005,30585.77,Walmart,NET BANKING,USA,Tablet,2026-04-25T03:47:41.000+05:30,NO,3,YES,4,YES
14736,51,1094,46904.29,Apple Store,ATM WITHDRAWAL,UK,Tablet,2026-05-11T23:55:48.000+05:30,NO,23,NO,5,YES
14998,83,1134,15530.61,Apple Store,ATM WITHDRAWAL,USA,Laptop,2026-05-12T15:31:23.000+05:30,NO,15,NO,5,YES
15045,25,1027,45802.14,Flipkart,NET BANKING,UK,Tablet,2026-04-19T15:32:04.000+05:30,NO,15,NO,4,YES
15464,98,1092,71984.19,Flipkart,ATM WITHDRAWAL,Germany,Laptop,2026-04-23T08:28:18.000+05:30,YES,8,NO,4,YES
15766,74,1021,80415.57,Amazon,ATM WITHDRAWAL,Germany,ATM,2026-04-30T01:12:46.000+05:30,YES,1,YES,4,YES
15812,8,1026,81734.04,Apple Store,ATM WITHDRAWAL,UK,ATM,2026-05-09T16:38:58.000+05:30,YES,16,NO,5,YES
15835,62,1191,55310.48,Uber,NET BANKING,Germany,Tablet,2026-05-03T02:56:50.000+05:30,YES,2,YES,5,YES
15915,84,1037,18113.05,Flipkart,CARD,Germany,Mobile,2026-05-16T15:16:22.000+05:30,NO,15,NO,5,YES
16078,29,1083,67591.16,Petrol Pump,ATM WITHDRAWAL,USA,ATM,2026-05-05T20:26:07.000+05:30,YES,20,NO,5,YES
16482,60,1024,82650.01,Swiggy,NET BANKING,USA,ATM,2026-05-08T02:14:54.000+05:30,YES,2,YES,5,YES
16595,66,1036,12251.24,Uber,UPI,USA,ATM,2026-05-05T21:13:32.000+05:30,NO,21,NO,5,YES
16741,77,1102,54294.78,Amazon,NET BANKING,Singapore,Laptop,2026-04-23T01:45:49.000+05:30,YES,1,YES,4,YES
16963,74,1170,50339.7,Flipkart,ATM WITHDRAWAL,Singapore,Mobile,2026-05-14T20:17:24.000+05:30,YES,20,NO,5,YES
17419,62,1045,45297.15,Nike,ATM WITHDRAWAL,Singapore,ATM,2026-04-19T23:37:05.000+05:30,NO,23,NO,4,YES
17623,51,1014,61079.55,Amazon,UPI,India,ATM,2026-05-07T20:44:37.000+05:30,YES,20,NO,5,NO
17762,94,1104,42597.24,Amazon,UPI,Singapore,Laptop,2026-05-02T09:02:54.000+05:30,NO,9,NO,5,YES
17961,76,1090,5381.97,Swiggy,CARD,UK,Tablet,2026-05-08T10:51:01.000+05:30,NO,10,NO,5,YES
17999,45,1150,59708.87,Apple Store,ATM WITHDRAWAL,Germany,ATM,2026-04-24T11:06:53.000+05:30,YES,11,NO,4,YES
18124,59,1085,89908.5,Petrol Pump,UPI,Germany,ATM,2026-04-21T15:15:23.000+05:30,YES,15,NO,4,YES
18583,39,1120,29677.91,Walmart,CARD,Germany,Laptop,2026-04-24T19:40:41.000+05:30,NO,19,NO,4,YES
18869,23,1102,2148.46,Uber,NET BANKING,Germany,Laptop,2026-05-08T15:08:32.000+05:30,NO,15,NO,5,YES
19211,37,1100,44481.33,Amazon,ATM WITHDRAWAL,USA,Tablet,2026-04-28T21:42:25.000+05:30,NO,21,NO,4,YES
19247,32,1191,3484.07,Uber,ATM WITHDRAWAL,USA,Mobile,2026-05-11T14:41:34.000+05:30,NO,14,NO,5,YES
19788,91,1084,36273.26,Swiggy,ATM WITHDRAWAL,Singapore,Tablet,2026-05-03T05:36:35.000+05:30,NO,5,YES,5,YES
10105,73,1067,52044.67,Apple Store,UPI,USA,Mobile,2026-05-12T18:54:30.000+05:30,YES,18,NO,5,YES
10264,90,1114,10409.67,Flipkart,CARD,Singapore,Tablet,2026-04-19T19:00:49.000+05:30,NO,19,NO,4,YES
11132,57,1168,95695.93,Amazon,UPI,Germany,ATM,2026-05-04T19:30:26.000+05:30,YES,19,NO,5,YES
11154,55,1120,598.02,Petrol Pump,NET BANKING,Singapore,Tablet,2026-04-18T20:32:55.000+05:30,NO,20,NO,4,YES
11993,1,1007,69618.47,Flipkart,CARD,UK,Mobile,2026-04-22T03:24:34.000+05:30,YES,3,YES,4,YES
12006,89,1143,4128.25,Zomato,CARD,UK,Mobile,2026-04-30T23:12:10.000+05:30,NO,23,NO,4,YES
12356,39,1030,32459.21,Petrol Pump,NET BANKING,Germany,ATM,2026-05-09T21:15:22.000+05:30,NO,21,NO,5,YES
12727,72,1126,55805.9,Petrol Pump,CARD,India,ATM,2026-04-24T08:32:57.000+05:30,YES,8,NO,4,NO
12872,2,1047,52504.77,Swiggy,UPI,UK,Tablet,2026-05-10T22:59:16.000+05:30,YES,22,NO,5,YES
13641,52,1167,50375.78,Amazon,UPI,UK,Laptop,2026-05-06T04:55:59.000+05:30,YES,4,YES,5,YES
13771,40,1152,46025.11,Flipkart,UPI,India,Mobile,2026-04-25T03:54:45.000+05:30,NO,3,YES,4,NO
14110,4,1108,19523.88,Walmart,ATM WITHDRAWAL,Singapore,Laptop,2026-04-19T05:07:46.000+05:30,NO,5,YES,4,YES
14203,35,1087,33320.56,Uber,CARD,USA,ATM,2026-05-09T00:17:27.000+05:30,NO,0,YES,5,YES
14795,4,1134,17469.92,Petrol Pump,CARD,USA,Tablet,2026-05-01T14:10:25.000+05:30,NO,14,NO,5,YES
15304,2,1165,7335.48,Swiggy,UPI,UK,Mobile,2026-05-08T21:07:47.000+05:30,NO,21,NO,5,YES
15378,46,1191,36811.21,Petrol Pump,UPI,Singapore,Tablet,2026-05-09T14:34:50.000+05:30,NO,14,NO,5,YES
15618,33,1196,98288.22,Nike,UPI,India,Laptop,2026-04-26T13:37:11.000+05:30,YES,13,NO,4,NO
15669,35,1001,20010.75,Swiggy,UPI,UK,Laptop,2026-05-15T09:11:08.000+05:30,NO,9,NO,5,YES
15740,12,1173,59254.96,Netflix,NET BANKING,India,ATM,2026-05-02T21:26:33.000+05:30,YES,21,NO,5,NO
15783,58,1151,37411.58,Petrol Pump,NET BANKING,Germany,ATM,2026-04-21T08:57:48.000+05:30,NO,8,NO,4,YES
15815,65,1027,67027.32,Netflix,ATM WITHDRAWAL,UK,Mobile,2026-05-02T02:53:29.000+05:30,YES,2,YES,5,YES
16276,91,1029,17193.56,Uber,UPI,Singapore,ATM,2026-05-13T14:44:30.000+05:30,NO,14,NO,5,YES
16371,10,1121,57786.6,Uber,NET BANKING,UK,Mobile,2026-05-09T05:16:27.000+05:30,YES,5,YES,5,YES
16948,39,1033,66593.97,Netflix,CARD,Germany,Laptop,2026-04-19T06:01:01.000+05:30,YES,6,NO,4,YES
16969,19,1057,41122.12,Zomato,NET BANKING,UK,Tablet,2026-04-22T19:03:27.000+05:30,NO,19,NO,4,YES
17080,26,1059,78702.35,Petrol Pump,CARD,USA,Tablet,2026-05-02T10:01:20.000+05:30,YES,10,NO,5,YES
17092,28,1168,67124.33,Nike,CARD,India,Laptop,2026-04-25T18:12:26.000+05:30,YES,18,NO,4,NO
17159,97,1189,82527.92,Nike,NET BANKING,UK,Laptop,2026-05-10T11:54:23.000+05:30,YES,11,NO,5,YES
17423,31,1083,6812.0,Apple Store,UPI,Germany,Mobile,2026-04-26T13:12:04.000+05:30,NO,13,NO,4,YES
17926,29,1150,62811.77,Petrol Pump,NET BANKING,UK,Mobile,2026-05-08T14:59:58.000+05:30,YES,14,NO,5,YES
18678,95,1143,50890.86,Swiggy,NET BANKING,USA,Laptop,2026-04-27T01:24:46.000+05:30,YES,1,YES,4,YES
18900,73,1005,65051.56,Nike,ATM WITHDRAWAL,UK,Tablet,2026-05-06T21:40:51.000+05:30,YES,21,NO,5,YES
19480,45,1100,48094.49,Uber,UPI,Singapore,ATM,2026-04-21T21:48:56.000+05:30,NO,21,NO,4,YES
10358,19,1160,95868.07,Zomato,CARD,Singapore,Tablet,2026-04-23T09:49:51.000+05:30,YES,9,NO,4,YES
10532,87,1039,4378.8,Walmart,ATM WITHDRAWAL,Germany,Laptop,2026-05-11T14:15:04.000+05:30,NO,14,NO,5,YES
10802,6,1096,53530.15,Amazon,CARD,Germany,ATM,2026-04-28T16:32:02.000+05:30,YES,16,NO,4,YES
10932,51,1191,34662.67,Swiggy,NET BANKING,UK,ATM,2026-05-09T15:57:54.000+05:30,NO,15,NO,5,YES
11292,74,1070,73514.44,Petrol Pump,ATM WITHDRAWAL,Germany,Mobile,2026-04-24T05:32:00.000+05:30,YES,5,YES,4,YES
11486,68,1101,68661.01,Netflix,CARD,UK,Laptop,2026-05-10T16:03:24.000+05:30,YES,16,NO,5,YES
11796,98,1006,58881.31,Amazon,NET BANKING,UK,ATM,2026-04-29T17:49:01.000+05:30,YES,17,NO,4,YES
12121,75,1134,27512.92,Petrol Pump,ATM WITHDRAWAL,Germany,Mobile,2026-05-16T12:58:45.000+05:30,NO,12,NO,5,YES
12564,7,1005,87847.9,Nike,ATM WITHDRAWAL,India,Laptop,2026-04-21T18:39:51.000+05:30,YES,18,NO,4,NO
12566,57,1157,46459.56,Zomato,CARD,UK,ATM,2026-05-05T20:01:46.000+05:30,NO,20,NO,5,YES
12895,38,1082,35840.55,Walmart,UPI,Singapore,Tablet,2026-05-10T11:20:44.000+05:30,NO,11,NO,5,YES
13190,77,1166,265.7,Walmart,CARD,USA,Mobile,2026-04-21T18:35:56.000+05:30,NO,18,NO,4,YES
13220,77,1090,8673.81,Nike,NET BANKING,Singapore,Laptop,2026-04-19T22:22:50.000+05:30,NO,22,NO,4,YES
14002,35,1066,65067.43,Nike,UPI,Germany,Mobile,2026-04-19T06:44:07.000+05:30,YES,6,NO,4,YES
14378,18,1168,83672.85,Walmart,UPI,Singapore,Laptop,2026-04-26T19:31:51.000+05:30,YES,19,NO,4,YES
14483,7,1053,67753.12,Walmart,UPI,UK,ATM,2026-04-24T00:29:10.000+05:30,YES,0,YES,4,YES
14646,42,1135,59139.67,Zomato,CARD,UK,Tablet,2026-05-06T02:53:51.000+05:30,YES,2,YES,5,YES
14980,10,1027,81500.08,Swiggy,NET BANKING,India,Tablet,2026-05-06T08:42:45.000+05:30,YES,8,NO,5,NO
15100,57,1030,57792.22,Netflix,UPI,Germany,ATM,2026-04-18T21:07:27.000+05:30,YES,21,NO,4,YES
15137,6,1164,94383.98,Nike,NET BANKING,Singapore,Laptop,2026-04-26T03:54:35.000+05:30,YES,3,YES,4,YES
15709,24,1121,24836.7,Amazon,NET BANKING,Singapore,Mobile,2026-05-03T17:49:14.000+05:30,NO,17,NO,5,YES
15966,12,1098,79877.79,Netflix,ATM WITHDRAWAL,USA,ATM,2026-04-26T21:45:52.000+05:30,YES,21,NO,4,YES
16126,97,1001,33139.57,Uber,ATM WITHDRAWAL,USA,Tablet,2026-04-27T23:07:06.000+05:30,NO,23,NO,4,YES
16868,95,1190,74826.18,Uber,CARD,India,Tablet,2026-05-10T13:40:12.000+05:30,YES,13,NO,5,NO
16981,65,1137,49132.42,Uber,UPI,India,ATM,2026-05-06T01:07:54.000+05:30,NO,1,YES,5,NO
17222,33,1191,1902.54,Zomato,NET BANKING,UK,Tablet,2026-05-01T08:14:41.000+05:30,NO,8,NO,5,YES
17592,53,1149,46230.01,Uber,UPI,Germany,ATM,2026-05-05T17:15:43.000+05:30,NO,17,NO,5,YES
17644,22,1083,40413.72,Uber,ATM WITHDRAWAL,Singapore,Laptop,2026-04-26T18:32:09.000+05:30,NO,18,NO,4,YES
18359,24,1026,60504.68,Zomato,ATM WITHDRAWAL,Germany,Mobile,2026-05-04T12:43:36.000+05:30,YES,12,NO,5,YES
18819,60,1163,67981.09,Apple Store,CARD,USA,Laptop,2026-05-04T05:25:27.000+05:30,YES,5,YES,5,YES
19556,4,1020,7925.04,Flipkart,ATM WITHDRAWAL,USA,Mobile,2026-05-04T02:13:52.000+05:30,NO,2,YES,5,YES
10177,49,1096,42867.17,Amazon,NET BANKING,Germany,Mobile,2026-05-08T06:39:45.000+05:30,NO,6,NO,5,YES
10510,9,1061,28149.48,Nike,ATM WITHDRAWAL,USA,Tablet,2026-05-02T03:06:46.000+05:30,NO,3,YES,5,YES
11015,69,1049,77041.86,Amazon,NET BANKING,Singapore,Mobile,2026-04-23T11:00:26.000+05:30,YES,11,NO,4,YES
11375,64,1159,9426.75,Netflix,NET BANKING,Singapore,Laptop,2026-05-11T01:22:01.000+05:30,NO,1,YES,5,YES
11405,59,1179,60442.82,Nike,NET BANKING,Germany,Laptop,2026-04-22T01:27:29.000+05:30,YES,1,YES,4,YES
11412,14,1030,60514.8,Zomato,UPI,USA,ATM,2026-04-22T17:43:44.000+05:30,YES,17,NO,4,YES
11472,30,1013,59997.58,Apple Store,NET BANKING,India,Tablet,2026-05-01T21:29:48.000+05:30,YES,21,NO,5,NO
11549,58,1037,52681.92,Netflix,CARD,USA,Mobile,2026-05-12T04:06:45.000+05:30,YES,4,YES,5,YES
11752,20,1143,43620.62,Flipkart,ATM WITHDRAWAL,UK,Tablet,2026-05-06T16:05:00.000+05:30,NO,16,NO,5,YES
11854,34,1059,43318.75,Zomato,NET BANKING,Singapore,ATM,2026-04-30T11:48:13.000+05:30,NO,11,NO,4,YES
11956,36,1105,89936.77,Walmart,CARD,USA,Laptop,2026-05-11T02:49:36.000+05:30,YES,2,YES,5,YES
12050,41,1164,54659.09,Petrol Pump,NET BANKING,Germany,Tablet,2026-05-06T14:11:17.000+05:30,YES,14,NO,5,YES
12109,68,1066,84427.71,Uber,UPI,Singapore,Tablet,2026-04-22T08:01:02.000+05:30,YES,8,NO,4,YES
12373,10,1167,11143.13,Apple Store,UPI,UK,Tablet,2026-05-01T02:48:40.000+05:30,NO,2,YES,5,YES
12855,32,1166,1074.5,Amazon,ATM WITHDRAWAL,USA,ATM,2026-05-01T23:08:16.000+05:30,NO,23,NO,5,YES
12941,98,1127,82045.02,Walmart,UPI,India,Laptop,2026-05-02T18:42:37.000+05:30,YES,18,NO,5,NO
13199,87,1146,78035.24,Uber,NET BANKING,India,Mobile,2026-04-23T09:27:12.000+05:30,YES,9,NO,4,NO
13572,36,1020,34612.43,Uber,UPI,USA,ATM,2026-05-17T20:32:11.000+05:30,NO,20,NO,5,YES
13624,69,1166,94956.34,Uber,CARD,India,Laptop,2026-04-21T15:46:25.000+05:30,YES,15,NO,4,NO
13704,1,1193,73168.19,Apple Store,NET BANKING,USA,Mobile,2026-05-09T23:38:44.000+05:30,YES,23,NO,5,YES
13733,50,1065,87588.44,Amazon,CARD,India,ATM,2026-04-30T23:33:46.000+05:30,YES,23,NO,4,NO
14893,89,1135,59199.49,Flipkart,CARD,UK,ATM,2026-04-22T12:55:55.000+05:30,YES,12,NO,4,YES
14954,36,1042,92949.49,Walmart,CARD,UK,Tablet,2026-04-25T03:16:04.000+05:30,YES,3,YES,4,YES
15138,57,1019,89344.81,Swiggy,NET BANKING,USA,Mobile,2026-04-23T02:45:05.000+05:30,YES,2,YES,4,YES
15621,98,1128,43981.94,Uber,NET BANKING,Singapore,Laptop,2026-04-22T06:27:15.000+05:30,NO,6,NO,4,YES
15912,23,1070,67097.66,Nike,UPI,India,Laptop,2026-04-26T06:56:23.000+05:30,YES,6,NO,4,NO
15981,36,1041,71316.62,Apple Store,ATM WITHDRAWAL,Germany,Laptop,2026-05-15T19:40:01.000+05:30,YES,19,NO,5,YES
15993,37,1167,15606.74,Zomato,CARD,Germany,Laptop,2026-04-22T13:12:35.000+05:30,NO,13,NO,4,YES
16016,36,1096,36739.58,Netflix,ATM WITHDRAWAL,Germany,Mobile,2026-05-10T08:27:43.000+05:30,NO,8,NO,5,YES
16273,40,1192,53255.87,Zomato,ATM WITHDRAWAL,Germany,Laptop,2026-05-05T15:25:04.000+05:30,YES,15,NO,5,YES
16389,62,1062,58807.6,Zomato,UPI,USA,ATM,2026-05-05T06:37:55.000+05:30,YES,6,NO,5,YES
16397,77,1169,82017.48,Apple Store,CARD,UK,Tablet,2026-04-29T20:53:40.000+05:30,YES,20,NO,4,YES
16848,52,1068,25398.28,Walmart,ATM WITHDRAWAL,Singapore,Mobile,2026-04-27T02:51:15.000+05:30,NO,2,YES,4,YES
17168,6,1106,11996.16,Walmart,UPI,UK,Tablet,2026-05-05T19:11:50.000+05:30,NO,19,NO,5,YES
17274,87,1014,79139.9,Uber,UPI,UK,Laptop,2026-04-25T02:24:31.000+05:30,YES,2,YES,4,YES
17973,51,1130,89883.4,Uber,UPI,Singapore,Laptop,2026-05-01T22:49:01.000+05:30,YES,22,NO,5,YES
18117,100,1125,98297.76,Nike,UPI,UK,Mobile,2026-05-03T19:51:58.000+05:30,YES,19,NO,5,YES
18567,3,1180,65788.32,Flipkart,CARD,India,Mobile,2026-04-22T02:37:35.000+05:30,YES,2,YES,4,NO
19573,9,1150,68000.65,Flipkart,CARD,UK,Laptop,2026-05-09T09:11:40.000+05:30,YES,9,NO,5,YES
19578,75,1126,43153.54,Petrol Pump,CARD,India,ATM,2026-04-19T02:48:18.000+05:30,NO,2,YES,4,NO
19765,44,1142,23351.51,Amazon,UPI,Germany,Mobile,2026-05-12T09:08:08.000+05:30,NO,9,NO,5,YES
19778,91,1109,20279.12,Petrol Pump,NET BANKING,UK,Tablet,2026-04-23T02:35:41.000+05:30,NO,2,YES,4,YES
19839,12,1059,56259.26,Amazon,NET BANKING,India,Laptop,2026-04-26T12:30:13.000+05:30,YES,12,NO,4,NO
10004,72,1190,66393.02,Netflix,ATM WITHDRAWAL,India,Laptop,2026-05-02T23:35:29.000+05:30,YES,23,NO,5,NO
10438,87,1043,79909.73,Walmart,UPI,Singapore,Tablet,2026-04-23T17:20:43.000+05:30,YES,17,NO,4,YES
10569,44,1169,885.24,Amazon,CARD,Singapore,Tablet,2026-04-24T22:50:10.000+05:30,NO,22,NO,4,YES
10588,64,1140,48292.89,Nike,UPI,USA,Tablet,2026-04-21T09:36:05.000+05:30,NO,9,NO,4,YES
10618,40,1141,87617.55,Petrol Pump,CARD,Singapore,Tablet,2026-04-29T04:32:39.000+05:30,YES,4,YES,4,YES
11130,83,1035,29642.21,Nike,NET BANKING,Singapore,ATM,2026-04-20T20:25:32.000+05:30,NO,20,NO,4,YES
11218,48,1005,43812.93,Netflix,UPI,USA,ATM,2026-05-12T04:45:52.000+05:30,NO,4,YES,5,YES
11732,91,1173,16959.9,Swiggy,CARD,UK,ATM,2026-05-10T13:53:06.000+05:30,NO,13,NO,5,YES
12735,44,1050,14253.02,Netflix,CARD,Singapore,Mobile,2026-05-08T01:13:53.000+05:30,NO,1,YES,5,YES
14209,55,1093,59999.02,Walmart,CARD,USA,Laptop,2026-05-05T14:00:48.000+05:30,YES,14,NO,5,YES
14261,61,1069,76313.73,Swiggy,UPI,Germany,ATM,2026-05-11T02:44:01.000+05:30,YES,2,YES,5,YES
14707,57,1159,40302.68,Uber,CARD,Singapore,Tablet,2026-05-03T09:05:49.000+05:30,NO,9,NO,5,YES
14740,56,1088,62248.28,Flipkart,CARD,Germany,Mobile,2026-04-30T07:56:06.000+05:30,YES,7,NO,4,YES
14741,83,1008,1039.74,Uber,CARD,Germany,ATM,2026-05-12T04:29:29.000+05:30,NO,4,YES,5,YES
15122,98,1117,47436.14,Nike,NET BANKING,Singapore,Mobile,2026-04-21T04:16:19.000+05:30,NO,4,YES,4,YES
15671,82,1177,66526.62,Petrol Pump,UPI,Singapore,Laptop,2026-05-14T09:48:53.000+05:30,YES,9,NO,5,YES
15886,65,1008,63318.07,Netflix,UPI,UK,Mobile,2026-05-16T10:10:43.000+05:30,YES,10,NO,5,YES
16025,63,1072,51167.45,Netflix,ATM WITHDRAWAL,USA,Laptop,2026-05-04T11:05:41.000+05:30,YES,11,NO,5,YES
16339,8,1005,94193.42,Petrol Pump,CARD,Singapore,Laptop,2026-05-14T15:19:29.000+05:30,YES,15,NO,5,YES
16469,94,1033,96622.91,Walmart,ATM WITHDRAWAL,India,Mobile,2026-05-05T20:11:49.000+05:30,YES,20,NO,5,NO
16707,40,1118,56044.56,Swiggy,UPI,Germany,Tablet,2026-05-14T14:45:47.000+05:30,YES,14,NO,5,YES
16778,86,1068,47834.2,Petrol Pump,ATM WITHDRAWAL,Singapore,Mobile,2026-05-18T00:51:35.000+05:30,NO,0,YES,5,YES
17020,1,1103,83239.07,Swiggy,NET BANKING,UK,Laptop,2026-05-14T06:16:41.000+05:30,YES,6,NO,5,YES
17680,27,1145,72676.15,Zomato,UPI,Singapore,Laptop,2026-05-02T04:41:13.000+05:30,YES,4,YES,5,YES
17738,99,1031,54237.88,Swiggy,UPI,Singapore,Tablet,2026-04-25T01:35:34.000+05:30,YES,1,YES,4,YES
18009,28,1149,13822.95,Walmart,ATM WITHDRAWAL,UK,Laptop,2026-05-11T19:58:25.000+05:30,NO,19,NO,5,YES
18485,5,1199,98069.21,Netflix,CARD,UK,Laptop,2026-05-15T05:00:08.000+05:30,YES,5,YES,5,YES
18541,51,1193,78015.48,Netflix,NET BANKING,India,Mobile,2026-05-04T03:46:11.000+05:30,YES,3,YES,5,NO
18587,70,1059,9074.22,Apple Store,UPI,Germany,Mobile,2026-05-06T04:56:53.000+05:30,NO,4,YES,5,YES
18862,13,1033,47789.11,Zomato,UPI,Singapore,Tablet,2026-05-16T19:50:23.000+05:30,NO,19,NO,5,YES
19081,5,1099,29954.37,Amazon,NET BANKING,UK,Laptop,2026-04-26T17:13:35.000+05:30,NO,17,NO,4,YES
19563,12,1117,78975.49,Petrol Pump,UPI,Singapore,Laptop,2026-05-03T18:29:21.000+05:30,YES,18,NO,5,YES
10017,59,1104,23116.86,Amazon,NET BANKING,Germany,Mobile,2026-04-28T05:56:05.000+05:30,NO,5,YES,4,YES
10534,15,1072,71497.45,Flipkart,CARD,UK,Mobile,2026-05-04T18:16:38.000+05:30,YES,18,NO,5,YES
10649,61,1039,43269.62,Amazon,CARD,USA,Laptop,2026-05-18T12:08:00.000+05:30,NO,12,NO,5,YES
10804,29,1062,66898.59,Amazon,NET BANKING,Singapore,Laptop,2026-05-10T23:27:50.000+05:30,YES,23,NO,5,YES
10938,70,1006,59328.1,Nike,ATM WITHDRAWAL,Germany,Laptop,2026-05-14T22:08:57.000+05:30,YES,22,NO,5,YES
11188,66,1032,90122.98,Amazon,ATM WITHDRAWAL,India,Mobile,2026-04-22T14:45:25.000+05:30,YES,14,NO,4,NO
11936,100,1036,99959.76,Amazon,UPI,India,Mobile,2026-04-27T06:41:04.000+05:30,YES,6,NO,4,NO
12140,55,1049,76113.59,Flipkart,NET BANKING,Singapore,ATM,2026-04-23T14:45:25.000+05:30,YES,14,NO,4,YES
12155,8,1093,17699.25,Flipkart,CARD,Singapore,ATM,2026-04-29T13:04:24.000+05:30,NO,13,NO,4,YES
12229,53,1016,21946.21,Amazon,ATM WITHDRAWAL,USA,Laptop,2026-05-05T14:09:44.000+05:30,NO,14,NO,5,YES
12234,72,1014,79526.09,Uber,ATM WITHDRAWAL,USA,Mobile,2026-04-27T14:07:34.000+05:30,YES,14,NO,4,YES
12296,19,1065,86621.46,Swiggy,UPI,Germany,Laptop,2026-05-02T12:45:02.000+05:30,YES,12,NO,5,YES
12493,48,1025,84919.7,Zomato,CARD,India,Laptop,2026-04-27T19:06:00.000+05:30,YES,19,NO,4,NO
12540,24,1028,79954.57,Nike,CARD,India,ATM,2026-05-18T04:32:14.000+05:30,YES,4,YES,5,NO
12874,72,1021,39135.85,Zomato,ATM WITHDRAWAL,UK,ATM,2026-05-04T01:33:40.000+05:30,NO,1,YES,5,YES
13295,50,1145,31419.22,Swiggy,NET BANKING,Singapore,ATM,2026-05-05T07:10:18.000+05:30,NO,7,NO,5,YES
13391,3,1020,86720.76,Zomato,ATM WITHDRAWAL,Germany,Tablet,2026-05-05T03:46:59.000+05:30,YES,3,YES,5,YES
14104,17,1090,70424.35,Swiggy,CARD,USA,Tablet,2026-04-28T07:02:19.000+05:30,YES,7,NO,4,YES
14352,73,1089,36581.49,Zomato,NET BANKING,Singapore,Laptop,2026-05-02T00:50:37.000+05:30,NO,0,YES,5,YES
14606,79,1174,68705.85,Apple Store,CARD,Germany,Laptop,2026-04-24T15:35:50.000+05:30,YES,15,NO,4,YES
14679,53,1178,11445.97,Netflix,UPI,UK,ATM,2026-04-22T19:49:14.000+05:30,NO,19,NO,4,YES
14868,55,1095,59940.4,Amazon,ATM WITHDRAWAL,USA,Laptop,2026-05-13T16:32:14.000+05:30,YES,16,NO,5,YES
15061,84,1155,69353.73,Walmart,CARD,Singapore,ATM,2026-05-01T17:13:48.000+05:30,YES,17,NO,5,YES
15411,69,1142,62057.62,Zomato,UPI,India,ATM,2026-05-10T06:54:19.000+05:30,YES,6,NO,5,NO
16014,86,1046,59079.99,Netflix,ATM WITHDRAWAL,UK,Mobile,2026-04-22T21:16:17.000+05:30,YES,21,NO,4,YES
16410,68,1175,34398.57,Flipkart,CARD,USA,Mobile,2026-05-17T22:55:02.000+05:30,NO,22,NO,5,YES
16756,27,1132,20954.35,Nike,NET BANKING,Germany,Laptop,2026-05-10T07:22:41.000+05:30,NO,7,NO,5,YES
17015,92,1079,46750.85,Netflix,CARD,Singapore,Tablet,2026-04-18T17:51:03.000+05:30,NO,17,NO,4,YES
17182,9,1180,53962.77,Nike,ATM WITHDRAWAL,Singapore,Tablet,2026-04-20T09:26:50.000+05:30,YES,9,NO,4,YES
17482,93,1196,63157.28,Netflix,UPI,India,Tablet,2026-05-07T22:55:19.000+05:30,YES,22,NO,5,NO
18428,15,1026,80218.3,Walmart,UPI,USA,Laptop,2026-05-03T04:25:55.000+05:30,YES,4,YES,5,YES
18437,63,1086,5820.24,Nike,NET BANKING,UK,Laptop,2026-05-01T20:16:51.000+05:30,NO,20,NO,5,YES
10235,91,1160,57467.55,Nike,UPI,USA,Mobile,2026-05-05T07:02:48.000+05:30,YES,7,NO,5,YES
10277,59,1005,40456.65,Nike,CARD,USA,Laptop,2026-05-07T12:36:23.000+05:30,NO,12,NO,5,YES
10370,85,1172,58451.43,Amazon,ATM WITHDRAWAL,UK,Mobile,2026-05-14T01:24:07.000+05:30,YES,1,YES,5,YES
10854,37,1142,76132.78,Nike,ATM WITHDRAWAL,Germany,Laptop,2026-04-28T12:26:16.000+05:30,YES,12,NO,4,YES
10965,49,1121,66859.54,Walmart,NET BANKING,India,Laptop,2026-05-07T12:39:53.000+05:30,YES,12,NO,5,NO
11008,57,1146,95155.44,Uber,ATM WITHDRAWAL,USA,Mobile,2026-04-22T04:28:02.000+05:30,YES,4,YES,4,YES
11134,58,1171,84920.41,Amazon,UPI,Singapore,Mobile,2026-04-25T04:34:59.000+05:30,YES,4,YES,4,YES
11565,56,1117,75301.82,Petrol Pump,NET BANKING,Singapore,Laptop,2026-05-10T00:04:14.000+05:30,YES,0,YES,5,YES
11568,86,1146,96477.17,Flipkart,NET BANKING,USA,ATM,2026-05-11T12:25:43.000+05:30,YES,12,NO,5,YES
11673,57,1031,83150.45,Amazon,NET BANKING,Singapore,Mobile,2026-05-16T16:00:39.000+05:30,YES,16,NO,5,YES
11989,69,1193,55139.01,Walmart,UPI,Singapore,Mobile,2026-05-02T05:23:34.000+05:30,YES,5,YES,5,YES
12097,89,1152,12048.89,Swiggy,NET BANKING,Singapore,Tablet,2026-04-25T23:25:39.000+05:30,NO,23,NO,4,YES
13155,60,1141,84138.2,Walmart,ATM WITHDRAWAL,Singapore,Tablet,2026-05-01T19:47:38.000+05:30,YES,19,NO,5,YES
13242,13,1191,32567.16,Zomato,UPI,USA,Mobile,2026-05-10T01:45:00.000+05:30,NO,1,YES,5,YES
13444,19,1089,22767.48,Apple Store,UPI,UK,ATM,2026-05-05T16:57:54.000+05:30,NO,16,NO,5,YES
13836,16,1199,31797.63,Swiggy,CARD,UK,Mobile,2026-05-17T22:43:59.000+05:30,NO,22,NO,5,YES
13937,55,1178,6325.47,Swiggy,NET BANKING,UK,Tablet,2026-05-06T17:14:51.000+05:30,NO,17,NO,5,YES
14165,80,1195,61233.17,Walmart,ATM WITHDRAWAL,Singapore,Laptop,2026-05-06T00:34:34.000+05:30,YES,0,YES,5,YES
14447,57,1061,68010.01,Amazon,NET BANKING,USA,ATM,2026-05-09T08:12:27.000+05:30,YES,8,NO,5,YES
14901,73,1043,73191.12,Walmart,UPI,Germany,Mobile,2026-05-08T20:16:52.000+05:30,YES,20,NO,5,YES
14911,86,1120,32254.96,Netflix,CARD,UK,ATM,2026-04-18T17:35:45.000+05:30,NO,17,NO,4,YES
14988,55,1110,50711.57,Apple Store,NET BANKING,UK,Mobile,2026-04-22T19:07:52.000+05:30,YES,19,NO,4,YES
15542,91,1042,26328.7,Swiggy,ATM WITHDRAWAL,Singapore,Laptop,2026-04-19T05:32:28.000+05:30,NO,5,YES,4,YES
15661,7,1077,64195.03,Flipkart,NET BANKING,USA,Mobile,2026-04-22T05:26:29.000+05:30,YES,5,YES,4,YES
16727,32,1123,56651.75,Nike,ATM WITHDRAWAL,India,Laptop,2026-04-23T02:10:09.000+05:30,YES,2,YES,4,NO
16819,74,1195,92204.52,Walmart,NET BANKING,Singapore,ATM,2026-04-26T10:29:18.000+05:30,YES,10,NO,4,YES
16923,97,1007,37086.21,Apple Store,ATM WITHDRAWAL,Singapore,Laptop,2026-04-28T13:04:45.000+05:30,NO,13,NO,4,YES
17059,34,1021,70580.32,Petrol Pump,ATM WITHDRAWAL,UK,ATM,2026-05-03T01:04:28.000+05:30,YES,1,YES,5,YES
18253,57,1138,91523.98,Zomato,UPI,Singapore,Mobile,2026-05-14T04:12:44.000+05:30,YES,4,YES,5,YES
18293,49,1179,38226.98,Petrol Pump,ATM WITHDRAWAL,UK,Laptop,2026-05-12T03:00:26.000+05:30,NO,3,YES,5,YES
18418,38,1079,88078.42,Zomato,NET BANKING,India,Tablet,2026-05-04T03:01:22.000+05:30,YES,3,YES,5,NO
18462,99,1085,5373.92,Zomato,NET BANKING,Germany,Mobile,2026-04-30T09:39:45.000+05:30,NO,9,NO,4,YES
18468,74,1106,39190.11,Uber,UPI,UK,ATM,2026-05-07T23:08:03.000+05:30,NO,23,NO,5,YES
18604,6,1078,20241.11,Netflix,UPI,Germany,Mobile,2026-05-13T12:03:34.000+05:30,NO,12,NO,5,YES
18648,43,1014,72898.41,Netflix,NET BANKING,UK,Tablet,2026-04-30T17:26:34.000+05:30,YES,17,NO,4,YES
18792,82,1017,18543.59,Uber,ATM WITHDRAWAL,Germany,Mobile,2026-04-21T19:14:19.000+05:30,NO,19,NO,4,YES
19175,44,1154,79911.5,Flipkart,ATM WITHDRAWAL,Singapore,Tablet,2026-05-17T11:31:18.000+05:30,YES,11,NO,5,YES
19628,23,1188,6689.78,Walmart,CARD,USA,Laptop,2026-05-05T05:41:57.000+05:30,NO,5,YES,5,YES
19655,65,1039,86488.61,Flipkart,ATM WITHDRAWAL,Germany,Tablet,2026-04-20T01:34:22.000+05:30,YES,1,YES,4,YES
19794,52,1032,80886.17,Zomato,ATM WITHDRAWAL,USA,Mobile,2026-05-02T15:05:56.000+05:30,YES,15,NO,5,YES
19829,75,1161,75162.44,Amazon,UPI,Singapore,Laptop,2026-05-06T01:52:12.000+05:30,YES,1,YES,5,YES
19871,26,1039,85478.09,Amazon,UPI,USA,Mobile,2026-05-12T16:11:53.000+05:30,YES,16,NO,5,YES
19912,11,1039,895.54,Zomato,CARD,UK,Laptop,2026-04-20T11:57:25.000+05:30,NO,11,NO,4,YES
10705,19,1167,15517.96,Amazon,CARD,USA,Mobile,2026-05-05T01:39:41.000+05:30,NO,1,YES,5,YES
10955,44,1150,57848.85,Amazon,UPI,UK,ATM,2026-05-03T10:03:43.000+05:30,YES,10,NO,5,YES
11852,78,1186,95635.24,Netflix,CARD,USA,Tablet,2026-05-18T02:40:45.000+05:30,YES,2,YES,5,YES
12080,10,1037,73737.21,Apple Store,CARD,UK,Laptop,2026-04-18T18:50:49.000+05:30,YES,18,NO,4,YES
12158,36,1011,56316.09,Amazon,UPI,India,Tablet,2026-05-08T00:03:30.000+05:30,YES,0,YES,5,NO
12312,18,1008,89486.26,Swiggy,UPI,USA,Laptop,2026-05-07T20:23:44.000+05:30,YES,20,NO,5,YES
12338,93,1055,52308.42,Nike,NET BANKING,UK,Laptop,2026-04-30T16:04:57.000+05:30,YES,16,NO,4,YES
12902,5,1002,74708.37,Petrol Pump,UPI,Singapore,Mobile,2026-05-12T02:26:17.000+05:30,YES,2,YES,5,YES
13697,87,1143,73837.84,Amazon,ATM WITHDRAWAL,India,Tablet,2026-05-13T16:32:35.000+05:30,YES,16,NO,5,NO
14137,79,1019,87499.58,Amazon,NET BANKING,India,ATM,2026-04-30T16:07:24.000+05:30,YES,16,NO,4,NO
14175,63,1161,76065.07,Walmart,NET BANKING,Singapore,Tablet,2026-05-10T10:48:24.000+05:30,YES,10,NO,5,YES
14592,98,1032,80005.25,Flipkart,ATM WITHDRAWAL,UK,Mobile,2026-05-13T13:15:08.000+05:30,YES,13,NO,5,YES
14693,92,1001,28011.36,Swiggy,ATM WITHDRAWAL,USA,Tablet,2026-05-10T09:29:43.000+05:30,NO,9,NO,5,YES
15405,94,1049,1416.1,Nike,ATM WITHDRAWAL,USA,Laptop,2026-05-03T12:12:35.000+05:30,NO,12,NO,5,YES
15533,54,1193,67982.55,Zomato,ATM WITHDRAWAL,India,ATM,2026-04-25T15:03:16.000+05:30,YES,15,NO,4,NO
15710,26,1036,94351.46,Flipkart,CARD,UK,ATM,2026-04-19T10:39:57.000+05:30,YES,10,NO,4,YES
15996,100,1163,15993.73,Walmart,CARD,UK,Laptop,2026-04-26T08:46:04.000+05:30,NO,8,NO,4,YES
16512,36,1105,12432.92,Petrol Pump,UPI,Germany,Laptop,2026-05-17T19:41:39.000+05:30,NO,19,NO,5,YES
16531,23,1144,96427.14,Amazon,CARD,India,Tablet,2026-05-12T23:46:25.000+05:30,YES,23,NO,5,NO
16616,11,1193,38715.74,Netflix,ATM WITHDRAWAL,India,ATM,2026-05-14T03:47:12.000+05:30,NO,3,YES,5,NO
17258,40,1200,80955.91,Flipkart,UPI,USA,Laptop,2026-05-01T09:25:30.000+05:30,YES,9,NO,5,YES
17352,50,1018,52495.08,Nike,ATM WITHDRAWAL,UK,ATM,2026-04-27T02:04:26.000+05:30,YES,2,YES,4,YES
17685,41,1105,66609.44,Flipkart,UPI,India,ATM,2026-05-07T14:54:23.000+05:30,YES,14,NO,5,NO
18372,95,1162,59545.37,Swiggy,CARD,UK,Mobile,2026-04-28T16:08:50.000+05:30,YES,16,NO,4,YES
18923,86,1132,12101.88,Petrol Pump,UPI,USA,ATM,2026-05-06T02:23:39.000+05:30,NO,2,YES,5,YES
19124,5,1032,63354.75,Zomato,NET BANKING,Singapore,Tablet,2026-04-27T09:20:15.000+05:30,YES,9,NO,4,YES
19380,83,1173,50103.6,Swiggy,NET BANKING,India,Tablet,2026-04-19T16:05:52.000+05:30,YES,16,NO,4,NO
19646,24,1154,48529.12,Swiggy,ATM WITHDRAWAL,India,Mobile,2026-05-13T03:29:38.000+05:30,NO,3,YES,5,NO
19697,15,1049,30535.81,Netflix,NET BANKING,Germany,Laptop,2026-04-22T03:23:37.000+05:30,NO,3,YES,4,YES
19855,17,1136,78857.52,Walmart,ATM WITHDRAWAL,Germany,Tablet,2026-05-15T17:15:24.000+05:30,YES,17,NO,5,YES
19947,7,1042,32534.73,Uber,UPI,Germany,Tablet,2026-04-25T06:39:11.000+05:30,NO,6,NO,4,YES
10416,67,1049,29881.61,Walmart,ATM WITHDRAWAL,USA,Tablet,2026-04-19T17:16:21.000+05:30,NO,17,NO,4,YES
11068,44,1092,17917.65,Zomato,CARD,UK,Laptop,2026-05-05T14:11:30.000+05:30,NO,14,NO,5,YES
11110,21,1037,16915.7,Nike,CARD,Germany,Tablet,2026-05-15T13:49:03.000+05:30,NO,13,NO,5,YES
11176,100,1094,87795.97,Zomato,UPI,USA,Tablet,2026-05-02T22:54:56.000+05:30,YES,22,NO,5,YES
11470,8,1125,71757.33,Netflix,NET BANKING,UK,Tablet,2026-05-14T17:44:19.000+05:30,YES,17,NO,5,YES
11563,100,1015,36838.82,Amazon,ATM WITHDRAWAL,UK,Mobile,2026-04-22T06:18:14.000+05:30,NO,6,NO,4,YES
11887,3,1177,69446.68,Flipkart,UPI,Singapore,Tablet,2026-04-25T01:50:08.000+05:30,YES,1,YES,4,YES
12034,29,1150,19252.47,Petrol Pump,ATM WITHDRAWAL,USA,ATM,2026-04-26T06:08:11.000+05:30,NO,6,NO,4,YES
12126,68,1049,2769.68,Netflix,ATM WITHDRAWAL,Singapore,Tablet,2026-04-20T21:00:28.000+05:30,NO,21,NO,4,YES
12183,63,1067,28166.11,Zomato,CARD,Singapore,Laptop,2026-05-14T16:56:50.000+05:30,NO,16,NO,5,YES
12238,62,1073,81950.63,Uber,UPI,Singapore,ATM,2026-04-26T20:21:46.000+05:30,YES,20,NO,4,YES
12641,83,1023,85070.58,Apple Store,UPI,India,Mobile,2026-04-22T12:36:05.000+05:30,YES,12,NO,4,NO
12766,10,1060,67837.76,Swiggy,UPI,Germany,Tablet,2026-04-30T08:25:26.000+05:30,YES,8,NO,4,YES
14119,55,1114,3979.73,Zomato,CARD,USA,Mobile,2026-05-02T01:06:07.000+05:30,NO,1,YES,5,YES
14764,11,1086,74678.98,Amazon,CARD,Singapore,ATM,2026-05-11T22:31:52.000+05:30,YES,22,NO,5,YES
15472,22,1124,39475.31,Nike,NET BANKING,UK,Mobile,2026-05-02T01:16:03.000+05:30,NO,1,YES,5,YES
15511,60,1125,22440.47,Uber,UPI,USA,Mobile,2026-04-25T19:21:16.000+05:30,NO,19,NO,4,YES
15570,34,1013,17634.81,Netflix,UPI,Singapore,Mobile,2026-05-18T13:00:01.000+05:30,NO,13,NO,5,YES
15645,52,1068,92799.92,Petrol Pump,CARD,USA,Laptop,2026-04-27T01:41:33.000+05:30,YES,1,YES,4,YES
15659,35,1091,32198.3,Netflix,CARD,UK,Laptop,2026-05-04T19:57:37.000+05:30,NO,19,NO,5,YES
15662,9,1045,17201.14,Swiggy,NET BANKING,Singapore,Mobile,2026-04-29T05:21:49.000+05:30,NO,5,YES,4,YES
15958,64,1020,69677.85,Amazon,UPI,USA,Tablet,2026-05-15T18:25:09.000+05:30,YES,18,NO,5,YES
17327,11,1015,84677.87,Zomato,NET BANKING,Singapore,ATM,2026-05-03T02:43:44.000+05:30,YES,2,YES,5,YES
18185,70,1139,8435.49,Swiggy,UPI,Germany,Laptop,2026-05-02T09:58:41.000+05:30,NO,9,NO,5,YES
18297,9,1146,95930.11,Nike,UPI,India,ATM,2026-04-25T01:31:28.000+05:30,YES,1,YES,4,NO
18949,2,1190,80669.02,Nike,NET BANKING,Germany,Tablet,2026-05-09T06:14:22.000+05:30,YES,6,NO,5,YES
19013,16,1040,75388.45,Apple Store,UPI,Singapore,Tablet,2026-04-28T08:36:12.000+05:30,YES,8,NO,4,YES
19484,79,1185,96347.2,Walmart,NET BANKING,Germany,Laptop,2026-05-02T11:38:54.000+05:30,YES,11,NO,5,YES
19766,51,1029,68743.29,Uber,UPI,Germany,ATM,2026-05-13T17:29:41.000+05:30,YES,17,NO,5,YES
10186,20,1085,90513.68,Nike,UPI,Singapore,Laptop,2026-04-30T07:17:33.000+05:30,YES,7,NO,4,YES
11760,18,1171,77047.61,Apple Store,CARD,UK,Laptop,2026-04-19T12:10:53.000+05:30,YES,12,NO,4,YES
12122,60,1075,82533.3,Walmart,ATM WITHDRAWAL,Singapore,Tablet,2026-04-25T00:26:06.000+05:30,YES,0,YES,4,YES
12646,43,1018,54410.04,Amazon,NET BANKING,USA,Laptop,2026-04-23T18:12:49.000+05:30,YES,18,NO,4,YES
12675,25,1063,65569.9,Netflix,CARD,Singapore,Tablet,2026-05-13T15:28:48.000+05:30,YES,15,NO,5,YES
12968,27,1198,84504.82,Nike,NET BANKING,UK,Laptop,2026-04-19T07:26:16.000+05:30,YES,7,NO,4,YES
13433,78,1166,31584.63,Uber,NET BANKING,Singapore,Mobile,2026-05-16T18:03:04.000+05:30,NO,18,NO,5,YES
13499,66,1195,83714.43,Uber,CARD,USA,ATM,2026-04-20T03:48:05.000+05:30,YES,3,YES,4,YES
13741,13,1096,96187.11,Apple Store,UPI,Germany,ATM,2026-05-03T05:03:19.000+05:30,YES,5,YES,5,YES
13781,64,1180,71223.85,Apple Store,NET BANKING,India,Tablet,2026-05-04T01:02:48.000+05:30,YES,1,YES,5,NO
13955,78,1168,93347.21,Apple Store,ATM WITHDRAWAL,Singapore,Laptop,2026-04-25T18:38:43.000+05:30,YES,18,NO,4,YES
13993,14,1082,9420.27,Flipkart,UPI,USA,Tablet,2026-04-21T00:39:03.000+05:30,NO,0,YES,4,YES
14057,36,1135,50014.88,Amazon,UPI,USA,Laptop,2026-05-07T03:21:50.000+05:30,YES,3,YES,5,YES
14195,19,1196,71576.87,Apple Store,UPI,Singapore,ATM,2026-05-04T08:36:01.000+05:30,YES,8,NO,5,YES
14307,42,1193,24892.89,Netflix,CARD,UK,Laptop,2026-04-24T07:11:37.000+05:30,NO,7,NO,4,YES
14409,7,1157,28676.49,Swiggy,NET BANKING,UK,Tablet,2026-04-29T20:37:07.000+05:30,NO,20,NO,4,YES
14833,76,1079,15550.39,Netflix,NET BANKING,UK,Tablet,2026-05-04T13:52:12.000+05:30,NO,13,NO,5,YES
15081,76,1069,37547.65,Walmart,NET BANKING,UK,Laptop,2026-04-23T04:42:56.000+05:30,NO,4,YES,4,YES
15098,68,1115,57907.83,Flipkart,CARD,India,Laptop,2026-04-25T11:33:23.000+05:30,YES,11,NO,4,NO
15308,37,1116,10087.98,Uber,CARD,Germany,Mobile,2026-04-22T23:10:57.000+05:30,NO,23,NO,4,YES
16127,79,1159,20709.9,Swiggy,ATM WITHDRAWAL,USA,Tablet,2026-05-09T11:23:23.000+05:30,NO,11,NO,5,YES
16178,83,1123,52263.37,Walmart,CARD,Germany,Laptop,2026-04-23T10:12:28.000+05:30,YES,10,NO,4,YES
16208,82,1183,34571.14,Petrol Pump,ATM WITHDRAWAL,UK,Laptop,2026-04-20T14:44:34.000+05:30,NO,14,NO,4,YES
16614,70,1189,57936.56,Flipkart,CARD,UK,Mobile,2026-04-19T12:15:44.000+05:30,YES,12,NO,4,YES
17227,20,1078,46779.12,Netflix,CARD,Singapore,Laptop,2026-04-24T23:37:11.000+05:30,NO,23,NO,4,YES
17319,22,1185,18749.98,Apple Store,ATM WITHDRAWAL,UK,ATM,2026-04-24T23:21:15.000+05:30,NO,23,NO,4,YES
17323,86,1126,42346.11,Uber,ATM WITHDRAWAL,Singapore,Tablet,2026-04-26T07:32:04.000+05:30,NO,7,NO,4,YES
18103,57,1143,15287.9,Petrol Pump,NET BANKING,Singapore,ATM,2026-05-13T10:13:42.000+05:30,NO,10,NO,5,YES
18178,70,1126,72857.49,Amazon,CARD,UK,Laptop,2026-05-05T00:31:47.000+05:30,YES,0,YES,5,YES
18238,1,1003,93494.63,Uber,ATM WITHDRAWAL,Germany,ATM,2026-05-02T20:12:00.000+05:30,YES,20,NO,5,YES
19183,71,1172,62252.9,Nike,CARD,UK,Mobile,2026-04-20T22:05:57.000+05:30,YES,22,NO,4,YES
10138,28,1098,77123.86,Netflix,ATM WITHDRAWAL,India,Laptop,2026-05-11T01:07:26.000+05:30,YES,1,YES,5,NO
10217,88,1092,94068.78,Apple Store,UPI,Germany,Tablet,2026-04-22T13:37:53.000+05:30,YES,13,NO,4,YES
10585,17,1044,59962.06,Flipkart,NET BANKING,Germany,Laptop,2026-05-01T06:11:21.000+05:30,YES,6,NO,5,YES
10667,32,1046,85978.29,Netflix,NET BANKING,USA,Laptop,2026-04-19T16:58:29.000+05:30,YES,16,NO,4,YES
11018,37,1107,74582.41,Netflix,CARD,Singapore,ATM,2026-05-01T00:41:08.000+05:30,YES,0,YES,5,YES
11025,24,1078,85431.99,Walmart,ATM WITHDRAWAL,Germany,Mobile,2026-05-06T04:56:00.000+05:30,YES,4,YES,5,YES
12043,52,1026,11018.27,Zomato,NET BANKING,Germany,ATM,2026-05-11T13:32:16.000+05:30,NO,13,NO,5,YES
12219,80,1017,75318.54,Amazon,ATM WITHDRAWAL,Singapore,Laptop,2026-04-23T12:15:24.000+05:30,YES,12,NO,4,YES
12618,97,1048,36982.05,Zomato,ATM WITHDRAWAL,UK,Tablet,2026-05-11T06:30:21.000+05:30,NO,6,NO,5,YES
12719,100,1086,25510.4,Walmart,CARD,UK,ATM,2026-05-06T03:24:56.000+05:30,NO,3,YES,5,YES
12806,34,1084,61426.14,Netflix,UPI,UK,Laptop,2026-05-17T06:49:20.000+05:30,YES,6,NO,5,YES
13945,70,1094,97417.41,Flipkart,ATM WITHDRAWAL,USA,Tablet,2026-05-07T12:45:13.000+05:30,YES,12,NO,5,YES
14087,35,1018,61201.39,Walmart,NET BANKING,Singapore,Tablet,2026-04-30T02:27:28.000+05:30,YES,2,YES,4,YES
14092,59,1120,29467.1,Petrol Pump,ATM WITHDRAWAL,USA,Tablet,2026-05-18T09:35:19.000+05:30,NO,9,NO,5,YES
14163,69,1126,88624.57,Swiggy,CARD,Germany,Laptop,2026-04-27T17:58:41.000+05:30,YES,17,NO,4,YES
14531,25,1158,61087.25,Uber,ATM WITHDRAWAL,India,Laptop,2026-05-01T07:25:17.000+05:30,YES,7,NO,5,NO
14568,87,1014,77981.17,Nike,NET BANKING,UK,Laptop,2026-04-30T02:25:01.000+05:30,YES,2,YES,4,YES
14834,79,1190,19355.23,Petrol Pump,ATM WITHDRAWAL,USA,Laptop,2026-04-24T17:16:30.000+05:30,NO,17,NO,4,YES
14877,87,1049,50450.14,Petrol Pump,ATM WITHDRAWAL,India,Mobile,2026-05-11T22:56:38.000+05:30,YES,22,NO,5,NO
14908,35,1093,96301.87,Netflix,CARD,USA,ATM,2026-05-16T12:53:15.000+05:30,YES,12,NO,5,YES
15130,38,1015,42986.04,Swiggy,CARD,USA,Laptop,2026-05-04T06:29:50.000+05:30,NO,6,NO,5,YES
15198,47,1185,75710.37,Petrol Pump,ATM WITHDRAWAL,Germany,Tablet,2026-04-28T16:42:26.000+05:30,YES,16,NO,4,YES
15420,91,1055,62863.08,Petrol Pump,UPI,India,Tablet,2026-04-19T07:24:46.000+05:30,YES,7,NO,4,NO
16012,98,1038,87821.47,Netflix,UPI,India,Mobile,2026-05-06T22:33:07.000+05:30,YES,22,NO,5,NO
16365,5,1182,15494.76,Walmart,UPI,Singapore,Laptop,2026-05-02T13:45:25.000+05:30,NO,13,NO,5,YES
16982,99,1018,49697.06,Flipkart,ATM WITHDRAWAL,USA,Tablet,2026-04-23T10:39:02.000+05:30,NO,10,NO,4,YES
16998,31,1068,69609.15,Petrol Pump,CARD,Singapore,Laptop,2026-04-29T19:17:59.000+05:30,YES,19,NO,4,YES
17039,1,1049,74433.93,Netflix,UPI,Singapore,Laptop,2026-05-08T06:53:27.000+05:30,YES,6,NO,5,YES
17335,90,1150,2132.35,Amazon,CARD,UK,Tablet,2026-05-12T12:51:32.000+05:30,NO,12,NO,5,YES
17771,40,1194,83927.42,Nike,ATM WITHDRAWAL,UK,Tablet,2026-04-25T10:26:12.000+05:30,YES,10,NO,4,YES
18482,90,1178,13777.27,Amazon,NET BANKING,Germany,Tablet,2026-05-14T11:34:56.000+05:30,NO,11,NO,5,YES
18514,82,1172,62075.71,Swiggy,UPI,Singapore,Laptop,2026-05-14T11:35:54.000+05:30,YES,11,NO,5,YES
18828,79,1146,39079.08,Netflix,ATM WITHDRAWAL,USA,Tablet,2026-05-05T22:46:11.000+05:30,NO,22,NO,5,YES
19701,61,1058,66774.02,Apple Store,ATM WITHDRAWAL,USA,Mobile,2026-05-07T19:54:30.000+05:30,YES,19,NO,5,YES
19734,31,1125,63680.95,Petrol Pump,ATM WITHDRAWAL,Germany,Tablet,2026-04-24T19:23:44.000+05:30,YES,19,NO,4,YES
19924,38,1116,74837.13,Petrol Pump,ATM WITHDRAWAL,UK,Mobile,2026-05-14T23:30:36.000+05:30,YES,23,NO,5,YES
10595,43,1103,3195.25,Apple Store,NET BANKING,Germany,Tablet,2026-04-27T15:55:48.000+05:30,NO,15,NO,4,YES
11082,76,1194,57834.25,Amazon,NET BANKING,Germany,ATM,2026-05-07T04:26:11.000+05:30,YES,4,YES,5,YES
11638,91,1027,20539.24,Amazon,UPI,Singapore,Mobile,2026-05-14T11:25:33.000+05:30,NO,11,NO,5,YES
12014,87,1062,83208.22,Uber,UPI,Germany,Tablet,2026-05-12T14:56:36.000+05:30,YES,14,NO,5,YES
12223,62,1095,3788.97,Uber,NET BANKING,India,Mobile,2026-05-14T00:20:39.000+05:30,NO,0,YES,5,NO
13158,20,1151,65957.85,Petrol Pump,CARD,USA,Tablet,2026-04-21T16:57:49.000+05:30,YES,16,NO,4,YES
13586,36,1177,66459.82,Nike,ATM WITHDRAWAL,Germany,Mobile,2026-05-16T23:12:56.000+05:30,YES,23,NO,5,YES
13753,94,1013,23121.54,Walmart,UPI,Singapore,Mobile,2026-05-03T07:30:51.000+05:30,NO,7,NO,5,YES
13853,65,1175,59088.87,Walmart,CARD,UK,Tablet,2026-05-13T09:55:56.000+05:30,YES,9,NO,5,YES
14061,8,1194,61627.13,Swiggy,CARD,Singapore,Tablet,2026-04-26T04:57:34.000+05:30,YES,4,YES,4,YES
14507,48,1194,75936.72,Swiggy,CARD,India,Mobile,2026-04-23T05:19:47.000+05:30,YES,5,YES,4,NO
14545,6,1081,10552.29,Uber,CARD,USA,Mobile,2026-05-06T08:46:23.000+05:30,NO,8,NO,5,YES
14565,23,1074,54273.63,Walmart,UPI,India,Mobile,2026-04-19T16:49:09.000+05:30,YES,16,NO,4,NO
14943,26,1074,12045.41,Zomato,NET BANKING,Germany,Mobile,2026-05-01T02:53:20.000+05:30,NO,2,YES,5,YES
15013,26,1171,98531.22,Flipkart,ATM WITHDRAWAL,UK,Mobile,2026-04-30T14:04:45.000+05:30,YES,14,NO,4,YES
15210,33,1150,84470.03,Petrol Pump,NET BANKING,India,Tablet,2026-05-07T02:18:49.000+05:30,YES,2,YES,5,NO
15232,100,1125,92648.67,Zomato,UPI,Singapore,Mobile,2026-04-22T08:14:07.000+05:30,YES,8,NO,4,YES
15516,40,1180,91239.62,Flipkart,CARD,Germany,Mobile,2026-05-18T11:50:48.000+05:30,YES,11,NO,5,YES
15640,38,1067,64748.76,Walmart,ATM WITHDRAWAL,India,ATM,2026-05-09T21:12:17.000+05:30,YES,21,NO,5,NO
15999,26,1179,21874.41,Petrol Pump,ATM WITHDRAWAL,Germany,Tablet,2026-05-10T09:00:02.000+05:30,NO,9,NO,5,YES
16027,53,1093,27215.54,Swiggy,UPI,USA,Mobile,2026-04-30T01:16:03.000+05:30,NO,1,YES,4,YES
16613,72,1049,14362.58,Walmart,CARD,Singapore,Laptop,2026-05-17T10:45:46.000+05:30,NO,10,NO,5,YES
16887,66,1121,52782.22,Apple Store,NET BANKING,UK,ATM,2026-05-05T18:01:14.000+05:30,YES,18,NO,5,YES
17079,27,1024,89110.23,Walmart,ATM WITHDRAWAL,USA,Laptop,2026-05-09T18:06:51.000+05:30,YES,18,NO,5,YES
17593,66,1166,62850.9,Amazon,UPI,Germany,Mobile,2026-05-15T12:40:12.000+05:30,YES,12,NO,5,YES
17635,98,1078,87034.65,Amazon,CARD,UK,Laptop,2026-05-11T22:19:39.000+05:30,YES,22,NO,5,YES
17847,69,1158,45742.83,Zomato,NET BANKING,India,Laptop,2026-05-01T00:54:26.000+05:30,NO,0,YES,5,NO
17875,8,1133,57689.94,Petrol Pump,NET BANKING,Germany,Mobile,2026-05-06T11:56:54.000+05:30,YES,11,NO,5,YES
17979,97,1073,63144.11,Uber,UPI,Singapore,Laptop,2026-05-01T13:22:06.000+05:30,YES,13,NO,5,YES
18018,63,1040,76298.64,Uber,CARD,Singapore,Tablet,2026-05-06T18:24:53.000+05:30,YES,18,NO,5,YES
18581,82,1013,12933.29,Nike,NET BANKING,USA,Mobile,2026-05-14T10:49:14.000+05:30,NO,10,NO,5,YES
18618,14,1105,33626.09,Zomato,UPI,Singapore,Mobile,2026-05-07T05:15:21.000+05:30,NO,5,YES,5,YES
18641,1,1088,21510.73,Nike,NET BANKING,Singapore,Laptop,2026-05-06T07:37:06.000+05:30,NO,7,NO,5,YES
18822,45,1014,65122.69,Zomato,CARD,Singapore,Laptop,2026-05-14T14:59:02.000+05:30,YES,14,NO,5,YES
19204,18,1156,34294.38,Uber,UPI,USA,Mobile,2026-04-30T11:09:42.000+05:30,NO,11,NO,4,YES
19254,30,1136,62765.61,Uber,UPI,Singapore,Mobile,2026-04-28T06:36:39.000+05:30,YES,6,NO,4,YES
19504,58,1022,90272.27,Amazon,CARD,Singapore,Tablet,2026-05-12T12:47:52.000+05:30,YES,12,NO,5,YES
19856,17,1007,80631.76,Amazon,UPI,USA,ATM,2026-05-10T19:50:38.000+05:30,YES,19,NO,5,YES
10263,3,1105,36112.04,Swiggy,ATM WITHDRAWAL,Germany,ATM,2026-04-25T19:27:09.000+05:30,NO,19,NO,4,YES
10346,62,1041,78605.9,Nike,NET BANKING,UK,Tablet,2026-04-29T08:39:15.000+05:30,YES,8,NO,4,YES
11040,10,1054,60550.75,Zomato,CARD,Singapore,Tablet,2026-05-03T19:42:49.000+05:30,YES,19,NO,5,YES
11734,52,1144,51672.29,Amazon,CARD,UK,ATM,2026-05-08T08:22:22.000+05:30,YES,8,NO,5,YES
12285,75,1056,54968.91,Swiggy,UPI,USA,Tablet,2026-05-08T23:40:55.000+05:30,YES,23,NO,5,YES
12451,66,1111,56941.38,Amazon,CARD,Germany,Mobile,2026-05-08T19:09:30.000+05:30,YES,19,NO,5,YES
12669,43,1117,68685.73,Apple Store,CARD,UK,Mobile,2026-05-14T06:33:34.000+05:30,YES,6,NO,5,YES
12724,91,1155,85459.35,Uber,CARD,USA,Mobile,2026-04-24T22:16:34.000+05:30,YES,22,NO,4,YES
13113,82,1115,81577.47,Nike,CARD,UK,Mobile,2026-05-03T03:19:45.000+05:30,YES,3,YES,5,YES
13229,26,1077,83014.85,Flipkart,NET BANKING,Singapore,ATM,2026-04-20T09:51:57.000+05:30,YES,9,NO,4,YES
13275,56,1183,33680.48,Petrol Pump,ATM WITHDRAWAL,USA,Mobile,2026-05-09T21:53:36.000+05:30,NO,21,NO,5,YES
13379,84,1001,87838.88,Nike,UPI,India,Laptop,2026-05-03T08:02:33.000+05:30,YES,8,NO,5,NO
13446,78,1040,28672.58,Petrol Pump,CARD,Singapore,Laptop,2026-05-17T22:04:41.000+05:30,NO,22,NO,5,YES
14515,74,1100,31794.54,Swiggy,CARD,Germany,ATM,2026-05-12T08:28:22.000+05:30,NO,8,NO,5,YES
14526,43,1193,81233.69,Netflix,CARD,Germany,Laptop,2026-05-01T10:01:11.000+05:30,YES,10,NO,5,YES
14539,71,1166,8752.65,Netflix,CARD,USA,Mobile,2026-04-30T01:13:15.000+05:30,NO,1,YES,4,YES
14766,66,1053,86104.23,Flipkart,ATM WITHDRAWAL,India,Laptop,2026-05-12T19:52:47.000+05:30,YES,19,NO,5,NO
14955,12,1098,45284.81,Uber,ATM WITHDRAWAL,UK,Laptop,2026-04-24T23:30:12.000+05:30,NO,23,NO,4,YES
15001,7,1091,44395.24,Petrol Pump,NET BANKING,Germany,Tablet,2026-05-16T20:04:04.000+05:30,NO,20,NO,5,YES
15078,58,1044,76444.4,Apple Store,UPI,India,Laptop,2026-04-21T04:18:03.000+05:30,YES,4,YES,4,NO
15114,78,1185,53806.24,Nike,UPI,UK,Laptop,2026-05-10T11:47:33.000+05:30,YES,11,NO,5,YES
15202,69,1185,40575.08,Amazon,NET BANKING,Singapore,Mobile,2026-05-17T22:35:33.000+05:30,NO,22,NO,5,YES
15203,73,1199,59717.06,Netflix,NET BANKING,UK,Tablet,2026-04-29T21:05:44.000+05:30,YES,21,NO,4,YES
15261,65,1187,45717.71,Walmart,UPI,India,Tablet,2026-05-05T04:59:29.000+05:30,NO,4,YES,5,NO
15723,80,1187,54727.05,Amazon,UPI,USA,ATM,2026-05-14T15:43:25.000+05:30,YES,15,NO,5,YES
15763,52,1092,88151.17,Uber,CARD,Singapore,ATM,2026-05-13T00:15:05.000+05:30,YES,0,YES,5,YES
15781,7,1181,65580.84,Nike,NET BANKING,India,Laptop,2026-05-03T21:43:23.000+05:30,YES,21,NO,5,NO
15871,14,1040,82281.87,Flipkart,CARD,USA,Laptop,2026-04-26T19:44:12.000+05:30,YES,19,NO,4,YES
15872,11,1089,35933.74,Petrol Pump,UPI,UK,Laptop,2026-05-06T20:15:39.000+05:30,NO,20,NO,5,YES
16083,26,1014,47910.96,Netflix,ATM WITHDRAWAL,Germany,Tablet,2026-05-04T05:07:37.000+05:30,NO,5,YES,5,YES
16190,59,1170,14012.56,Swiggy,NET BANKING,Singapore,Mobile,2026-05-18T12:10:42.000+05:30,NO,12,NO,5,YES
16263,49,1058,98678.99,Nike,CARD,Singapore,Laptop,2026-04-25T23:45:59.000+05:30,YES,23,NO,4,YES
16328,68,1096,77590.14,Uber,ATM WITHDRAWAL,UK,Tablet,2026-04-18T19:35:31.000+05:30,YES,19,NO,4,YES
16347,39,1139,1225.59,Apple Store,NET BANKING,Singapore,ATM,2026-05-12T13:58:27.000+05:30,NO,13,NO,5,YES
16715,2,1017,65614.41,Amazon,CARD,India,Tablet,2026-05-01T00:31:41.000+05:30,YES,0,YES,5,NO
17139,91,1176,16585.05,Swiggy,ATM WITHDRAWAL,USA,Laptop,2026-04-19T00:59:09.000+05:30,NO,0,YES,4,YES
17647,98,1149,95911.54,Zomato,ATM WITHDRAWAL,USA,ATM,2026-05-18T08:32:43.000+05:30,YES,8,NO,5,YES
17756,57,1094,48449.53,Nike,UPI,India,Mobile,2026-05-03T01:41:51.000+05:30,NO,1,YES,5,NO
17787,76,1039,89929.95,Nike,CARD,Singapore,Laptop,2026-04-22T08:47:30.000+05:30,YES,8,NO,4,YES
17917,11,1015,94127.95,Netflix,ATM WITHDRAWAL,Singapore,Tablet,2026-04-26T05:34:17.000+05:30,YES,5,YES,4,YES
17930,96,1153,37079.79,Zomato,NET BANKING,USA,ATM,2026-05-09T16:54:02.000+05:30,NO,16,NO,5,YES
18592,46,1083,40048.97,Flipkart,NET BANKING,Singapore,ATM,2026-05-05T07:47:16.000+05:30,NO,7,NO,5,YES
18606,51,1078,64950.44,Petrol Pump,NET BANKING,USA,Tablet,2026-05-11T12:33:12.000+05:30,YES,12,NO,5,YES
18755,80,1133,81040.03,Swiggy,CARD,India,Mobile,2026-05-16T20:37:27.000+05:30,YES,20,NO,5,NO
19073,49,1048,76194.72,Amazon,UPI,Germany,Mobile,2026-05-10T22:50:18.000+05:30,YES,22,NO,5,YES
19261,61,1044,26710.12,Uber,UPI,USA,Laptop,2026-04-23T21:19:25.000+05:30,NO,21,NO,4,YES
19685,97,1164,23278.49,Netflix,UPI,USA,Tablet,2026-05-05T00:52:26.000+05:30,NO,0,YES,5,YES
19976,8,1098,25086.67,Petrol Pump,NET BANKING,USA,Laptop,2026-04-27T20:51:38.000+05:30,NO,20,NO,4,YES
10112,36,1130,95588.73,Zomato,ATM WITHDRAWAL,India,Tablet,2026-05-02T00:47:48.000+05:30,YES,0,YES,5,NO
10819,8,1117,34706.56,Uber,ATM WITHDRAWAL,Singapore,ATM,2026-05-11T04:56:22.000+05:30,NO,4,YES,5,YES
11072,48,1069,5988.28,Amazon,ATM WITHDRAWAL,India,Laptop,2026-05-04T04:36:28.000+05:30,NO,4,YES,5,NO
11528,45,1200,61338.48,Swiggy,CARD,Germany,Tablet,2026-04-28T09:39:09.000+05:30,YES,9,NO,4,YES
11927,64,1049,12241.71,Amazon,NET BANKING,Germany,Mobile,2026-04-25T07:35:25.000+05:30,NO,7,NO,4,YES
11946,94,1011,63493.83,Amazon,ATM WITHDRAWAL,Singapore,Laptop,2026-05-14T10:21:32.000+05:30,YES,10,NO,5,YES
12260,95,1197,52316.31,Petrol Pump,CARD,Singapore,ATM,2026-05-05T23:44:46.000+05:30,YES,23,NO,5,YES
12813,63,1170,83580.96,Uber,UPI,Singapore,Tablet,2026-04-20T03:44:03.000+05:30,YES,3,YES,4,YES
12914,67,1187,49640.86,Petrol Pump,ATM WITHDRAWAL,UK,Laptop,2026-05-17T14:32:41.000+05:30,NO,14,NO,5,YES
13035,25,1104,76676.08,Zomato,CARD,USA,Mobile,2026-05-01T05:13:04.000+05:30,YES,5,YES,5,YES
13105,26,1157,76363.45,Zomato,UPI,USA,Mobile,2026-04-26T10:09:36.000+05:30,YES,10,NO,4,YES
13286,58,1108,22189.38,Uber,CARD,Singapore,ATM,2026-05-17T15:01:53.000+05:30,NO,15,NO,5,YES
13826,72,1166,8782.62,Swiggy,UPI,USA,ATM,2026-05-13T16:15:50.000+05:30,NO,16,NO,5,YES
14003,81,1189,96669.9,Amazon,CARD,India,Tablet,2026-04-27T03:50:38.000+05:30,YES,3,YES,4,NO
14260,100,1065,77478.97,Petrol Pump,ATM WITHDRAWAL,USA,Mobile,2026-04-24T10:50:28.000+05:30,YES,10,NO,4,YES
14471,62,1109,89275.31,Zomato,UPI,USA,Tablet,2026-04-24T17:46:51.000+05:30,YES,17,NO,4,YES
14891,6,1118,95054.59,Petrol Pump,ATM WITHDRAWAL,India,Tablet,2026-05-16T21:08:07.000+05:30,YES,21,NO,5,NO
14994,85,1121,87612.41,Zomato,UPI,Singapore,ATM,2026-05-16T10:01:39.000+05:30,YES,10,NO,5,YES
15154,3,1113,7033.19,Amazon,ATM WITHDRAWAL,UK,Tablet,2026-05-14T05:01:19.000+05:30,NO,5,YES,5,YES
15240,38,1145,72257.77,Swiggy,CARD,Germany,ATM,2026-05-02T02:19:00.000+05:30,YES,2,YES,5,YES
15303,9,1124,97576.81,Walmart,CARD,USA,ATM,2026-04-26T23:22:05.000+05:30,YES,23,NO,4,YES
15344,69,1124,69077.17,Uber,ATM WITHDRAWAL,Singapore,Mobile,2026-04-27T20:40:09.000+05:30,YES,20,NO,4,YES
15371,49,1062,4644.19,Nike,UPI,USA,Laptop,2026-05-17T23:13:40.000+05:30,NO,23,NO,5,YES
15591,55,1022,28617.53,Netflix,ATM WITHDRAWAL,UK,Laptop,2026-05-11T02:24:01.000+05:30,NO,2,YES,5,YES
15630,57,1190,7026.84,Amazon,CARD,UK,Mobile,2026-05-07T03:46:18.000+05:30,NO,3,YES,5,YES
15728,65,1009,90798.36,Zomato,ATM WITHDRAWAL,Singapore,Tablet,2026-05-11T18:26:40.000+05:30,YES,18,NO,5,YES
16150,60,1048,47463.9,Petrol Pump,UPI,Germany,Laptop,2026-04-29T09:15:11.000+05:30,NO,9,NO,4,YES
16745,37,1056,11835.81,Flipkart,ATM WITHDRAWAL,Germany,Laptop,2026-04-22T10:22:23.000+05:30,NO,10,NO,4,YES
16752,9,1200,84851.62,Nike,UPI,UK,Tablet,2026-04-24T03:25:38.000+05:30,YES,3,YES,4,YES
16786,72,1156,39038.84,Flipkart,ATM WITHDRAWAL,UK,Mobile,2026-05-15T08:09:26.000+05:30,NO,8,NO,5,YES
16931,95,1156,41574.49,Swiggy,UPI,Singapore,Laptop,2026-05-13T22:44:06.000+05:30,NO,22,NO,5,YES
17030,49,1192,11498.11,Uber,CARD,UK,Laptop,2026-05-18T06:19:40.000+05:30,NO,6,NO,5,YES
17164,3,1121,55522.76,Apple Store,CARD,USA,Tablet,2026-05-06T17:24:32.000+05:30,YES,17,NO,5,YES
17180,14,1055,66232.12,Nike,NET BANKING,Germany,Tablet,2026-04-29T16:40:51.000+05:30,YES,16,NO,4,YES
17375,88,1124,26028.01,Zomato,ATM WITHDRAWAL,Germany,Mobile,2026-05-13T14:49:19.000+05:30,NO,14,NO,5,YES
17438,52,1081,51232.35,Amazon,ATM WITHDRAWAL,Germany,Tablet,2026-05-02T02:31:05.000+05:30,YES,2,YES,5,YES
17632,30,1121,51384.76,Netflix,CARD,India,Mobile,2026-04-19T20:47:19.000+05:30,YES,20,NO,4,NO
17725,67,1006,86251.05,Flipkart,UPI,Singapore,Tablet,2026-04-20T08:23:20.000+05:30,YES,8,NO,4,YES
17923,69,1087,84256.07,Amazon,NET BANKING,India,ATM,2026-05-07T08:24:04.000+05:30,YES,8,NO,5,NO
17969,78,1061,248.17,Uber,UPI,Germany,Laptop,2026-05-06T09:01:30.000+05:30,NO,9,NO,5,YES
18175,77,1108,15689.38,Uber,CARD,Singapore,Mobile,2026-04-24T20:51:31.000+05:30,NO,20,NO,4,YES
18272,1,1170,3724.23,Amazon,ATM WITHDRAWAL,UK,Mobile,2026-05-07T01:18:52.000+05:30,NO,1,YES,5,YES
18864,10,1129,75553.07,Zomato,ATM WITHDRAWAL,USA,Mobile,2026-05-11T01:09:54.000+05:30,YES,1,YES,5,YES
19034,7,1118,78618.17,Walmart,NET BANKING,USA,Laptop,2026-04-30T11:47:13.000+05:30,YES,11,NO,4,YES
19251,75,1180,4279.42,Amazon,ATM WITHDRAWAL,Singapore,Tablet,2026-05-14T13:32:08.000+05:30,NO,13,NO,5,YES
19753,51,1190,72038.42,Uber,CARD,Germany,Laptop,2026-05-05T14:56:02.000+05:30,YES,14,NO,5,YES
19879,78,1063,58643.5,Netflix,UPI,USA,Mobile,2026-05-08T14:40:09.000+05:30,YES,14,NO,5,YES
19964,24,1074,18652.92,Apple Store,NET BANKING,USA,Tablet,2026-05-03T13:10:09.000+05:30,NO,13,NO,5,YES
19966,22,1050,47308.8,Netflix,NET BANKING,India,Mobile,2026-05-06T04:02:13.000+05:30,NO,4,YES,5,NO
10059,77,1120,75480.46,Apple Store,CARD,Germany,Mobile,2026-05-02T01:15:00.000+05:30,YES,1,YES,5,YES
10729,52,1031,89654.5,Walmart,ATM WITHDRAWAL,USA,Laptop,2026-05-18T01:59:30.000+05:30,YES,1,YES,5,YES
11145,23,1005,94950.59,Amazon,NET BANKING,Germany,Laptop,2026-04-28T08:10:35.000+05:30,YES,8,NO,4,YES
11646,77,1062,74619.22,Walmart,UPI,UK,Laptop,2026-05-11T09:56:36.000+05:30,YES,9,NO,5,YES
12010,97,1172,33524.33,Petrol Pump,NET BANKING,Singapore,Tablet,2026-05-15T07:43:46.000+05:30,NO,7,NO,5,YES
12070,43,1197,7065.27,Petrol Pump,CARD,Singapore,Tablet,2026-05-16T21:44:55.000+05:30,NO,21,NO,5,YES
12299,81,1128,2661.21,Flipkart,UPI,India,Mobile,2026-05-15T01:05:56.000+05:30,NO,1,YES,5,NO
12691,76,1189,93893.69,Petrol Pump,UPI,Singapore,Laptop,2026-04-18T17:10:21.000+05:30,YES,17,NO,4,YES
12783,43,1083,73760.89,Apple Store,UPI,India,Mobile,2026-05-07T20:03:38.000+05:30,YES,20,NO,5,NO
13381,79,1125,10183.49,Flipkart,UPI,UK,Mobile,2026-05-02T05:58:07.000+05:30,NO,5,YES,5,YES
13399,11,1004,47617.05,Petrol Pump,UPI,India,Tablet,2026-05-14T03:05:41.000+05:30,NO,3,YES,5,NO
13590,49,1088,36667.52,Uber,ATM WITHDRAWAL,Singapore,Tablet,2026-04-24T20:53:23.000+05:30,NO,20,NO,4,YES
14650,88,1116,53334.26,Flipkart,UPI,Singapore,Mobile,2026-04-28T04:29:20.000+05:30,YES,4,YES,4,YES
14682,21,1159,11131.44,Amazon,CARD,UK,Mobile,2026-05-11T14:51:26.000+05:30,NO,14,NO,5,YES
15216,16,1081,91766.17,Apple Store,NET BANKING,Singapore,Laptop,2026-05-03T09:32:43.000+05:30,YES,9,NO,5,YES
15225,1,1198,9119.94,Swiggy,CARD,USA,ATM,2026-05-10T03:26:35.000+05:30,NO,3,YES,5,YES
15327,66,1134,63137.8,Petrol Pump,CARD,Singapore,Tablet,2026-04-26T15:04:54.000+05:30,YES,15,NO,4,YES
15380,76,1064,6000.19,Nike,UPI,Germany,Mobile,2026-04-21T20:03:55.000+05:30,NO,20,NO,4,YES
15556,77,1016,33726.99,Zomato,ATM WITHDRAWAL,UK,ATM,2026-04-30T00:55:41.000+05:30,NO,0,YES,4,YES
15884,67,1103,21431.22,Amazon,ATM WITHDRAWAL,USA,Mobile,2026-04-22T22:16:22.000+05:30,NO,22,NO,4,YES
15942,81,1094,7511.62,Netflix,CARD,UK,Mobile,2026-05-10T04:19:54.000+05:30,NO,4,YES,5,YES
16187,2,1054,52221.59,Flipkart,NET BANKING,Singapore,Laptop,2026-04-22T14:54:02.000+05:30,YES,14,NO,4,YES
16490,85,1051,14140.87,Apple Store,NET BANKING,Germany,Mobile,2026-04-24T23:26:03.000+05:30,NO,23,NO,4,YES
16739,52,1199,78564.83,Nike,NET BANKING,Singapore,Mobile,2026-05-11T03:33:01.000+05:30,YES,3,YES,5,YES
16858,32,1186,70678.11,Amazon,NET BANKING,Germany,Tablet,2026-04-26T10:51:50.000+05:30,YES,10,NO,4,YES
16944,1,1162,79765.15,Apple Store,CARD,India,Tablet,2026-05-01T16:43:53.000+05:30,YES,16,NO,5,NO
18129,24,1079,43130.52,Petrol Pump,NET BANKING,Singapore,Laptop,2026-04-23T07:40:23.000+05:30,NO,7,NO,4,YES
18480,91,1082,60786.88,Walmart,NET BANKING,UK,ATM,2026-05-12T17:31:37.000+05:30,YES,17,NO,5,YES
18582,18,1128,97881.96,Swiggy,UPI,Singapore,Laptop,2026-05-04T00:27:16.000+05:30,YES,0,YES,5,YES
18715,85,1045,53265.84,Petrol Pump,ATM WITHDRAWAL,UK,Laptop,2026-05-08T22:06:26.000+05:30,YES,22,NO,5,YES
18778,83,1128,11449.86,Walmart,UPI,UK,Tablet,2026-04-24T21:03:28.000+05:30,NO,21,NO,4,YES
18953,67,1161,35314.9,Zomato,CARD,Germany,Tablet,2026-04-19T20:04:34.000+05:30,NO,20,NO,4,YES
19237,58,1174,36038.48,Petrol Pump,UPI,Singapore,Mobile,2026-05-08T05:01:55.000+05:30,NO,5,YES,5,YES
10039,9,1021,43476.6,Swiggy,NET BANKING,USA,Tablet,2026-05-17T19:14:46.000+05:30,NO,19,NO,5,YES
10852,75,1040,22841.35,Apple Store,UPI,USA,Laptop,2026-05-11T08:47:44.000+05:30,NO,8,NO,5,YES
10885,51,1139,93107.29,Petrol Pump,UPI,Germany,ATM,2026-04-25T10:34:15.000+05:30,YES,10,NO,4,YES
10914,5,1052,59832.97,Netflix,CARD,UK,ATM,2026-05-07T21:08:32.000+05:30,YES,21,NO,5,YES
11090,10,1173,47113.88,Swiggy,UPI,USA,ATM,2026-04-28T23:05:00.000+05:30,NO,23,NO,4,YES
11294,78,1200,99077.67,Nike,ATM WITHDRAWAL,Singapore,Mobile,2026-04-27T02:36:14.000+05:30,YES,2,YES,4,YES
11406,35,1013,76884.12,Walmart,CARD,India,Laptop,2026-04-22T18:24:04.000+05:30,YES,18,NO,4,NO
11495,64,1195,77445.49,Swiggy,CARD,Germany,Tablet,2026-04-26T01:29:43.000+05:30,YES,1,YES,4,YES
11615,26,1113,14817.84,Flipkart,ATM WITHDRAWAL,Germany,Tablet,2026-05-13T19:20:54.000+05:30,NO,19,NO,5,YES
11848,68,1010,68586.97,Walmart,CARD,UK,Tablet,2026-05-02T09:59:54.000+05:30,YES,9,NO,5,YES
12255,38,1159,25148.38,Uber,CARD,Germany,Tablet,2026-05-01T23:30:17.000+05:30,NO,23,NO,5,YES
12280,39,1071,70807.25,Zomato,NET BANKING,Germany,ATM,2026-04-19T17:34:12.000+05:30,YES,17,NO,4,YES
12399,74,1198,29311.53,Nike,ATM WITHDRAWAL,Germany,ATM,2026-05-02T08:11:13.000+05:30,NO,8,NO,5,YES
12677,80,1037,58422.21,Uber,ATM WITHDRAWAL,India,Tablet,2026-05-06T03:01:46.000+05:30,YES,3,YES,5,NO
12716,19,1075,77989.14,Flipkart,NET BANKING,Germany,Tablet,2026-05-07T06:17:07.000+05:30,YES,6,NO,5,YES
13457,37,1179,38960.04,Netflix,NET BANKING,India,Tablet,2026-05-08T03:30:02.000+05:30,NO,3,YES,5,NO
13662,2,1169,18869.36,Walmart,CARD,UK,Tablet,2026-04-21T14:31:56.000+05:30,NO,14,NO,4,YES
13710,57,1002,5210.09,Uber,UPI,Germany,ATM,2026-04-29T10:39:32.000+05:30,NO,10,NO,4,YES
14359,85,1016,22057.5,Petrol Pump,CARD,Germany,Laptop,2026-05-11T16:25:54.000+05:30,NO,16,NO,5,YES
14694,81,1081,26938.97,Swiggy,UPI,UK,Tablet,2026-04-27T23:30:46.000+05:30,NO,23,NO,4,YES
14743,36,1161,37731.64,Swiggy,CARD,Germany,Laptop,2026-05-06T21:16:52.000+05:30,NO,21,NO,5,YES
14835,14,1032,33182.92,Nike,ATM WITHDRAWAL,India,Mobile,2026-05-09T01:14:19.000+05:30,NO,1,YES,5,NO
14918,88,1168,36230.01,Apple Store,CARD,India,Laptop,2026-04-21T01:16:08.000+05:30,NO,1,YES,4,NO
14971,64,1097,45843.33,Swiggy,NET BANKING,Germany,ATM,2026-04-21T02:49:02.000+05:30,NO,2,YES,4,YES
15014,26,1073,65328.87,Netflix,UPI,UK,Mobile,2026-04-29T19:09:21.000+05:30,YES,19,NO,4,YES
15265,59,1156,92729.65,Flipkart,UPI,UK,ATM,2026-05-11T21:18:26.000+05:30,YES,21,NO,5,YES
15302,6,1012,34600.73,Netflix,UPI,UK,Mobile,2026-05-08T02:35:13.000+05:30,NO,2,YES,5,YES
15351,69,1157,24823.52,Amazon,NET BANKING,Singapore,Laptop,2026-04-19T00:45:47.000+05:30,NO,0,YES,4,YES
15429,34,1137,66212.22,Petrol Pump,CARD,UK,Mobile,2026-05-05T00:23:32.000+05:30,YES,0,YES,5,YES
15654,97,1183,82224.23,Flipkart,ATM WITHDRAWAL,Germany,Laptop,2026-05-14T19:19:11.000+05:30,YES,19,NO,5,YES
15868,2,1179,23936.6,Apple Store,ATM WITHDRAWAL,USA,Laptop,2026-05-03T20:06:32.000+05:30,NO,20,NO,5,YES
15908,3,1182,95336.82,Netflix,NET BANKING,USA,ATM,2026-05-14T08:38:12.000+05:30,YES,8,NO,5,YES
15961,10,1051,33558.82,Swiggy,NET BANKING,USA,ATM,2026-05-10T02:40:26.000+05:30,NO,2,YES,5,YES
16349,89,1157,45520.42,Swiggy,CARD,UK,Laptop,2026-05-03T12:00:05.000+05:30,NO,12,NO,5,YES
16468,56,1079,99587.7,Netflix,ATM WITHDRAWAL,Germany,Tablet,2026-05-10T11:02:47.000+05:30,YES,11,NO,5,YES
16684,8,1032,58809.72,Flipkart,ATM WITHDRAWAL,UK,Mobile,2026-05-05T17:59:55.000+05:30,YES,17,NO,5,YES
16712,22,1195,60547.5,Nike,CARD,Singapore,Laptop,2026-04-19T09:52:10.000+05:30,YES,9,NO,4,YES
16933,95,1014,93829.51,Nike,NET BANKING,Germany,ATM,2026-05-01T08:38:48.000+05:30,YES,8,NO,5,YES
16955,66,1027,65198.83,Amazon,ATM WITHDRAWAL,Germany,Mobile,2026-05-08T17:40:45.000+05:30,YES,17,NO,5,YES
17487,81,1112,50850.75,Petrol Pump,UPI,UK,Tablet,2026-05-07T12:05:57.000+05:30,YES,12,NO,5,YES
17866,27,1062,52817.83,Apple Store,UPI,UK,Tablet,2026-04-23T04:22:40.000+05:30,YES,4,YES,4,YES
17940,74,1037,8326.21,Flipkart,UPI,Germany,Laptop,2026-05-07T04:23:09.000+05:30,NO,4,YES,5,YES
18053,4,1111,50676.49,Petrol Pump,ATM WITHDRAWAL,Singapore,ATM,2026-04-27T03:27:53.000+05:30,YES,3,YES,4,YES
18098,14,1193,31053.73,Flipkart,ATM WITHDRAWAL,UK,Mobile,2026-05-14T10:24:31.000+05:30,NO,10,NO,5,YES
18308,98,1076,37013.93,Nike,ATM WITHDRAWAL,USA,ATM,2026-04-25T01:55:10.000+05:30,NO,1,YES,4,YES
18340,41,1143,21330.61,Amazon,NET BANKING,USA,Tablet,2026-05-13T18:03:48.000+05:30,NO,18,NO,5,YES
18374,15,1133,45286.8,Petrol Pump,NET BANKING,USA,Mobile,2026-04-29T14:39:10.000+05:30,NO,14,NO,4,YES
19478,64,1178,88749.56,Nike,UPI,Germany,Mobile,2026-05-12T07:18:18.000+05:30,YES,7,NO,5,YES
19565,83,1153,85651.42,Netflix,UPI,USA,Laptop,2026-04-29T06:07:59.000+05:30,YES,6,NO,4,YES
19796,65,1056,92146.45,Netflix,UPI,Singapore,Tablet,2026-05-13T06:23:43.000+05:30,YES,6,NO,5,YES
19920,9,1063,27856.85,Apple Store,UPI,Germany,Mobile,2026-05-07T04:09:55.000+05:30,NO,4,YES,5,YES
19939,4,1070,71319.71,Apple Store,NET BANKING,USA,Laptop,2026-05-05T11:33:29.000+05:30,YES,11,NO,5,YES
10192,71,1128,63372.1,Apple Store,ATM WITHDRAWAL,USA,Laptop,2026-05-13T16:25:16.000+05:30,YES,16,NO,5,YES
10598,15,1046,78541.95,Flipkart,CARD,USA,Tablet,2026-05-14T01:33:38.000+05:30,YES,1,YES,5,YES
10780,10,1006,50529.24,Apple Store,UPI,Germany,Laptop,2026-05-09T16:07:59.000+05:30,YES,16,NO,5,YES
10996,31,1192,19916.81,Netflix,UPI,Singapore,Laptop,2026-04-28T15:41:58.000+05:30,NO,15,NO,4,YES
11057,47,1138,80654.86,Swiggy,CARD,India,Laptop,2026-04-29T04:24:45.000+05:30,YES,4,YES,4,NO
11093,13,1030,12384.35,Petrol Pump,UPI,USA,ATM,2026-04-27T13:05:39.000+05:30,NO,13,NO,4,YES
11239,43,1106,93959.96,Petrol Pump,CARD,USA,ATM,2026-05-13T12:19:54.000+05:30,YES,12,NO,5,YES
11279,80,1133,12459.85,Walmart,CARD,UK,Tablet,2026-04-24T03:41:06.000+05:30,NO,3,YES,4,YES
11894,87,1096,63072.82,Apple Store,NET BANKING,India,ATM,2026-05-06T03:50:02.000+05:30,YES,3,YES,5,NO
12152,60,1193,22596.29,Zomato,ATM WITHDRAWAL,UK,Laptop,2026-04-20T06:35:08.000+05:30,NO,6,NO,4,YES
12159,1,1059,59960.41,Zomato,ATM WITHDRAWAL,USA,ATM,2026-05-13T03:28:42.000+05:30,YES,3,YES,5,YES
12240,2,1006,69846.74,Petrol Pump,UPI,Germany,Laptop,2026-04-23T07:11:43.000+05:30,YES,7,NO,4,YES
12325,56,1087,91356.31,Amazon,UPI,India,ATM,2026-04-28T15:45:15.000+05:30,YES,15,NO,4,NO
12726,27,1176,52398.35,Netflix,ATM WITHDRAWAL,USA,Laptop,2026-05-13T00:35:29.000+05:30,YES,0,YES,5,YES
12799,2,1058,3597.16,Swiggy,NET BANKING,UK,Tablet,2026-05-07T06:06:12.000+05:30,NO,6,NO,5,YES
13046,32,1043,17598.07,Nike,ATM WITHDRAWAL,UK,ATM,2026-05-01T15:13:11.000+05:30,NO,15,NO,5,YES
13159,22,1011,13511.5,Amazon,CARD,Singapore,Laptop,2026-04-26T02:11:43.000+05:30,NO,2,YES,4,YES
13487,73,1134,53045.15,Swiggy,ATM WITHDRAWAL,India,Mobile,2026-05-06T14:11:48.000+05:30,YES,14,NO,5,NO
13819,26,1150,21546.27,Nike,CARD,Singapore,ATM,2026-05-05T07:42:04.000+05:30,NO,7,NO,5,YES
14485,6,1138,70844.78,Amazon,ATM WITHDRAWAL,Germany,Tablet,2026-04-29T05:27:56.000+05:30,YES,5,YES,4,YES
14581,26,1042,96350.83,Flipkart,UPI,India,ATM,2026-05-08T06:41:18.000+05:30,YES,6,NO,5,NO
14876,49,1082,42156.22,Swiggy,ATM WITHDRAWAL,Germany,Tablet,2026-04-27T03:00:07.000+05:30,NO,3,YES,4,YES
14917,60,1006,65197.48,Nike,UPI,UK,Laptop,2026-05-09T04:50:10.000+05:30,YES,4,YES,5,YES
14939,6,1094,24791.99,Uber,CARD,USA,Laptop,2026-05-14T21:06:12.000+05:30,NO,21,NO,5,YES
14942,40,1120,41968.89,Uber,NET BANKING,UK,Mobile,2026-05-15T01:01:42.000+05:30,NO,1,YES,5,YES
15317,31,1057,57553.16,Walmart,ATM WITHDRAWAL,Germany,Tablet,2026-05-03T19:21:44.000+05:30,YES,19,NO,5,YES
15579,58,1059,17650.53,Netflix,CARD,Singapore,ATM,2026-05-13T06:36:36.000+05:30,NO,6,NO,5,YES
16705,38,1054,12228.23,Nike,NET BANKING,Singapore,ATM,2026-05-03T04:35:45.000+05:30,NO,4,YES,5,YES
16721,74,1019,94947.93,Flipkart,UPI,India,Laptop,2026-04-29T03:59:55.000+05:30,YES,3,YES,4,NO
17677,43,1193,38926.79,Netflix,CARD,Germany,ATM,2026-05-06T15:09:21.000+05:30,NO,15,NO,5,YES
17752,65,1152,80872.64,Flipkart,ATM WITHDRAWAL,UK,Tablet,2026-04-26T23:46:14.000+05:30,YES,23,NO,4,YES
17770,58,1050,82078.15,Netflix,NET BANKING,UK,Mobile,2026-04-30T06:24:58.000+05:30,YES,6,NO,4,YES
17899,34,1153,508.49,Apple Store,NET BANKING,UK,Mobile,2026-05-01T15:35:37.000+05:30,NO,15,NO,5,YES
17902,99,1052,32655.37,Netflix,CARD,Singapore,Laptop,2026-05-11T12:25:27.000+05:30,NO,12,NO,5,YES
18200,84,1046,24953.58,Swiggy,ATM WITHDRAWAL,Germany,Laptop,2026-04-20T17:24:07.000+05:30,NO,17,NO,4,YES
18837,10,1016,93549.42,Netflix,CARD,USA,ATM,2026-05-09T13:56:49.000+05:30,YES,13,NO,5,YES
18984,8,1038,51498.67,Netflix,UPI,Germany,ATM,2026-05-01T05:44:31.000+05:30,YES,5,YES,5,YES
19100,79,1017,99723.2,Nike,UPI,Germany,Tablet,2026-05-09T13:08:01.000+05:30,YES,13,NO,5,YES
19592,8,1167,9832.53,Walmart,CARD,Singapore,ATM,2026-04-25T16:42:33.000+05:30,NO,16,NO,4,YES
10046,76,1078,81928.97,Flipkart,NET BANKING,Germany,Laptop,2026-05-16T05:48:38.000+05:30,YES,5,YES,5,YES
10125,5,1066,75486.97,Zomato,UPI,UK,Laptop,2026-05-17T05:02:37.000+05:30,YES,5,YES,5,YES
10331,66,1181,75446.69,Apple Store,ATM WITHDRAWAL,Singapore,Tablet,2026-05-12T12:02:40.000+05:30,YES,12,NO,5,YES
10491,34,1118,84426.37,Apple Store,ATM WITHDRAWAL,Germany,Laptop,2026-04-30T09:45:18.000+05:30,YES,9,NO,4,YES
10600,22,1019,95799.93,Swiggy,UPI,India,Laptop,2026-05-11T18:05:00.000+05:30,YES,18,NO,5,NO
11161,41,1120,90406.59,Netflix,NET BANKING,Singapore,Tablet,2026-05-04T11:19:49.000+05:30,YES,11,NO,5,YES
11621,36,1081,55853.52,Amazon,CARD,India,ATM,2026-04-27T06:20:05.000+05:30,YES,6,NO,4,NO
12462,44,1182,42325.02,Zomato,UPI,Singapore,Laptop,2026-05-17T15:54:39.000+05:30,NO,15,NO,5,YES
12812,47,1009,90548.25,Walmart,NET BANKING,UK,Laptop,2026-05-06T22:06:58.000+05:30,YES,22,NO,5,YES
12944,19,1012,85286.75,Amazon,CARD,Singapore,Laptop,2026-05-11T23:43:59.000+05:30,YES,23,NO,5,YES
13024,85,1013,38475.0,Uber,NET BANKING,Germany,Mobile,2026-04-22T04:28:04.000+05:30,NO,4,YES,4,YES
13257,75,1192,13008.93,Netflix,NET BANKING,USA,Laptop,2026-05-05T00:46:47.000+05:30,NO,0,YES,5,YES
13467,7,1078,79244.43,Petrol Pump,ATM WITHDRAWAL,India,Tablet,2026-05-14T07:00:46.000+05:30,YES,7,NO,5,NO
13811,62,1103,63702.54,Amazon,UPI,Singapore,Laptop,2026-05-03T01:15:59.000+05:30,YES,1,YES,5,YES
14275,53,1186,99968.72,Nike,ATM WITHDRAWAL,India,Mobile,2026-05-09T07:37:43.000+05:30,YES,7,NO,5,NO
14295,73,1172,1011.72,Uber,ATM WITHDRAWAL,UK,Tablet,2026-05-13T05:13:48.000+05:30,NO,5,YES,5,YES
14661,83,1009,832.17,Flipkart,CARD,UK,ATM,2026-05-10T18:21:15.000+05:30,NO,18,NO,5,YES
14845,82,1009,3779.94,Apple Store,UPI,USA,Tablet,2026-05-16T18:55:49.000+05:30,NO,18,NO,5,YES
15096,96,1037,79269.98,Petrol Pump,CARD,UK,Laptop,2026-05-02T21:03:09.000+05:30,YES,21,NO,5,YES
15530,96,1017,65604.87,Swiggy,UPI,UK,Laptop,2026-04-20T08:24:57.000+05:30,YES,8,NO,4,YES
15986,26,1095,2944.79,Walmart,NET BANKING,Singapore,ATM,2026-04-25T17:07:48.000+05:30,NO,17,NO,4,YES
16489,79,1020,29338.05,Amazon,NET BANKING,Singapore,ATM,2026-04-30T00:18:40.000+05:30,NO,0,YES,4,YES
16822,16,1116,29236.3,Walmart,NET BANKING,USA,Mobile,2026-05-15T03:43:35.000+05:30,NO,3,YES,5,YES
16845,69,1101,72179.8,Apple Store,CARD,USA,Laptop,2026-05-13T03:10:05.000+05:30,YES,3,YES,5,YES
17152,75,1101,11378.37,Nike,ATM WITHDRAWAL,Singapore,Laptop,2026-05-08T02:19:01.000+05:30,NO,2,YES,5,YES
17520,97,1134,4814.19,Flipkart,CARD,UK,Mobile,2026-05-09T11:57:38.000+05:30,NO,11,NO,5,YES
17788,28,1184,63999.62,Amazon,CARD,UK,Laptop,2026-05-18T15:21:50.000+05:30,YES,15,NO,5,YES
17842,99,1052,92219.36,Walmart,ATM WITHDRAWAL,Germany,Tablet,2026-05-12T04:46:52.000+05:30,YES,4,YES,5,YES
18212,35,1027,24376.6,Petrol Pump,NET BANKING,Singapore,Tablet,2026-05-09T05:01:27.000+05:30,NO,5,YES,5,YES
18300,36,1069,76148.54,Apple Store,CARD,Singapore,Mobile,2026-05-13T18:49:55.000+05:30,YES,18,NO,5,YES
18914,40,1140,3341.96,Walmart,NET BANKING,Germany,Tablet,2026-05-11T17:40:14.000+05:30,NO,17,NO,5,YES
18950,13,1153,96729.19,Amazon,CARD,India,Laptop,2026-05-13T13:37:23.000+05:30,YES,13,NO,5,NO
19044,12,1180,12726.26,Flipkart,CARD,India,Mobile,2026-05-14T01:37:44.000+05:30,NO,1,YES,5,NO
19184,74,1114,13676.99,Nike,CARD,USA,Mobile,2026-05-03T21:04:35.000+05:30,NO,21,NO,5,YES
19316,79,1023,85126.06,Amazon,ATM WITHDRAWAL,UK,Tablet,2026-05-08T13:02:50.000+05:30,YES,13,NO,5,YES
19587,56,1011,97376.73,Walmart,CARD,UK,ATM,2026-04-24T18:20:23.000+05:30,YES,18,NO,4,YES
19695,67,1154,93743.78,Walmart,UPI,Germany,Tablet,2026-04-19T02:15:41.000+05:30,YES,2,YES,4,YES
19719,7,1025,71483.75,Petrol Pump,UPI,India,Tablet,2026-05-06T20:11:38.000+05:30,YES,20,NO,5,NO
19779,57,1049,99494.72,Nike,ATM WITHDRAWAL,Singapore,Tablet,2026-05-01T14:06:51.000+05:30,YES,14,NO,5,YES
19901,77,1196,91191.51,Apple Store,NET BANKING,India,Tablet,2026-04-21T04:23:30.000+05:30,YES,4,YES,4,NO
10557,22,1031,72955.05,Amazon,CARD,India,Laptop,2026-05-02T05:03:14.000+05:30,YES,5,YES,5,NO
10696,67,1098,11914.48,Walmart,CARD,USA,Mobile,2026-05-09T20:32:52.000+05:30,NO,20,NO,5,YES
10743,53,1097,13008.46,Petrol Pump,ATM WITHDRAWAL,UK,Tablet,2026-04-30T22:50:14.000+05:30,NO,22,NO,4,YES
11019,12,1149,71790.63,Zomato,NET BANKING,Singapore,Mobile,2026-04-19T22:09:00.000+05:30,YES,22,NO,4,YES
11023,58,1197,29056.87,Netflix,UPI,Germany,Laptop,2026-04-30T10:06:09.000+05:30,NO,10,NO,4,YES
11697,82,1009,66305.55,Swiggy,ATM WITHDRAWAL,Singapore,Mobile,2026-05-06T13:36:08.000+05:30,YES,13,NO,5,YES
11995,66,1123,70232.2,Nike,ATM WITHDRAWAL,Germany,ATM,2026-05-01T15:54:56.000+05:30,YES,15,NO,5,YES
12063,33,1180,76483.53,Flipkart,UPI,UK,Laptop,2026-04-24T07:41:32.000+05:30,YES,7,NO,4,YES
12194,50,1189,37232.55,Walmart,CARD,Singapore,Laptop,2026-04-30T03:20:39.000+05:30,NO,3,YES,4,YES
12798,38,1094,53501.87,Uber,UPI,Singapore,Mobile,2026-05-17T06:54:15.000+05:30,YES,6,NO,5,YES
13056,88,1103,4093.23,Petrol Pump,CARD,Singapore,Laptop,2026-05-05T11:15:42.000+05:30,NO,11,NO,5,YES
13705,6,1159,7402.73,Apple Store,ATM WITHDRAWAL,India,Tablet,2026-04-29T02:50:54.000+05:30,NO,2,YES,4,NO
14734,78,1127,52904.98,Zomato,ATM WITHDRAWAL,Singapore,ATM,2026-04-28T12:40:45.000+05:30,YES,12,NO,4,YES
14770,6,1189,15231.56,Uber,CARD,Singapore,Mobile,2026-05-11T19:04:53.000+05:30,NO,19,NO,5,YES
15280,50,1185,75207.52,Walmart,ATM WITHDRAWAL,Germany,Tablet,2026-05-15T16:18:52.000+05:30,YES,16,NO,5,YES
15307,89,1101,24675.4,Zomato,CARD,Germany,Laptop,2026-05-17T09:19:29.000+05:30,NO,9,NO,5,YES
15634,25,1143,79008.24,Uber,ATM WITHDRAWAL,Germany,Laptop,2026-05-01T00:51:19.000+05:30,YES,0,YES,5,YES
16169,59,1154,69234.54,Swiggy,UPI,Germany,Mobile,2026-05-09T18:23:32.000+05:30,YES,18,NO,5,YES
16194,23,1009,60892.03,Swiggy,CARD,Germany,Mobile,2026-04-21T11:09:45.000+05:30,YES,11,NO,4,YES
16218,42,1112,95785.07,Swiggy,UPI,India,ATM,2026-05-09T18:58:12.000+05:30,YES,18,NO,5,NO
16301,25,1115,363.79,Walmart,ATM WITHDRAWAL,Singapore,Tablet,2026-05-17T07:43:16.000+05:30,NO,7,NO,5,YES
17279,59,1003,45996.24,Nike,CARD,Singapore,Mobile,2026-05-11T04:40:03.000+05:30,NO,4,YES,5,YES
17470,10,1080,93685.13,Flipkart,CARD,USA,Laptop,2026-04-23T15:05:50.000+05:30,YES,15,NO,4,YES
17996,9,1159,63137.42,Walmart,ATM WITHDRAWAL,India,Mobile,2026-05-16T17:11:41.000+05:30,YES,17,NO,5,NO
18343,22,1031,67899.86,Swiggy,ATM WITHDRAWAL,Singapore,Tablet,2026-04-20T18:42:58.000+05:30,YES,18,NO,4,YES
18661,44,1031,66359.22,Walmart,ATM WITHDRAWAL,UK,Mobile,2026-05-01T23:20:08.000+05:30,YES,23,NO,5,YES
18945,63,1043,51771.37,Amazon,UPI,Germany,Mobile,2026-04-23T12:40:41.000+05:30,YES,12,NO,4,YES
19295,8,1105,29333.2,Swiggy,ATM WITHDRAWAL,UK,Tablet,2026-05-02T01:03:04.000+05:30,NO,1,YES,5,YES
19384,16,1095,78173.12,Netflix,CARD,USA,Mobile,2026-05-14T07:15:22.000+05:30,YES,7,NO,5,YES
19792,2,1126,79000.52,Apple Store,UPI,Singapore,ATM,2026-04-22T07:58:40.000+05:30,YES,7,NO,4,YES
10213,19,1116,42818.41,Flipkart,UPI,USA,Mobile,2026-05-14T01:28:15.000+05:30,NO,1,YES,5,YES
10406,51,1079,23201.11,Flipkart,UPI,Germany,ATM,2026-05-04T09:56:25.000+05:30,NO,9,NO,5,YES
10483,19,1069,40568.79,Uber,ATM WITHDRAWAL,UK,ATM,2026-04-20T02:42:39.000+05:30,NO,2,YES,4,YES
11492,69,1199,82911.63,Swiggy,CARD,Singapore,Laptop,2026-04-23T12:57:58.000+05:30,YES,12,NO,4,YES
11792,64,1130,77860.41,Netflix,ATM WITHDRAWAL,Singapore,Tablet,2026-05-02T22:27:55.000+05:30,YES,22,NO,5,YES
12257,7,1177,79025.6,Walmart,CARD,UK,Laptop,2026-05-18T06:53:25.000+05:30,YES,6,NO,5,YES
12731,59,1160,57830.87,Walmart,ATM WITHDRAWAL,India,ATM,2026-05-03T21:49:14.000+05:30,YES,21,NO,5,NO
12835,98,1148,34503.47,Walmart,UPI,USA,ATM,2026-05-17T04:51:35.000+05:30,NO,4,YES,5,YES
12928,68,1134,30735.76,Flipkart,CARD,UK,Tablet,2026-05-07T19:33:05.000+05:30,NO,19,NO,5,YES
12965,87,1117,22037.22,Swiggy,UPI,USA,Laptop,2026-05-16T21:43:21.000+05:30,NO,21,NO,5,YES
12977,95,1153,8522.2,Uber,NET BANKING,Germany,Laptop,2026-04-25T17:06:13.000+05:30,NO,17,NO,4,YES
13547,15,1139,42231.65,Nike,NET BANKING,Germany,ATM,2026-05-06T21:37:19.000+05:30,NO,21,NO,5,YES
13609,87,1119,744.58,Swiggy,CARD,USA,Tablet,2026-04-25T20:44:35.000+05:30,NO,20,NO,4,YES
13690,53,1180,57903.8,Flipkart,UPI,India,Mobile,2026-04-30T17:46:52.000+05:30,YES,17,NO,4,NO
13907,22,1185,85753.45,Uber,ATM WITHDRAWAL,UK,Mobile,2026-05-09T18:02:37.000+05:30,YES,18,NO,5,YES
14189,95,1007,3402.69,Swiggy,NET BANKING,UK,Laptop,2026-05-12T13:12:39.000+05:30,NO,13,NO,5,YES
15076,6,1120,62747.28,Walmart,CARD,Singapore,Laptop,2026-05-02T02:14:59.000+05:30,YES,2,YES,5,YES
15383,78,1089,93126.47,Walmart,NET BANKING,Germany,Mobile,2026-04-30T05:44:37.000+05:30,YES,5,YES,4,YES
15841,49,1186,27224.75,Walmart,UPI,Singapore,Mobile,2026-05-04T04:23:39.000+05:30,NO,4,YES,5,YES
16070,92,1089,28522.24,Netflix,NET BANKING,UK,ATM,2026-05-05T13:33:27.000+05:30,NO,13,NO,5,YES
16588,47,1015,64320.44,Apple Store,NET BANKING,Singapore,Tablet,2026-05-18T10:34:34.000+05:30,YES,10,NO,5,YES
16924,96,1081,73926.17,Zomato,UPI,Singapore,Tablet,2026-05-05T19:55:01.000+05:30,YES,19,NO,5,YES
17007,94,1144,85276.62,Zomato,NET BANKING,USA,ATM,2026-05-12T16:58:07.000+05:30,YES,16,NO,5,YES
17091,62,1119,88548.09,Swiggy,ATM WITHDRAWAL,USA,Tablet,2026-05-06T07:20:46.000+05:30,YES,7,NO,5,YES
17381,99,1163,96200.03,Netflix,ATM WITHDRAWAL,USA,Tablet,2026-04-25T02:43:47.000+05:30,YES,2,YES,4,YES
17490,15,1071,58971.37,Uber,CARD,Germany,Mobile,2026-05-11T03:18:02.000+05:30,YES,3,YES,5,YES
17718,25,1131,47534.44,Flipkart,CARD,USA,ATM,2026-04-29T03:45:34.000+05:30,NO,3,YES,4,YES
17747,60,1036,18502.89,Petrol Pump,CARD,India,Laptop,2026-04-26T05:25:00.000+05:30,NO,5,YES,4,NO
17761,76,1197,64422.41,Swiggy,CARD,UK,Laptop,2026-04-28T17:45:39.000+05:30,YES,17,NO,4,YES
17790,94,1047,12283.52,Zomato,NET BANKING,UK,Laptop,2026-05-12T18:01:58.000+05:30,NO,18,NO,5,YES
18231,73,1010,55679.23,Walmart,CARD,USA,Laptop,2026-04-30T00:39:02.000+05:30,YES,0,YES,4,YES
18452,76,1033,37275.41,Flipkart,NET BANKING,USA,Mobile,2026-05-16T16:20:37.000+05:30,NO,16,NO,5,YES
18524,46,1010,49529.14,Apple Store,ATM WITHDRAWAL,Singapore,Tablet,2026-04-21T11:08:29.000+05:30,NO,11,NO,4,YES
18795,68,1148,78615.65,Uber,UPI,Germany,Mobile,2026-05-12T03:52:04.000+05:30,YES,3,YES,5,YES
18867,24,1017,61329.09,Walmart,ATM WITHDRAWAL,Germany,Laptop,2026-05-17T10:58:02.000+05:30,YES,10,NO,5,YES
19402,36,1157,15162.01,Uber,NET BANKING,Singapore,ATM,2026-04-25T01:45:22.000+05:30,NO,1,YES,4,YES
19597,9,1066,73581.11,Uber,UPI,UK,ATM,2026-05-05T04:50:53.000+05:30,YES,4,YES,5,YES
19776,52,1179,59081.34,Apple Store,CARD,India,ATM,2026-05-09T12:50:01.000+05:30,YES,12,NO,5,NO
10088,35,1058,23386.34,Zomato,ATM WITHDRAWAL,USA,Mobile,2026-05-04T12:50:34.000+05:30,NO,12,NO,5,YES
10642,64,1093,99501.9,Apple Store,UPI,Germany,Mobile,2026-04-25T14:45:41.000+05:30,YES,14,NO,4,YES
10706,20,1170,51541.21,Walmart,ATM WITHDRAWAL,Germany,ATM,2026-05-06T09:11:32.000+05:30,YES,9,NO,5,YES
11111,80,1087,26981.64,Petrol Pump,CARD,Singapore,ATM,2026-05-09T01:09:21.000+05:30,NO,1,YES,5,YES
11326,81,1066,4854.76,Swiggy,CARD,UK,Laptop,2026-05-15T04:50:58.000+05:30,NO,4,YES,5,YES
11471,48,1178,27691.32,Petrol Pump,UPI,Singapore,ATM,2026-05-13T03:50:06.000+05:30,NO,3,YES,5,YES
11657,9,1139,64642.53,Petrol Pump,ATM WITHDRAWAL,Germany,Mobile,2026-05-08T23:16:35.000+05:30,YES,23,NO,5,YES
11819,65,1077,57106.82,Zomato,CARD,Germany,Tablet,2026-04-23T16:34:02.000+05:30,YES,16,NO,4,YES
11838,46,1001,72826.0,Amazon,CARD,UK,ATM,2026-05-08T08:13:03.000+05:30,YES,8,NO,5,YES
12423,29,1159,46425.38,Apple Store,CARD,UK,Laptop,2026-05-07T03:58:43.000+05:30,NO,3,YES,5,YES
12453,81,1032,20265.3,Swiggy,NET BANKING,USA,ATM,2026-05-03T22:54:08.000+05:30,NO,22,NO,5,YES
12587,21,1149,80962.68,Nike,CARD,India,ATM,2026-05-18T11:27:33.000+05:30,YES,11,NO,5,NO
12738,82,1068,47474.32,Petrol Pump,UPI,Singapore,ATM,2026-04-29T08:47:31.000+05:30,NO,8,NO,4,YES
12869,91,1085,89281.44,Netflix,UPI,USA,Laptop,2026-05-15T01:39:36.000+05:30,YES,1,YES,5,YES
13164,9,1126,79221.26,Uber,CARD,Singapore,Laptop,2026-05-01T08:59:53.000+05:30,YES,8,NO,5,YES
13185,68,1164,8712.39,Swiggy,UPI,UK,Mobile,2026-05-09T05:40:41.000+05:30,NO,5,YES,5,YES
13505,9,1080,43127.5,Apple Store,ATM WITHDRAWAL,Germany,ATM,2026-05-05T16:42:27.000+05:30,NO,16,NO,5,YES
14372,48,1027,31495.02,Petrol Pump,ATM WITHDRAWAL,Singapore,Tablet,2026-04-29T15:46:41.000+05:30,NO,15,NO,4,YES
14408,96,1076,88227.08,Swiggy,ATM WITHDRAWAL,Singapore,Tablet,2026-04-21T23:28:07.000+05:30,YES,23,NO,4,YES
14688,19,1023,56287.68,Nike,CARD,UK,Laptop,2026-05-01T21:20:56.000+05:30,YES,21,NO,5,YES
15048,5,1045,5291.36,Netflix,NET BANKING,India,Laptop,2026-04-19T00:22:00.000+05:30,NO,0,YES,4,NO
15082,70,1167,60183.49,Amazon,CARD,Germany,ATM,2026-05-16T13:40:52.000+05:30,YES,13,NO,5,YES
15226,91,1032,73282.84,Apple Store,UPI,USA,ATM,2026-05-13T20:00:45.000+05:30,YES,20,NO,5,YES
15643,44,1061,21150.25,Netflix,ATM WITHDRAWAL,UK,Mobile,2026-05-12T08:39:37.000+05:30,NO,8,NO,5,YES
15758,59,1027,80645.24,Nike,NET BANKING,India,Tablet,2026-04-20T01:13:38.000+05:30,YES,1,YES,4,NO
16264,63,1195,28810.45,Flipkart,UPI,Singapore,Laptop,2026-05-02T00:42:21.000+05:30,NO,0,YES,5,YES
16547,95,1006,56553.51,Petrol Pump,NET BANKING,India,ATM,2026-05-17T01:05:34.000+05:30,YES,1,YES,5,NO
16659,19,1161,74670.12,Zomato,UPI,UK,Tablet,2026-05-05T06:57:27.000+05:30,YES,6,NO,5,YES
16860,49,1191,14372.35,Uber,CARD,USA,Tablet,2026-05-05T05:32:44.000+05:30,NO,5,YES,5,YES
17652,73,1171,68669.54,Walmart,ATM WITHDRAWAL,India,Mobile,2026-04-21T23:08:53.000+05:30,YES,23,NO,4,NO
17805,33,1141,33584.95,Petrol Pump,UPI,Singapore,Tablet,2026-04-28T06:51:05.000+05:30,NO,6,NO,4,YES
18152,100,1074,45264.13,Flipkart,NET BANKING,Singapore,Mobile,2026-04-28T06:32:35.000+05:30,NO,6,NO,4,YES
18282,78,1173,52306.28,Zomato,NET BANKING,Germany,ATM,2026-05-02T21:51:03.000+05:30,YES,21,NO,5,YES
18512,79,1171,35353.83,Apple Store,UPI,USA,Laptop,2026-04-28T11:48:06.000+05:30,NO,11,NO,4,YES
19155,42,1098,25535.18,Zomato,CARD,India,Tablet,2026-05-17T02:20:58.000+05:30,NO,2,YES,5,NO
19167,79,1166,60531.35,Netflix,NET BANKING,Singapore,ATM,2026-05-16T16:29:08.000+05:30,YES,16,NO,5,YES
19222,96,1104,23509.68,Apple Store,NET BANKING,USA,Tablet,2026-05-07T14:53:23.000+05:30,NO,14,NO,5,YES
19376,57,1011,7623.15,Zomato,ATM WITHDRAWAL,Singapore,Laptop,2026-04-26T05:44:54.000+05:30,NO,5,YES,4,YES
19816,12,1097,93215.49,Amazon,CARD,India,Laptop,2026-04-30T15:21:45.000+05:30,YES,15,NO,4,NO
14613,91,1140,29934.59,Uber,NET BANKING,USA,ATM,2026-04-24T07:21:30.000+05:30,NO,7,NO,4,YES
19506,81,1152,9789.69,Petrol Pump,ATM WITHDRAWAL,Singapore,Mobile,2026-05-08T07:55:08.000+05:30,NO,7,NO,5,YES
10257,99,1012,64355.96,Zomato,NET BANKING,UK,ATM,2026-04-29T02:58:56.000+05:30,YES,2,YES,4,YES
10309,85,1094,57065.45,Nike,UPI,UK,Laptop,2026-05-13T03:59:35.000+05:30,YES,3,YES,5,YES
10347,39,1196,2504.48,Flipkart,UPI,UK,Mobile,2026-05-09T15:33:00.000+05:30,NO,15,NO,5,YES
10374,31,1181,6129.78,Walmart,CARD,Singapore,Mobile,2026-04-30T10:54:29.000+05:30,NO,10,NO,4,YES
10489,99,1143,42438.69,Swiggy,NET BANKING,Germany,Tablet,2026-05-02T11:39:37.000+05:30,NO,11,NO,5,YES
11295,30,1106,57773.45,Zomato,NET BANKING,USA,Laptop,2026-04-26T06:46:22.000+05:30,YES,6,NO,4,YES
11512,86,1090,55861.13,Zomato,NET BANKING,India,Mobile,2026-05-14T10:46:32.000+05:30,YES,10,NO,5,NO
11742,77,1182,70542.68,Petrol Pump,ATM WITHDRAWAL,Germany,Tablet,2026-04-20T05:49:10.000+05:30,YES,5,YES,4,YES
12090,46,1060,12114.78,Petrol Pump,NET BANKING,Singapore,Tablet,2026-04-23T17:18:29.000+05:30,NO,17,NO,4,YES
12220,79,1033,99683.12,Zomato,UPI,UK,ATM,2026-05-09T12:30:25.000+05:30,YES,12,NO,5,YES
12311,93,1067,96510.91,Swiggy,UPI,India,Tablet,2026-05-08T17:06:00.000+05:30,YES,17,NO,5,NO
12385,32,1121,77990.71,Zomato,NET BANKING,UK,Mobile,2026-05-05T10:38:17.000+05:30,YES,10,NO,5,YES
12405,25,1057,74303.79,Swiggy,NET BANKING,USA,ATM,2026-04-26T08:17:28.000+05:30,YES,8,NO,4,YES
12477,18,1030,17581.54,Swiggy,ATM WITHDRAWAL,Germany,Laptop,2026-04-24T08:04:47.000+05:30,NO,8,NO,4,YES
12625,67,1125,43679.95,Walmart,CARD,Germany,Tablet,2026-05-07T08:28:50.000+05:30,NO,8,NO,5,YES
12734,64,1147,94704.56,Flipkart,ATM WITHDRAWAL,Germany,ATM,2026-05-09T21:39:28.000+05:30,YES,21,NO,5,YES
12883,10,1081,20781.53,Uber,ATM WITHDRAWAL,Germany,Tablet,2026-05-08T00:03:08.000+05:30,NO,0,YES,5,YES
12988,93,1043,41520.46,Nike,ATM WITHDRAWAL,Germany,ATM,2026-05-18T00:21:05.000+05:30,NO,0,YES,5,YES
13066,75,1002,54351.74,Nike,UPI,India,Tablet,2026-05-12T04:40:39.000+05:30,YES,4,YES,5,NO
13197,32,1095,41971.52,Petrol Pump,UPI,Germany,Laptop,2026-05-02T04:50:09.000+05:30,NO,4,YES,5,YES
13249,31,1024,81083.4,Uber,NET BANKING,Singapore,Tablet,2026-05-18T01:06:03.000+05:30,YES,1,YES,5,YES
13470,81,1151,77692.33,Walmart,UPI,India,ATM,2026-05-07T11:18:04.000+05:30,YES,11,NO,5,NO
13571,92,1174,41377.3,Swiggy,ATM WITHDRAWAL,USA,Laptop,2026-04-19T05:09:22.000+05:30,NO,5,YES,4,YES
13597,4,1189,45076.1,Netflix,UPI,Singapore,ATM,2026-05-14T22:03:17.000+05:30,NO,22,NO,5,YES
13695,16,1184,78648.45,Nike,ATM WITHDRAWAL,Germany,Mobile,2026-04-21T19:23:37.000+05:30,YES,19,NO,4,YES
13757,42,1183,46019.17,Petrol Pump,ATM WITHDRAWAL,USA,Laptop,2026-05-14T04:21:32.000+05:30,NO,4,YES,5,YES
14056,68,1147,14414.74,Apple Store,CARD,USA,ATM,2026-05-13T12:43:07.000+05:30,NO,12,NO,5,YES
14319,26,1198,19320.77,Uber,ATM WITHDRAWAL,USA,Laptop,2026-05-06T04:37:27.000+05:30,NO,4,YES,5,YES
14444,13,1123,61971.59,Apple Store,NET BANKING,Germany,Laptop,2026-05-03T02:00:00.000+05:30,YES,2,YES,5,YES
15384,58,1001,48666.2,Nike,NET BANKING,Germany,Laptop,2026-05-04T00:27:25.000+05:30,NO,0,YES,5,YES
15398,59,1041,68152.13,Zomato,NET BANKING,USA,Tablet,2026-04-22T20:23:01.000+05:30,YES,20,NO,4,YES
15440,62,1161,66274.28,Zomato,ATM WITHDRAWAL,UK,Laptop,2026-05-17T09:30:31.000+05:30,YES,9,NO,5,YES
15539,80,1075,51894.96,Zomato,UPI,India,Mobile,2026-05-03T01:42:08.000+05:30,YES,1,YES,5,NO
15569,21,1148,1977.84,Swiggy,CARD,USA,Mobile,2026-04-21T23:52:34.000+05:30,NO,23,NO,4,YES
16090,30,1026,88204.94,Apple Store,ATM WITHDRAWAL,India,ATM,2026-05-02T05:55:05.000+05:30,YES,5,YES,5,NO
16396,68,1003,53538.07,Petrol Pump,ATM WITHDRAWAL,USA,Laptop,2026-05-14T09:07:18.000+05:30,YES,9,NO,5,YES
16570,79,1083,93391.06,Amazon,UPI,Singapore,ATM,2026-04-26T17:16:05.000+05:30,YES,17,NO,4,YES
16894,91,1179,64708.51,Uber,NET BANKING,India,Tablet,2026-05-17T05:21:24.000+05:30,YES,5,YES,5,NO
17495,47,1029,40831.97,Flipkart,ATM WITHDRAWAL,USA,Laptop,2026-05-04T02:49:53.000+05:30,NO,2,YES,5,YES
18312,11,1195,43028.84,Nike,ATM WITHDRAWAL,UK,Mobile,2026-04-29T19:59:21.000+05:30,NO,19,NO,4,YES
18383,25,1036,25602.75,Nike,UPI,UK,Tablet,2026-05-09T08:09:12.000+05:30,NO,8,NO,5,YES
18580,53,1112,36232.03,Uber,CARD,India,Mobile,2026-04-27T04:44:56.000+05:30,NO,4,YES,4,NO
18586,17,1115,98159.51,Flipkart,UPI,India,Mobile,2026-04-27T00:52:17.000+05:30,YES,0,YES,4,NO
19339,72,1115,24978.45,Amazon,UPI,Germany,Laptop,2026-05-12T20:13:30.000+05:30,NO,20,NO,5,YES
19963,42,1171,8313.6,Petrol Pump,UPI,USA,Laptop,2026-04-21T13:11:34.000+05:30,NO,13,NO,4,YES
19997,60,1174,65431.0,Netflix,ATM WITHDRAWAL,India,ATM,2026-05-08T01:23:13.000+05:30,YES,1,YES,5,NO
10306,36,1177,8122.35,Netflix,NET BANKING,Germany,Tablet,2026-04-27T18:21:54.000+05:30,NO,18,NO,4,YES
10320,59,1096,95490.25,Amazon,CARD,Germany,Laptop,2026-04-29T23:59:15.000+05:30,YES,23,NO,4,YES
10397,64,1188,50220.48,Netflix,NET BANKING,Singapore,Laptop,2026-04-20T14:31:19.000+05:30,YES,14,NO,4,YES
10520,48,1142,69340.15,Petrol Pump,ATM WITHDRAWAL,Germany,Tablet,2026-04-21T16:35:49.000+05:30,YES,16,NO,4,YES
10660,1,1068,89730.24,Flipkart,ATM WITHDRAWAL,UK,Tablet,2026-04-20T23:52:31.000+05:30,YES,23,NO,4,YES
10827,90,1075,23369.31,Petrol Pump,ATM WITHDRAWAL,India,Mobile,2026-04-24T04:56:52.000+05:30,NO,4,YES,4,NO
11133,3,1159,17896.42,Petrol Pump,UPI,India,Tablet,2026-04-27T05:29:34.000+05:30,NO,5,YES,4,NO
11142,25,1024,30148.68,Apple Store,UPI,Germany,Laptop,2026-05-12T22:34:45.000+05:30,NO,22,NO,5,YES
11246,8,1084,76867.47,Netflix,NET BANKING,India,Laptop,2026-05-06T15:43:40.000+05:30,YES,15,NO,5,NO
11391,65,1039,46227.3,Walmart,CARD,Singapore,Mobile,2026-05-05T20:44:22.000+05:30,NO,20,NO,5,YES
11416,16,1028,73709.35,Swiggy,CARD,India,Laptop,2026-04-28T22:16:32.000+05:30,YES,22,NO,4,NO
11529,76,1124,70501.79,Flipkart,CARD,Singapore,Tablet,2026-04-27T07:44:33.000+05:30,YES,7,NO,4,YES
11632,60,1184,75654.1,Nike,CARD,India,Mobile,2026-04-22T17:37:27.000+05:30,YES,17,NO,4,NO
11662,60,1011,37636.41,Nike,UPI,USA,Mobile,2026-04-20T07:38:55.000+05:30,NO,7,NO,4,YES
12138,29,1033,37464.73,Uber,NET BANKING,UK,ATM,2026-04-22T07:27:31.000+05:30,NO,7,NO,4,YES
12197,24,1110,51236.79,Nike,CARD,UK,Tablet,2026-05-11T11:18:56.000+05:30,YES,11,NO,5,YES
12237,28,1049,53260.99,Amazon,ATM WITHDRAWAL,India,Mobile,2026-05-18T05:12:33.000+05:30,YES,5,YES,5,NO
12790,5,1165,90774.63,Netflix,ATM WITHDRAWAL,USA,Tablet,2026-05-05T06:30:07.000+05:30,YES,6,NO,5,YES
12876,66,1154,31858.6,Walmart,UPI,Singapore,Tablet,2026-04-23T17:30:49.000+05:30,NO,17,NO,4,YES
12898,53,1118,95986.77,Amazon,ATM WITHDRAWAL,Germany,Tablet,2026-05-09T05:54:00.000+05:30,YES,5,YES,5,YES
12986,81,1051,34319.83,Amazon,UPI,Singapore,Mobile,2026-05-08T03:27:01.000+05:30,NO,3,YES,5,YES
13703,54,1106,29353.19,Petrol Pump,NET BANKING,USA,Laptop,2026-05-05T23:31:46.000+05:30,NO,23,NO,5,YES
13862,87,1029,4801.02,Netflix,ATM WITHDRAWAL,Germany,ATM,2026-04-20T04:18:23.000+05:30,NO,4,YES,4,YES
13895,94,1070,76415.53,Nike,CARD,USA,ATM,2026-05-02T10:18:08.000+05:30,YES,10,NO,5,YES
13898,11,1114,75861.16,Walmart,UPI,India,ATM,2026-05-15T10:37:00.000+05:30,YES,10,NO,5,NO
14225,32,1136,65674.44,Nike,CARD,USA,ATM,2026-04-26T12:45:35.000+05:30,YES,12,NO,4,YES
14267,1,1163,25522.42,Walmart,NET BANKING,UK,ATM,2026-05-15T13:07:02.000+05:30,NO,13,NO,5,YES
14772,98,1076,64881.2,Swiggy,ATM WITHDRAWAL,Singapore,Mobile,2026-04-26T19:46:07.000+05:30,YES,19,NO,4,YES
14801,81,1194,35710.11,Amazon,NET BANKING,UK,Tablet,2026-05-12T14:02:10.000+05:30,NO,14,NO,5,YES
15110,56,1086,45796.0,Netflix,ATM WITHDRAWAL,Germany,Tablet,2026-04-27T14:49:40.000+05:30,NO,14,NO,4,YES
15590,95,1046,48418.57,Netflix,ATM WITHDRAWAL,Germany,ATM,2026-04-28T06:07:12.000+05:30,NO,6,NO,4,YES
15751,15,1153,81484.72,Netflix,NET BANKING,UK,ATM,2026-05-10T13:56:44.000+05:30,YES,13,NO,5,YES
16113,67,1023,62216.05,Netflix,UPI,UK,Mobile,2026-04-26T15:23:24.000+05:30,YES,15,NO,4,YES
16196,66,1017,35704.1,Apple Store,ATM WITHDRAWAL,Singapore,Laptop,2026-05-14T20:23:47.000+05:30,NO,20,NO,5,YES
16213,65,1179,33266.75,Petrol Pump,NET BANKING,USA,Laptop,2026-05-12T10:41:40.000+05:30,NO,10,NO,5,YES
16367,13,1119,19260.48,Zomato,CARD,Singapore,ATM,2026-05-06T13:39:22.000+05:30,NO,13,NO,5,YES
16696,99,1011,66040.04,Nike,ATM WITHDRAWAL,USA,Tablet,2026-05-04T10:38:27.000+05:30,YES,10,NO,5,YES
16942,59,1179,27073.7,Zomato,CARD,Germany,Laptop,2026-04-28T08:17:20.000+05:30,NO,8,NO,4,YES
17043,24,1151,17412.59,Flipkart,CARD,Singapore,Tablet,2026-04-19T19:46:37.000+05:30,NO,19,NO,4,YES
17084,33,1099,23958.98,Amazon,ATM WITHDRAWAL,Singapore,ATM,2026-05-09T02:00:00.000+05:30,NO,2,YES,5,YES
17242,70,1106,55181.61,Flipkart,ATM WITHDRAWAL,Germany,Tablet,2026-05-13T05:32:16.000+05:30,YES,5,YES,5,YES
17665,38,1165,96468.46,Uber,CARD,UK,Tablet,2026-05-07T12:13:31.000+05:30,YES,12,NO,5,YES
18102,8,1066,68404.91,Petrol Pump,UPI,Singapore,Laptop,2026-05-04T08:01:48.000+05:30,YES,8,NO,5,YES
18411,46,1016,77435.6,Flipkart,ATM WITHDRAWAL,Germany,ATM,2026-04-26T03:45:05.000+05:30,YES,3,YES,4,YES
18424,6,1024,96684.98,Flipkart,ATM WITHDRAWAL,UK,Laptop,2026-04-20T04:16:09.000+05:30,YES,4,YES,4,YES
18430,39,1022,73191.82,Zomato,ATM WITHDRAWAL,USA,Tablet,2026-05-04T16:18:41.000+05:30,YES,16,NO,5,YES
19026,81,1131,71149.51,Uber,NET BANKING,India,ATM,2026-04-26T05:08:21.000+05:30,YES,5,YES,4,NO
19097,54,1193,4060.85,Amazon,UPI,USA,ATM,2026-05-13T00:35:14.000+05:30,NO,0,YES,5,YES
19535,85,1074,66899.47,Apple Store,ATM WITHDRAWAL,USA,Mobile,2026-05-06T11:46:28.000+05:30,YES,11,NO,5,YES
19595,68,1028,49968.2,Uber,NET BANKING,Singapore,Laptop,2026-05-02T09:38:52.000+05:30,NO,9,NO,5,YES
19789,5,1186,29255.36,Walmart,UPI,Singapore,Tablet,2026-05-08T09:20:27.000+05:30,NO,9,NO,5,YES
19815,96,1055,22454.82,Apple Store,ATM WITHDRAWAL,USA,ATM,2026-05-04T13:17:16.000+05:30,NO,13,NO,5,YES
19908,12,1094,89241.63,Nike,NET BANKING,India,ATM,2026-05-17T16:38:31.000+05:30,YES,16,NO,5,NO
10020,46,1125,41036.4,Uber,CARD,UK,Laptop,2026-05-18T11:44:35.000+05:30,NO,11,NO,5,YES
10420,33,1115,22739.99,Netflix,NET BANKING,USA,Tablet,2026-04-27T23:46:51.000+05:30,NO,23,NO,4,YES
10501,97,1061,81688.09,Nike,NET BANKING,UK,Tablet,2026-05-01T20:28:25.000+05:30,YES,20,NO,5,YES
10834,43,1129,90039.89,Netflix,ATM WITHDRAWAL,India,Tablet,2026-05-04T22:46:33.000+05:30,YES,22,NO,5,NO
11639,54,1003,17389.79,Netflix,UPI,USA,Tablet,2026-05-11T05:46:35.000+05:30,NO,5,YES,5,YES
11750,7,1191,37784.12,Petrol Pump,NET BANKING,UK,ATM,2026-04-26T14:53:08.000+05:30,NO,14,NO,4,YES
12815,94,1061,16175.72,Swiggy,UPI,USA,Tablet,2026-04-26T07:13:08.000+05:30,NO,7,NO,4,YES
12866,5,1086,63694.73,Uber,UPI,Singapore,Tablet,2026-05-02T11:59:12.000+05:30,YES,11,NO,5,YES
13973,9,1083,19217.11,Walmart,ATM WITHDRAWAL,USA,Laptop,2026-04-26T15:15:07.000+05:30,NO,15,NO,4,YES
14107,88,1136,69181.57,Zomato,NET BANKING,Singapore,Mobile,2026-05-01T16:29:35.000+05:30,YES,16,NO,5,YES
14549,91,1119,27383.9,Flipkart,CARD,USA,Laptop,2026-05-17T05:42:50.000+05:30,NO,5,YES,5,YES
14552,56,1177,58512.09,Zomato,CARD,India,Mobile,2026-04-23T03:56:04.000+05:30,YES,3,YES,4,NO
14780,45,1012,98478.33,Netflix,UPI,UK,Mobile,2026-05-14T23:22:52.000+05:30,YES,23,NO,5,YES
15010,52,1119,9853.5,Amazon,UPI,USA,ATM,2026-05-17T02:44:49.000+05:30,NO,2,YES,5,YES
15065,14,1131,59004.53,Zomato,UPI,India,Mobile,2026-04-29T17:20:39.000+05:30,YES,17,NO,4,NO
15072,86,1065,96568.01,Netflix,CARD,UK,Mobile,2026-05-12T07:58:49.000+05:30,YES,7,NO,5,YES
15218,53,1047,59232.69,Walmart,CARD,USA,ATM,2026-05-11T04:43:10.000+05:30,YES,4,YES,5,YES
15284,61,1173,64082.99,Apple Store,CARD,Germany,Mobile,2026-05-02T03:31:38.000+05:30,YES,3,YES,5,YES
15324,79,1117,22113.63,Petrol Pump,UPI,USA,Tablet,2026-04-19T04:29:28.000+05:30,NO,4,YES,4,YES
15770,25,1199,7327.03,Apple Store,NET BANKING,Singapore,Mobile,2026-05-11T03:43:58.000+05:30,NO,3,YES,5,YES
15967,74,1088,29821.79,Uber,CARD,India,Mobile,2026-05-13T04:04:17.000+05:30,NO,4,YES,5,NO
16307,75,1015,38618.06,Apple Store,UPI,USA,Laptop,2026-04-19T05:07:57.000+05:30,NO,5,YES,4,YES
16402,81,1072,70187.11,Swiggy,CARD,Singapore,Laptop,2026-04-30T08:39:17.000+05:30,YES,8,NO,4,YES
17510,96,1159,99382.74,Petrol Pump,NET BANKING,Germany,ATM,2026-05-15T01:06:51.000+05:30,YES,1,YES,5,YES
17767,67,1039,29798.07,Swiggy,CARD,USA,ATM,2026-04-26T20:50:19.000+05:30,NO,20,NO,4,YES
17783,6,1199,50675.27,Amazon,UPI,Singapore,Laptop,2026-04-27T01:53:12.000+05:30,YES,1,YES,4,YES
17883,53,1088,67916.82,Zomato,ATM WITHDRAWAL,USA,Mobile,2026-05-15T16:50:21.000+05:30,YES,16,NO,5,YES
18097,55,1065,39465.68,Swiggy,CARD,UK,ATM,2026-04-23T03:28:10.000+05:30,NO,3,YES,4,YES
18800,27,1185,86735.84,Nike,ATM WITHDRAWAL,Germany,Tablet,2026-05-03T17:16:12.000+05:30,YES,17,NO,5,YES
19128,45,1152,97244.47,Walmart,NET BANKING,USA,Laptop,2026-05-10T09:04:39.000+05:30,YES,9,NO,5,YES
19286,22,1096,54641.86,Nike,NET BANKING,Singapore,Tablet,2026-05-12T18:16:47.000+05:30,YES,18,NO,5,YES
19552,4,1168,97463.74,Amazon,ATM WITHDRAWAL,UK,Tablet,2026-05-07T18:34:09.000+05:30,YES,18,NO,5,YES
10375,82,1188,53882.07,Walmart,CARD,USA,ATM,2026-04-25T21:03:49.000+05:30,YES,21,NO,4,YES
10433,72,1175,75137.83,Walmart,CARD,India,Laptop,2026-04-19T14:49:19.000+05:30,YES,14,NO,4,NO
10446,54,1062,92368.45,Petrol Pump,UPI,UK,ATM,2026-04-19T06:24:42.000+05:30,YES,6,NO,4,YES
10620,12,1119,7578.04,Uber,ATM WITHDRAWAL,Singapore,Mobile,2026-04-25T03:19:11.000+05:30,NO,3,YES,4,YES
10839,54,1105,62098.48,Nike,ATM WITHDRAWAL,India,Laptop,2026-05-16T00:35:57.000+05:30,YES,0,YES,5,NO
11530,74,1096,88422.4,Petrol Pump,CARD,UK,Tablet,2026-05-08T18:40:42.000+05:30,YES,18,NO,5,YES
11668,91,1040,91502.89,Amazon,ATM WITHDRAWAL,UK,ATM,2026-05-16T19:02:31.000+05:30,YES,19,NO,5,YES
11857,66,1047,3377.88,Nike,CARD,Germany,Mobile,2026-05-05T12:44:17.000+05:30,NO,12,NO,5,YES
12471,1,1168,49577.99,Flipkart,CARD,UK,Mobile,2026-04-24T19:58:17.000+05:30,NO,19,NO,4,YES
12505,45,1147,61365.91,Swiggy,CARD,Germany,Mobile,2026-04-19T07:58:59.000+05:30,YES,7,NO,4,YES
12788,54,1018,65918.91,Zomato,UPI,USA,Mobile,2026-05-09T05:25:37.000+05:30,YES,5,YES,5,YES
13136,54,1118,61968.76,Netflix,UPI,Germany,Tablet,2026-05-02T14:31:09.000+05:30,YES,14,NO,5,YES
13565,73,1180,3539.98,Flipkart,NET BANKING,USA,Tablet,2026-04-23T05:29:54.000+05:30,NO,5,YES,4,YES
13625,16,1010,15786.64,Apple Store,NET BANKING,Germany,Tablet,2026-05-08T16:55:50.000+05:30,NO,16,NO,5,YES
13847,36,1057,60378.77,Flipkart,UPI,India,Mobile,2026-04-21T17:30:20.000+05:30,YES,17,NO,4,NO
13849,35,1028,65252.69,Amazon,CARD,UK,ATM,2026-05-03T09:38:51.000+05:30,YES,9,NO,5,YES
14170,65,1050,54038.88,Uber,NET BANKING,Germany,Mobile,2026-05-09T06:06:04.000+05:30,YES,6,NO,5,YES
14262,47,1172,19815.3,Amazon,ATM WITHDRAWAL,Germany,Tablet,2026-04-28T05:16:24.000+05:30,NO,5,YES,4,YES
14454,56,1199,88909.82,Swiggy,NET BANKING,Germany,Tablet,2026-04-29T17:25:33.000+05:30,YES,17,NO,4,YES
14802,12,1185,37943.26,Zomato,NET BANKING,Singapore,ATM,2026-04-29T05:07:39.000+05:30,NO,5,YES,4,YES
14983,10,1137,1050.13,Swiggy,ATM WITHDRAWAL,UK,Tablet,2026-04-27T06:20:12.000+05:30,NO,6,NO,4,YES
15246,82,1098,8184.67,Netflix,ATM WITHDRAWAL,UK,Laptop,2026-04-19T16:46:56.000+05:30,NO,16,NO,4,YES
15876,85,1009,76670.23,Swiggy,NET BANKING,USA,Laptop,2026-05-17T11:23:58.000+05:30,YES,11,NO,5,YES
16099,42,1177,86350.78,Swiggy,CARD,USA,ATM,2026-04-27T03:26:12.000+05:30,YES,3,YES,4,YES
16460,74,1189,37224.21,Nike,NET BANKING,Germany,Mobile,2026-05-06T18:45:07.000+05:30,NO,18,NO,5,YES
17103,53,1104,16832.91,Petrol Pump,ATM WITHDRAWAL,Germany,Laptop,2026-04-23T07:23:15.000+05:30,NO,7,NO,4,YES
17872,53,1034,83687.95,Apple Store,ATM WITHDRAWAL,USA,Tablet,2026-05-07T11:42:59.000+05:30,YES,11,NO,5,YES
18353,54,1100,75470.91,Apple Store,NET BANKING,UK,ATM,2026-05-08T07:09:04.000+05:30,YES,7,NO,5,YES
18544,56,1193,11093.8,Nike,NET BANKING,India,ATM,2026-05-18T01:13:12.000+05:30,NO,1,YES,5,NO
18700,96,1005,10473.18,Petrol Pump,CARD,Germany,Mobile,2026-05-09T18:49:37.000+05:30,NO,18,NO,5,YES
18990,61,1129,54503.66,Flipkart,CARD,Singapore,Mobile,2026-04-26T04:24:28.000+05:30,YES,4,YES,4,YES
19136,86,1200,81918.31,Apple Store,ATM WITHDRAWAL,Germany,Mobile,2026-04-21T17:29:23.000+05:30,YES,17,NO,4,YES
19243,29,1057,59709.07,Amazon,CARD,India,Tablet,2026-05-15T08:35:29.000+05:30,YES,8,NO,5,NO
19555,7,1053,95479.38,Apple Store,NET BANKING,USA,Tablet,2026-04-18T17:23:20.000+05:30,YES,17,NO,4,YES
10015,66,1163,80299.23,Petrol Pump,NET BANKING,India,Laptop,2026-05-14T23:13:01.000+05:30,YES,23,NO,5,NO
10205,4,1001,55618.82,Amazon,NET BANKING,India,Tablet,2026-05-11T05:13:11.000+05:30,YES,5,YES,5,NO
11727,95,1004,65827.94,Zomato,NET BANKING,UK,ATM,2026-05-12T10:52:08.000+05:30,YES,10,NO,5,YES
11735,90,1086,46741.97,Walmart,NET BANKING,UK,ATM,2026-04-29T18:30:05.000+05:30,NO,18,NO,4,YES
11904,74,1091,15249.17,Amazon,ATM WITHDRAWAL,UK,Laptop,2026-04-21T16:42:43.000+05:30,NO,16,NO,4,YES
12354,75,1198,7290.15,Netflix,ATM WITHDRAWAL,Singapore,Tablet,2026-05-18T03:12:58.000+05:30,NO,3,YES,5,YES
12485,89,1083,28277.42,Zomato,UPI,Singapore,ATM,2026-04-30T14:55:47.000+05:30,NO,14,NO,4,YES
12865,61,1025,15806.21,Nike,UPI,UK,Laptop,2026-05-07T00:29:25.000+05:30,NO,0,YES,5,YES
13575,27,1128,86570.65,Apple Store,CARD,UK,Mobile,2026-05-18T05:20:47.000+05:30,YES,5,YES,5,YES
13850,44,1187,52584.71,Amazon,ATM WITHDRAWAL,USA,Mobile,2026-05-01T15:24:09.000+05:30,YES,15,NO,5,YES
14038,42,1082,51672.5,Apple Store,CARD,Singapore,Laptop,2026-04-24T15:25:12.000+05:30,YES,15,NO,4,YES
14187,49,1049,23007.6,Netflix,NET BANKING,Singapore,Mobile,2026-05-01T12:20:46.000+05:30,NO,12,NO,5,YES
14242,97,1073,10876.11,Swiggy,NET BANKING,USA,Tablet,2026-04-23T20:00:58.000+05:30,NO,20,NO,4,YES
14250,55,1097,66645.01,Uber,CARD,UK,Laptop,2026-04-30T11:27:05.000+05:30,YES,11,NO,4,YES
14335,64,1197,66894.09,Apple Store,ATM WITHDRAWAL,UK,Laptop,2026-05-01T04:54:55.000+05:30,YES,4,YES,5,YES
14896,63,1051,55682.62,Uber,ATM WITHDRAWAL,Singapore,ATM,2026-05-01T09:36:56.000+05:30,YES,9,NO,5,YES
15227,61,1052,95682.93,Apple Store,NET BANKING,Singapore,Laptop,2026-04-20T00:23:38.000+05:30,YES,0,YES,4,YES
15297,79,1150,84536.37,Petrol Pump,CARD,India,Mobile,2026-05-07T14:49:22.000+05:30,YES,14,NO,5,NO
15526,53,1185,68587.18,Amazon,ATM WITHDRAWAL,USA,ATM,2026-05-18T12:14:10.000+05:30,YES,12,NO,5,YES
15736,34,1104,20487.32,Uber,CARD,UK,Tablet,2026-05-14T02:49:33.000+05:30,NO,2,YES,5,YES
16120,82,1189,92594.32,Walmart,ATM WITHDRAWAL,UK,ATM,2026-05-13T20:12:03.000+05:30,YES,20,NO,5,YES
16724,23,1027,52272.19,Petrol Pump,CARD,Germany,Laptop,2026-05-13T20:02:41.000+05:30,YES,20,NO,5,YES
16927,76,1016,65880.91,Walmart,ATM WITHDRAWAL,Germany,Mobile,2026-05-17T11:42:31.000+05:30,YES,11,NO,5,YES
17027,48,1147,93126.39,Nike,CARD,Singapore,Tablet,2026-05-16T19:55:20.000+05:30,YES,19,NO,5,YES
17364,22,1170,56015.05,Petrol Pump,ATM WITHDRAWAL,India,Tablet,2026-04-21T22:27:32.000+05:30,YES,22,NO,4,NO
17550,1,1009,63889.31,Flipkart,UPI,Singapore,Tablet,2026-04-24T23:19:25.000+05:30,YES,23,NO,4,YES
17682,45,1038,47409.3,Nike,UPI,UK,Tablet,2026-04-25T17:11:34.000+05:30,NO,17,NO,4,YES
17694,63,1144,92780.88,Apple Store,UPI,UK,Mobile,2026-05-17T00:09:10.000+05:30,YES,0,YES,5,YES
17773,24,1125,49334.51,Apple Store,UPI,Germany,Mobile,2026-05-08T10:41:24.000+05:30,NO,10,NO,5,YES
18404,55,1016,17241.23,Zomato,ATM WITHDRAWAL,Singapore,Laptop,2026-05-07T08:51:57.000+05:30,NO,8,NO,5,YES
18519,52,1085,26338.68,Apple Store,NET BANKING,UK,ATM,2026-05-12T08:48:15.000+05:30,NO,8,NO,5,YES
18531,38,1142,7735.17,Amazon,CARD,Singapore,Tablet,2026-05-03T00:19:35.000+05:30,NO,0,YES,5,YES
19022,16,1139,59021.77,Uber,ATM WITHDRAWAL,USA,ATM,2026-05-04T21:00:15.000+05:30,YES,21,NO,5,YES
19375,49,1059,44447.92,Swiggy,NET BANKING,Singapore,ATM,2026-04-21T10:15:35.000+05:30,NO,10,NO,4,YES
19833,95,1131,42924.86,Swiggy,UPI,Singapore,Tablet,2026-05-07T16:28:19.000+05:30,NO,16,NO,5,YES
19891,83,1080,33209.87,Zomato,NET BANKING,Germany,Mobile,2026-05-13T21:46:33.000+05:30,NO,21,NO,5,YES
10245,39,1171,66851.78,Netflix,ATM WITHDRAWAL,India,Tablet,2026-04-30T04:28:15.000+05:30,YES,4,YES,4,NO
10430,7,1080,59499.55,Petrol Pump,NET BANKING,Germany,Mobile,2026-04-19T05:33:31.000+05:30,YES,5,YES,4,YES
10563,1,1141,9586.56,Amazon,CARD,Singapore,Tablet,2026-04-24T19:25:39.000+05:30,NO,19,NO,4,YES
10698,83,1097,50153.52,Zomato,ATM WITHDRAWAL,USA,Laptop,2026-05-17T23:48:57.000+05:30,YES,23,NO,5,YES
11020,66,1053,51933.67,Amazon,UPI,India,Laptop,2026-05-04T22:14:33.000+05:30,YES,22,NO,5,NO
11162,74,1079,60875.49,Walmart,UPI,Singapore,Mobile,2026-04-21T10:01:14.000+05:30,YES,10,NO,4,YES
11824,7,1058,78454.47,Nike,ATM WITHDRAWAL,UK,Laptop,2026-04-21T10:32:58.000+05:30,YES,10,NO,4,YES
11971,65,1130,71175.47,Petrol Pump,CARD,Singapore,Tablet,2026-05-08T13:59:23.000+05:30,YES,13,NO,5,YES
12058,78,1152,39571.51,Walmart,CARD,Germany,Mobile,2026-04-24T08:50:37.000+05:30,NO,8,NO,4,YES
12268,50,1165,10813.63,Netflix,ATM WITHDRAWAL,India,Mobile,2026-04-25T00:17:07.000+05:30,NO,0,YES,4,NO
12297,55,1021,96488.68,Nike,UPI,UK,ATM,2026-05-16T10:08:41.000+05:30,YES,10,NO,5,YES
12620,54,1165,2647.6,Uber,CARD,Germany,ATM,2026-04-26T07:55:59.000+05:30,NO,7,NO,4,YES
12647,85,1027,79394.02,Flipkart,NET BANKING,UK,Tablet,2026-05-11T22:08:12.000+05:30,YES,22,NO,5,YES
12907,54,1075,90953.15,Netflix,ATM WITHDRAWAL,USA,ATM,2026-05-05T21:31:30.000+05:30,YES,21,NO,5,YES
13038,58,1175,54704.99,Netflix,CARD,Singapore,Tablet,2026-05-09T17:58:02.000+05:30,YES,17,NO,5,YES
13450,76,1080,32992.98,Netflix,CARD,Germany,Laptop,2026-05-09T07:38:01.000+05:30,NO,7,NO,5,YES
13604,99,1003,14563.64,Apple Store,ATM WITHDRAWAL,USA,Laptop,2026-05-14T18:43:39.000+05:30,NO,18,NO,5,YES
13647,67,1048,43843.68,Zomato,NET BANKING,Germany,Mobile,2026-05-07T12:02:25.000+05:30,NO,12,NO,5,YES
13981,73,1091,6884.05,Swiggy,ATM WITHDRAWAL,India,Laptop,2026-05-17T04:33:21.000+05:30,NO,4,YES,5,NO
14229,29,1140,95112.4,Petrol Pump,UPI,UK,Tablet,2026-04-29T07:28:47.000+05:30,YES,7,NO,4,YES
14333,35,1030,38905.41,Swiggy,CARD,Singapore,Tablet,2026-04-30T11:37:34.000+05:30,NO,11,NO,4,YES
14550,2,1182,78588.25,Uber,NET BANKING,India,Tablet,2026-05-10T18:18:30.000+05:30,YES,18,NO,5,NO
14708,79,1022,33976.34,Nike,CARD,UK,ATM,2026-04-20T02:20:38.000+05:30,NO,2,YES,4,YES
14936,27,1137,24885.78,Petrol Pump,UPI,Singapore,ATM,2026-04-26T11:34:38.000+05:30,NO,11,NO,4,YES
14982,19,1036,19930.25,Walmart,CARD,UK,Mobile,2026-05-14T14:03:15.000+05:30,NO,14,NO,5,YES
15129,77,1103,47237.86,Amazon,NET BANKING,Germany,Laptop,2026-05-01T08:24:04.000+05:30,NO,8,NO,5,YES
15699,36,1108,22205.04,Zomato,NET BANKING,Singapore,Laptop,2026-05-09T11:00:58.000+05:30,NO,11,NO,5,YES
15826,25,1015,63380.5,Zomato,UPI,USA,Laptop,2026-04-26T20:42:45.000+05:30,YES,20,NO,4,YES
15991,64,1191,9858.19,Flipkart,UPI,USA,Laptop,2026-05-09T22:36:44.000+05:30,NO,22,NO,5,YES
15995,51,1095,92818.55,Apple Store,NET BANKING,UK,Tablet,2026-04-19T00:23:42.000+05:30,YES,0,YES,4,YES
16509,97,1066,1912.11,Walmart,CARD,Singapore,Tablet,2026-04-24T06:34:29.000+05:30,NO,6,NO,4,YES
16703,54,1086,42777.22,Zomato,NET BANKING,Singapore,Mobile,2026-04-28T15:13:14.000+05:30,NO,15,NO,4,YES
17214,18,1147,14944.83,Zomato,UPI,USA,ATM,2026-05-12T02:09:42.000+05:30,NO,2,YES,5,YES
17231,21,1144,16196.45,Uber,NET BANKING,Germany,Laptop,2026-04-25T17:18:24.000+05:30,NO,17,NO,4,YES
17366,68,1200,89247.52,Netflix,UPI,Germany,ATM,2026-05-06T18:01:28.000+05:30,YES,18,NO,5,YES
17464,74,1199,75481.38,Swiggy,UPI,Singapore,ATM,2026-04-30T22:46:47.000+05:30,YES,22,NO,4,YES
17674,22,1169,2621.8,Amazon,UPI,Singapore,ATM,2026-04-28T02:22:12.000+05:30,NO,2,YES,4,YES
17683,36,1083,49847.86,Uber,UPI,USA,Tablet,2026-04-27T09:19:38.000+05:30,NO,9,NO,4,YES
17733,40,1111,8304.73,Netflix,CARD,USA,ATM,2026-04-23T12:30:38.000+05:30,NO,12,NO,4,YES
18595,90,1189,31141.19,Swiggy,UPI,USA,Mobile,2026-05-06T08:40:21.000+05:30,NO,8,NO,5,YES
18665,65,1187,88519.39,Nike,ATM WITHDRAWAL,Singapore,ATM,2026-05-09T08:56:54.000+05:30,YES,8,NO,5,YES
19053,82,1062,76383.96,Flipkart,ATM WITHDRAWAL,Singapore,Laptop,2026-04-19T12:54:09.000+05:30,YES,12,NO,4,YES
19260,67,1117,79679.02,Walmart,CARD,India,Tablet,2026-05-16T20:31:54.000+05:30,YES,20,NO,5,NO
19516,46,1194,74242.57,Uber,UPI,India,Tablet,2026-04-24T00:16:10.000+05:30,YES,0,YES,4,NO
10229,30,1112,67562.13,Uber,CARD,USA,ATM,2026-05-11T16:58:50.000+05:30,YES,16,NO,5,YES
10844,46,1157,57969.41,Walmart,UPI,Singapore,Tablet,2026-04-18T18:42:06.000+05:30,YES,18,NO,4,YES
11005,42,1005,83101.42,Apple Store,UPI,Germany,Tablet,2026-04-20T13:21:56.000+05:30,YES,13,NO,4,YES
11475,53,1096,36945.99,Netflix,ATM WITHDRAWAL,USA,Laptop,2026-04-21T15:26:01.000+05:30,NO,15,NO,4,YES
11917,10,1104,33287.16,Swiggy,UPI,Singapore,Laptop,2026-05-08T02:05:14.000+05:30,NO,2,YES,5,YES
12072,50,1186,23968.25,Amazon,CARD,UK,Mobile,2026-05-03T09:07:14.000+05:30,NO,9,NO,5,YES
12199,33,1198,68659.25,Flipkart,UPI,Germany,ATM,2026-04-23T22:59:19.000+05:30,YES,22,NO,4,YES
12241,2,1097,62873.05,Amazon,ATM WITHDRAWAL,USA,Tablet,2026-04-30T01:18:17.000+05:30,YES,1,YES,4,YES
12764,68,1105,13638.36,Flipkart,CARD,Singapore,Tablet,2026-05-09T16:59:43.000+05:30,NO,16,NO,5,YES
12823,56,1165,72971.8,Swiggy,NET BANKING,USA,Tablet,2026-04-19T20:33:53.000+05:30,YES,20,NO,4,YES
12875,87,1183,21882.1,Amazon,ATM WITHDRAWAL,UK,Laptop,2026-04-25T21:39:02.000+05:30,NO,21,NO,4,YES
12877,37,1188,43174.92,Nike,CARD,USA,Laptop,2026-04-23T12:36:35.000+05:30,NO,12,NO,4,YES
13256,92,1105,8543.47,Nike,ATM WITHDRAWAL,UK,ATM,2026-05-06T11:27:18.000+05:30,NO,11,NO,5,YES
13369,5,1057,83752.35,Walmart,UPI,USA,ATM,2026-05-15T20:58:08.000+05:30,YES,20,NO,5,YES
13743,74,1157,30059.79,Apple Store,NET BANKING,Singapore,Laptop,2026-05-12T14:47:28.000+05:30,NO,14,NO,5,YES
14128,79,1111,81529.12,Uber,UPI,UK,Laptop,2026-04-23T20:50:24.000+05:30,YES,20,NO,4,YES
14451,10,1159,66873.61,Netflix,NET BANKING,Singapore,Tablet,2026-05-10T06:48:42.000+05:30,YES,6,NO,5,YES
14530,89,1166,94348.17,Flipkart,ATM WITHDRAWAL,Singapore,Tablet,2026-05-12T21:15:34.000+05:30,YES,21,NO,5,YES
14605,45,1071,97235.55,Nike,UPI,Germany,ATM,2026-05-02T21:28:42.000+05:30,YES,21,NO,5,YES
14759,38,1185,15642.32,Petrol Pump,NET BANKING,UK,Laptop,2026-05-10T13:24:31.000+05:30,NO,13,NO,5,YES
15248,57,1095,88886.63,Zomato,CARD,UK,ATM,2026-04-21T11:05:53.000+05:30,YES,11,NO,4,YES
15684,98,1018,76477.77,Amazon,CARD,USA,Laptop,2026-05-15T20:21:01.000+05:30,YES,20,NO,5,YES
15803,14,1160,445.1,Nike,ATM WITHDRAWAL,Germany,Mobile,2026-04-23T09:01:12.000+05:30,NO,9,NO,4,YES
15892,30,1016,56482.99,Flipkart,ATM WITHDRAWAL,USA,Tablet,2026-05-15T23:46:44.000+05:30,YES,23,NO,5,YES
16496,95,1038,60998.4,Flipkart,UPI,UK,Tablet,2026-04-23T20:36:41.000+05:30,YES,20,NO,4,YES
16695,12,1101,22061.73,Nike,NET BANKING,Singapore,Mobile,2026-04-30T14:51:38.000+05:30,NO,14,NO,4,YES
16915,82,1083,34491.23,Petrol Pump,UPI,USA,ATM,2026-05-10T05:49:25.000+05:30,NO,5,YES,5,YES
16994,54,1064,91913.96,Amazon,ATM WITHDRAWAL,India,Mobile,2026-05-03T16:43:06.000+05:30,YES,16,NO,5,NO
17807,14,1020,69479.68,Nike,UPI,UK,Tablet,2026-05-14T21:22:51.000+05:30,YES,21,NO,5,YES
17949,83,1173,76006.23,Petrol Pump,ATM WITHDRAWAL,India,Mobile,2026-04-24T05:07:41.000+05:30,YES,5,YES,4,NO
18014,64,1004,54644.32,Apple Store,UPI,USA,Tablet,2026-04-24T01:26:57.000+05:30,YES,1,YES,4,YES
18554,68,1134,30503.26,Amazon,CARD,Germany,ATM,2026-05-06T09:39:09.000+05:30,NO,9,NO,5,YES
18613,57,1186,25014.86,Amazon,ATM WITHDRAWAL,USA,Laptop,2026-04-30T13:57:30.000+05:30,NO,13,NO,4,YES
18848,29,1044,22967.11,Walmart,UPI,UK,Tablet,2026-04-23T21:14:49.000+05:30,NO,21,NO,4,YES
18886,71,1137,32424.85,Flipkart,ATM WITHDRAWAL,USA,Laptop,2026-04-23T08:28:42.000+05:30,NO,8,NO,4,YES
18985,46,1039,95314.82,Amazon,ATM WITHDRAWAL,Singapore,Tablet,2026-05-05T13:17:48.000+05:30,YES,13,NO,5,YES
19089,87,1116,97272.37,Uber,CARD,India,ATM,2026-05-16T00:04:49.000+05:30,YES,0,YES,5,NO
19253,14,1196,11821.52,Zomato,ATM WITHDRAWAL,Germany,Laptop,2026-05-09T19:31:47.000+05:30,NO,19,NO,5,YES
19262,90,1184,506.14,Zomato,UPI,Germany,Mobile,2026-05-15T21:00:17.000+05:30,NO,21,NO,5,YES
19340,27,1162,82374.15,Apple Store,NET BANKING,USA,Tablet,2026-04-19T01:50:46.000+05:30,YES,1,YES,4,YES
19470,52,1100,89487.5,Uber,ATM WITHDRAWAL,Germany,Tablet,2026-05-12T00:56:55.000+05:30,YES,0,YES,5,YES
19485,51,1013,87179.87,Flipkart,CARD,UK,Tablet,2026-04-20T16:53:12.000+05:30,YES,16,NO,4,YES
19783,1,1150,54587.92,Petrol Pump,ATM WITHDRAWAL,India,Laptop,2026-04-19T17:55:41.000+05:30,YES,17,NO,4,NO
19994,9,1126,65758.54,Walmart,ATM WITHDRAWAL,Singapore,ATM,2026-04-29T22:35:35.000+05:30,YES,22,NO,4,YES
19926,11,1067,79460.27,Petrol Pump,ATM WITHDRAWAL,USA,Mobile,2026-05-18T00:08:30.000+05:30,YES,0,YES,5,YES
10929,53,1023,71380.84,Walmart,CARD,UK,ATM,2026-04-23T12:09:00.000+05:30,YES,12,NO,4,YES
11094,65,1022,64639.95,Petrol Pump,ATM WITHDRAWAL,Singapore,Laptop,2026-04-26T18:32:11.000+05:30,YES,18,NO,4,YES
11943,54,1104,70527.13,Netflix,ATM WITHDRAWAL,UK,Mobile,2026-05-04T16:41:29.000+05:30,YES,16,NO,5,YES
12117,4,1096,88843.67,Nike,UPI,Germany,Tablet,2026-05-03T19:34:18.000+05:30,YES,19,NO,5,YES
12365,29,1046,89455.23,Amazon,ATM WITHDRAWAL,Germany,Mobile,2026-05-07T08:15:36.000+05:30,YES,8,NO,5,YES
12567,34,1111,35594.49,Flipkart,NET BANKING,Germany,Mobile,2026-04-26T23:39:30.000+05:30,NO,23,NO,4,YES
12657,69,1135,33501.54,Apple Store,ATM WITHDRAWAL,Germany,Tablet,2026-05-16T21:02:21.000+05:30,NO,21,NO,5,YES
12931,44,1002,49260.87,Flipkart,ATM WITHDRAWAL,UK,Tablet,2026-05-06T06:05:51.000+05:30,NO,6,NO,5,YES
13977,95,1008,89052.71,Amazon,CARD,Singapore,Mobile,2026-05-16T12:20:07.000+05:30,YES,12,NO,5,YES
14152,22,1158,56203.95,Walmart,NET BANKING,UK,Laptop,2026-04-25T23:56:34.000+05:30,YES,23,NO,4,YES
14302,88,1018,47271.82,Zomato,ATM WITHDRAWAL,USA,Tablet,2026-05-06T23:34:06.000+05:30,NO,23,NO,5,YES
14561,42,1148,14116.3,Amazon,ATM WITHDRAWAL,UK,Laptop,2026-04-21T07:59:43.000+05:30,NO,7,NO,4,YES
14684,93,1037,61888.93,Swiggy,UPI,India,ATM,2026-05-13T15:34:03.000+05:30,YES,15,NO,5,NO
14782,61,1064,40028.99,Netflix,UPI,Singapore,Tablet,2026-04-20T16:16:44.000+05:30,NO,16,NO,4,YES
15101,54,1046,53980.21,Walmart,UPI,India,Tablet,2026-04-25T06:22:10.000+05:30,YES,6,NO,4,NO
15968,73,1179,32312.04,Netflix,CARD,USA,Mobile,2026-05-11T15:18:56.000+05:30,NO,15,NO,5,YES
16612,63,1066,279.75,Flipkart,NET BANKING,UK,Tablet,2026-04-24T04:07:51.000+05:30,NO,4,YES,4,YES
17143,86,1158,56942.22,Nike,ATM WITHDRAWAL,Germany,Mobile,2026-05-11T15:22:57.000+05:30,YES,15,NO,5,YES
17197,95,1081,70190.75,Walmart,ATM WITHDRAWAL,India,Laptop,2026-05-08T21:44:21.000+05:30,YES,21,NO,5,NO
17952,82,1161,6752.02,Amazon,NET BANKING,Singapore,ATM,2026-04-20T09:22:06.000+05:30,NO,9,NO,4,YES
18210,78,1198,83133.01,Walmart,ATM WITHDRAWAL,USA,Mobile,2026-04-29T05:22:00.000+05:30,YES,5,YES,4,YES
18499,35,1009,15623.98,Nike,CARD,Singapore,Mobile,2026-04-30T05:40:20.000+05:30,NO,5,YES,4,YES
18532,18,1136,75062.96,Zomato,CARD,UK,ATM,2026-05-13T10:07:51.000+05:30,YES,10,NO,5,YES
18543,80,1005,45870.6,Zomato,UPI,Singapore,ATM,2026-05-07T12:25:35.000+05:30,NO,12,NO,5,YES
18791,99,1196,90790.18,Amazon,CARD,India,ATM,2026-04-28T20:55:44.000+05:30,YES,20,NO,4,NO
19147,19,1096,77114.54,Amazon,ATM WITHDRAWAL,India,ATM,2026-05-04T12:04:40.000+05:30,YES,12,NO,5,NO
19489,56,1141,94996.25,Uber,NET BANKING,USA,Laptop,2026-04-29T05:15:41.000+05:30,YES,5,YES,4,YES
10357,1,1003,94900.9,Amazon,ATM WITHDRAWAL,USA,Tablet,2026-05-15T05:39:06.000+05:30,YES,5,YES,5,YES
10437,27,1091,14120.62,Swiggy,CARD,UK,ATM,2026-04-24T16:04:17.000+05:30,NO,16,NO,4,YES
10591,29,1062,55873.07,Uber,ATM WITHDRAWAL,Germany,Mobile,2026-04-19T01:03:25.000+05:30,YES,1,YES,4,YES
10896,62,1071,81241.36,Flipkart,ATM WITHDRAWAL,India,ATM,2026-05-17T23:20:05.000+05:30,YES,23,NO,5,NO
11011,16,1114,29175.83,Apple Store,ATM WITHDRAWAL,Singapore,Mobile,2026-05-14T23:06:21.000+05:30,NO,23,NO,5,YES
11684,68,1102,26895.31,Flipkart,NET BANKING,USA,Mobile,2026-05-10T09:05:16.000+05:30,NO,9,NO,5,YES
11758,79,1059,88466.51,Nike,CARD,UK,Tablet,2026-05-09T23:15:38.000+05:30,YES,23,NO,5,YES
11881,5,1052,93445.86,Petrol Pump,CARD,UK,ATM,2026-05-05T09:47:19.000+05:30,YES,9,NO,5,YES
12713,63,1168,58336.67,Petrol Pump,UPI,UK,ATM,2026-05-16T09:56:02.000+05:30,YES,9,NO,5,YES
12995,15,1128,75016.75,Amazon,NET BANKING,India,Tablet,2026-05-11T12:11:22.000+05:30,YES,12,NO,5,NO
13221,40,1031,35821.38,Zomato,NET BANKING,UK,Tablet,2026-04-30T10:53:31.000+05:30,NO,10,NO,4,YES
14091,84,1037,22912.67,Uber,UPI,Singapore,ATM,2026-05-04T14:16:04.000+05:30,NO,14,NO,5,YES
14222,69,1029,53656.45,Flipkart,NET BANKING,Singapore,ATM,2026-04-26T21:26:39.000+05:30,YES,21,NO,4,YES
14233,23,1119,68593.24,Nike,CARD,Germany,ATM,2026-05-15T14:12:08.000+05:30,YES,14,NO,5,YES
14492,23,1044,36689.54,Zomato,CARD,Singapore,Tablet,2026-04-29T00:50:07.000+05:30,NO,0,YES,4,YES
14851,46,1188,3704.1,Amazon,NET BANKING,UK,ATM,2026-04-27T01:03:52.000+05:30,NO,1,YES,4,YES
15585,53,1046,14689.84,Walmart,NET BANKING,UK,Tablet,2026-05-05T00:37:30.000+05:30,NO,0,YES,5,YES
15795,53,1172,34502.77,Walmart,UPI,Germany,Mobile,2026-05-15T17:22:16.000+05:30,NO,17,NO,5,YES
16164,39,1032,28668.68,Amazon,NET BANKING,Germany,Laptop,2026-04-19T13:15:49.000+05:30,NO,13,NO,4,YES
16250,99,1189,27206.17,Netflix,CARD,USA,Laptop,2026-05-03T23:18:38.000+05:30,NO,23,NO,5,YES
17023,45,1091,48718.48,Apple Store,ATM WITHDRAWAL,Germany,Laptop,2026-05-09T22:15:51.000+05:30,NO,22,NO,5,YES
17178,40,1114,93280.19,Amazon,UPI,India,ATM,2026-05-13T04:25:36.000+05:30,YES,4,YES,5,NO
17183,1,1139,75937.79,Zomato,NET BANKING,India,Laptop,2026-05-01T04:20:56.000+05:30,YES,4,YES,5,NO
17639,17,1114,23540.82,Walmart,UPI,Germany,Tablet,2026-05-05T19:35:09.000+05:30,NO,19,NO,5,YES
18070,78,1102,58240.13,Zomato,UPI,USA,Mobile,2026-04-30T06:58:39.000+05:30,YES,6,NO,4,YES
18159,3,1116,53008.96,Nike,CARD,UK,ATM,2026-05-10T01:56:07.000+05:30,YES,1,YES,5,YES
18478,88,1118,29723.25,Petrol Pump,UPI,UK,Mobile,2026-04-30T01:45:42.000+05:30,NO,1,YES,4,YES
19606,8,1181,74036.9,Petrol Pump,CARD,USA,Mobile,2026-04-26T19:55:54.000+05:30,YES,19,NO,4,YES
19607,26,1045,532.04,Swiggy,UPI,Germany,Mobile,2026-05-08T09:00:13.000+05:30,NO,9,NO,5,YES
19724,18,1162,91690.39,Zomato,ATM WITHDRAWAL,India,Tablet,2026-05-05T01:46:29.000+05:30,YES,1,YES,5,NO
10107,63,1008,50621.29,Zomato,CARD,USA,Tablet,2026-04-28T05:05:51.000+05:30,YES,5,YES,4,YES
10401,36,1048,65346.19,Walmart,CARD,India,Laptop,2026-04-28T10:00:47.000+05:30,YES,10,NO,4,NO
10838,70,1019,26093.64,Zomato,CARD,Germany,Mobile,2026-05-04T14:34:09.000+05:30,NO,14,NO,5,YES
11054,27,1077,73590.9,Netflix,UPI,Singapore,ATM,2026-05-15T09:13:55.000+05:30,YES,9,NO,5,YES
11341,31,1053,974.58,Walmart,UPI,UK,ATM,2026-05-14T23:39:08.000+05:30,NO,23,NO,5,YES
11343,79,1107,62247.14,Nike,CARD,Germany,Tablet,2026-04-20T12:57:01.000+05:30,YES,12,NO,4,YES
11397,64,1091,63789.98,Apple Store,CARD,India,ATM,2026-04-26T04:15:45.000+05:30,YES,4,YES,4,NO
11483,75,1187,94751.22,Zomato,NET BANKING,India,ATM,2026-05-08T03:16:29.000+05:30,YES,3,YES,5,NO
12029,58,1138,31696.5,Flipkart,NET BANKING,UK,Mobile,2026-04-20T16:24:24.000+05:30,NO,16,NO,4,YES
12172,70,1129,70105.74,Walmart,UPI,UK,Mobile,2026-05-04T01:31:19.000+05:30,YES,1,YES,5,YES
12287,92,1056,27170.64,Swiggy,NET BANKING,USA,Mobile,2026-05-18T12:13:33.000+05:30,NO,12,NO,5,YES
12407,46,1053,14196.04,Uber,ATM WITHDRAWAL,USA,Laptop,2026-04-18T22:42:36.000+05:30,NO,22,NO,4,YES
12482,2,1091,88138.32,Flipkart,UPI,Singapore,ATM,2026-04-18T19:25:49.000+05:30,YES,19,NO,4,YES
12632,39,1154,58272.98,Petrol Pump,NET BANKING,USA,ATM,2026-04-30T15:01:42.000+05:30,YES,15,NO,4,YES
12760,65,1061,95645.07,Apple Store,ATM WITHDRAWAL,Germany,Laptop,2026-05-10T00:46:35.000+05:30,YES,0,YES,5,YES
13039,35,1104,94480.55,Apple Store,ATM WITHDRAWAL,Germany,ATM,2026-04-23T07:42:38.000+05:30,YES,7,NO,4,YES
13465,70,1112,24681.86,Walmart,CARD,UK,Mobile,2026-05-17T09:33:57.000+05:30,NO,9,NO,5,YES
13615,18,1121,1886.0,Swiggy,NET BANKING,Germany,ATM,2026-05-05T15:36:03.000+05:30,NO,15,NO,5,YES
13669,91,1008,50711.17,Swiggy,UPI,USA,ATM,2026-05-04T12:03:44.000+05:30,YES,12,NO,5,YES
13758,75,1114,67082.72,Netflix,CARD,Germany,Mobile,2026-05-14T19:10:05.000+05:30,YES,19,NO,5,YES
13864,11,1112,80182.86,Uber,NET BANKING,Germany,ATM,2026-05-13T04:08:10.000+05:30,YES,4,YES,5,YES
14130,83,1179,98143.56,Apple Store,UPI,Germany,Laptop,2026-04-23T09:05:17.000+05:30,YES,9,NO,4,YES
14145,12,1128,54495.47,Walmart,UPI,USA,Mobile,2026-05-03T09:40:46.000+05:30,YES,9,NO,5,YES
14873,40,1115,72855.46,Walmart,NET BANKING,Singapore,ATM,2026-05-10T11:33:41.000+05:30,YES,11,NO,5,YES
15088,20,1163,42671.63,Flipkart,CARD,India,Laptop,2026-04-22T01:42:34.000+05:30,NO,1,YES,4,NO
15113,64,1034,54544.95,Amazon,NET BANKING,Germany,ATM,2026-05-08T18:38:33.000+05:30,YES,18,NO,5,YES
15285,92,1180,63217.09,Walmart,NET BANKING,Singapore,Laptop,2026-05-06T03:42:03.000+05:30,YES,3,YES,5,YES
15356,26,1174,32993.72,Amazon,NET BANKING,USA,Laptop,2026-04-23T02:37:34.000+05:30,NO,2,YES,4,YES
15721,13,1094,85651.04,Amazon,UPI,Singapore,ATM,2026-04-23T07:13:16.000+05:30,YES,7,NO,4,YES
16801,42,1120,52410.73,Apple Store,ATM WITHDRAWAL,USA,Tablet,2026-05-15T20:49:43.000+05:30,YES,20,NO,5,YES
17158,47,1146,21989.26,Amazon,UPI,India,Tablet,2026-04-24T01:08:20.000+05:30,NO,1,YES,4,NO
17500,41,1124,72601.3,Apple Store,ATM WITHDRAWAL,USA,Laptop,2026-04-22T14:20:58.000+05:30,YES,14,NO,4,YES
17506,14,1083,88557.65,Apple Store,CARD,Germany,ATM,2026-05-08T02:26:09.000+05:30,YES,2,YES,5,YES
17664,86,1053,5537.07,Walmart,UPI,Germany,Laptop,2026-05-10T21:53:18.000+05:30,NO,21,NO,5,YES
17804,45,1118,62603.29,Swiggy,NET BANKING,Singapore,ATM,2026-04-24T09:06:42.000+05:30,YES,9,NO,4,YES
17933,52,1165,78419.34,Nike,UPI,UK,Laptop,2026-04-27T12:43:47.000+05:30,YES,12,NO,4,YES
18113,78,1054,24815.79,Walmart,ATM WITHDRAWAL,Germany,Laptop,2026-05-01T20:40:50.000+05:30,NO,20,NO,5,YES
18408,31,1102,76157.48,Flipkart,CARD,UK,Mobile,2026-05-10T08:40:03.000+05:30,YES,8,NO,5,YES
18689,52,1191,72593.03,Walmart,NET BANKING,Germany,Mobile,2026-05-03T12:05:58.000+05:30,YES,12,NO,5,YES
18832,8,1134,34438.5,Uber,ATM WITHDRAWAL,UK,ATM,2026-05-18T07:16:23.000+05:30,NO,7,NO,5,YES
10063,84,1089,20428.35,Apple Store,UPI,USA,ATM,2026-04-22T07:22:58.000+05:30,NO,7,NO,4,YES
10247,15,1020,96424.26,Flipkart,ATM WITHDRAWAL,Germany,ATM,2026-05-12T22:17:36.000+05:30,YES,22,NO,5,YES
10594,87,1169,88478.61,Petrol Pump,ATM WITHDRAWAL,USA,Tablet,2026-05-14T03:59:47.000+05:30,YES,3,YES,5,YES
10631,5,1108,47280.54,Flipkart,NET BANKING,UK,ATM,2026-04-25T00:41:57.000+05:30,NO,0,YES,4,YES
10713,10,1011,31813.87,Nike,CARD,India,Tablet,2026-05-10T04:55:10.000+05:30,NO,4,YES,5,NO
10796,33,1095,72337.08,Apple Store,NET BANKING,Germany,ATM,2026-05-06T21:15:21.000+05:30,YES,21,NO,5,YES
10873,24,1140,86078.37,Petrol Pump,NET BANKING,USA,Tablet,2026-04-29T13:38:34.000+05:30,YES,13,NO,4,YES
11704,77,1059,62042.86,Flipkart,ATM WITHDRAWAL,Germany,Laptop,2026-04-19T21:29:12.000+05:30,YES,21,NO,4,YES
11762,34,1160,82514.45,Uber,CARD,Singapore,Laptop,2026-05-12T19:25:04.000+05:30,YES,19,NO,5,YES
11890,38,1196,5779.78,Nike,CARD,USA,Laptop,2026-05-07T12:20:40.000+05:30,NO,12,NO,5,YES
12175,32,1005,57943.64,Nike,ATM WITHDRAWAL,Germany,Mobile,2026-05-05T23:55:34.000+05:30,YES,23,NO,5,YES
12348,49,1022,72129.81,Netflix,CARD,USA,Laptop,2026-05-08T14:14:16.000+05:30,YES,14,NO,5,YES
12900,28,1167,80090.78,Flipkart,CARD,India,ATM,2026-05-09T15:24:35.000+05:30,YES,15,NO,5,NO
13146,36,1073,50736.79,Nike,UPI,UK,Mobile,2026-05-18T08:05:43.000+05:30,YES,8,NO,5,YES
14047,63,1105,66656.26,Netflix,UPI,Singapore,ATM,2026-05-02T22:02:47.000+05:30,YES,22,NO,5,YES
14048,95,1035,60421.84,Walmart,UPI,USA,Mobile,2026-05-06T06:16:44.000+05:30,YES,6,NO,5,YES
14555,12,1014,93017.03,Zomato,ATM WITHDRAWAL,UK,Mobile,2026-05-06T00:13:11.000+05:30,YES,0,YES,5,YES
15119,37,1044,55331.11,Walmart,ATM WITHDRAWAL,UK,ATM,2026-05-15T17:10:39.000+05:30,YES,17,NO,5,YES
15856,84,1105,15802.14,Uber,CARD,Singapore,Mobile,2026-04-21T17:26:25.000+05:30,NO,17,NO,4,YES
16249,16,1075,5994.29,Swiggy,ATM WITHDRAWAL,USA,Laptop,2026-05-08T00:30:12.000+05:30,NO,0,YES,5,YES
16450,65,1025,32130.72,Amazon,UPI,UK,Mobile,2026-05-08T09:08:15.000+05:30,NO,9,NO,5,YES
16691,99,1008,35867.45,Apple Store,NET BANKING,Germany,ATM,2026-04-28T03:56:01.000+05:30,NO,3,YES,4,YES
17017,41,1081,4358.99,Walmart,CARD,UK,Mobile,2026-05-11T04:50:22.000+05:30,NO,4,YES,5,YES
17169,64,1149,27916.92,Walmart,NET BANKING,UK,Mobile,2026-05-01T13:23:50.000+05:30,NO,13,NO,5,YES
17331,32,1063,30289.94,Flipkart,ATM WITHDRAWAL,Singapore,ATM,2026-04-26T11:23:51.000+05:30,NO,11,NO,4,YES
17569,66,1191,27151.05,Swiggy,NET BANKING,Germany,Mobile,2026-05-10T04:56:22.000+05:30,NO,4,YES,5,YES
17810,87,1076,33785.82,Swiggy,CARD,USA,Tablet,2026-04-29T01:23:15.000+05:30,NO,1,YES,4,YES
17921,5,1049,30620.3,Zomato,NET BANKING,Germany,ATM,2026-04-30T02:08:07.000+05:30,NO,2,YES,4,YES
19416,84,1173,22628.03,Flipkart,ATM WITHDRAWAL,USA,Laptop,2026-04-30T23:45:16.000+05:30,NO,23,NO,4,YES
19434,78,1156,53876.62,Swiggy,CARD,UK,Laptop,2026-05-01T05:18:21.000+05:30,YES,5,YES,5,YES
19831,22,1023,89254.16,Flipkart,UPI,Germany,Tablet,2026-04-28T00:39:19.000+05:30,YES,0,YES,4,YES
10393,51,1127,84832.49,Petrol Pump,CARD,India,ATM,2026-04-23T00:02:04.000+05:30,YES,0,YES,4,NO
11095,5,1179,73399.39,Apple Store,ATM WITHDRAWAL,Germany,Tablet,2026-04-20T12:04:32.000+05:30,YES,12,NO,4,YES
11335,52,1073,16330.03,Uber,ATM WITHDRAWAL,Germany,Tablet,2026-04-27T08:50:18.000+05:30,NO,8,NO,4,YES
11453,39,1056,313.15,Swiggy,ATM WITHDRAWAL,Germany,Laptop,2026-05-02T13:42:51.000+05:30,NO,13,NO,5,YES
11466,67,1064,28324.92,Zomato,CARD,UK,Laptop,2026-05-10T11:41:29.000+05:30,NO,11,NO,5,YES
11765,67,1008,10108.99,Zomato,NET BANKING,UK,Laptop,2026-05-13T16:28:40.000+05:30,NO,16,NO,5,YES
12024,16,1004,30935.09,Nike,ATM WITHDRAWAL,USA,Mobile,2026-05-08T02:28:21.000+05:30,NO,2,YES,5,YES
12882,69,1017,40186.44,Flipkart,CARD,UK,Laptop,2026-05-04T21:16:28.000+05:30,NO,21,NO,5,YES
13674,3,1039,97607.6,Apple Store,NET BANKING,USA,Tablet,2026-05-10T16:14:01.000+05:30,YES,16,NO,5,YES
13984,81,1156,84644.98,Zomato,NET BANKING,Germany,Tablet,2026-05-02T02:58:27.000+05:30,YES,2,YES,5,YES
14297,19,1174,58545.83,Nike,UPI,Germany,Laptop,2026-05-10T07:03:04.000+05:30,YES,7,NO,5,YES
14874,36,1117,13666.45,Zomato,ATM WITHDRAWAL,India,Laptop,2026-05-13T03:35:09.000+05:30,NO,3,YES,5,NO
14968,71,1131,60893.58,Uber,CARD,Singapore,ATM,2026-05-03T15:51:23.000+05:30,YES,15,NO,5,YES
15355,81,1156,55485.23,Apple Store,NET BANKING,Germany,ATM,2026-04-22T20:40:20.000+05:30,YES,20,NO,4,YES
15828,29,1059,42119.31,Zomato,NET BANKING,Singapore,Laptop,2026-04-21T22:36:21.000+05:30,NO,22,NO,4,YES
16006,100,1200,89733.41,Nike,NET BANKING,USA,Mobile,2026-04-28T00:18:02.000+05:30,YES,0,YES,4,YES
16065,9,1083,26294.14,Nike,ATM WITHDRAWAL,UK,Tablet,2026-05-13T13:55:12.000+05:30,NO,13,NO,5,YES
16228,15,1161,54192.15,Swiggy,ATM WITHDRAWAL,India,Laptop,2026-05-15T04:53:43.000+05:30,YES,4,YES,5,NO
16343,45,1079,92426.27,Netflix,CARD,UK,Tablet,2026-04-29T04:58:45.000+05:30,YES,4,YES,4,YES
16439,93,1197,31474.8,Uber,UPI,UK,Mobile,2026-05-15T17:12:19.000+05:30,NO,17,NO,5,YES
16452,73,1155,75987.62,Petrol Pump,CARD,USA,Laptop,2026-05-11T00:52:28.000+05:30,YES,0,YES,5,YES
16635,61,1158,41869.89,Uber,UPI,Singapore,Mobile,2026-04-30T01:18:53.000+05:30,NO,1,YES,4,YES
16972,59,1102,87614.57,Walmart,CARD,India,Laptop,2026-04-24T04:07:40.000+05:30,YES,4,YES,4,NO
17114,37,1120,61248.63,Petrol Pump,NET BANKING,USA,Mobile,2026-05-07T20:28:31.000+05:30,YES,20,NO,5,YES
17201,61,1036,85940.86,Swiggy,UPI,Singapore,Mobile,2026-05-16T20:38:57.000+05:30,YES,20,NO,5,YES
17744,74,1074,37191.95,Flipkart,UPI,UK,ATM,2026-05-05T00:14:15.000+05:30,NO,0,YES,5,YES
17817,12,1088,45077.37,Flipkart,NET BANKING,UK,Mobile,2026-05-13T15:46:42.000+05:30,NO,15,NO,5,YES
17985,64,1168,67408.78,Nike,NET BANKING,Germany,Laptop,2026-04-24T14:54:12.000+05:30,YES,14,NO,4,YES
18375,89,1002,99819.22,Swiggy,CARD,Germany,Laptop,2026-05-12T03:27:46.000+05:30,YES,3,YES,5,YES
18439,69,1103,43217.14,Petrol Pump,NET BANKING,Singapore,Mobile,2026-05-18T10:57:03.000+05:30,NO,10,NO,5,YES
18924,67,1106,52604.51,Nike,NET BANKING,UK,Mobile,2026-05-10T23:55:05.000+05:30,YES,23,NO,5,YES
19070,92,1138,18797.01,Apple Store,UPI,Germany,Tablet,2026-05-05T11:02:51.000+05:30,NO,11,NO,5,YES
19394,62,1152,11129.76,Netflix,CARD,USA,ATM,2026-05-09T13:42:59.000+05:30,NO,13,NO,5,YES
19420,25,1079,73406.9,Zomato,UPI,Singapore,Mobile,2026-04-22T09:14:58.000+05:30,YES,9,NO,4,YES
19513,23,1089,84283.41,Walmart,NET BANKING,Germany,Tablet,2026-05-14T06:39:51.000+05:30,YES,6,NO,5,YES
19798,72,1061,67669.92,Netflix,NET BANKING,UK,Laptop,2026-05-16T02:55:51.000+05:30,YES,2,YES,5,YES
10917,34,1044,3461.64,Flipkart,NET BANKING,UK,Laptop,2026-05-14T13:10:41.000+05:30,NO,13,NO,5,YES
11121,28,1123,94511.4,Amazon,CARD,UK,Laptop,2026-04-29T09:30:28.000+05:30,YES,9,NO,4,YES
11247,70,1048,39916.97,Nike,CARD,USA,ATM,2026-04-30T19:16:16.000+05:30,NO,19,NO,4,YES
11339,48,1016,34980.59,Apple Store,NET BANKING,Germany,Tablet,2026-05-02T10:04:45.000+05:30,NO,10,NO,5,YES
11369,20,1190,16212.51,Netflix,ATM WITHDRAWAL,Singapore,Mobile,2026-05-06T06:51:22.000+05:30,NO,6,NO,5,YES
11846,67,1078,97511.68,Nike,ATM WITHDRAWAL,USA,Mobile,2026-04-24T22:21:15.000+05:30,YES,22,NO,4,YES
11892,52,1022,22014.85,Uber,NET BANKING,India,Mobile,2026-05-09T05:33:35.000+05:30,NO,5,YES,5,NO
12370,85,1151,37732.82,Netflix,CARD,India,Tablet,2026-05-18T00:27:06.000+05:30,NO,0,YES,5,NO
12809,75,1165,62878.08,Uber,NET BANKING,Singapore,ATM,2026-04-25T09:22:05.000+05:30,YES,9,NO,4,YES
12856,12,1143,50869.05,Netflix,ATM WITHDRAWAL,Germany,Mobile,2026-05-03T07:29:40.000+05:30,YES,7,NO,5,YES
13026,14,1042,62645.93,Zomato,UPI,Germany,Tablet,2026-05-03T14:14:12.000+05:30,YES,14,NO,5,YES
13147,99,1077,77808.34,Netflix,CARD,Germany,Tablet,2026-04-25T15:02:12.000+05:30,YES,15,NO,4,YES
13161,4,1169,50602.47,Petrol Pump,ATM WITHDRAWAL,India,Tablet,2026-05-09T04:19:56.000+05:30,YES,4,YES,5,NO
13214,1,1059,49026.32,Amazon,NET BANKING,Germany,Tablet,2026-04-24T09:35:32.000+05:30,NO,9,NO,4,YES
13260,53,1182,47328.83,Swiggy,CARD,Singapore,Laptop,2026-04-26T16:00:43.000+05:30,NO,16,NO,4,YES
13377,32,1013,95773.43,Netflix,NET BANKING,UK,Tablet,2026-05-03T12:04:08.000+05:30,YES,12,NO,5,YES
13501,52,1157,83543.99,Zomato,ATM WITHDRAWAL,India,Laptop,2026-05-14T22:21:15.000+05:30,YES,22,NO,5,NO
14201,46,1171,33052.34,Apple Store,ATM WITHDRAWAL,UK,Laptop,2026-05-17T01:03:55.000+05:30,NO,1,YES,5,YES
14278,13,1077,71715.42,Walmart,ATM WITHDRAWAL,India,ATM,2026-04-18T18:00:04.000+05:30,YES,18,NO,4,NO
14428,46,1034,59601.02,Flipkart,ATM WITHDRAWAL,Germany,Laptop,2026-05-04T06:03:47.000+05:30,YES,6,NO,5,YES
14848,62,1128,23784.31,Petrol Pump,CARD,Germany,Mobile,2026-05-16T22:14:04.000+05:30,NO,22,NO,5,YES
15373,33,1112,66721.57,Uber,CARD,Singapore,ATM,2026-04-22T18:21:27.000+05:30,YES,18,NO,4,YES
15523,59,1168,27432.21,Netflix,CARD,Singapore,Laptop,2026-05-04T14:05:20.000+05:30,NO,14,NO,5,YES
15974,21,1152,37333.93,Nike,CARD,USA,Tablet,2026-04-23T15:03:21.000+05:30,NO,15,NO,4,YES
16026,1,1004,83245.59,Amazon,UPI,India,Laptop,2026-05-15T20:55:13.000+05:30,YES,20,NO,5,NO
16064,9,1122,5593.33,Apple Store,UPI,Singapore,ATM,2026-04-30T20:23:38.000+05:30,NO,20,NO,4,YES
16199,60,1008,47988.15,Petrol Pump,UPI,UK,ATM,2026-05-14T19:47:42.000+05:30,NO,19,NO,5,YES
16314,18,1036,66557.82,Swiggy,NET BANKING,Singapore,ATM,2026-04-19T14:11:43.000+05:30,YES,14,NO,4,YES
16464,81,1051,87933.31,Zomato,NET BANKING,Singapore,Tablet,2026-05-15T19:27:32.000+05:30,YES,19,NO,5,YES
16486,25,1073,626.35,Flipkart,ATM WITHDRAWAL,UK,ATM,2026-05-16T13:46:43.000+05:30,NO,13,NO,5,YES
17544,52,1046,50782.46,Uber,NET BANKING,USA,Mobile,2026-05-12T02:52:27.000+05:30,YES,2,YES,5,YES
17712,98,1132,49762.71,Uber,CARD,UK,Tablet,2026-04-27T14:16:43.000+05:30,NO,14,NO,4,YES
18290,82,1030,61461.48,Netflix,UPI,UK,Laptop,2026-05-11T23:43:47.000+05:30,YES,23,NO,5,YES
18413,8,1171,80915.88,Flipkart,ATM WITHDRAWAL,UK,Laptop,2026-05-11T14:17:07.000+05:30,YES,14,NO,5,YES
18669,19,1089,20864.54,Nike,CARD,Germany,Tablet,2026-05-18T11:38:08.000+05:30,NO,11,NO,5,YES
18711,41,1115,36211.06,Amazon,UPI,Singapore,Tablet,2026-04-29T09:48:14.000+05:30,NO,9,NO,4,YES
18738,99,1034,30257.8,Swiggy,ATM WITHDRAWAL,Singapore,Mobile,2026-05-02T23:49:14.000+05:30,NO,23,NO,5,YES
18952,17,1167,55588.81,Nike,NET BANKING,India,ATM,2026-04-23T12:44:42.000+05:30,YES,12,NO,4,NO
19046,21,1190,20134.91,Netflix,CARD,USA,Laptop,2026-04-28T12:38:03.000+05:30,NO,12,NO,4,YES
19317,18,1107,92475.31,Nike,CARD,USA,Tablet,2026-05-10T16:41:43.000+05:30,YES,16,NO,5,YES
19348,94,1152,17345.65,Swiggy,NET BANKING,UK,ATM,2026-04-22T16:26:12.000+05:30,NO,16,NO,4,YES
10330,17,1069,50091.29,Amazon,NET BANKING,Germany,ATM,2026-05-12T07:45:36.000+05:30,YES,7,NO,5,YES
10756,49,1104,49646.68,Zomato,NET BANKING,USA,Mobile,2026-05-07T12:45:58.000+05:30,NO,12,NO,5,YES
11439,21,1007,30464.69,Zomato,UPI,Singapore,Tablet,2026-04-20T17:40:03.000+05:30,NO,17,NO,4,YES
11464,89,1177,46824.06,Swiggy,ATM WITHDRAWAL,UK,Mobile,2026-05-13T14:21:13.000+05:30,NO,14,NO,5,YES
11728,62,1100,94432.98,Nike,ATM WITHDRAWAL,USA,ATM,2026-05-09T06:57:45.000+05:30,YES,6,NO,5,YES
11833,26,1055,63135.93,Apple Store,UPI,UK,Mobile,2026-05-07T10:19:20.000+05:30,YES,10,NO,5,YES
12655,33,1005,20970.97,Uber,NET BANKING,UK,Tablet,2026-05-15T09:17:15.000+05:30,NO,9,NO,5,YES
12759,83,1070,47310.17,Walmart,UPI,UK,ATM,2026-04-27T08:28:47.000+05:30,NO,8,NO,4,YES
12861,14,1054,46036.32,Walmart,NET BANKING,India,Mobile,2026-05-02T01:07:23.000+05:30,NO,1,YES,5,NO
12915,28,1079,69593.25,Uber,UPI,Germany,Tablet,2026-05-07T11:10:23.000+05:30,YES,11,NO,5,YES
12932,15,1096,78266.91,Swiggy,UPI,Germany,Mobile,2026-05-06T04:14:11.000+05:30,YES,4,YES,5,YES
13089,88,1199,86824.16,Zomato,NET BANKING,Germany,Laptop,2026-05-11T09:31:48.000+05:30,YES,9,NO,5,YES
13676,42,1146,9196.71,Apple Store,NET BANKING,UK,Tablet,2026-04-27T10:50:09.000+05:30,NO,10,NO,4,YES
13763,6,1090,42647.19,Nike,ATM WITHDRAWAL,USA,Tablet,2026-05-16T00:18:28.000+05:30,NO,0,YES,5,YES
13914,54,1029,5883.03,Petrol Pump,NET BANKING,Singapore,ATM,2026-05-03T10:23:34.000+05:30,NO,10,NO,5,YES
14357,81,1020,32726.29,Uber,NET BANKING,USA,Tablet,2026-05-14T21:18:23.000+05:30,NO,21,NO,5,YES
14958,33,1066,60680.94,Petrol Pump,ATM WITHDRAWAL,UK,ATM,2026-05-01T06:56:56.000+05:30,YES,6,NO,5,YES
15271,62,1119,98426.86,Swiggy,ATM WITHDRAWAL,UK,Mobile,2026-05-05T20:23:20.000+05:30,YES,20,NO,5,YES
15404,13,1044,14001.39,Nike,NET BANKING,Germany,Laptop,2026-04-24T21:38:43.000+05:30,NO,21,NO,4,YES
15867,30,1199,19792.45,Swiggy,UPI,USA,Tablet,2026-04-20T16:41:15.000+05:30,NO,16,NO,4,YES
15906,43,1170,20324.58,Uber,NET BANKING,UK,Tablet,2026-04-23T11:35:17.000+05:30,NO,11,NO,4,YES
15922,21,1026,97129.5,Zomato,UPI,India,Mobile,2026-05-04T09:15:33.000+05:30,YES,9,NO,5,NO
16046,48,1025,98400.12,Swiggy,CARD,India,Laptop,2026-04-21T13:07:02.000+05:30,YES,13,NO,4,NO
16278,92,1048,3827.08,Swiggy,CARD,UK,Tablet,2026-04-23T05:02:17.000+05:30,NO,5,YES,4,YES
16394,99,1183,74844.38,Netflix,CARD,UK,Tablet,2026-04-23T11:31:15.000+05:30,YES,11,NO,4,YES
16400,26,1165,2891.0,Petrol Pump,ATM WITHDRAWAL,UK,Laptop,2026-04-19T22:17:43.000+05:30,NO,22,NO,4,YES
16985,81,1179,91496.22,Amazon,NET BANKING,UK,ATM,2026-05-03T20:17:17.000+05:30,YES,20,NO,5,YES
17018,31,1167,72501.78,Uber,UPI,USA,Mobile,2026-04-30T15:45:38.000+05:30,YES,15,NO,4,YES
17026,16,1029,14294.25,Flipkart,ATM WITHDRAWAL,Singapore,ATM,2026-04-30T18:57:15.000+05:30,NO,18,NO,4,YES
17075,55,1026,47928.52,Swiggy,ATM WITHDRAWAL,Germany,Laptop,2026-04-20T02:31:49.000+05:30,NO,2,YES,4,YES
17573,55,1196,38127.5,Flipkart,UPI,Singapore,Tablet,2026-05-07T14:16:31.000+05:30,NO,14,NO,5,YES
17998,30,1030,60691.97,Petrol Pump,UPI,UK,Mobile,2026-04-26T23:51:14.000+05:30,YES,23,NO,4,YES
18631,62,1092,76685.38,Nike,CARD,USA,Mobile,2026-04-26T02:43:07.000+05:30,YES,2,YES,4,YES
18757,30,1084,12121.23,Apple Store,NET BANKING,India,Tablet,2026-04-26T03:47:22.000+05:30,NO,3,YES,4,NO
19790,69,1005,78997.75,Swiggy,ATM WITHDRAWAL,USA,ATM,2026-05-11T04:22:27.000+05:30,YES,4,YES,5,YES
19934,75,1015,47710.5,Petrol Pump,CARD,Singapore,Mobile,2026-04-27T12:48:13.000+05:30,NO,12,NO,4,YES
10252,74,1010,41856.78,Zomato,UPI,USA,Mobile,2026-04-26T10:56:16.000+05:30,NO,10,NO,4,YES
10304,92,1180,73936.21,Apple Store,UPI,USA,Mobile,2026-05-10T02:46:15.000+05:30,YES,2,YES,5,YES
10485,1,1121,42996.75,Walmart,CARD,USA,ATM,2026-05-09T19:45:30.000+05:30,NO,19,NO,5,YES
10582,36,1005,61011.91,Swiggy,ATM WITHDRAWAL,UK,Laptop,2026-05-04T04:03:12.000+05:30,YES,4,YES,5,YES
10753,91,1005,84021.66,Uber,NET BANKING,India,Mobile,2026-05-14T02:09:42.000+05:30,YES,2,YES,5,NO
10875,9,1200,68476.34,Zomato,ATM WITHDRAWAL,Singapore,Mobile,2026-05-11T11:56:26.000+05:30,YES,11,NO,5,YES
11120,80,1072,54901.74,Swiggy,ATM WITHDRAWAL,USA,ATM,2026-04-29T17:52:09.000+05:30,YES,17,NO,4,YES
11140,16,1189,13614.7,Netflix,UPI,USA,Laptop,2026-04-23T09:52:27.000+05:30,NO,9,NO,4,YES
11271,25,1058,20225.01,Petrol Pump,ATM WITHDRAWAL,USA,Laptop,2026-05-01T20:57:55.000+05:30,NO,20,NO,5,YES
11345,62,1087,74520.37,Walmart,ATM WITHDRAWAL,UK,Tablet,2026-05-13T12:49:59.000+05:30,YES,12,NO,5,YES
11402,36,1140,83617.4,Uber,CARD,USA,Mobile,2026-05-05T10:58:34.000+05:30,YES,10,NO,5,YES
11437,10,1074,96826.39,Amazon,CARD,Germany,Tablet,2026-05-15T12:09:47.000+05:30,YES,12,NO,5,YES
11964,30,1121,70322.81,Amazon,NET BANKING,Germany,Mobile,2026-05-01T07:28:17.000+05:30,YES,7,NO,5,YES
12115,20,1071,97062.9,Zomato,CARD,USA,Mobile,2026-05-06T14:03:53.000+05:30,YES,14,NO,5,YES
12582,19,1148,89927.86,Netflix,UPI,USA,Tablet,2026-05-02T13:23:47.000+05:30,YES,13,NO,5,YES
13097,17,1159,81376.91,Zomato,CARD,USA,Laptop,2026-04-30T04:07:27.000+05:30,YES,4,YES,4,YES
13686,33,1192,89329.36,Amazon,UPI,Germany,Mobile,2026-05-07T05:37:43.000+05:30,YES,5,YES,5,YES
14161,17,1052,63268.12,Petrol Pump,ATM WITHDRAWAL,Germany,Laptop,2026-05-09T02:49:58.000+05:30,YES,2,YES,5,YES
14562,34,1165,15057.68,Petrol Pump,CARD,UK,Tablet,2026-04-25T07:48:02.000+05:30,NO,7,NO,4,YES
14815,7,1029,1703.91,Amazon,NET BANKING,UK,Mobile,2026-04-27T11:54:31.000+05:30,NO,11,NO,4,YES
15729,20,1135,78842.18,Swiggy,CARD,UK,Laptop,2026-05-09T05:32:07.000+05:30,YES,5,YES,5,YES
16166,22,1169,34712.87,Apple Store,ATM WITHDRAWAL,Singapore,ATM,2026-05-04T05:20:09.000+05:30,NO,5,YES,5,YES
16168,82,1137,40517.11,Swiggy,NET BANKING,USA,ATM,2026-05-12T20:02:52.000+05:30,NO,20,NO,5,YES
16363,17,1136,79422.6,Netflix,UPI,UK,Laptop,2026-05-12T22:19:03.000+05:30,YES,22,NO,5,YES
16445,66,1078,4714.11,Netflix,NET BANKING,USA,Tablet,2026-05-14T04:03:16.000+05:30,NO,4,YES,5,YES
16483,27,1044,78285.9,Nike,ATM WITHDRAWAL,UK,ATM,2026-05-01T05:18:25.000+05:30,YES,5,YES,5,YES
16747,94,1008,20043.04,Petrol Pump,NET BANKING,Singapore,ATM,2026-05-02T07:19:01.000+05:30,NO,7,NO,5,YES
17121,56,1026,62286.65,Walmart,ATM WITHDRAWAL,Singapore,Tablet,2026-04-30T10:02:08.000+05:30,YES,10,NO,4,YES
17271,24,1024,98088.95,Walmart,NET BANKING,UK,Tablet,2026-04-23T11:34:46.000+05:30,YES,11,NO,4,YES
17483,87,1103,68551.63,Amazon,NET BANKING,India,Laptop,2026-05-03T06:38:53.000+05:30,YES,6,NO,5,NO
18055,51,1025,22359.65,Uber,UPI,Singapore,Tablet,2026-05-14T16:00:18.000+05:30,NO,16,NO,5,YES
18320,35,1155,43487.44,Nike,NET BANKING,Singapore,Tablet,2026-04-24T16:29:53.000+05:30,NO,16,NO,4,YES
18380,10,1040,68662.36,Nike,NET BANKING,India,Tablet,2026-05-07T14:12:44.000+05:30,YES,14,NO,5,NO
18423,66,1109,68854.7,Swiggy,CARD,USA,ATM,2026-05-02T19:17:19.000+05:30,YES,19,NO,5,YES
18714,35,1065,53091.22,Amazon,NET BANKING,USA,ATM,2026-05-08T17:29:34.000+05:30,YES,17,NO,5,YES
18874,9,1123,86060.39,Swiggy,NET BANKING,UK,Laptop,2026-05-15T12:24:29.000+05:30,YES,12,NO,5,YES
18933,14,1082,88040.26,Nike,CARD,USA,Tablet,2026-05-09T13:10:54.000+05:30,YES,13,NO,5,YES
19259,26,1199,89058.34,Flipkart,ATM WITHDRAWAL,India,Mobile,2026-04-26T08:40:30.000+05:30,YES,8,NO,4,NO
19660,69,1089,54780.43,Amazon,CARD,Singapore,Tablet,2026-05-07T15:53:06.000+05:30,YES,15,NO,5,YES
19707,29,1162,27292.98,Amazon,ATM WITHDRAWAL,UK,Tablet,2026-05-03T14:38:22.000+05:30,NO,14,NO,5,YES
19748,15,1073,20864.03,Flipkart,ATM WITHDRAWAL,Singapore,ATM,2026-05-15T06:28:09.000+05:30,NO,6,NO,5,YES
19869,92,1093,60367.08,Walmart,ATM WITHDRAWAL,India,Mobile,2026-04-27T16:55:01.000+05:30,YES,16,NO,4,NO
19951,97,1102,79341.32,Nike,CARD,USA,ATM,2026-05-09T04:55:38.000+05:30,YES,4,YES,5,YES
10084,45,1112,28588.4,Netflix,CARD,Singapore,Tablet,2026-04-23T01:47:26.000+05:30,NO,1,YES,4,YES
10194,30,1146,42737.07,Swiggy,CARD,UK,Tablet,2026-04-21T05:46:02.000+05:30,NO,5,YES,4,YES
10197,13,1103,87887.25,Netflix,CARD,India,Tablet,2026-04-19T15:07:29.000+05:30,YES,15,NO,4,NO
10518,25,1161,23987.63,Swiggy,CARD,USA,Tablet,2026-04-25T01:28:11.000+05:30,NO,1,YES,4,YES
11220,4,1056,86931.95,Flipkart,UPI,Singapore,Mobile,2026-05-15T04:44:02.000+05:30,YES,4,YES,5,YES
11230,82,1045,92307.01,Netflix,ATM WITHDRAWAL,Germany,Tablet,2026-04-22T20:22:45.000+05:30,YES,20,NO,4,YES
11611,43,1118,30112.42,Uber,ATM WITHDRAWAL,Germany,Laptop,2026-04-24T06:17:27.000+05:30,NO,6,NO,4,YES
12005,25,1090,37980.25,Amazon,CARD,UK,ATM,2026-05-04T22:18:13.000+05:30,NO,22,NO,5,YES
12092,71,1169,5963.81,Nike,NET BANKING,Singapore,ATM,2026-05-01T07:32:17.000+05:30,NO,7,NO,5,YES
12146,88,1027,48483.07,Flipkart,CARD,UK,Tablet,2026-05-09T21:08:46.000+05:30,NO,21,NO,5,YES
12309,58,1076,12429.48,Apple Store,UPI,Germany,Tablet,2026-04-26T14:08:08.000+05:30,NO,14,NO,4,YES
12575,28,1126,4281.26,Apple Store,ATM WITHDRAWAL,USA,Laptop,2026-04-23T03:12:16.000+05:30,NO,3,YES,4,YES
12601,10,1082,28049.41,Swiggy,CARD,USA,Mobile,2026-04-19T06:48:55.000+05:30,NO,6,NO,4,YES
12753,34,1063,4354.55,Swiggy,UPI,Singapore,Tablet,2026-05-07T22:26:29.000+05:30,NO,22,NO,5,YES
13160,56,1172,33281.55,Petrol Pump,UPI,USA,ATM,2026-05-12T15:17:19.000+05:30,NO,15,NO,5,YES
13218,70,1055,3501.74,Uber,CARD,Germany,Mobile,2026-05-03T07:49:09.000+05:30,NO,7,NO,5,YES
13366,56,1158,60519.49,Petrol Pump,NET BANKING,India,Laptop,2026-05-05T14:38:28.000+05:30,YES,14,NO,5,NO
13492,69,1192,80668.09,Swiggy,NET BANKING,Singapore,Mobile,2026-05-10T14:01:13.000+05:30,YES,14,NO,5,YES
13750,22,1151,70277.09,Flipkart,NET BANKING,USA,Mobile,2026-05-01T18:55:52.000+05:30,YES,18,NO,5,YES
13832,89,1067,65191.93,Amazon,UPI,India,Mobile,2026-04-27T23:29:25.000+05:30,YES,23,NO,4,NO
14299,49,1149,9255.37,Petrol Pump,CARD,Singapore,Tablet,2026-05-11T06:42:59.000+05:30,NO,6,NO,5,YES
14696,15,1148,52325.62,Swiggy,CARD,UK,Mobile,2026-04-18T19:52:29.000+05:30,YES,19,NO,4,YES
14839,35,1189,68562.94,Uber,CARD,India,Mobile,2026-05-06T21:27:56.000+05:30,YES,21,NO,5,NO
14946,30,1088,31953.89,Petrol Pump,UPI,USA,ATM,2026-04-23T12:17:07.000+05:30,NO,12,NO,4,YES
15145,99,1109,72058.85,Uber,UPI,Germany,Tablet,2026-05-14T11:53:18.000+05:30,YES,11,NO,5,YES
15483,63,1041,16398.24,Swiggy,UPI,UK,ATM,2026-05-03T03:06:56.000+05:30,NO,3,YES,5,YES
16997,2,1172,66487.12,Zomato,CARD,UK,Mobile,2026-04-27T13:02:24.000+05:30,YES,13,NO,4,YES
17225,58,1105,5375.39,Petrol Pump,UPI,USA,Mobile,2026-05-09T00:58:13.000+05:30,NO,0,YES,5,YES
17509,97,1176,56202.23,Flipkart,NET BANKING,Singapore,Tablet,2026-05-10T18:41:29.000+05:30,YES,18,NO,5,YES
17906,37,1110,85342.28,Netflix,ATM WITHDRAWAL,UK,Tablet,2026-04-26T18:02:36.000+05:30,YES,18,NO,4,YES
18061,55,1114,12546.28,Apple Store,UPI,Singapore,Mobile,2026-05-02T07:00:29.000+05:30,NO,7,NO,5,YES
18333,44,1072,64737.46,Zomato,ATM WITHDRAWAL,USA,ATM,2026-05-07T21:49:02.000+05:30,YES,21,NO,5,YES
18663,13,1132,75391.14,Apple Store,ATM WITHDRAWAL,USA,Tablet,2026-04-28T14:50:47.000+05:30,YES,14,NO,4,YES
18902,21,1117,94479.97,Petrol Pump,UPI,India,Mobile,2026-04-20T04:41:01.000+05:30,YES,4,YES,4,NO
19714,19,1099,86470.17,Nike,NET BANKING,USA,Laptop,2026-04-26T12:09:50.000+05:30,YES,12,NO,4,YES
10016,11,1118,51408.46,Apple Store,CARD,India,Mobile,2026-05-08T10:31:51.000+05:30,YES,10,NO,5,NO
10136,44,1149,53652.16,Petrol Pump,NET BANKING,UK,Tablet,2026-04-25T00:05:41.000+05:30,YES,0,YES,4,YES
10354,54,1192,97472.25,Petrol Pump,NET BANKING,Singapore,Laptop,2026-04-21T22:01:40.000+05:30,YES,22,NO,4,YES
11035,79,1006,71178.8,Uber,CARD,Singapore,Laptop,2026-04-30T09:38:03.000+05:30,YES,9,NO,4,YES
11370,88,1051,74110.0,Walmart,CARD,Singapore,ATM,2026-05-18T11:42:34.000+05:30,YES,11,NO,5,YES
11709,45,1047,86187.82,Apple Store,UPI,UK,Mobile,2026-05-16T21:51:17.000+05:30,YES,21,NO,5,YES
11898,56,1186,48453.18,Apple Store,UPI,USA,Tablet,2026-05-17T16:30:34.000+05:30,NO,16,NO,5,YES
11930,91,1152,73753.42,Flipkart,CARD,USA,Laptop,2026-05-15T06:38:33.000+05:30,YES,6,NO,5,YES
12192,54,1056,86294.96,Petrol Pump,ATM WITHDRAWAL,Germany,Mobile,2026-05-04T19:20:37.000+05:30,YES,19,NO,5,YES
12511,37,1123,26992.16,Petrol Pump,UPI,USA,Mobile,2026-05-09T16:59:11.000+05:30,NO,16,NO,5,YES
12523,100,1193,87660.82,Nike,NET BANKING,UK,Tablet,2026-04-29T12:12:55.000+05:30,YES,12,NO,4,YES
12597,92,1067,66948.14,Netflix,CARD,UK,ATM,2026-05-10T11:37:06.000+05:30,YES,11,NO,5,YES
12710,27,1037,50875.29,Walmart,CARD,Singapore,Laptop,2026-05-16T17:57:16.000+05:30,YES,17,NO,5,YES
13183,33,1101,81766.7,Zomato,ATM WITHDRAWAL,Germany,Tablet,2026-04-22T11:28:26.000+05:30,YES,11,NO,4,YES
13272,33,1071,91453.3,Uber,NET BANKING,UK,ATM,2026-05-15T04:49:22.000+05:30,YES,4,YES,5,YES
13316,35,1099,87232.35,Nike,NET BANKING,USA,Mobile,2026-04-24T05:39:04.000+05:30,YES,5,YES,4,YES
14373,26,1173,81497.88,Nike,NET BANKING,Germany,Laptop,2026-05-02T16:16:28.000+05:30,YES,16,NO,5,YES
14380,31,1069,18550.93,Uber,NET BANKING,Germany,Mobile,2026-05-13T06:32:26.000+05:30,NO,6,NO,5,YES
14405,24,1052,10848.81,Apple Store,NET BANKING,India,Tablet,2026-05-16T05:21:30.000+05:30,NO,5,YES,5,NO
14505,4,1147,52131.07,Flipkart,CARD,Singapore,Tablet,2026-05-04T18:35:17.000+05:30,YES,18,NO,5,YES
14727,19,1142,40850.68,Swiggy,ATM WITHDRAWAL,UK,Tablet,2026-04-25T06:28:05.000+05:30,NO,6,NO,4,YES
15043,5,1117,73847.09,Nike,UPI,UK,Laptop,2026-05-11T13:21:11.000+05:30,YES,13,NO,5,YES
15230,86,1093,69507.44,Swiggy,CARD,Singapore,ATM,2026-05-13T21:48:18.000+05:30,YES,21,NO,5,YES
15693,13,1042,44911.21,Amazon,CARD,Singapore,Tablet,2026-05-05T05:15:21.000+05:30,NO,5,YES,5,YES
16152,82,1020,22400.37,Flipkart,CARD,UK,Mobile,2026-04-24T22:28:36.000+05:30,NO,22,NO,4,YES
16210,10,1191,24333.61,Netflix,NET BANKING,India,Mobile,2026-05-12T05:45:00.000+05:30,NO,5,YES,5,NO
16436,49,1157,64929.14,Netflix,CARD,Germany,Tablet,2026-04-26T04:01:08.000+05:30,YES,4,YES,4,YES
16453,21,1071,62628.61,Zomato,CARD,Singapore,ATM,2026-04-27T15:26:26.000+05:30,YES,15,NO,4,YES
16583,91,1084,30866.11,Petrol Pump,NET BANKING,Germany,Mobile,2026-05-10T03:04:55.000+05:30,NO,3,YES,5,YES
16656,31,1015,30904.16,Walmart,NET BANKING,UK,Mobile,2026-05-04T07:40:12.000+05:30,NO,7,NO,5,YES
17155,59,1078,42887.1,Netflix,NET BANKING,UK,Tablet,2026-04-26T04:13:43.000+05:30,NO,4,YES,4,YES
17245,95,1153,26454.63,Netflix,UPI,Singapore,ATM,2026-04-26T04:26:51.000+05:30,NO,4,YES,4,YES
17328,30,1041,31350.15,Apple Store,UPI,Singapore,ATM,2026-05-16T17:54:32.000+05:30,NO,17,NO,5,YES
18549,71,1030,24479.53,Zomato,UPI,USA,Laptop,2026-05-16T12:01:41.000+05:30,NO,12,NO,5,YES
18628,9,1149,7269.24,Nike,UPI,Germany,Tablet,2026-05-10T17:54:11.000+05:30,NO,17,NO,5,YES
19653,24,1056,41753.99,Apple Store,NET BANKING,India,Mobile,2026-04-21T04:17:06.000+05:30,NO,4,YES,4,NO
19851,58,1082,43032.05,Walmart,NET BANKING,USA,ATM,2026-05-07T18:08:49.000+05:30,NO,18,NO,5,YES
19866,100,1199,84081.95,Apple Store,ATM WITHDRAWAL,India,Mobile,2026-05-02T14:04:57.000+05:30,YES,14,NO,5,NO
10431,66,1090,82103.82,Zomato,NET BANKING,Germany,ATM,2026-05-05T00:45:14.000+05:30,YES,0,YES,5,YES
10570,2,1026,73031.1,Zomato,CARD,UK,ATM,2026-04-30T03:40:29.000+05:30,YES,3,YES,4,YES
10592,40,1011,60089.74,Uber,ATM WITHDRAWAL,Singapore,Laptop,2026-05-17T21:06:02.000+05:30,YES,21,NO,5,YES
10596,40,1184,41653.68,Netflix,CARD,Singapore,Tablet,2026-04-25T05:47:02.000+05:30,NO,5,YES,4,YES
11291,54,1066,64713.84,Petrol Pump,NET BANKING,India,Tablet,2026-05-13T21:06:07.000+05:30,YES,21,NO,5,NO
11344,81,1123,53539.69,Nike,UPI,Singapore,ATM,2026-05-15T11:38:27.000+05:30,YES,11,NO,5,YES
11399,54,1050,76410.17,Swiggy,NET BANKING,USA,Laptop,2026-04-29T02:04:12.000+05:30,YES,2,YES,4,YES
11598,71,1134,79048.9,Nike,ATM WITHDRAWAL,USA,Laptop,2026-04-24T05:48:38.000+05:30,YES,5,YES,4,YES
11649,68,1157,17499.15,Apple Store,CARD,Germany,Tablet,2026-04-28T21:14:29.000+05:30,NO,21,NO,4,YES
11988,91,1159,72972.19,Petrol Pump,NET BANKING,Germany,Laptop,2026-05-04T09:14:02.000+05:30,YES,9,NO,5,YES
12123,28,1076,79006.71,Petrol Pump,ATM WITHDRAWAL,Singapore,Mobile,2026-04-24T01:36:15.000+05:30,YES,1,YES,4,YES
12150,73,1190,51043.48,Walmart,CARD,USA,Mobile,2026-04-25T23:14:03.000+05:30,YES,23,NO,4,YES
12433,55,1047,44097.04,Uber,CARD,Singapore,Mobile,2026-05-15T21:24:16.000+05:30,NO,21,NO,5,YES
13109,46,1003,84709.09,Zomato,UPI,UK,Laptop,2026-05-02T16:41:48.000+05:30,YES,16,NO,5,YES
14217,44,1187,10465.18,Netflix,CARD,USA,Laptop,2026-05-04T20:25:16.000+05:30,NO,20,NO,5,YES
14685,56,1101,91309.63,Amazon,CARD,Germany,Tablet,2026-05-07T00:01:33.000+05:30,YES,0,YES,5,YES
14922,18,1089,67486.04,Walmart,ATM WITHDRAWAL,UK,Mobile,2026-04-30T17:47:06.000+05:30,YES,17,NO,4,YES
15152,93,1104,20722.52,Walmart,UPI,UK,ATM,2026-04-30T19:57:12.000+05:30,NO,19,NO,4,YES
15957,12,1131,81491.07,Nike,ATM WITHDRAWAL,UK,Tablet,2026-05-09T02:00:26.000+05:30,YES,2,YES,5,YES
16056,81,1013,91186.05,Nike,UPI,UK,Tablet,2026-05-06T10:00:50.000+05:30,YES,10,NO,5,YES
16237,83,1107,93389.08,Walmart,UPI,Singapore,Mobile,2026-05-10T02:58:16.000+05:30,YES,2,YES,5,YES
16300,64,1010,98860.43,Uber,NET BANKING,UK,Mobile,2026-05-17T01:56:57.000+05:30,YES,1,YES,5,YES
16412,29,1033,84017.12,Amazon,CARD,Singapore,ATM,2026-05-11T23:54:03.000+05:30,YES,23,NO,5,YES
16480,34,1018,23709.5,Netflix,UPI,Singapore,Mobile,2026-05-03T07:01:33.000+05:30,NO,7,NO,5,YES
16919,97,1127,62384.23,Petrol Pump,NET BANKING,UK,Mobile,2026-05-13T08:38:19.000+05:30,YES,8,NO,5,YES
17238,37,1119,60553.48,Zomato,NET BANKING,USA,Mobile,2026-04-28T13:17:01.000+05:30,YES,13,NO,4,YES
17360,57,1092,47944.65,Amazon,CARD,USA,Mobile,2026-04-18T19:40:24.000+05:30,NO,19,NO,4,YES
17414,26,1179,19693.28,Apple Store,CARD,Germany,ATM,2026-05-03T23:40:22.000+05:30,NO,23,NO,5,YES
17730,27,1176,56819.23,Zomato,UPI,India,Mobile,2026-04-21T15:52:28.000+05:30,YES,15,NO,4,NO
18022,64,1051,11069.07,Netflix,ATM WITHDRAWAL,Singapore,ATM,2026-04-23T04:55:41.000+05:30,NO,4,YES,4,YES
18023,59,1115,45789.15,Zomato,CARD,Germany,Mobile,2026-05-17T20:13:14.000+05:30,NO,20,NO,5,YES
18122,79,1052,1709.85,Uber,UPI,Singapore,Mobile,2026-04-20T11:22:22.000+05:30,NO,11,NO,4,YES
18195,18,1059,20808.63,Swiggy,NET BANKING,UK,Tablet,2026-05-16T20:56:55.000+05:30,NO,20,NO,5,YES
18278,15,1131,16274.39,Flipkart,NET BANKING,UK,Tablet,2026-04-23T18:53:54.000+05:30,NO,18,NO,4,YES
18856,9,1063,13162.92,Zomato,UPI,UK,Tablet,2026-05-05T04:27:58.000+05:30,NO,4,YES,5,YES
18894,87,1043,23535.07,Nike,NET BANKING,Singapore,Tablet,2026-05-12T06:15:20.000+05:30,NO,6,NO,5,YES
19031,12,1104,59823.29,Zomato,UPI,Singapore,Laptop,2026-05-07T14:19:45.000+05:30,YES,14,NO,5,YES
19207,28,1034,96751.15,Petrol Pump,ATM WITHDRAWAL,Germany,ATM,2026-05-15T19:05:18.000+05:30,YES,19,NO,5,YES
19249,39,1149,94637.83,Flipkart,CARD,UK,Laptop,2026-05-09T06:07:10.000+05:30,YES,6,NO,5,YES
19267,80,1044,5993.59,Netflix,UPI,Singapore,Laptop,2026-04-21T02:49:15.000+05:30,NO,2,YES,4,YES
19457,74,1094,71396.3,Amazon,CARD,UK,Mobile,2026-05-17T15:03:32.000+05:30,YES,15,NO,5,YES
19522,43,1194,96880.85,Zomato,CARD,USA,ATM,2026-04-29T00:53:48.000+05:30,YES,0,YES,4,YES
19712,50,1096,35391.88,Netflix,NET BANKING,India,Tablet,2026-04-24T04:35:18.000+05:30,NO,4,YES,4,NO
10031,8,1128,57991.89,Walmart,UPI,Singapore,ATM,2026-05-09T06:18:12.000+05:30,YES,6,NO,5,YES
10172,64,1081,85600.93,Apple Store,UPI,Singapore,Laptop,2026-04-18T23:31:37.000+05:30,YES,23,NO,4,YES
10373,42,1091,80087.56,Zomato,UPI,Singapore,Laptop,2026-05-12T07:11:06.000+05:30,YES,7,NO,5,YES
10863,81,1155,5572.47,Walmart,CARD,UK,Mobile,2026-05-10T21:59:57.000+05:30,NO,21,NO,5,YES
10959,61,1007,44439.68,Netflix,CARD,Germany,Mobile,2026-05-01T21:43:53.000+05:30,NO,21,NO,5,YES
10990,58,1156,53817.79,Walmart,CARD,UK,Laptop,2026-04-20T08:50:52.000+05:30,YES,8,NO,4,YES
11395,46,1058,20315.03,Swiggy,UPI,USA,Mobile,2026-05-07T07:25:02.000+05:30,NO,7,NO,5,YES
11812,52,1124,11602.06,Amazon,ATM WITHDRAWAL,UK,Tablet,2026-05-14T22:03:27.000+05:30,NO,22,NO,5,YES
13130,2,1106,90154.52,Uber,ATM WITHDRAWAL,India,ATM,2026-05-03T11:25:57.000+05:30,YES,11,NO,5,NO
13301,5,1073,26654.33,Uber,UPI,USA,Laptop,2026-04-24T10:50:54.000+05:30,NO,10,NO,4,YES
13407,29,1105,55532.56,Walmart,NET BANKING,USA,Mobile,2026-05-11T17:26:56.000+05:30,YES,17,NO,5,YES
13839,4,1163,47611.65,Swiggy,CARD,Singapore,ATM,2026-04-28T21:58:06.000+05:30,NO,21,NO,4,YES
13965,74,1152,22018.9,Swiggy,NET BANKING,Germany,Tablet,2026-05-08T19:42:00.000+05:30,NO,19,NO,5,YES
14563,14,1177,77923.97,Apple Store,CARD,USA,Laptop,2026-05-09T02:15:03.000+05:30,YES,2,YES,5,YES
15090,62,1064,55202.26,Apple Store,CARD,USA,Tablet,2026-05-04T07:16:49.000+05:30,YES,7,NO,5,YES
15805,86,1044,94616.09,Nike,UPI,Singapore,Mobile,2026-05-05T16:44:26.000+05:30,YES,16,NO,5,YES
15925,36,1128,44693.69,Netflix,NET BANKING,Germany,Tablet,2026-05-06T16:16:59.000+05:30,NO,16,NO,5,YES
16209,35,1040,67760.24,Apple Store,UPI,USA,Laptop,2026-05-15T09:58:37.000+05:30,YES,9,NO,5,YES
16393,15,1027,85419.78,Petrol Pump,CARD,Singapore,Laptop,2026-05-14T08:02:17.000+05:30,YES,8,NO,5,YES
16910,61,1195,2910.77,Nike,CARD,Germany,Laptop,2026-05-16T11:53:30.000+05:30,NO,11,NO,5,YES
17090,13,1005,59822.24,Nike,CARD,USA,Tablet,2026-04-25T03:05:05.000+05:30,YES,3,YES,4,YES
17135,23,1059,33694.47,Walmart,UPI,Singapore,Mobile,2026-04-27T20:49:38.000+05:30,NO,20,NO,4,YES
17215,58,1015,82883.48,Swiggy,NET BANKING,UK,Laptop,2026-04-28T10:59:04.000+05:30,YES,10,NO,4,YES
17239,23,1169,4060.74,Flipkart,ATM WITHDRAWAL,Germany,ATM,2026-05-05T06:44:54.000+05:30,NO,6,NO,5,YES
17471,3,1100,57503.99,Netflix,NET BANKING,Germany,Tablet,2026-05-17T09:44:26.000+05:30,YES,9,NO,5,YES
17701,66,1118,15749.31,Nike,ATM WITHDRAWAL,Germany,ATM,2026-04-20T04:33:25.000+05:30,NO,4,YES,4,YES
17749,12,1080,99387.55,Uber,UPI,USA,Tablet,2026-05-04T18:28:33.000+05:30,YES,18,NO,5,YES
17755,41,1035,13948.39,Amazon,NET BANKING,Germany,Mobile,2026-05-09T15:06:17.000+05:30,NO,15,NO,5,YES
18319,21,1094,79020.62,Petrol Pump,ATM WITHDRAWAL,Germany,Tablet,2026-05-01T13:40:18.000+05:30,YES,13,NO,5,YES
18603,43,1056,99419.84,Walmart,ATM WITHDRAWAL,UK,Tablet,2026-04-21T14:54:52.000+05:30,YES,14,NO,4,YES
18634,49,1154,22556.5,Uber,NET BANKING,Singapore,Tablet,2026-05-03T14:00:33.000+05:30,NO,14,NO,5,YES
18853,87,1116,91797.44,Zomato,ATM WITHDRAWAL,Singapore,Laptop,2026-05-10T23:36:53.000+05:30,YES,23,NO,5,YES
18863,90,1171,15330.76,Swiggy,CARD,Germany,Laptop,2026-04-22T18:17:54.000+05:30,NO,18,NO,4,YES
18991,64,1143,4124.78,Uber,NET BANKING,USA,Mobile,2026-05-10T06:13:47.000+05:30,NO,6,NO,5,YES
19474,50,1037,92732.66,Amazon,NET BANKING,Germany,Mobile,2026-04-20T13:16:00.000+05:30,YES,13,NO,4,YES
19727,84,1106,51799.54,Zomato,CARD,UK,Tablet,2026-05-09T20:00:30.000+05:30,YES,20,NO,5,YES
10515,30,1174,55264.68,Walmart,UPI,India,Laptop,2026-04-21T07:56:01.000+05:30,YES,7,NO,4,NO
10853,56,1047,72503.87,Apple Store,UPI,India,Mobile,2026-05-13T15:07:38.000+05:30,YES,15,NO,5,NO
11315,35,1079,38974.91,Apple Store,CARD,USA,Mobile,2026-05-18T11:33:40.000+05:30,NO,11,NO,5,YES
11342,43,1030,27132.33,Walmart,NET BANKING,USA,Tablet,2026-05-07T19:01:05.000+05:30,NO,19,NO,5,YES
11481,26,1070,31805.58,Flipkart,UPI,Singapore,Laptop,2026-04-20T20:00:05.000+05:30,NO,20,NO,4,YES
11603,74,1177,25964.17,Uber,CARD,UK,Tablet,2026-05-17T02:31:53.000+05:30,NO,2,YES,5,YES
11623,73,1169,54789.5,Apple Store,ATM WITHDRAWAL,Singapore,Mobile,2026-04-27T15:24:19.000+05:30,YES,15,NO,4,YES
12318,71,1181,41065.52,Petrol Pump,NET BANKING,Germany,Laptop,2026-05-06T20:53:21.000+05:30,NO,20,NO,5,YES
12555,4,1011,27472.55,Zomato,CARD,Singapore,ATM,2026-05-04T11:37:34.000+05:30,NO,11,NO,5,YES
12801,68,1152,74839.99,Apple Store,CARD,UK,Tablet,2026-04-20T06:39:20.000+05:30,YES,6,NO,4,YES
12901,59,1100,38237.94,Amazon,NET BANKING,Singapore,Tablet,2026-05-06T09:37:13.000+05:30,NO,9,NO,5,YES
13231,63,1176,50272.36,Apple Store,CARD,USA,ATM,2026-05-13T06:35:26.000+05:30,YES,6,NO,5,YES
13278,97,1116,95923.01,Amazon,ATM WITHDRAWAL,USA,Tablet,2026-04-27T19:44:53.000+05:30,YES,19,NO,4,YES
13330,84,1200,4202.44,Nike,CARD,Germany,Laptop,2026-04-25T19:24:34.000+05:30,NO,19,NO,4,YES
13389,35,1043,82126.22,Zomato,NET BANKING,USA,Laptop,2026-05-13T04:05:31.000+05:30,YES,4,YES,5,YES
13870,22,1172,88570.03,Zomato,UPI,Germany,Mobile,2026-05-04T20:22:58.000+05:30,YES,20,NO,5,YES
13908,38,1121,49734.93,Zomato,CARD,UK,Mobile,2026-04-30T06:56:55.000+05:30,NO,6,NO,4,YES
13942,87,1197,36520.6,Flipkart,UPI,UK,Laptop,2026-05-02T14:18:07.000+05:30,NO,14,NO,5,YES
14473,42,1184,47739.36,Swiggy,CARD,Singapore,ATM,2026-04-25T12:40:03.000+05:30,NO,12,NO,4,YES
14510,8,1052,10797.09,Amazon,NET BANKING,USA,ATM,2026-05-06T05:42:06.000+05:30,NO,5,YES,5,YES
14654,41,1068,88222.17,Nike,NET BANKING,Singapore,Tablet,2026-05-01T08:15:24.000+05:30,YES,8,NO,5,YES
14659,84,1048,19458.87,Nike,CARD,Germany,Mobile,2026-05-18T14:43:31.000+05:30,NO,14,NO,5,YES
14793,82,1093,62516.26,Flipkart,ATM WITHDRAWAL,UK,Laptop,2026-04-29T01:03:51.000+05:30,YES,1,YES,4,YES
14836,50,1127,64139.69,Netflix,UPI,Singapore,Tablet,2026-05-09T13:59:02.000+05:30,YES,13,NO,5,YES
16076,67,1037,54614.63,Amazon,UPI,UK,Tablet,2026-05-12T21:33:20.000+05:30,YES,21,NO,5,YES
16325,98,1155,64432.87,Amazon,UPI,USA,Tablet,2026-05-09T18:39:16.000+05:30,YES,18,NO,5,YES
16506,99,1070,70968.77,Swiggy,CARD,Singapore,Laptop,2026-05-07T01:46:17.000+05:30,YES,1,YES,5,YES
16735,33,1018,33390.35,Uber,CARD,USA,Laptop,2026-05-14T04:50:08.000+05:30,NO,4,YES,5,YES
17246,79,1086,91364.93,Uber,UPI,India,Laptop,2026-05-06T00:17:22.000+05:30,YES,0,YES,5,NO
17373,17,1115,9205.6,Flipkart,UPI,USA,Tablet,2026-05-17T08:30:29.000+05:30,NO,8,NO,5,YES
17465,80,1072,33918.6,Flipkart,CARD,India,Tablet,2026-04-19T04:48:29.000+05:30,NO,4,YES,4,NO
17475,32,1171,26247.35,Flipkart,NET BANKING,Germany,Laptop,2026-05-08T07:26:46.000+05:30,NO,7,NO,5,YES
18434,76,1007,35298.39,Uber,ATM WITHDRAWAL,USA,ATM,2026-05-18T10:21:24.000+05:30,NO,10,NO,5,YES
18920,13,1173,89869.08,Apple Store,UPI,USA,ATM,2026-04-29T22:50:18.000+05:30,YES,22,NO,4,YES
19230,11,1045,3920.27,Nike,NET BANKING,Singapore,ATM,2026-05-05T15:26:16.000+05:30,NO,15,NO,5,YES
19673,46,1139,34228.53,Zomato,NET BANKING,USA,Mobile,2026-04-19T01:36:22.000+05:30,NO,1,YES,4,YES
19863,66,1150,62151.84,Flipkart,CARD,UK,ATM,2026-04-28T04:30:57.000+05:30,YES,4,YES,4,YES
19984,14,1027,55915.08,Uber,ATM WITHDRAWAL,India,Mobile,2026-05-08T13:55:35.000+05:30,YES,13,NO,5,NO
10012,8,1093,24446.57,Swiggy,NET BANKING,India,Laptop,2026-05-10T02:39:24.000+05:30,NO,2,YES,5,NO
10094,23,1143,94275.28,Zomato,NET BANKING,USA,Laptop,2026-05-14T09:04:22.000+05:30,YES,9,NO,5,YES
10144,93,1013,20209.0,Petrol Pump,UPI,Germany,Tablet,2026-05-08T21:04:04.000+05:30,NO,21,NO,5,YES
10611,72,1103,69967.38,Swiggy,UPI,Germany,Mobile,2026-04-29T10:15:37.000+05:30,YES,10,NO,4,YES
10789,29,1024,28215.79,Petrol Pump,NET BANKING,UK,Tablet,2026-05-18T01:31:50.000+05:30,NO,1,YES,5,YES
11213,70,1181,44370.03,Amazon,ATM WITHDRAWAL,UK,Tablet,2026-05-11T21:15:20.000+05:30,NO,21,NO,5,YES
11484,46,1082,55694.36,Zomato,CARD,Germany,Laptop,2026-04-26T23:51:00.000+05:30,YES,23,NO,4,YES
11532,80,1155,90490.01,Flipkart,CARD,India,Mobile,2026-04-22T17:53:26.000+05:30,YES,17,NO,4,NO
12204,54,1111,98500.74,Zomato,NET BANKING,Germany,ATM,2026-05-10T19:49:32.000+05:30,YES,19,NO,5,YES
12292,19,1057,43759.84,Flipkart,ATM WITHDRAWAL,Germany,ATM,2026-05-18T12:16:06.000+05:30,NO,12,NO,5,YES
12506,57,1088,63694.65,Flipkart,NET BANKING,Germany,Tablet,2026-04-23T10:04:25.000+05:30,YES,10,NO,4,YES
12621,85,1050,65564.09,Uber,NET BANKING,UK,Tablet,2026-05-14T20:51:05.000+05:30,YES,20,NO,5,YES
12698,43,1013,70486.89,Swiggy,ATM WITHDRAWAL,USA,Tablet,2026-05-17T11:07:09.000+05:30,YES,11,NO,5,YES
12938,66,1199,84204.13,Apple Store,CARD,USA,Laptop,2026-05-06T16:21:34.000+05:30,YES,16,NO,5,YES
13349,60,1047,5585.97,Amazon,CARD,Singapore,Tablet,2026-05-05T06:17:13.000+05:30,NO,6,NO,5,YES
13385,41,1116,53661.59,Petrol Pump,CARD,USA,Mobile,2026-05-04T22:20:10.000+05:30,YES,22,NO,5,YES
13623,45,1160,82087.79,Nike,CARD,UK,Mobile,2026-04-21T10:38:16.000+05:30,YES,10,NO,4,YES
13789,35,1117,1639.29,Netflix,NET BANKING,Germany,Laptop,2026-05-09T23:31:01.000+05:30,NO,23,NO,5,YES
14174,22,1189,23487.85,Apple Store,CARD,USA,ATM,2026-05-14T12:03:35.000+05:30,NO,12,NO,5,YES
14498,5,1070,97913.64,Zomato,ATM WITHDRAWAL,Singapore,Laptop,2026-04-25T04:50:33.000+05:30,YES,4,YES,4,YES
14719,95,1143,85599.04,Netflix,NET BANKING,India,Mobile,2026-05-18T02:52:31.000+05:30,YES,2,YES,5,NO
15494,9,1157,75462.61,Uber,UPI,India,Mobile,2026-04-21T23:58:35.000+05:30,YES,23,NO,4,NO
16663,51,1133,97019.84,Amazon,ATM WITHDRAWAL,India,Mobile,2026-04-27T18:39:40.000+05:30,YES,18,NO,4,NO
16779,55,1150,66174.34,Netflix,ATM WITHDRAWAL,Singapore,Laptop,2026-05-14T20:24:07.000+05:30,YES,20,NO,5,YES
17273,96,1065,7330.3,Uber,UPI,UK,Mobile,2026-04-20T19:55:55.000+05:30,NO,19,NO,4,YES
17362,60,1024,81400.45,Amazon,UPI,Germany,ATM,2026-05-02T20:20:17.000+05:30,YES,20,NO,5,YES
17575,91,1003,61279.73,Amazon,CARD,Singapore,Tablet,2026-04-20T10:10:23.000+05:30,YES,10,NO,4,YES
17924,92,1066,53448.32,Uber,UPI,Germany,ATM,2026-05-17T17:58:10.000+05:30,YES,17,NO,5,YES
17928,7,1191,37866.84,Zomato,CARD,UK,Tablet,2026-05-10T07:17:48.000+05:30,NO,7,NO,5,YES
18080,36,1159,15085.69,Apple Store,ATM WITHDRAWAL,Singapore,Mobile,2026-04-21T02:28:25.000+05:30,NO,2,YES,4,YES
18316,26,1033,91638.68,Apple Store,NET BANKING,Singapore,Tablet,2026-05-11T19:06:29.000+05:30,YES,19,NO,5,YES
18510,62,1091,1237.47,Uber,UPI,Germany,Tablet,2026-05-06T15:51:06.000+05:30,NO,15,NO,5,YES
18677,76,1194,63697.55,Walmart,NET BANKING,USA,ATM,2026-04-19T23:52:57.000+05:30,YES,23,NO,4,YES
19210,98,1186,29891.38,Walmart,UPI,UK,Mobile,2026-04-19T07:12:54.000+05:30,NO,7,NO,4,YES
19935,89,1070,91147.76,Flipkart,CARD,UK,Tablet,2026-05-03T23:28:04.000+05:30,YES,23,NO,5,YES
10081,8,1082,88808.65,Nike,CARD,Singapore,Mobile,2026-05-18T13:42:13.000+05:30,YES,13,NO,5,YES
10168,37,1024,49907.75,Netflix,ATM WITHDRAWAL,Germany,Mobile,2026-05-08T06:21:53.000+05:30,NO,6,NO,5,YES
10189,84,1144,20113.34,Uber,CARD,Germany,Mobile,2026-04-28T23:29:15.000+05:30,NO,23,NO,4,YES
10616,74,1034,83579.98,Flipkart,NET BANKING,UK,Laptop,2026-05-11T00:03:16.000+05:30,YES,0,YES,5,YES
10692,15,1136,7049.17,Flipkart,UPI,UK,ATM,2026-05-05T12:33:25.000+05:30,NO,12,NO,5,YES
10970,69,1087,69876.26,Netflix,ATM WITHDRAWAL,USA,ATM,2026-05-04T19:36:38.000+05:30,YES,19,NO,5,YES
11223,17,1074,5704.43,Nike,ATM WITHDRAWAL,Germany,Mobile,2026-05-08T12:18:41.000+05:30,NO,12,NO,5,YES
11351,74,1004,52974.55,Apple Store,NET BANKING,Singapore,Laptop,2026-04-19T15:19:05.000+05:30,YES,15,NO,4,YES
11366,11,1055,79634.47,Nike,ATM WITHDRAWAL,USA,ATM,2026-05-15T22:31:00.000+05:30,YES,22,NO,5,YES
11634,52,1079,32505.77,Apple Store,UPI,Singapore,Laptop,2026-05-14T16:25:37.000+05:30,NO,16,NO,5,YES
11805,78,1183,61956.61,Uber,CARD,USA,Laptop,2026-05-10T01:48:41.000+05:30,YES,1,YES,5,YES
11984,97,1166,99427.61,Nike,UPI,India,Tablet,2026-05-02T19:57:26.000+05:30,YES,19,NO,5,NO
12164,32,1120,20877.03,Netflix,NET BANKING,India,Tablet,2026-05-01T05:21:36.000+05:30,NO,5,YES,5,NO
12739,72,1076,84034.74,Petrol Pump,UPI,UK,Laptop,2026-04-24T18:03:24.000+05:30,YES,18,NO,4,YES
13232,84,1129,73156.84,Netflix,NET BANKING,UK,Tablet,2026-05-12T19:19:35.000+05:30,YES,19,NO,5,YES
13596,56,1179,2300.49,Zomato,CARD,UK,Laptop,2026-04-22T16:02:04.000+05:30,NO,16,NO,4,YES
13712,93,1193,24934.79,Netflix,CARD,UK,Tablet,2026-05-10T06:00:14.000+05:30,NO,6,NO,5,YES
13810,18,1032,89906.99,Nike,UPI,Singapore,ATM,2026-04-21T13:09:59.000+05:30,YES,13,NO,4,YES
14144,71,1023,64985.45,Uber,CARD,Germany,ATM,2026-05-06T19:59:09.000+05:30,YES,19,NO,5,YES
14268,29,1059,97991.34,Swiggy,NET BANKING,India,Tablet,2026-04-18T19:40:29.000+05:30,YES,19,NO,4,NO
14393,87,1023,57638.85,Netflix,NET BANKING,UK,Tablet,2026-05-12T12:38:37.000+05:30,YES,12,NO,5,YES
14432,18,1105,98883.6,Flipkart,NET BANKING,India,Tablet,2026-05-15T01:25:40.000+05:30,YES,1,YES,5,NO
14607,32,1128,47847.6,Amazon,NET BANKING,Singapore,Mobile,2026-04-20T18:55:48.000+05:30,NO,18,NO,4,YES
14781,56,1060,91623.4,Apple Store,ATM WITHDRAWAL,India,Laptop,2026-04-29T22:10:37.000+05:30,YES,22,NO,4,NO
15454,29,1123,7227.73,Nike,UPI,USA,ATM,2026-05-01T07:13:17.000+05:30,NO,7,NO,5,YES
16043,12,1120,90562.44,Uber,UPI,USA,Tablet,2026-04-30T20:02:55.000+05:30,YES,20,NO,4,YES
16055,33,1181,75334.09,Walmart,UPI,Singapore,Tablet,2026-05-13T22:33:08.000+05:30,YES,22,NO,5,YES
16522,31,1014,38112.84,Uber,ATM WITHDRAWAL,Singapore,Tablet,2026-05-11T03:36:34.000+05:30,NO,3,YES,5,YES
16709,39,1011,35907.02,Zomato,NET BANKING,Germany,Laptop,2026-05-16T12:15:48.000+05:30,NO,12,NO,5,YES
16977,69,1171,55740.88,Amazon,UPI,Germany,Laptop,2026-05-03T22:12:37.000+05:30,YES,22,NO,5,YES
17348,68,1004,42782.28,Netflix,NET BANKING,Germany,Laptop,2026-05-14T08:34:25.000+05:30,NO,8,NO,5,YES
17793,65,1088,41224.23,Flipkart,UPI,USA,Laptop,2026-04-22T10:09:59.000+05:30,NO,10,NO,4,YES
17937,16,1112,40191.21,Walmart,CARD,USA,ATM,2026-05-04T05:18:33.000+05:30,NO,5,YES,5,YES
18481,68,1056,67722.66,Nike,NET BANKING,UK,ATM,2026-04-29T19:41:48.000+05:30,YES,19,NO,4,YES
18597,99,1171,52557.46,Petrol Pump,UPI,UK,Mobile,2026-04-21T23:52:08.000+05:30,YES,23,NO,4,YES
19209,50,1025,96632.04,Netflix,CARD,Germany,Mobile,2026-05-10T13:35:44.000+05:30,YES,13,NO,5,YES
19293,84,1126,92162.02,Zomato,UPI,India,Tablet,2026-04-24T21:02:50.000+05:30,YES,21,NO,4,NO
19383,39,1046,89076.93,Walmart,NET BANKING,UK,Tablet,2026-04-30T21:00:57.000+05:30,YES,21,NO,4,YES
19810,57,1116,18929.47,Netflix,ATM WITHDRAWAL,Singapore,Mobile,2026-05-04T08:13:15.000+05:30,NO,8,NO,5,YES
19881,26,1101,59080.5,Amazon,CARD,India,Laptop,2026-05-16T21:22:31.000+05:30,YES,21,NO,5,NO
18350,20,1148,98643.45,Uber,NET BANKING,Germany,Tablet,2026-04-30T17:25:28.000+05:30,YES,17,NO,4,YES
10056,15,1075,88920.61,Nike,ATM WITHDRAWAL,UK,Laptop,2026-04-23T06:03:13.000+05:30,YES,6,NO,4,YES
10391,38,1007,45966.96,Swiggy,NET BANKING,UK,Tablet,2026-05-14T12:00:47.000+05:30,NO,12,NO,5,YES
10396,25,1156,17303.44,Netflix,UPI,Singapore,Mobile,2026-04-20T07:13:06.000+05:30,NO,7,NO,4,YES
10935,86,1025,83574.87,Walmart,ATM WITHDRAWAL,Germany,Laptop,2026-04-19T03:26:21.000+05:30,YES,3,YES,4,YES
11513,68,1081,3111.82,Zomato,NET BANKING,Germany,ATM,2026-04-20T11:16:44.000+05:30,NO,11,NO,4,YES
11692,69,1007,90511.85,Amazon,NET BANKING,Singapore,ATM,2026-05-16T16:40:58.000+05:30,YES,16,NO,5,YES
12381,70,1121,51585.09,Amazon,NET BANKING,Germany,Mobile,2026-04-18T16:07:29.000+05:30,YES,16,NO,4,YES
12457,89,1102,19617.9,Netflix,ATM WITHDRAWAL,USA,Mobile,2026-05-18T01:22:44.000+05:30,NO,1,YES,5,YES
12833,83,1099,98810.55,Swiggy,ATM WITHDRAWAL,Germany,Laptop,2026-05-03T09:19:27.000+05:30,YES,9,NO,5,YES
13124,49,1165,31851.24,Swiggy,ATM WITHDRAWAL,Germany,Mobile,2026-05-08T05:29:09.000+05:30,NO,5,YES,5,YES
13137,13,1022,62429.57,Petrol Pump,CARD,Germany,Laptop,2026-05-13T22:22:04.000+05:30,YES,22,NO,5,YES
13250,87,1083,68847.2,Zomato,NET BANKING,UK,Mobile,2026-05-14T02:37:48.000+05:30,YES,2,YES,5,YES
13517,2,1192,35651.53,Apple Store,UPI,UK,ATM,2026-04-22T12:20:36.000+05:30,NO,12,NO,4,YES
13637,82,1120,10092.4,Apple Store,UPI,Singapore,ATM,2026-04-20T22:41:02.000+05:30,NO,22,NO,4,YES
13693,6,1006,84369.56,Petrol Pump,ATM WITHDRAWAL,India,Mobile,2026-05-10T18:18:39.000+05:30,YES,18,NO,5,NO
14035,73,1083,70242.28,Apple Store,CARD,India,ATM,2026-05-07T23:06:33.000+05:30,YES,23,NO,5,NO
14127,58,1001,52493.27,Zomato,UPI,UK,ATM,2026-05-17T15:36:04.000+05:30,YES,15,NO,5,YES
14894,23,1017,78254.07,Petrol Pump,NET BANKING,India,ATM,2026-04-27T03:56:14.000+05:30,YES,3,YES,4,NO
15165,28,1069,94731.06,Swiggy,UPI,India,Mobile,2026-05-14T14:54:41.000+05:30,YES,14,NO,5,NO
15281,37,1184,70848.52,Nike,UPI,India,Laptop,2026-05-06T01:26:09.000+05:30,YES,1,YES,5,NO
15656,39,1091,82546.07,Petrol Pump,UPI,Germany,Tablet,2026-04-19T11:39:36.000+05:30,YES,11,NO,4,YES
16091,11,1146,83878.64,Uber,UPI,India,Mobile,2026-05-07T04:13:48.000+05:30,YES,4,YES,5,NO
16644,81,1089,62905.42,Amazon,UPI,Singapore,Tablet,2026-04-20T05:22:04.000+05:30,YES,5,YES,4,YES
16820,4,1019,38716.97,Zomato,CARD,Germany,Tablet,2026-05-01T10:48:21.000+05:30,NO,10,NO,5,YES
16946,86,1001,12687.25,Apple Store,CARD,UK,Tablet,2026-04-24T09:18:56.000+05:30,NO,9,NO,4,YES
16991,36,1159,14607.73,Zomato,NET BANKING,USA,Tablet,2026-04-21T12:02:23.000+05:30,NO,12,NO,4,YES
17012,17,1006,61737.2,Petrol Pump,UPI,USA,ATM,2026-04-19T09:44:09.000+05:30,YES,9,NO,4,YES
17205,6,1153,36024.48,Amazon,NET BANKING,USA,Laptop,2026-05-18T00:38:37.000+05:30,NO,0,YES,5,YES
17459,54,1038,37014.36,Netflix,NET BANKING,Germany,ATM,2026-04-26T08:05:05.000+05:30,NO,8,NO,4,YES
17540,40,1170,90428.44,Zomato,NET BANKING,UK,Tablet,2026-05-01T01:06:48.000+05:30,YES,1,YES,5,YES
17841,54,1059,52097.1,Nike,UPI,India,Laptop,2026-04-30T09:24:09.000+05:30,YES,9,NO,4,NO
17897,36,1147,467.0,Flipkart,ATM WITHDRAWAL,UK,Tablet,2026-04-30T07:26:29.000+05:30,NO,7,NO,4,YES
18054,98,1053,28376.1,Swiggy,UPI,USA,Tablet,2026-05-12T01:08:13.000+05:30,NO,1,YES,5,YES
18696,6,1100,2495.43,Nike,CARD,Germany,Tablet,2026-05-18T03:05:07.000+05:30,NO,3,YES,5,YES
18740,90,1145,22199.69,Uber,CARD,India,Laptop,2026-04-22T01:06:00.000+05:30,NO,1,YES,4,NO
18992,6,1044,34154.66,Petrol Pump,ATM WITHDRAWAL,UK,Laptop,2026-05-02T00:11:17.000+05:30,NO,0,YES,5,YES
19004,80,1089,83505.65,Flipkart,CARD,India,Mobile,2026-05-15T18:19:49.000+05:30,YES,18,NO,5,NO
19043,51,1049,29537.27,Zomato,UPI,USA,Mobile,2026-04-26T05:11:38.000+05:30,NO,5,YES,4,YES
19093,14,1068,18109.34,Uber,ATM WITHDRAWAL,USA,Tablet,2026-05-18T12:14:35.000+05:30,NO,12,NO,5,YES
19296,65,1120,30665.35,Uber,UPI,UK,Laptop,2026-05-01T09:52:56.000+05:30,NO,9,NO,5,YES
19425,13,1190,95766.95,Walmart,CARD,USA,Mobile,2026-04-20T01:30:27.000+05:30,YES,1,YES,4,YES
19437,13,1109,54371.09,Netflix,CARD,India,ATM,2026-05-08T08:30:23.000+05:30,YES,8,NO,5,NO
19442,93,1162,90663.35,Nike,UPI,Germany,Laptop,2026-05-11T10:03:06.000+05:30,YES,10,NO,5,YES
19979,47,1034,96421.52,Flipkart,CARD,Germany,Laptop,2026-04-19T04:57:05.000+05:30,YES,4,YES,4,YES
10100,29,1133,77359.71,Netflix,UPI,Singapore,ATM,2026-05-09T08:23:02.000+05:30,YES,8,NO,5,YES
10807,47,1138,22514.29,Petrol Pump,NET BANKING,Singapore,Mobile,2026-05-08T14:13:51.000+05:30,NO,14,NO,5,YES
10945,88,1175,11776.75,Apple Store,ATM WITHDRAWAL,UK,Laptop,2026-04-24T05:04:44.000+05:30,NO,5,YES,4,YES
11574,7,1029,79804.22,Netflix,CARD,India,Mobile,2026-04-25T16:11:21.000+05:30,YES,16,NO,4,NO
11967,35,1136,12421.62,Zomato,NET BANKING,UK,Tablet,2026-05-03T08:30:58.000+05:30,NO,8,NO,5,YES
12247,36,1157,88267.78,Flipkart,UPI,Singapore,Laptop,2026-04-30T13:40:17.000+05:30,YES,13,NO,4,YES
12322,44,1063,19553.42,Netflix,UPI,Singapore,Laptop,2026-04-29T10:36:34.000+05:30,NO,10,NO,4,YES
12871,51,1067,55711.15,Apple Store,NET BANKING,USA,Mobile,2026-05-07T07:38:49.000+05:30,YES,7,NO,5,YES
13006,13,1121,3852.42,Zomato,NET BANKING,Singapore,Laptop,2026-04-25T22:12:19.000+05:30,NO,22,NO,4,YES
13149,98,1106,77103.59,Flipkart,NET BANKING,USA,Tablet,2026-05-09T13:01:34.000+05:30,YES,13,NO,5,YES
13384,76,1158,96437.13,Flipkart,UPI,India,Laptop,2026-04-24T15:55:55.000+05:30,YES,15,NO,4,NO
13420,55,1010,18740.65,Zomato,CARD,UK,Mobile,2026-05-04T06:34:55.000+05:30,NO,6,NO,5,YES
13665,19,1133,12418.84,Flipkart,NET BANKING,Singapore,Mobile,2026-05-11T12:28:40.000+05:30,NO,12,NO,5,YES
13866,92,1130,53103.07,Petrol Pump,NET BANKING,UK,ATM,2026-05-13T20:20:52.000+05:30,YES,20,NO,5,YES
14076,56,1039,51416.96,Walmart,UPI,Germany,ATM,2026-05-16T06:15:22.000+05:30,YES,6,NO,5,YES
14184,65,1081,56495.91,Nike,CARD,India,ATM,2026-05-17T08:07:41.000+05:30,YES,8,NO,5,NO
14641,12,1115,99034.29,Petrol Pump,CARD,UK,Laptop,2026-04-30T13:34:04.000+05:30,YES,13,NO,4,YES
14721,55,1021,74174.85,Petrol Pump,UPI,Singapore,Tablet,2026-04-28T14:04:17.000+05:30,YES,14,NO,4,YES
15149,71,1174,14753.4,Amazon,NET BANKING,USA,Laptop,2026-05-16T10:31:10.000+05:30,NO,10,NO,5,YES
15150,11,1176,75331.19,Netflix,CARD,UK,ATM,2026-04-25T01:32:39.000+05:30,YES,1,YES,4,YES
15489,45,1015,57033.16,Petrol Pump,NET BANKING,India,ATM,2026-04-24T13:37:26.000+05:30,YES,13,NO,4,NO
15976,70,1008,53020.48,Petrol Pump,NET BANKING,Germany,Laptop,2026-05-11T22:01:25.000+05:30,YES,22,NO,5,YES
16604,84,1010,57110.83,Petrol Pump,ATM WITHDRAWAL,USA,Tablet,2026-04-18T23:43:04.000+05:30,YES,23,NO,4,YES
16708,40,1200,20100.88,Petrol Pump,NET BANKING,Germany,Tablet,2026-04-20T22:46:17.000+05:30,NO,22,NO,4,YES
17437,18,1041,68588.67,Walmart,UPI,USA,Mobile,2026-04-21T01:44:51.000+05:30,YES,1,YES,4,YES
17503,20,1183,85972.75,Swiggy,CARD,UK,Mobile,2026-05-14T15:06:53.000+05:30,YES,15,NO,5,YES
17676,97,1108,86307.7,Flipkart,UPI,India,ATM,2026-05-15T13:05:31.000+05:30,YES,13,NO,5,NO
17873,98,1148,8210.07,Amazon,ATM WITHDRAWAL,Singapore,ATM,2026-05-09T19:40:17.000+05:30,NO,19,NO,5,YES
18024,26,1111,33748.65,Petrol Pump,UPI,Germany,Tablet,2026-05-17T22:59:30.000+05:30,NO,22,NO,5,YES
18069,49,1107,83850.06,Zomato,NET BANKING,USA,Tablet,2026-05-14T08:39:07.000+05:30,YES,8,NO,5,YES
18237,8,1174,65552.07,Netflix,ATM WITHDRAWAL,Singapore,Mobile,2026-04-18T20:28:48.000+05:30,YES,20,NO,4,YES
18511,79,1037,48270.43,Amazon,CARD,UK,Mobile,2026-05-01T00:42:41.000+05:30,NO,0,YES,5,YES
18718,33,1181,28244.09,Walmart,CARD,USA,Laptop,2026-05-04T11:02:51.000+05:30,NO,11,NO,5,YES
18999,92,1035,65102.31,Zomato,UPI,UK,Mobile,2026-05-17T23:05:30.000+05:30,YES,23,NO,5,YES
19076,47,1038,51468.0,Flipkart,UPI,Singapore,Mobile,2026-05-14T10:55:41.000+05:30,YES,10,NO,5,YES
19462,39,1069,66365.33,Uber,ATM WITHDRAWAL,India,Mobile,2026-05-13T12:46:26.000+05:30,YES,12,NO,5,NO
19847,50,1087,936.81,Walmart,CARD,Singapore,Mobile,2026-05-10T05:01:15.000+05:30,NO,5,YES,5,YES
19968,46,1133,15413.83,Amazon,UPI,USA,ATM,2026-04-22T10:44:57.000+05:30,NO,10,NO,4,YES
10443,12,1026,28886.11,Nike,NET BANKING,Singapore,ATM,2026-05-17T23:30:44.000+05:30,NO,23,NO,5,YES
10481,61,1136,62030.18,Flipkart,CARD,India,ATM,2026-05-03T03:33:23.000+05:30,YES,3,YES,5,NO
10976,87,1021,37179.14,Nike,CARD,UK,ATM,2026-05-16T22:32:49.000+05:30,NO,22,NO,5,YES
11122,79,1179,92949.03,Zomato,ATM WITHDRAWAL,Germany,Tablet,2026-05-05T21:24:10.000+05:30,YES,21,NO,5,YES
11210,17,1192,63416.84,Nike,ATM WITHDRAWAL,Singapore,Tablet,2026-05-10T04:45:48.000+05:30,YES,4,YES,5,YES
12066,31,1023,26146.91,Nike,CARD,USA,Tablet,2026-05-04T20:41:19.000+05:30,NO,20,NO,5,YES
12236,2,1093,35163.34,Flipkart,UPI,UK,Mobile,2026-05-10T03:11:32.000+05:30,NO,3,YES,5,YES
13584,87,1031,21297.53,Netflix,UPI,USA,ATM,2026-05-10T11:39:57.000+05:30,NO,11,NO,5,YES
13635,97,1067,81926.1,Netflix,UPI,USA,Mobile,2026-05-15T22:30:21.000+05:30,YES,22,NO,5,YES
13861,51,1141,8593.65,Walmart,CARD,Singapore,Mobile,2026-05-13T17:59:20.000+05:30,NO,17,NO,5,YES
14208,74,1193,94406.64,Uber,ATM WITHDRAWAL,Germany,Laptop,2026-05-12T22:30:10.000+05:30,YES,22,NO,5,YES
14279,86,1182,68561.63,Flipkart,ATM WITHDRAWAL,UK,Tablet,2026-05-12T08:31:50.000+05:30,YES,8,NO,5,YES
14292,2,1165,23388.17,Walmart,ATM WITHDRAWAL,Singapore,Mobile,2026-05-02T15:53:00.000+05:30,NO,15,NO,5,YES
14404,50,1186,93681.99,Apple Store,NET BANKING,UK,ATM,2026-05-10T20:11:17.000+05:30,YES,20,NO,5,YES
14964,15,1029,49087.46,Flipkart,UPI,Singapore,Tablet,2026-05-09T09:20:52.000+05:30,NO,9,NO,5,YES
14976,64,1199,50095.98,Petrol Pump,CARD,Singapore,Mobile,2026-05-03T13:28:31.000+05:30,YES,13,NO,5,YES
15005,55,1040,41893.92,Walmart,ATM WITHDRAWAL,USA,ATM,2026-04-19T14:30:52.000+05:30,NO,14,NO,4,YES
15459,47,1194,56472.24,Amazon,NET BANKING,UK,Tablet,2026-05-17T21:31:13.000+05:30,YES,21,NO,5,YES
15573,42,1152,57260.64,Uber,ATM WITHDRAWAL,USA,Mobile,2026-04-20T19:29:05.000+05:30,YES,19,NO,4,YES
15582,71,1018,70104.27,Swiggy,NET BANKING,UK,Laptop,2026-04-25T16:26:12.000+05:30,YES,16,NO,4,YES
15842,68,1053,65532.79,Walmart,ATM WITHDRAWAL,Germany,Mobile,2026-05-15T12:06:08.000+05:30,YES,12,NO,5,YES
16970,91,1124,41282.33,Nike,NET BANKING,Germany,Tablet,2026-05-15T16:19:29.000+05:30,NO,16,NO,5,YES
17403,13,1055,35744.35,Zomato,NET BANKING,Singapore,Laptop,2026-05-14T08:38:11.000+05:30,NO,8,NO,5,YES
17598,26,1082,89068.45,Apple Store,UPI,Singapore,Tablet,2026-05-11T00:26:00.000+05:30,YES,0,YES,5,YES
17703,24,1158,28571.03,Flipkart,UPI,USA,Laptop,2026-05-15T13:13:36.000+05:30,NO,13,NO,5,YES
17782,2,1128,88372.76,Swiggy,NET BANKING,Germany,ATM,2026-04-26T12:34:38.000+05:30,YES,12,NO,4,YES
17893,67,1077,61401.89,Nike,NET BANKING,Singapore,ATM,2026-04-25T05:47:39.000+05:30,YES,5,YES,4,YES
17987,49,1099,68541.94,Swiggy,CARD,Singapore,Laptop,2026-05-12T10:35:23.000+05:30,YES,10,NO,5,YES
17991,3,1077,25193.53,Nike,CARD,Singapore,Mobile,2026-04-27T01:04:09.000+05:30,NO,1,YES,4,YES
18051,90,1136,59593.9,Amazon,UPI,UK,Laptop,2026-05-12T20:26:25.000+05:30,YES,20,NO,5,YES
18163,44,1114,95947.67,Nike,NET BANKING,USA,ATM,2026-05-10T22:24:35.000+05:30,YES,22,NO,5,YES
18291,23,1109,69899.03,Swiggy,CARD,India,ATM,2026-04-27T16:04:39.000+05:30,YES,16,NO,4,NO
18487,87,1040,84186.97,Amazon,UPI,Germany,Laptop,2026-04-24T22:02:30.000+05:30,YES,22,NO,4,YES
18637,30,1072,59213.62,Swiggy,UPI,Singapore,ATM,2026-04-29T19:14:56.000+05:30,YES,19,NO,4,YES
19095,29,1019,98848.77,Walmart,UPI,India,ATM,2026-05-06T03:42:26.000+05:30,YES,3,YES,5,NO
19108,54,1117,1056.62,Uber,UPI,UK,Laptop,2026-05-04T08:34:45.000+05:30,NO,8,NO,5,YES
19309,97,1029,93203.16,Apple Store,CARD,Germany,Laptop,2026-05-04T11:44:26.000+05:30,YES,11,NO,5,YES
19352,57,1181,20917.38,Petrol Pump,NET BANKING,USA,Laptop,2026-04-19T03:03:15.000+05:30,NO,3,YES,4,YES
19593,79,1170,84110.86,Apple Store,CARD,Germany,ATM,2026-04-26T19:36:03.000+05:30,YES,19,NO,4,YES
19684,8,1161,91987.76,Netflix,UPI,UK,Laptop,2026-04-24T21:18:31.000+05:30,YES,21,NO,4,YES
19896,50,1170,53470.96,Zomato,CARD,UK,ATM,2026-05-13T16:23:58.000+05:30,YES,16,NO,5,YES
19941,82,1046,80526.68,Walmart,UPI,Singapore,ATM,2026-05-13T07:54:02.000+05:30,YES,7,NO,5,YES
11286,33,1161,34797.67,Swiggy,UPI,Germany,Laptop,2026-05-11T22:41:41.000+05:30,NO,22,NO,5,YES
11362,77,1036,41466.92,Netflix,NET BANKING,USA,Laptop,2026-05-09T05:38:27.000+05:30,NO,5,YES,5,YES
11714,12,1196,99017.85,Flipkart,CARD,UK,Laptop,2026-05-06T16:36:38.000+05:30,YES,16,NO,5,YES
11920,11,1119,59493.6,Netflix,CARD,USA,Tablet,2026-04-20T07:01:16.000+05:30,YES,7,NO,4,YES
11991,63,1130,76749.86,Apple Store,UPI,UK,Laptop,2026-05-04T21:35:58.000+05:30,YES,21,NO,5,YES
12057,39,1128,92487.45,Petrol Pump,ATM WITHDRAWAL,USA,Mobile,2026-05-14T04:22:44.000+05:30,YES,4,YES,5,YES
12077,61,1037,23943.5,Zomato,CARD,UK,ATM,2026-04-24T07:55:23.000+05:30,NO,7,NO,4,YES
12100,69,1150,50698.84,Flipkart,ATM WITHDRAWAL,USA,Mobile,2026-05-13T00:06:07.000+05:30,YES,0,YES,5,YES
12712,98,1056,32916.7,Petrol Pump,CARD,UK,Laptop,2026-05-03T07:42:42.000+05:30,NO,7,NO,5,YES
12740,32,1123,10903.59,Amazon,NET BANKING,USA,Laptop,2026-05-12T15:14:38.000+05:30,NO,15,NO,5,YES
12752,89,1113,24305.69,Zomato,NET BANKING,India,Mobile,2026-05-15T02:16:21.000+05:30,NO,2,YES,5,NO
12842,81,1084,70983.83,Walmart,UPI,Germany,ATM,2026-05-14T14:05:55.000+05:30,YES,14,NO,5,YES
13189,25,1195,67024.86,Petrol Pump,UPI,India,ATM,2026-04-20T04:38:06.000+05:30,YES,4,YES,4,NO
13714,46,1129,80985.34,Amazon,NET BANKING,UK,Mobile,2026-04-21T01:34:53.000+05:30,YES,1,YES,4,YES
14221,69,1032,85163.39,Apple Store,CARD,India,Mobile,2026-04-22T08:33:56.000+05:30,YES,8,NO,4,NO
15544,85,1133,55357.34,Apple Store,UPI,Germany,ATM,2026-04-22T08:23:36.000+05:30,YES,8,NO,4,YES
15985,36,1063,96504.67,Swiggy,ATM WITHDRAWAL,Germany,Laptop,2026-05-01T04:15:44.000+05:30,YES,4,YES,5,YES
16024,52,1146,17840.33,Netflix,UPI,USA,Mobile,2026-05-06T22:25:56.000+05:30,NO,22,NO,5,YES
16903,96,1195,87477.82,Zomato,NET BANKING,Singapore,Mobile,2026-04-24T03:39:14.000+05:30,YES,3,YES,4,YES
17048,10,1151,98090.22,Swiggy,ATM WITHDRAWAL,USA,Mobile,2026-04-21T12:21:48.000+05:30,YES,12,NO,4,YES
17650,49,1192,94616.9,Uber,CARD,India,Laptop,2026-04-27T16:43:02.000+05:30,YES,16,NO,4,NO
17706,40,1041,93699.89,Zomato,NET BANKING,Germany,ATM,2026-05-10T18:13:23.000+05:30,YES,18,NO,5,YES
17808,84,1071,94312.37,Swiggy,UPI,Germany,Tablet,2026-05-04T17:08:40.000+05:30,YES,17,NO,5,YES
17864,66,1010,59758.22,Amazon,NET BANKING,India,ATM,2026-05-14T08:36:46.000+05:30,YES,8,NO,5,NO
17955,15,1070,16179.52,Swiggy,ATM WITHDRAWAL,USA,ATM,2026-04-22T11:58:30.000+05:30,NO,11,NO,4,YES
18557,16,1095,97072.24,Amazon,ATM WITHDRAWAL,USA,Laptop,2026-05-12T07:07:04.000+05:30,YES,7,NO,5,YES
18590,74,1177,90185.7,Zomato,NET BANKING,India,Mobile,2026-05-16T23:44:10.000+05:30,YES,23,NO,5,NO
18840,9,1034,67318.96,Amazon,UPI,UK,Tablet,2026-05-01T20:26:19.000+05:30,YES,20,NO,5,YES
19120,63,1164,88396.29,Uber,NET BANKING,India,ATM,2026-04-27T17:45:55.000+05:30,YES,17,NO,4,NO
19444,23,1038,83885.42,Walmart,ATM WITHDRAWAL,India,Tablet,2026-04-23T05:58:50.000+05:30,YES,5,YES,4,NO
19559,62,1088,28798.87,Zomato,NET BANKING,Singapore,Mobile,2026-05-14T23:11:42.000+05:30,NO,23,NO,5,YES
19604,47,1200,53771.92,Netflix,CARD,UK,ATM,2026-04-29T15:28:32.000+05:30,YES,15,NO,4,YES
19622,97,1094,90853.86,Petrol Pump,NET BANKING,USA,ATM,2026-04-22T00:04:45.000+05:30,YES,0,YES,4,YES
19880,74,1118,69901.97,Netflix,NET BANKING,India,Laptop,2026-05-18T09:28:50.000+05:30,YES,9,NO,5,NO
10275,100,1021,75080.9,Walmart,UPI,UK,Tablet,2026-04-27T09:13:32.000+05:30,YES,9,NO,4,YES
10361,20,1029,77554.81,Flipkart,CARD,Germany,Tablet,2026-05-04T19:35:33.000+05:30,YES,19,NO,5,YES
10708,41,1138,28404.48,Walmart,CARD,UK,Laptop,2026-05-12T13:58:04.000+05:30,NO,13,NO,5,YES
11027,5,1178,53520.24,Amazon,ATM WITHDRAWAL,USA,Laptop,2026-04-19T20:26:16.000+05:30,YES,20,NO,4,YES
11620,74,1087,72879.62,Nike,CARD,Germany,Mobile,2026-04-30T16:26:28.000+05:30,YES,16,NO,4,YES
11712,56,1085,42476.23,Apple Store,UPI,USA,Laptop,2026-05-07T13:25:23.000+05:30,NO,13,NO,5,YES
12202,63,1091,89561.85,Petrol Pump,UPI,Singapore,Tablet,2026-05-11T10:57:21.000+05:30,YES,10,NO,5,YES
12289,86,1034,51078.73,Apple Store,UPI,India,ATM,2026-04-19T03:29:28.000+05:30,YES,3,YES,4,NO
12682,59,1076,41268.92,Zomato,NET BANKING,Singapore,Tablet,2026-05-06T03:41:02.000+05:30,NO,3,YES,5,YES
12773,89,1139,66664.81,Flipkart,ATM WITHDRAWAL,Singapore,Laptop,2026-04-30T06:27:52.000+05:30,YES,6,NO,4,YES
12887,78,1064,82999.69,Netflix,ATM WITHDRAWAL,Singapore,ATM,2026-04-30T07:41:43.000+05:30,YES,7,NO,4,YES
12904,1,1168,24133.79,Zomato,CARD,UK,Tablet,2026-04-22T18:08:57.000+05:30,NO,18,NO,4,YES
13049,31,1170,31708.97,Walmart,ATM WITHDRAWAL,UK,ATM,2026-05-13T06:11:19.000+05:30,NO,6,NO,5,YES
13110,72,1160,38304.48,Walmart,ATM WITHDRAWAL,Germany,Mobile,2026-05-04T03:10:03.000+05:30,NO,3,YES,5,YES
13219,59,1157,89503.31,Swiggy,UPI,USA,Tablet,2026-04-24T13:18:39.000+05:30,YES,13,NO,4,YES
13311,29,1179,12996.53,Swiggy,UPI,Germany,Laptop,2026-04-20T17:17:44.000+05:30,NO,17,NO,4,YES
13731,59,1018,69778.17,Apple Store,CARD,USA,Tablet,2026-05-01T02:10:18.000+05:30,YES,2,YES,5,YES
13986,35,1112,76851.36,Petrol Pump,CARD,Germany,Tablet,2026-04-26T08:28:34.000+05:30,YES,8,NO,4,YES
14669,86,1004,2647.7,Walmart,CARD,Singapore,ATM,2026-05-02T00:35:46.000+05:30,NO,0,YES,5,YES
14863,75,1012,51101.5,Uber,NET BANKING,USA,Laptop,2026-05-11T08:02:07.000+05:30,YES,8,NO,5,YES
15170,97,1028,16348.83,Amazon,UPI,UK,Mobile,2026-04-25T15:59:56.000+05:30,NO,15,NO,4,YES
15272,34,1151,56321.28,Apple Store,UPI,Singapore,Tablet,2026-05-12T05:44:18.000+05:30,YES,5,YES,5,YES
15462,90,1027,60139.62,Zomato,ATM WITHDRAWAL,UK,ATM,2026-05-13T23:51:54.000+05:30,YES,23,NO,5,YES
15734,38,1078,47686.15,Netflix,UPI,USA,ATM,2026-05-06T21:29:44.000+05:30,NO,21,NO,5,YES
15845,82,1185,88963.94,Amazon,NET BANKING,Germany,Mobile,2026-05-15T21:00:00.000+05:30,YES,21,NO,5,YES
15933,83,1052,82330.16,Walmart,NET BANKING,UK,Mobile,2026-05-04T15:27:12.000+05:30,YES,15,NO,5,YES
16181,3,1112,74587.32,Swiggy,ATM WITHDRAWAL,USA,ATM,2026-05-13T07:12:12.000+05:30,YES,7,NO,5,YES
16554,83,1162,20885.43,Apple Store,CARD,UK,Tablet,2026-05-01T13:07:23.000+05:30,NO,13,NO,5,YES
16862,66,1073,23902.44,Apple Store,CARD,Germany,Laptop,2026-04-25T20:09:22.000+05:30,NO,20,NO,4,YES
17281,72,1043,66701.1,Uber,ATM WITHDRAWAL,India,ATM,2026-04-19T19:45:34.000+05:30,YES,19,NO,4,NO
17498,56,1176,86948.28,Nike,CARD,USA,Tablet,2026-04-20T15:46:25.000+05:30,YES,15,NO,4,YES
17501,21,1169,29199.71,Petrol Pump,NET BANKING,India,Mobile,2026-04-24T03:27:38.000+05:30,NO,3,YES,4,NO
17546,63,1194,55521.39,Apple Store,NET BANKING,USA,ATM,2026-05-07T09:59:39.000+05:30,YES,9,NO,5,YES
17671,64,1167,64445.83,Swiggy,NET BANKING,Singapore,Laptop,2026-05-17T00:09:05.000+05:30,YES,0,YES,5,YES
18078,97,1056,46162.31,Walmart,UPI,USA,ATM,2026-04-29T09:13:34.000+05:30,NO,9,NO,4,YES
18216,8,1024,93012.49,Swiggy,CARD,USA,Tablet,2026-05-10T02:07:28.000+05:30,YES,2,YES,5,YES
18522,88,1030,67794.25,Petrol Pump,UPI,Germany,ATM,2026-04-25T01:28:13.000+05:30,YES,1,YES,4,YES
19041,1,1046,46629.73,Walmart,CARD,Germany,Tablet,2026-04-27T06:28:04.000+05:30,NO,6,NO,4,YES
19448,89,1028,33581.67,Uber,UPI,USA,Tablet,2026-05-17T15:24:15.000+05:30,NO,15,NO,5,YES
19475,31,1107,48537.62,Uber,NET BANKING,Germany,Mobile,2026-05-04T11:16:42.000+05:30,NO,11,NO,5,YES
19668,38,1091,14856.4,Zomato,ATM WITHDRAWAL,Germany,ATM,2026-05-11T11:38:01.000+05:30,NO,11,NO,5,YES
19957,91,1069,62713.31,Walmart,UPI,India,Tablet,2026-05-04T17:30:01.000+05:30,YES,17,NO,5,NO
10026,47,1153,10817.3,Walmart,ATM WITHDRAWAL,UK,Laptop,2026-05-06T18:55:37.000+05:30,NO,18,NO,5,YES
10915,1,1080,4120.5,Apple Store,CARD,UK,Mobile,2026-04-25T09:32:39.000+05:30,NO,9,NO,4,YES
11252,54,1056,99433.15,Zomato,CARD,India,Laptop,2026-04-26T03:26:23.000+05:30,YES,3,YES,4,NO
11268,10,1020,66465.53,Amazon,UPI,Singapore,Tablet,2026-04-28T16:11:44.000+05:30,YES,16,NO,4,YES
11389,6,1019,91875.98,Swiggy,UPI,India,Mobile,2026-05-03T17:06:23.000+05:30,YES,17,NO,5,NO
12678,43,1005,51259.44,Petrol Pump,UPI,Germany,ATM,2026-05-15T06:41:36.000+05:30,YES,6,NO,5,YES
13761,36,1110,6107.23,Walmart,UPI,Germany,ATM,2026-05-15T23:35:37.000+05:30,NO,23,NO,5,YES
14594,58,1002,8501.88,Swiggy,UPI,UK,Tablet,2026-05-09T03:05:01.000+05:30,NO,3,YES,5,YES
14610,86,1191,9749.3,Apple Store,ATM WITHDRAWAL,Germany,ATM,2026-05-09T08:31:08.000+05:30,NO,8,NO,5,YES
14711,74,1198,93463.68,Swiggy,NET BANKING,Singapore,Tablet,2026-05-07T14:52:32.000+05:30,YES,14,NO,5,YES
14732,52,1147,22275.88,Walmart,ATM WITHDRAWAL,Singapore,Mobile,2026-05-17T19:20:40.000+05:30,NO,19,NO,5,YES
14733,36,1168,94470.57,Amazon,UPI,Germany,Tablet,2026-05-02T18:05:05.000+05:30,YES,18,NO,5,YES
14975,12,1139,43745.07,Amazon,NET BANKING,Singapore,Laptop,2026-05-17T07:37:29.000+05:30,NO,7,NO,5,YES
15528,30,1081,21386.02,Netflix,ATM WITHDRAWAL,Germany,Mobile,2026-04-19T15:47:40.000+05:30,NO,15,NO,4,YES
16102,33,1017,76840.06,Petrol Pump,UPI,UK,Tablet,2026-04-26T22:21:27.000+05:30,YES,22,NO,4,YES
16156,1,1193,41877.26,Netflix,NET BANKING,USA,Tablet,2026-05-14T20:05:37.000+05:30,NO,20,NO,5,YES
16826,39,1167,54604.22,Netflix,NET BANKING,Singapore,ATM,2026-05-10T05:05:05.000+05:30,YES,5,YES,5,YES
17211,59,1147,24752.84,Apple Store,NET BANKING,Singapore,ATM,2026-05-11T11:47:02.000+05:30,NO,11,NO,5,YES
17317,65,1195,61065.32,Uber,CARD,Singapore,Tablet,2026-05-02T05:39:37.000+05:30,YES,5,YES,5,YES
17376,3,1079,92633.55,Netflix,NET BANKING,Germany,ATM,2026-05-12T02:02:58.000+05:30,YES,2,YES,5,YES
17938,56,1023,74603.87,Nike,ATM WITHDRAWAL,India,ATM,2026-04-21T14:31:42.000+05:30,YES,14,NO,4,NO
18421,76,1070,92536.9,Amazon,CARD,USA,Laptop,2026-04-27T09:54:22.000+05:30,YES,9,NO,4,YES
18558,60,1196,43873.35,Petrol Pump,ATM WITHDRAWAL,USA,ATM,2026-04-20T04:50:17.000+05:30,NO,4,YES,4,YES
18668,73,1074,84326.75,Netflix,NET BANKING,Germany,Mobile,2026-05-05T20:27:59.000+05:30,YES,20,NO,5,YES
18966,76,1185,81425.56,Zomato,UPI,Germany,Laptop,2026-05-09T16:06:21.000+05:30,YES,16,NO,5,YES
19087,30,1196,17824.77,Walmart,CARD,India,ATM,2026-04-26T01:58:21.000+05:30,NO,1,YES,4,NO
19126,100,1102,37754.0,Apple Store,UPI,Singapore,Laptop,2026-04-25T01:30:40.000+05:30,NO,1,YES,4,YES
19364,25,1017,15267.48,Petrol Pump,CARD,Germany,Mobile,2026-05-08T12:50:59.000+05:30,NO,12,NO,5,YES
19398,31,1131,39006.87,Nike,ATM WITHDRAWAL,Germany,Mobile,2026-05-17T06:21:37.000+05:30,NO,6,NO,5,YES
19463,97,1198,61201.25,Flipkart,UPI,Germany,ATM,2026-05-17T04:17:25.000+05:30,YES,4,YES,5,YES
19527,2,1038,61766.88,Amazon,ATM WITHDRAWAL,Germany,ATM,2026-04-20T04:46:33.000+05:30,YES,4,YES,4,YES
19577,63,1096,84849.63,Apple Store,UPI,USA,Tablet,2026-04-22T19:51:32.000+05:30,YES,19,NO,4,YES
19600,12,1127,46252.9,Uber,UPI,Singapore,Mobile,2026-05-10T03:37:18.000+05:30,NO,3,YES,5,YES
19835,59,1145,63721.5,Walmart,NET BANKING,UK,Tablet,2026-05-16T20:09:02.000+05:30,YES,20,NO,5,YES
19859,85,1020,57668.02,Petrol Pump,NET BANKING,India,Tablet,2026-05-10T12:48:34.000+05:30,YES,12,NO,5,NO
19989,33,1042,41910.61,Walmart,UPI,UK,Mobile,2026-05-09T12:38:36.000+05:30,NO,12,NO,5,YES
10529,93,1092,42739.93,Flipkart,CARD,USA,Tablet,2026-05-05T17:41:32.000+05:30,NO,17,NO,5,YES
10573,6,1149,50151.15,Flipkart,UPI,UK,Mobile,2026-05-02T19:19:57.000+05:30,YES,19,NO,5,YES
10787,83,1160,52908.78,Walmart,CARD,Singapore,Laptop,2026-05-09T10:47:08.000+05:30,YES,10,NO,5,YES
11631,69,1155,30860.29,Apple Store,UPI,USA,Tablet,2026-04-25T07:26:56.000+05:30,NO,7,NO,4,YES
11700,4,1123,93609.06,Apple Store,CARD,USA,Laptop,2026-04-19T09:37:20.000+05:30,YES,9,NO,4,YES
11914,52,1060,96145.33,Nike,ATM WITHDRAWAL,USA,Tablet,2026-04-28T23:59:56.000+05:30,YES,23,NO,4,YES
12248,54,1035,73274.21,Swiggy,NET BANKING,Germany,ATM,2026-05-13T09:45:41.000+05:30,YES,9,NO,5,YES
12341,2,1184,47353.7,Zomato,ATM WITHDRAWAL,Singapore,Mobile,2026-05-01T22:52:00.000+05:30,NO,22,NO,5,YES
12414,21,1152,44439.99,Amazon,UPI,USA,Tablet,2026-04-24T20:37:56.000+05:30,NO,20,NO,4,YES
12480,37,1184,92771.61,Flipkart,CARD,Singapore,Laptop,2026-05-10T17:11:44.000+05:30,YES,17,NO,5,YES
12652,18,1110,30139.55,Apple Store,NET BANKING,Singapore,Tablet,2026-05-09T16:47:35.000+05:30,NO,16,NO,5,YES
12757,31,1146,47973.08,Swiggy,CARD,UK,ATM,2026-04-25T03:27:07.000+05:30,NO,3,YES,4,YES
13512,48,1028,97536.8,Petrol Pump,CARD,India,Tablet,2026-05-02T11:56:20.000+05:30,YES,11,NO,5,NO
13975,76,1119,15940.35,Uber,UPI,Singapore,Laptop,2026-05-06T13:41:40.000+05:30,NO,13,NO,5,YES
14097,45,1126,35643.45,Walmart,UPI,Singapore,Tablet,2026-05-10T20:08:31.000+05:30,NO,20,NO,5,YES
14442,66,1029,20973.61,Nike,CARD,Singapore,Laptop,2026-04-21T15:15:50.000+05:30,NO,15,NO,4,YES
14445,87,1059,17834.19,Zomato,ATM WITHDRAWAL,USA,Laptop,2026-04-28T09:23:59.000+05:30,NO,9,NO,4,YES
15247,97,1005,83670.62,Zomato,CARD,Germany,Mobile,2026-05-18T02:31:39.000+05:30,YES,2,YES,5,YES
15438,86,1045,64973.3,Apple Store,NET BANKING,Germany,Mobile,2026-05-16T06:35:05.000+05:30,YES,6,NO,5,YES
17019,33,1047,81459.49,Walmart,UPI,India,ATM,2026-04-30T15:28:16.000+05:30,YES,15,NO,4,NO
17052,69,1134,62775.05,Swiggy,CARD,Singapore,Laptop,2026-04-25T10:59:13.000+05:30,YES,10,NO,4,YES
17203,88,1100,8720.26,Amazon,CARD,UK,Mobile,2026-04-20T19:27:01.000+05:30,NO,19,NO,4,YES
17704,89,1199,33180.63,Walmart,CARD,USA,Tablet,2026-04-29T08:23:12.000+05:30,NO,8,NO,4,YES
17816,95,1130,67823.82,Netflix,CARD,Germany,Laptop,2026-05-07T01:51:30.000+05:30,YES,1,YES,5,YES
18693,93,1122,52561.46,Amazon,NET BANKING,UK,Mobile,2026-04-26T11:40:57.000+05:30,YES,11,NO,4,YES
18847,37,1169,44497.32,Flipkart,UPI,Germany,ATM,2026-05-16T01:34:52.000+05:30,NO,1,YES,5,YES
19785,33,1002,68060.88,Flipkart,ATM WITHDRAWAL,India,ATM,2026-05-01T09:36:16.000+05:30,YES,9,NO,5,NO
19886,79,1012,80491.88,Apple Store,UPI,Germany,ATM,2026-04-29T05:01:34.000+05:30,YES,5,YES,4,YES
19981,75,1108,20246.13,Apple Store,UPI,UK,ATM,2026-05-01T04:52:07.000+05:30,NO,4,YES,5,YES
10027,1,1190,88037.58,Zomato,UPI,UK,Laptop,2026-05-04T12:08:15.000+05:30,YES,12,NO,5,YES
10185,56,1023,69760.75,Uber,NET BANKING,India,Mobile,2026-04-29T16:54:49.000+05:30,YES,16,NO,4,NO
10190,64,1129,4337.15,Petrol Pump,UPI,UK,Laptop,2026-05-13T15:40:22.000+05:30,NO,15,NO,5,YES
10232,74,1175,20679.61,Flipkart,CARD,USA,ATM,2026-05-13T15:31:50.000+05:30,NO,15,NO,5,YES
10462,31,1072,35864.68,Netflix,NET BANKING,Singapore,Mobile,2026-04-30T21:15:11.000+05:30,NO,21,NO,4,YES
11564,25,1069,85862.01,Uber,UPI,UK,Tablet,2026-05-09T12:41:10.000+05:30,YES,12,NO,5,YES
11596,38,1177,74727.19,Zomato,UPI,India,Laptop,2026-05-03T21:42:13.000+05:30,YES,21,NO,5,NO
11878,27,1118,76475.1,Nike,ATM WITHDRAWAL,Germany,Mobile,2026-04-23T14:15:49.000+05:30,YES,14,NO,4,YES
11886,3,1094,61446.99,Apple Store,NET BANKING,UK,Laptop,2026-05-12T14:37:27.000+05:30,YES,14,NO,5,YES
12186,94,1007,79645.3,Netflix,NET BANKING,UK,Laptop,2026-04-20T01:33:54.000+05:30,YES,1,YES,4,YES
12559,93,1151,78280.44,Zomato,NET BANKING,UK,Laptop,2026-05-16T22:57:08.000+05:30,YES,22,NO,5,YES
12666,22,1108,48874.65,Apple Store,CARD,Germany,Laptop,2026-05-02T12:14:46.000+05:30,NO,12,NO,5,YES
12718,16,1010,53575.71,Walmart,UPI,Singapore,Tablet,2026-05-04T22:27:45.000+05:30,YES,22,NO,5,YES
13044,80,1060,52509.55,Walmart,UPI,Germany,Laptop,2026-04-21T19:55:39.000+05:30,YES,19,NO,4,YES
13258,48,1068,93532.29,Petrol Pump,ATM WITHDRAWAL,USA,Mobile,2026-05-05T15:33:41.000+05:30,YES,15,NO,5,YES
13561,28,1149,96292.49,Walmart,CARD,Germany,Mobile,2026-05-16T22:40:00.000+05:30,YES,22,NO,5,YES
13997,7,1112,23850.51,Apple Store,CARD,Singapore,Tablet,2026-04-25T01:02:13.000+05:30,NO,1,YES,4,YES
14140,4,1173,8790.35,Amazon,NET BANKING,Singapore,Mobile,2026-04-22T20:39:50.000+05:30,NO,20,NO,4,YES
14331,54,1046,59537.71,Netflix,UPI,USA,Tablet,2026-05-18T11:44:01.000+05:30,YES,11,NO,5,YES
14499,44,1118,7740.43,Amazon,UPI,USA,Laptop,2026-05-04T21:02:33.000+05:30,NO,21,NO,5,YES
15003,49,1009,32900.67,Uber,ATM WITHDRAWAL,Germany,ATM,2026-05-03T03:17:23.000+05:30,NO,3,YES,5,YES
15319,62,1036,82928.73,Amazon,ATM WITHDRAWAL,India,ATM,2026-05-03T22:02:03.000+05:30,YES,22,NO,5,NO
15406,1,1152,73397.73,Netflix,NET BANKING,USA,Mobile,2026-05-02T17:22:28.000+05:30,YES,17,NO,5,YES
15706,71,1075,94941.16,Netflix,CARD,Germany,Tablet,2026-04-20T17:31:01.000+05:30,YES,17,NO,4,YES
15928,9,1099,46623.41,Nike,UPI,UK,Tablet,2026-05-08T04:08:59.000+05:30,NO,4,YES,5,YES
16032,83,1037,26185.03,Nike,CARD,Germany,Tablet,2026-05-17T04:40:59.000+05:30,NO,4,YES,5,YES
16048,17,1126,54992.8,Uber,CARD,India,Laptop,2026-05-09T18:59:13.000+05:30,YES,18,NO,5,NO
16172,43,1019,15499.64,Swiggy,CARD,USA,Mobile,2026-04-25T05:29:39.000+05:30,NO,5,YES,4,YES
16243,95,1102,53545.02,Zomato,NET BANKING,Germany,Laptop,2026-04-28T08:09:33.000+05:30,YES,8,NO,4,YES
16548,33,1153,85803.06,Nike,CARD,USA,Mobile,2026-05-10T14:47:02.000+05:30,YES,14,NO,5,YES
16591,47,1152,87720.16,Uber,NET BANKING,India,Tablet,2026-05-13T09:37:32.000+05:30,YES,9,NO,5,NO
16850,95,1118,8621.89,Netflix,UPI,UK,Laptop,2026-04-22T18:52:51.000+05:30,NO,18,NO,4,YES
16896,39,1082,66964.9,Apple Store,UPI,USA,Tablet,2026-05-02T15:20:11.000+05:30,YES,15,NO,5,YES
17312,92,1019,66199.0,Petrol Pump,NET BANKING,Singapore,Tablet,2026-04-23T21:49:14.000+05:30,YES,21,NO,4,YES
17315,22,1051,81046.83,Apple Store,NET BANKING,USA,ATM,2026-05-02T06:32:38.000+05:30,YES,6,NO,5,YES
18081,75,1020,60934.26,Amazon,UPI,USA,Laptop,2026-04-22T04:51:28.000+05:30,YES,4,YES,4,YES
18158,93,1185,54867.53,Walmart,CARD,USA,Mobile,2026-05-04T16:54:05.000+05:30,YES,16,NO,5,YES
18299,11,1119,28971.97,Apple Store,NET BANKING,Singapore,ATM,2026-05-01T13:30:36.000+05:30,NO,13,NO,5,YES
18325,25,1065,61842.41,Apple Store,NET BANKING,Germany,Mobile,2026-05-17T02:47:54.000+05:30,YES,2,YES,5,YES
18329,20,1181,19727.41,Nike,ATM WITHDRAWAL,Singapore,Tablet,2026-04-22T16:11:59.000+05:30,NO,16,NO,4,YES
18564,12,1021,84546.18,Swiggy,UPI,Germany,Tablet,2026-05-08T04:05:54.000+05:30,YES,4,YES,5,YES
18815,97,1175,25536.26,Zomato,CARD,Singapore,Mobile,2026-04-20T16:52:00.000+05:30,NO,16,NO,4,YES
18901,45,1122,33310.49,Petrol Pump,NET BANKING,USA,Tablet,2026-04-28T00:17:34.000+05:30,NO,0,YES,4,YES
19169,6,1187,75251.39,Nike,UPI,USA,ATM,2026-05-08T08:25:30.000+05:30,YES,8,NO,5,YES
19304,2,1089,37544.6,Swiggy,UPI,Singapore,ATM,2026-05-02T09:16:31.000+05:30,NO,9,NO,5,YES
10109,70,1034,26051.79,Netflix,ATM WITHDRAWAL,Singapore,Mobile,2026-05-09T08:20:29.000+05:30,NO,8,NO,5,YES
10230,96,1016,26240.75,Petrol Pump,UPI,USA,ATM,2026-05-02T04:18:01.000+05:30,NO,4,YES,5,YES
10290,58,1041,41996.54,Zomato,UPI,USA,Tablet,2026-05-11T03:16:12.000+05:30,NO,3,YES,5,YES
10325,39,1155,95464.68,Petrol Pump,ATM WITHDRAWAL,India,Mobile,2026-04-26T21:34:24.000+05:30,YES,21,NO,4,NO
10712,25,1129,87251.77,Petrol Pump,NET BANKING,USA,ATM,2026-04-27T03:10:11.000+05:30,YES,3,YES,4,YES
10984,63,1097,77663.45,Walmart,NET BANKING,Singapore,Mobile,2026-05-13T08:32:19.000+05:30,YES,8,NO,5,YES
11191,13,1171,3948.56,Walmart,CARD,UK,Mobile,2026-05-16T06:54:52.000+05:30,NO,6,NO,5,YES
11340,51,1173,39498.28,Swiggy,UPI,Singapore,ATM,2026-05-13T13:37:13.000+05:30,NO,13,NO,5,YES
11361,79,1057,90389.56,Amazon,ATM WITHDRAWAL,India,ATM,2026-05-14T20:05:34.000+05:30,YES,20,NO,5,NO
11575,85,1189,56515.37,Swiggy,CARD,Germany,Mobile,2026-05-15T10:24:15.000+05:30,YES,10,NO,5,YES
11922,67,1071,5232.9,Flipkart,CARD,India,ATM,2026-05-12T05:35:47.000+05:30,NO,5,YES,5,NO
12805,99,1186,47799.94,Flipkart,ATM WITHDRAWAL,Germany,Tablet,2026-05-07T21:05:31.000+05:30,NO,21,NO,5,YES
12930,44,1021,80546.51,Walmart,UPI,Germany,Laptop,2026-05-12T07:11:36.000+05:30,YES,7,NO,5,YES
13892,51,1200,98981.31,Apple Store,ATM WITHDRAWAL,USA,Tablet,2026-05-01T12:43:12.000+05:30,YES,12,NO,5,YES
13950,68,1104,15584.06,Uber,ATM WITHDRAWAL,USA,ATM,2026-05-05T11:00:43.000+05:30,NO,11,NO,5,YES
14385,3,1189,72398.43,Flipkart,NET BANKING,UK,Mobile,2026-04-23T16:46:50.000+05:30,YES,16,NO,4,YES
14470,97,1132,14107.58,Zomato,NET BANKING,UK,Mobile,2026-05-03T08:57:11.000+05:30,NO,8,NO,5,YES
14493,72,1017,49722.39,Flipkart,UPI,Singapore,Tablet,2026-04-27T09:41:55.000+05:30,NO,9,NO,4,YES
14596,38,1021,65608.9,Netflix,ATM WITHDRAWAL,UK,Laptop,2026-05-17T18:52:05.000+05:30,YES,18,NO,5,YES
14604,82,1154,59491.61,Zomato,CARD,UK,Mobile,2026-04-22T15:48:46.000+05:30,YES,15,NO,4,YES
14665,100,1194,52566.62,Walmart,UPI,UK,ATM,2026-05-04T04:43:50.000+05:30,YES,4,YES,5,YES
15073,74,1066,68133.91,Zomato,ATM WITHDRAWAL,UK,Tablet,2026-05-11T02:41:46.000+05:30,YES,2,YES,5,YES
15155,40,1009,92444.79,Netflix,ATM WITHDRAWAL,UK,Laptop,2026-04-20T19:10:49.000+05:30,YES,19,NO,4,YES
15173,64,1088,87152.03,Walmart,NET BANKING,India,Laptop,2026-05-08T00:53:58.000+05:30,YES,0,YES,5,NO
15394,7,1160,15132.17,Swiggy,CARD,Germany,Tablet,2026-04-19T20:27:41.000+05:30,NO,20,NO,4,YES
15726,85,1195,85522.99,Apple Store,ATM WITHDRAWAL,Singapore,Mobile,2026-05-10T15:02:53.000+05:30,YES,15,NO,5,YES
16142,3,1110,41066.65,Amazon,NET BANKING,Germany,Laptop,2026-05-03T11:47:10.000+05:30,NO,11,NO,5,YES
16386,98,1032,49381.42,Netflix,UPI,USA,ATM,2026-05-13T00:30:42.000+05:30,NO,0,YES,5,YES
16713,75,1161,18646.66,Petrol Pump,NET BANKING,UK,ATM,2026-04-28T22:43:28.000+05:30,NO,22,NO,4,YES
17262,95,1065,98140.39,Flipkart,NET BANKING,Singapore,ATM,2026-05-06T19:39:04.000+05:30,YES,19,NO,5,YES
17531,79,1186,86889.51,Amazon,ATM WITHDRAWAL,USA,Tablet,2026-04-23T08:31:05.000+05:30,YES,8,NO,4,YES
17563,43,1148,55346.98,Netflix,NET BANKING,Singapore,Tablet,2026-04-30T18:11:45.000+05:30,YES,18,NO,4,YES
17589,65,1075,90221.29,Petrol Pump,CARD,India,ATM,2026-05-05T19:17:23.000+05:30,YES,19,NO,5,NO
17746,18,1124,26702.22,Netflix,NET BANKING,Singapore,ATM,2026-04-29T17:30:08.000+05:30,NO,17,NO,4,YES
17925,96,1006,70342.26,Walmart,CARD,India,Mobile,2026-04-21T03:28:14.000+05:30,YES,3,YES,4,NO
18123,13,1058,37949.75,Petrol Pump,NET BANKING,USA,Laptop,2026-05-16T15:37:58.000+05:30,NO,15,NO,5,YES
18520,29,1072,97604.63,Apple Store,ATM WITHDRAWAL,India,Mobile,2026-05-10T00:11:50.000+05:30,YES,0,YES,5,NO
18639,28,1068,28300.68,Apple Store,NET BANKING,Germany,ATM,2026-04-22T04:56:23.000+05:30,NO,4,YES,4,YES
18666,54,1075,87119.54,Walmart,ATM WITHDRAWAL,USA,ATM,2026-05-08T10:30:22.000+05:30,YES,10,NO,5,YES
18685,96,1180,49985.89,Flipkart,ATM WITHDRAWAL,USA,Tablet,2026-05-15T07:18:22.000+05:30,NO,7,NO,5,YES
18774,97,1193,13950.28,Apple Store,NET BANKING,Singapore,Tablet,2026-05-12T09:23:03.000+05:30,NO,9,NO,5,YES
18908,32,1151,58401.57,Petrol Pump,CARD,Singapore,Tablet,2026-05-02T17:43:40.000+05:30,YES,17,NO,5,YES
19050,10,1149,48520.06,Amazon,UPI,Germany,Tablet,2026-04-21T03:06:21.000+05:30,NO,3,YES,4,YES
10041,82,1122,8287.93,Swiggy,NET BANKING,Germany,Laptop,2026-05-02T13:45:59.000+05:30,NO,13,NO,5,YES
10293,47,1173,32722.69,Walmart,ATM WITHDRAWAL,USA,Laptop,2026-04-27T22:50:56.000+05:30,NO,22,NO,4,YES
10840,73,1134,80034.96,Apple Store,ATM WITHDRAWAL,Singapore,Tablet,2026-04-22T17:07:15.000+05:30,YES,17,NO,4,YES
10973,4,1041,34799.67,Uber,CARD,Germany,ATM,2026-04-23T01:04:30.000+05:30,NO,1,YES,4,YES
11303,83,1157,52031.53,Zomato,UPI,Germany,Mobile,2026-04-22T05:21:26.000+05:30,YES,5,YES,4,YES
12442,57,1044,59646.77,Zomato,UPI,Singapore,Tablet,2026-04-29T09:41:04.000+05:30,YES,9,NO,4,YES
12832,1,1027,48730.43,Flipkart,UPI,USA,ATM,2026-04-29T20:00:52.000+05:30,NO,20,NO,4,YES
13031,73,1007,53066.94,Uber,ATM WITHDRAWAL,UK,Laptop,2026-04-26T00:06:49.000+05:30,YES,0,YES,4,YES
13276,29,1159,87593.94,Apple Store,CARD,Germany,Laptop,2026-04-20T17:31:38.000+05:30,YES,17,NO,4,YES
13581,35,1082,99727.73,Amazon,UPI,Germany,Mobile,2026-05-07T19:42:42.000+05:30,YES,19,NO,5,YES
13651,57,1066,13500.73,Nike,UPI,Germany,Tablet,2026-05-01T15:11:04.000+05:30,NO,15,NO,5,YES
13876,14,1153,42755.38,Uber,UPI,USA,Mobile,2026-05-02T01:13:29.000+05:30,NO,1,YES,5,YES
14054,28,1179,93850.21,Petrol Pump,ATM WITHDRAWAL,UK,ATM,2026-04-24T10:49:10.000+05:30,YES,10,NO,4,YES
14109,56,1125,31277.39,Apple Store,CARD,Singapore,Mobile,2026-04-21T09:50:00.000+05:30,NO,9,NO,4,YES
14418,50,1092,75741.36,Netflix,UPI,Singapore,ATM,2026-04-24T20:10:29.000+05:30,YES,20,NO,4,YES
15365,50,1043,17820.4,Petrol Pump,UPI,India,Laptop,2026-05-16T00:29:00.000+05:30,NO,0,YES,5,NO
15396,32,1152,32901.23,Walmart,NET BANKING,USA,Laptop,2026-04-23T18:04:12.000+05:30,NO,18,NO,4,YES
15506,6,1124,53940.54,Walmart,ATM WITHDRAWAL,UK,Laptop,2026-05-18T12:18:11.000+05:30,YES,12,NO,5,YES
15606,76,1014,9831.74,Petrol Pump,NET BANKING,Singapore,Laptop,2026-04-23T02:18:14.000+05:30,NO,2,YES,4,YES
15719,45,1052,70465.21,Nike,ATM WITHDRAWAL,Germany,ATM,2026-05-13T18:20:46.000+05:30,YES,18,NO,5,YES
15776,43,1101,97798.3,Zomato,UPI,India,Mobile,2026-05-02T18:44:24.000+05:30,YES,18,NO,5,NO
16330,98,1022,33535.62,Nike,NET BANKING,Singapore,Laptop,2026-05-11T13:34:16.000+05:30,NO,13,NO,5,YES
16429,20,1193,17727.02,Zomato,NET BANKING,USA,Tablet,2026-04-20T02:37:23.000+05:30,NO,2,YES,4,YES
16815,60,1047,47871.09,Apple Store,NET BANKING,Germany,Laptop,2026-04-23T13:09:23.000+05:30,NO,13,NO,4,YES
16852,1,1028,80728.98,Uber,ATM WITHDRAWAL,USA,ATM,2026-04-29T05:35:25.000+05:30,YES,5,YES,4,YES
16902,52,1043,26859.04,Zomato,ATM WITHDRAWAL,Singapore,ATM,2026-05-04T05:32:15.000+05:30,NO,5,YES,5,YES
17236,38,1083,56142.15,Uber,UPI,India,Mobile,2026-05-12T01:32:04.000+05:30,YES,1,YES,5,NO
17579,33,1046,80136.11,Petrol Pump,ATM WITHDRAWAL,Germany,Tablet,2026-05-14T17:02:45.000+05:30,YES,17,NO,5,YES
17656,17,1111,42480.13,Flipkart,UPI,Singapore,ATM,2026-04-21T14:37:45.000+05:30,NO,14,NO,4,YES
17912,44,1137,98027.55,Uber,CARD,UK,Laptop,2026-05-09T15:22:13.000+05:30,YES,15,NO,5,YES
18201,95,1047,54444.42,Swiggy,NET BANKING,Germany,Mobile,2026-05-11T12:24:02.000+05:30,YES,12,NO,5,YES
18270,31,1137,82393.89,Apple Store,NET BANKING,Germany,ATM,2026-04-25T01:47:33.000+05:30,YES,1,YES,4,YES
18765,48,1136,26381.95,Nike,UPI,UK,Laptop,2026-05-16T03:31:28.000+05:30,NO,3,YES,5,YES
18768,55,1038,60820.95,Amazon,UPI,USA,ATM,2026-05-18T15:05:14.000+05:30,YES,15,NO,5,YES
10604,15,1195,64998.12,Nike,CARD,Singapore,Mobile,2026-04-27T15:24:34.000+05:30,YES,15,NO,4,YES
10867,62,1015,79752.46,Swiggy,ATM WITHDRAWAL,Singapore,Laptop,2026-04-19T05:17:58.000+05:30,YES,5,YES,4,YES
10886,36,1055,37781.34,Apple Store,ATM WITHDRAWAL,Germany,ATM,2026-05-07T19:56:08.000+05:30,NO,19,NO,5,YES
11039,48,1152,12745.04,Walmart,UPI,Germany,Mobile,2026-05-13T01:26:47.000+05:30,NO,1,YES,5,YES
11071,46,1041,69371.18,Amazon,ATM WITHDRAWAL,Germany,Tablet,2026-05-18T09:01:17.000+05:30,YES,9,NO,5,YES
11444,96,1037,33356.29,Nike,CARD,India,Mobile,2026-05-14T00:05:32.000+05:30,NO,0,YES,5,NO
12217,32,1062,30429.0,Walmart,ATM WITHDRAWAL,Singapore,Tablet,2026-04-24T15:04:36.000+05:30,NO,15,NO,4,YES
12397,87,1111,79046.2,Walmart,CARD,Singapore,ATM,2026-05-04T20:00:01.000+05:30,YES,20,NO,5,YES
12465,62,1041,20363.18,Flipkart,CARD,USA,ATM,2026-05-05T01:34:31.000+05:30,NO,1,YES,5,YES
12786,51,1037,31774.1,Apple Store,CARD,UK,Tablet,2026-05-14T05:32:14.000+05:30,NO,5,YES,5,YES
12853,35,1005,62073.37,Walmart,ATM WITHDRAWAL,USA,Laptop,2026-04-25T01:26:17.000+05:30,YES,1,YES,4,YES
13432,88,1144,38435.08,Nike,UPI,Germany,ATM,2026-04-25T07:14:14.000+05:30,NO,7,NO,4,YES
13630,9,1097,81097.94,Swiggy,NET BANKING,Singapore,Laptop,2026-05-08T17:23:25.000+05:30,YES,17,NO,5,YES
13900,46,1101,31528.5,Zomato,NET BANKING,Singapore,Tablet,2026-04-21T13:02:29.000+05:30,NO,13,NO,4,YES
14443,57,1150,58849.64,Uber,NET BANKING,UK,Tablet,2026-04-22T20:41:54.000+05:30,YES,20,NO,4,YES
14456,54,1193,15548.05,Swiggy,ATM WITHDRAWAL,Germany,Tablet,2026-05-17T18:51:45.000+05:30,NO,18,NO,5,YES
14474,14,1003,43933.96,Zomato,ATM WITHDRAWAL,USA,Mobile,2026-05-10T13:05:37.000+05:30,NO,13,NO,5,YES
14538,16,1178,74529.12,Walmart,ATM WITHDRAWAL,India,Tablet,2026-05-12T10:41:15.000+05:30,YES,10,NO,5,NO
14635,97,1078,2680.25,Amazon,ATM WITHDRAWAL,Singapore,ATM,2026-05-17T22:19:16.000+05:30,NO,22,NO,5,YES
14655,4,1159,43994.32,Apple Store,NET BANKING,Singapore,ATM,2026-05-17T18:19:16.000+05:30,NO,18,NO,5,YES
14771,91,1172,65249.34,Nike,UPI,India,ATM,2026-04-29T15:13:50.000+05:30,YES,15,NO,4,NO
14914,90,1085,16933.05,Netflix,ATM WITHDRAWAL,UK,Mobile,2026-04-26T19:43:29.000+05:30,NO,19,NO,4,YES
15191,87,1120,1057.38,Swiggy,UPI,UK,ATM,2026-05-07T00:01:04.000+05:30,NO,0,YES,5,YES
15255,60,1064,59620.52,Petrol Pump,CARD,Singapore,Tablet,2026-05-13T03:50:41.000+05:30,YES,3,YES,5,YES
15336,55,1040,3388.5,Flipkart,ATM WITHDRAWAL,Germany,Mobile,2026-04-22T21:59:16.000+05:30,NO,21,NO,4,YES
15451,15,1197,54254.26,Swiggy,ATM WITHDRAWAL,India,Laptop,2026-05-12T11:44:48.000+05:30,YES,11,NO,5,NO
15743,6,1180,27514.96,Uber,CARD,UK,ATM,2026-05-03T15:33:24.000+05:30,NO,15,NO,5,YES
15808,49,1053,50936.72,Zomato,UPI,USA,Laptop,2026-04-30T05:56:50.000+05:30,YES,5,YES,4,YES
16160,3,1049,94981.6,Swiggy,CARD,Singapore,Laptop,2026-04-29T15:30:26.000+05:30,YES,15,NO,4,YES
16794,66,1164,52105.62,Zomato,UPI,Germany,ATM,2026-05-16T16:00:03.000+05:30,YES,16,NO,5,YES
16912,32,1113,11090.36,Swiggy,UPI,Singapore,Tablet,2026-05-18T00:38:38.000+05:30,NO,0,YES,5,YES
17153,56,1085,72957.88,Zomato,NET BANKING,USA,ATM,2026-05-13T08:48:32.000+05:30,YES,8,NO,5,YES
17384,89,1180,91710.61,Swiggy,CARD,USA,Laptop,2026-04-30T08:17:10.000+05:30,YES,8,NO,4,YES
17622,58,1132,75060.08,Amazon,ATM WITHDRAWAL,USA,Laptop,2026-05-09T12:53:41.000+05:30,YES,12,NO,5,YES
17707,12,1166,27442.27,Swiggy,NET BANKING,India,Tablet,2026-04-19T02:05:27.000+05:30,NO,2,YES,4,NO
17710,70,1053,41160.25,Apple Store,ATM WITHDRAWAL,USA,Tablet,2026-05-15T21:54:37.000+05:30,NO,21,NO,5,YES
19200,27,1086,94727.1,Nike,UPI,Singapore,ATM,2026-04-22T04:19:17.000+05:30,YES,4,YES,4,YES
19811,100,1137,51305.37,Zomato,UPI,Singapore,Tablet,2026-04-30T10:33:40.000+05:30,YES,10,NO,4,YES
19910,94,1110,60212.68,Zomato,UPI,USA,Mobile,2026-05-01T14:27:22.000+05:30,YES,14,NO,5,YES
19944,55,1014,6353.41,Apple Store,UPI,UK,Laptop,2026-05-13T23:38:57.000+05:30,NO,23,NO,5,YES
10639,85,1153,91910.69,Zomato,ATM WITHDRAWAL,Singapore,Mobile,2026-05-01T13:37:27.000+05:30,YES,13,NO,5,YES
10670,35,1191,13121.51,Nike,ATM WITHDRAWAL,USA,ATM,2026-05-18T04:09:22.000+05:30,NO,4,YES,5,YES
10981,20,1049,45414.15,Netflix,UPI,UK,Laptop,2026-05-05T00:17:50.000+05:30,NO,0,YES,5,YES
11099,70,1129,68576.58,Uber,UPI,Singapore,Mobile,2026-04-23T13:34:54.000+05:30,YES,13,NO,4,YES
11911,65,1134,77675.18,Amazon,ATM WITHDRAWAL,Singapore,Tablet,2026-05-17T07:08:55.000+05:30,YES,7,NO,5,YES
12053,49,1012,92542.7,Walmart,CARD,USA,Laptop,2026-04-24T11:14:50.000+05:30,YES,11,NO,4,YES
12060,67,1167,8625.45,Petrol Pump,CARD,Singapore,Mobile,2026-04-23T21:11:33.000+05:30,NO,21,NO,4,YES
12450,71,1062,1697.29,Swiggy,ATM WITHDRAWAL,UK,Mobile,2026-05-06T00:07:37.000+05:30,NO,0,YES,5,YES
13390,14,1189,57826.6,Amazon,ATM WITHDRAWAL,Germany,Mobile,2026-04-26T17:02:37.000+05:30,YES,17,NO,4,YES
13430,24,1079,54169.42,Swiggy,UPI,UK,Tablet,2026-04-25T08:46:33.000+05:30,YES,8,NO,4,YES
13562,88,1130,52566.93,Walmart,UPI,Singapore,Mobile,2026-05-10T04:56:46.000+05:30,YES,4,YES,5,YES
13856,1,1169,5626.49,Uber,UPI,India,ATM,2026-05-07T05:43:08.000+05:30,NO,5,YES,5,NO
14691,69,1195,29403.75,Nike,CARD,Germany,Mobile,2026-04-29T14:52:25.000+05:30,NO,14,NO,4,YES
15870,48,1094,11190.97,Netflix,NET BANKING,USA,ATM,2026-05-06T00:03:07.000+05:30,NO,0,YES,5,YES
15932,5,1065,66753.9,Walmart,ATM WITHDRAWAL,Germany,Mobile,2026-04-26T21:17:40.000+05:30,YES,21,NO,4,YES
16357,59,1027,61582.1,Amazon,UPI,India,ATM,2026-05-03T23:03:22.000+05:30,YES,23,NO,5,NO
16375,40,1019,13287.27,Amazon,UPI,UK,Tablet,2026-04-27T11:24:06.000+05:30,NO,11,NO,4,YES
16532,49,1168,61437.46,Apple Store,UPI,Singapore,Mobile,2026-04-19T07:04:00.000+05:30,YES,7,NO,4,YES
16564,43,1003,44938.06,Petrol Pump,ATM WITHDRAWAL,Singapore,Tablet,2026-05-07T12:06:04.000+05:30,NO,12,NO,5,YES
16875,97,1182,60528.61,Amazon,CARD,India,ATM,2026-05-14T14:48:26.000+05:30,YES,14,NO,5,NO
17058,64,1146,53302.57,Nike,ATM WITHDRAWAL,Germany,ATM,2026-04-20T14:56:41.000+05:30,YES,14,NO,4,YES
17250,85,1146,86981.25,Walmart,CARD,India,Tablet,2026-05-08T00:24:27.000+05:30,YES,0,YES,5,NO
17346,18,1159,94036.65,Swiggy,NET BANKING,Singapore,Mobile,2026-05-12T21:53:56.000+05:30,YES,21,NO,5,YES
17529,33,1017,97179.97,Netflix,ATM WITHDRAWAL,India,ATM,2026-05-13T18:58:41.000+05:30,YES,18,NO,5,NO
17601,86,1054,70053.5,Walmart,ATM WITHDRAWAL,UK,Laptop,2026-05-10T00:08:17.000+05:30,YES,0,YES,5,YES
17687,17,1111,29563.88,Amazon,ATM WITHDRAWAL,Singapore,ATM,2026-05-02T13:56:20.000+05:30,NO,13,NO,5,YES
18079,92,1012,7066.0,Uber,NET BANKING,Germany,ATM,2026-05-10T02:28:26.000+05:30,NO,2,YES,5,YES
18240,73,1181,75442.16,Amazon,ATM WITHDRAWAL,India,Mobile,2026-05-12T15:43:24.000+05:30,YES,15,NO,5,NO
19369,15,1180,9017.21,Swiggy,NET BANKING,Singapore,Mobile,2026-05-16T19:33:33.000+05:30,NO,19,NO,5,YES
19553,73,1010,7396.45,Zomato,UPI,Germany,Laptop,2026-05-14T11:29:21.000+05:30,NO,11,NO,5,YES
19911,81,1186,58857.14,Swiggy,UPI,Germany,Laptop,2026-05-06T12:46:13.000+05:30,YES,12,NO,5,YES
10412,45,1152,30809.88,Zomato,NET BANKING,India,Laptop,2026-04-21T03:16:01.000+05:30,NO,3,YES,4,NO
10934,22,1021,67862.13,Walmart,UPI,Germany,Laptop,2026-04-22T15:55:10.000+05:30,YES,15,NO,4,YES
11287,30,1192,51274.89,Uber,CARD,USA,Tablet,2026-05-11T13:09:24.000+05:30,YES,13,NO,5,YES
11379,89,1045,14731.4,Nike,CARD,USA,Tablet,2026-04-21T10:29:40.000+05:30,NO,10,NO,4,YES
11460,42,1064,79436.72,Nike,NET BANKING,Germany,Tablet,2026-04-19T20:06:54.000+05:30,YES,20,NO,4,YES
11979,99,1186,88245.18,Swiggy,ATM WITHDRAWAL,USA,Tablet,2026-05-02T00:01:28.000+05:30,YES,0,YES,5,YES
12091,39,1199,98014.93,Zomato,NET BANKING,Germany,Laptop,2026-05-17T19:11:22.000+05:30,YES,19,NO,5,YES
12135,100,1021,56700.28,Zomato,UPI,USA,Mobile,2026-05-16T18:21:37.000+05:30,YES,18,NO,5,YES
12387,1,1046,69884.34,Petrol Pump,CARD,UK,Laptop,2026-05-06T01:18:12.000+05:30,YES,1,YES,5,YES
12534,82,1071,89411.17,Uber,ATM WITHDRAWAL,Germany,Tablet,2026-05-14T16:38:19.000+05:30,YES,16,NO,5,YES
12538,81,1060,18602.68,Uber,ATM WITHDRAWAL,Germany,Mobile,2026-04-22T03:22:05.000+05:30,NO,3,YES,4,YES
13053,9,1108,11107.83,Apple Store,ATM WITHDRAWAL,USA,Laptop,2026-05-18T09:33:54.000+05:30,NO,9,NO,5,YES
13064,31,1192,10081.8,Petrol Pump,CARD,Germany,Mobile,2026-05-03T19:42:32.000+05:30,NO,19,NO,5,YES
13115,13,1021,54150.13,Netflix,UPI,Singapore,Mobile,2026-05-02T10:01:06.000+05:30,YES,10,NO,5,YES
13132,88,1021,55869.23,Netflix,NET BANKING,UK,Mobile,2026-05-06T09:32:50.000+05:30,YES,9,NO,5,YES
13172,30,1191,52046.06,Uber,NET BANKING,Germany,ATM,2026-05-07T07:57:50.000+05:30,YES,7,NO,5,YES
13350,17,1082,17835.44,Amazon,NET BANKING,USA,ATM,2026-05-12T22:38:58.000+05:30,NO,22,NO,5,YES
13373,49,1092,84798.54,Apple Store,ATM WITHDRAWAL,Germany,Mobile,2026-05-17T10:34:28.000+05:30,YES,10,NO,5,YES
13700,53,1192,96570.84,Petrol Pump,NET BANKING,Germany,Tablet,2026-05-01T14:19:42.000+05:30,YES,14,NO,5,YES
13833,52,1086,34297.13,Swiggy,UPI,UK,Tablet,2026-04-22T03:57:34.000+05:30,NO,3,YES,4,YES
13878,55,1178,84309.13,Netflix,NET BANKING,USA,ATM,2026-04-26T19:33:42.000+05:30,YES,19,NO,4,YES
14382,7,1049,47454.65,Flipkart,NET BANKING,USA,Mobile,2026-05-03T00:15:18.000+05:30,NO,0,YES,5,YES
14546,77,1012,73124.46,Petrol Pump,UPI,India,Laptop,2026-05-16T19:31:23.000+05:30,YES,19,NO,5,NO
14838,74,1087,94899.7,Zomato,NET BANKING,India,Laptop,2026-05-15T21:32:56.000+05:30,YES,21,NO,5,NO
14889,22,1032,55360.74,Zomato,ATM WITHDRAWAL,India,Tablet,2026-04-25T15:39:58.000+05:30,YES,15,NO,4,NO
14929,8,1026,87493.43,Petrol Pump,NET BANKING,UK,Tablet,2026-05-18T07:19:52.000+05:30,YES,7,NO,5,YES
15000,72,1043,32200.3,Apple Store,ATM WITHDRAWAL,UK,Mobile,2026-05-02T08:13:13.000+05:30,NO,8,NO,5,YES
15029,24,1024,74409.64,Nike,UPI,UK,Tablet,2026-05-06T08:02:57.000+05:30,YES,8,NO,5,YES
15038,85,1053,90551.68,Nike,ATM WITHDRAWAL,USA,Mobile,2026-04-18T21:22:03.000+05:30,YES,21,NO,4,YES
15627,13,1019,63372.4,Apple Store,UPI,Singapore,Laptop,2026-05-12T09:56:31.000+05:30,YES,9,NO,5,YES
15727,37,1187,57056.28,Flipkart,CARD,Germany,Mobile,2026-05-06T19:51:31.000+05:30,YES,19,NO,5,YES
16010,55,1138,35823.6,Uber,NET BANKING,Singapore,Mobile,2026-04-27T00:51:20.000+05:30,NO,0,YES,4,YES
16053,89,1057,10819.91,Flipkart,UPI,Singapore,Tablet,2026-05-15T18:24:56.000+05:30,NO,18,NO,5,YES
16135,40,1002,63680.32,Uber,CARD,USA,Tablet,2026-05-17T17:50:13.000+05:30,YES,17,NO,5,YES
16359,18,1152,36405.29,Swiggy,ATM WITHDRAWAL,USA,Mobile,2026-04-26T19:26:44.000+05:30,NO,19,NO,4,YES
16414,63,1044,17253.26,Apple Store,NET BANKING,Germany,Laptop,2026-04-21T18:49:05.000+05:30,NO,18,NO,4,YES
16622,3,1107,70251.99,Swiggy,CARD,USA,Mobile,2026-05-10T13:00:15.000+05:30,YES,13,NO,5,YES
17072,87,1104,13151.12,Walmart,UPI,Germany,Laptop,2026-04-21T16:25:05.000+05:30,NO,16,NO,4,YES
17233,38,1151,65895.93,Petrol Pump,NET BANKING,Singapore,Tablet,2026-04-27T03:00:14.000+05:30,YES,3,YES,4,YES
17392,45,1041,67329.88,Petrol Pump,ATM WITHDRAWAL,India,ATM,2026-05-10T18:49:29.000+05:30,YES,18,NO,5,NO
17780,85,1066,78155.51,Zomato,UPI,Germany,Mobile,2026-05-10T08:06:22.000+05:30,YES,8,NO,5,YES
17869,78,1110,44406.13,Netflix,ATM WITHDRAWAL,Germany,Tablet,2026-04-30T17:38:39.000+05:30,NO,17,NO,4,YES
18162,96,1026,11039.9,Walmart,ATM WITHDRAWAL,Germany,Laptop,2026-05-05T22:38:18.000+05:30,NO,22,NO,5,YES
18251,78,1006,57601.04,Swiggy,UPI,UK,Tablet,2026-05-16T00:59:09.000+05:30,YES,0,YES,5,YES
18274,92,1088,28279.24,Netflix,ATM WITHDRAWAL,Singapore,Mobile,2026-05-14T01:24:34.000+05:30,NO,1,YES,5,YES
19077,76,1184,97148.92,Amazon,UPI,Germany,Tablet,2026-05-09T14:10:03.000+05:30,YES,14,NO,5,YES
19223,71,1128,782.91,Uber,UPI,UK,Mobile,2026-05-17T07:35:55.000+05:30,NO,7,NO,5,YES
19453,45,1002,5390.9,Walmart,NET BANKING,Singapore,Tablet,2026-05-12T03:14:26.000+05:30,NO,3,YES,5,YES
19561,86,1143,80247.95,Walmart,NET BANKING,Germany,ATM,2026-05-01T01:18:10.000+05:30,YES,1,YES,5,YES
19950,73,1132,51019.43,Petrol Pump,NET BANKING,Germany,Laptop,2026-05-09T00:58:50.000+05:30,YES,0,YES,5,YES
19974,14,1064,60672.95,Uber,CARD,UK,Tablet,2026-05-02T03:32:36.000+05:30,YES,3,YES,5,YES
10948,51,1050,71104.01,Walmart,NET BANKING,UK,Mobile,2026-04-24T20:27:21.000+05:30,YES,20,NO,4,YES
11010,10,1088,72257.81,Amazon,CARD,India,ATM,2026-05-10T05:18:19.000+05:30,YES,5,YES,5,NO
11124,38,1083,70259.25,Nike,ATM WITHDRAWAL,UK,ATM,2026-05-17T00:03:44.000+05:30,YES,0,YES,5,YES
11306,22,1151,95413.06,Uber,NET BANKING,India,ATM,2026-05-09T02:10:15.000+05:30,YES,2,YES,5,NO
11354,29,1037,6824.42,Netflix,CARD,Germany,Laptop,2026-04-27T00:43:27.000+05:30,NO,0,YES,4,YES
11364,53,1172,38048.28,Swiggy,NET BANKING,Germany,Laptop,2026-05-03T04:38:05.000+05:30,NO,4,YES,5,YES
11514,71,1047,79328.36,Amazon,ATM WITHDRAWAL,Germany,Mobile,2026-04-20T16:36:48.000+05:30,YES,16,NO,4,YES
11972,27,1070,10101.68,Uber,UPI,Germany,Mobile,2026-04-23T17:42:10.000+05:30,NO,17,NO,4,YES
12425,69,1094,24301.92,Uber,ATM WITHDRAWAL,Singapore,Laptop,2026-05-09T02:37:54.000+05:30,NO,2,YES,5,YES
12478,66,1178,94307.55,Netflix,ATM WITHDRAWAL,India,ATM,2026-05-02T07:54:10.000+05:30,YES,7,NO,5,NO
12854,65,1105,63674.11,Petrol Pump,ATM WITHDRAWAL,USA,ATM,2026-05-15T05:33:51.000+05:30,YES,5,YES,5,YES
12864,96,1050,93777.98,Uber,CARD,India,Laptop,2026-05-03T15:37:47.000+05:30,YES,15,NO,5,NO
13394,48,1130,73310.59,Zomato,UPI,UK,Mobile,2026-04-26T13:09:19.000+05:30,YES,13,NO,4,YES
13646,50,1007,35719.2,Netflix,UPI,Germany,Laptop,2026-05-05T02:40:50.000+05:30,NO,2,YES,5,YES
14282,87,1161,552.98,Apple Store,CARD,USA,Laptop,2026-05-04T06:16:06.000+05:30,NO,6,NO,5,YES
14690,35,1027,2260.02,Netflix,CARD,Singapore,Mobile,2026-05-05T21:03:00.000+05:30,NO,21,NO,5,YES
14882,19,1039,66104.92,Zomato,UPI,India,Tablet,2026-05-18T03:13:47.000+05:30,YES,3,YES,5,NO
14905,72,1134,11491.36,Swiggy,NET BANKING,USA,Tablet,2026-05-04T09:16:06.000+05:30,NO,9,NO,5,YES
14912,12,1120,70017.65,Walmart,UPI,USA,Tablet,2026-05-06T09:46:48.000+05:30,YES,9,NO,5,YES
15182,23,1164,91679.18,Uber,NET BANKING,India,Mobile,2026-04-24T15:15:32.000+05:30,YES,15,NO,4,NO
15350,73,1067,12265.22,Apple Store,CARD,Singapore,Tablet,2026-04-20T21:58:11.000+05:30,NO,21,NO,4,YES
15560,79,1106,94418.68,Netflix,NET BANKING,UK,Tablet,2026-05-08T12:49:41.000+05:30,YES,12,NO,5,YES
15875,100,1064,42080.57,Flipkart,NET BANKING,USA,Tablet,2026-04-19T04:35:32.000+05:30,NO,4,YES,4,YES
16441,97,1185,96173.45,Uber,CARD,UK,Mobile,2026-04-29T23:50:47.000+05:30,YES,23,NO,4,YES
16929,67,1072,44379.63,Nike,ATM WITHDRAWAL,Germany,Tablet,2026-04-27T16:48:48.000+05:30,NO,16,NO,4,YES
17349,66,1025,56686.81,Zomato,UPI,UK,ATM,2026-04-25T20:29:48.000+05:30,YES,20,NO,4,YES
17697,43,1046,98467.01,Amazon,CARD,Singapore,Tablet,2026-05-08T02:56:41.000+05:30,YES,2,YES,5,YES
18135,85,1097,64503.92,Petrol Pump,ATM WITHDRAWAL,UK,Tablet,2026-04-23T15:47:37.000+05:30,YES,15,NO,4,YES
18479,60,1111,35072.42,Apple Store,CARD,USA,Mobile,2026-05-07T03:19:25.000+05:30,NO,3,YES,5,YES
18838,81,1194,34911.36,Swiggy,UPI,India,Laptop,2026-05-10T02:46:27.000+05:30,NO,2,YES,5,NO
19608,100,1188,35950.61,Petrol Pump,ATM WITHDRAWAL,USA,ATM,2026-05-05T13:05:24.000+05:30,NO,13,NO,5,YES
19903,32,1013,92724.9,Zomato,CARD,UK,Mobile,2026-04-27T22:46:20.000+05:30,YES,22,NO,4,YES
19969,33,1052,484.6,Walmart,UPI,USA,ATM,2026-04-18T23:41:28.000+05:30,NO,23,NO,4,YES
10434,22,1019,65018.92,Amazon,ATM WITHDRAWAL,Singapore,Mobile,2026-05-13T08:13:15.000+05:30,YES,8,NO,5,YES
10682,81,1154,8172.43,Amazon,ATM WITHDRAWAL,USA,ATM,2026-04-30T09:27:03.000+05:30,NO,9,NO,4,YES
10744,40,1065,72475.49,Petrol Pump,NET BANKING,India,Laptop,2026-05-17T08:55:40.000+05:30,YES,8,NO,5,NO
10855,36,1025,31392.02,Nike,NET BANKING,Germany,Mobile,2026-05-11T11:49:41.000+05:30,NO,11,NO,5,YES
11137,56,1008,67408.61,Apple Store,UPI,Germany,Tablet,2026-05-01T11:43:47.000+05:30,YES,11,NO,5,YES
11171,45,1028,48027.81,Walmart,UPI,Singapore,Tablet,2026-04-27T11:10:04.000+05:30,NO,11,NO,4,YES
11172,91,1161,36407.01,Flipkart,UPI,USA,Tablet,2026-04-20T16:59:47.000+05:30,NO,16,NO,4,YES
11338,42,1102,68876.05,Swiggy,ATM WITHDRAWAL,USA,Laptop,2026-04-26T01:50:03.000+05:30,YES,1,YES,4,YES
12165,34,1158,69169.33,Walmart,NET BANKING,USA,Laptop,2026-05-18T12:49:45.000+05:30,YES,12,NO,5,YES
12703,65,1091,73739.31,Nike,ATM WITHDRAWAL,USA,Laptop,2026-04-19T22:30:38.000+05:30,YES,22,NO,4,YES
12816,100,1073,40392.55,Petrol Pump,NET BANKING,Germany,Mobile,2026-05-02T05:04:00.000+05:30,NO,5,YES,5,YES
13696,9,1177,1020.36,Petrol Pump,NET BANKING,Singapore,Laptop,2026-05-08T03:07:16.000+05:30,NO,3,YES,5,YES
14204,16,1070,70632.29,Amazon,UPI,India,Tablet,2026-04-26T20:16:46.000+05:30,YES,20,NO,4,NO
14303,89,1188,93634.08,Zomato,ATM WITHDRAWAL,India,Mobile,2026-05-02T01:58:33.000+05:30,YES,1,YES,5,NO
14458,88,1066,21016.4,Swiggy,ATM WITHDRAWAL,USA,Laptop,2026-04-23T00:14:32.000+05:30,NO,0,YES,4,YES
14755,45,1173,57209.08,Swiggy,NET BANKING,USA,ATM,2026-04-25T03:07:53.000+05:30,YES,3,YES,4,YES
15095,13,1080,70469.67,Flipkart,ATM WITHDRAWAL,India,Mobile,2026-04-28T06:41:15.000+05:30,YES,6,NO,4,NO
15139,74,1148,91745.01,Uber,ATM WITHDRAWAL,Singapore,Laptop,2026-05-01T00:31:43.000+05:30,YES,0,YES,5,YES
15369,39,1029,32688.06,Flipkart,NET BANKING,UK,ATM,2026-05-14T22:46:01.000+05:30,NO,22,NO,5,YES
15465,44,1152,88487.76,Zomato,UPI,UK,Tablet,2026-04-24T12:26:48.000+05:30,YES,12,NO,4,YES
16353,73,1041,19978.64,Petrol Pump,NET BANKING,Germany,Laptop,2026-05-14T07:03:23.000+05:30,NO,7,NO,5,YES
16582,67,1086,22681.57,Swiggy,ATM WITHDRAWAL,UK,ATM,2026-05-16T16:29:45.000+05:30,NO,16,NO,5,YES
17166,27,1082,98782.16,Walmart,UPI,India,Tablet,2026-04-28T10:54:58.000+05:30,YES,10,NO,4,NO
17184,23,1129,37645.95,Nike,CARD,USA,ATM,2026-04-26T12:43:14.000+05:30,NO,12,NO,4,YES
17285,76,1196,95739.44,Walmart,UPI,India,Laptop,2026-04-26T07:56:41.000+05:30,YES,7,NO,4,NO
17862,41,1044,52436.97,Swiggy,NET BANKING,USA,Mobile,2026-05-13T18:03:06.000+05:30,YES,18,NO,5,YES
17986,12,1151,94419.96,Petrol Pump,NET BANKING,UK,Mobile,2026-04-19T04:12:44.000+05:30,YES,4,YES,4,YES
18190,84,1183,12759.61,Petrol Pump,ATM WITHDRAWAL,Singapore,Tablet,2026-05-11T01:48:32.000+05:30,NO,1,YES,5,YES
18523,34,1126,6363.19,Uber,CARD,Singapore,Mobile,2026-05-10T03:43:32.000+05:30,NO,3,YES,5,YES
18662,81,1181,66717.92,Netflix,ATM WITHDRAWAL,India,ATM,2026-04-26T23:48:11.000+05:30,YES,23,NO,4,NO
18787,95,1055,12110.08,Amazon,CARD,Singapore,Tablet,2026-05-18T06:08:36.000+05:30,NO,6,NO,5,YES
18790,76,1038,83841.64,Zomato,UPI,Germany,Mobile,2026-04-26T23:29:57.000+05:30,YES,23,NO,4,YES
18850,54,1102,60570.98,Uber,CARD,USA,Tablet,2026-04-28T02:55:45.000+05:30,YES,2,YES,4,YES
18876,36,1116,3550.46,Amazon,CARD,USA,ATM,2026-05-07T07:27:07.000+05:30,NO,7,NO,5,YES
18961,11,1152,95112.55,Flipkart,NET BANKING,UK,Tablet,2026-05-18T08:30:56.000+05:30,YES,8,NO,5,YES
19069,94,1150,89307.13,Nike,CARD,Germany,Laptop,2026-05-05T04:43:30.000+05:30,YES,4,YES,5,YES
19125,16,1027,12936.54,Netflix,UPI,USA,Mobile,2026-04-25T18:29:31.000+05:30,NO,18,NO,4,YES
19245,47,1094,3499.67,Uber,ATM WITHDRAWAL,UK,ATM,2026-05-05T16:58:37.000+05:30,NO,16,NO,5,YES
19264,99,1095,79137.54,Uber,NET BANKING,Germany,ATM,2026-05-06T12:46:42.000+05:30,YES,12,NO,5,YES
19536,41,1114,86344.11,Apple Store,NET BANKING,USA,Tablet,2026-04-28T08:14:23.000+05:30,YES,8,NO,4,YES
19699,15,1200,64246.02,Amazon,CARD,Singapore,Mobile,2026-05-10T16:47:22.000+05:30,YES,16,NO,5,YES
19706,40,1083,86591.49,Amazon,UPI,Germany,Mobile,2026-04-27T18:38:27.000+05:30,YES,18,NO,4,YES
19853,36,1162,26709.23,Walmart,UPI,Singapore,Mobile,2026-04-24T12:43:52.000+05:30,NO,12,NO,4,YES
10228,18,1147,84250.69,Petrol Pump,ATM WITHDRAWAL,USA,ATM,2026-05-09T09:30:32.000+05:30,YES,9,NO,5,YES
10379,64,1013,24977.4,Petrol Pump,ATM WITHDRAWAL,Germany,Laptop,2026-04-29T16:01:29.000+05:30,NO,16,NO,4,YES
10654,11,1028,87198.94,Petrol Pump,CARD,Singapore,ATM,2026-05-06T08:36:06.000+05:30,YES,8,NO,5,YES
10709,7,1178,99773.96,Uber,ATM WITHDRAWAL,India,ATM,2026-04-19T19:57:53.000+05:30,YES,19,NO,4,NO
10908,41,1077,92965.05,Petrol Pump,ATM WITHDRAWAL,Germany,Mobile,2026-04-18T19:06:28.000+05:30,YES,19,NO,4,YES
10975,31,1045,83749.13,Walmart,UPI,Singapore,Laptop,2026-04-23T08:10:25.000+05:30,YES,8,NO,4,YES
11131,32,1049,83197.77,Petrol Pump,UPI,Singapore,ATM,2026-05-11T11:09:17.000+05:30,YES,11,NO,5,YES
11249,19,1094,74650.21,Apple Store,NET BANKING,UK,Mobile,2026-04-20T04:25:21.000+05:30,YES,4,YES,4,YES
11288,77,1055,5976.0,Amazon,NET BANKING,Germany,Mobile,2026-04-19T00:03:10.000+05:30,NO,0,YES,4,YES
11510,93,1106,59838.72,Flipkart,NET BANKING,Singapore,Mobile,2026-05-15T14:56:09.000+05:30,YES,14,NO,5,YES
12198,38,1001,19042.54,Uber,NET BANKING,Singapore,Mobile,2026-05-05T13:41:16.000+05:30,NO,13,NO,5,YES
12444,94,1144,59158.72,Swiggy,UPI,India,ATM,2026-05-05T09:38:14.000+05:30,YES,9,NO,5,NO
12794,77,1035,68881.47,Apple Store,UPI,UK,Tablet,2026-04-28T04:03:27.000+05:30,YES,4,YES,4,YES
12909,76,1195,92232.8,Zomato,CARD,USA,ATM,2026-05-09T09:51:35.000+05:30,YES,9,NO,5,YES
13277,83,1047,11646.4,Netflix,NET BANKING,UK,Laptop,2026-05-02T02:00:14.000+05:30,NO,2,YES,5,YES
13479,7,1006,75316.21,Flipkart,NET BANKING,Singapore,Tablet,2026-05-04T23:50:57.000+05:30,YES,23,NO,5,YES
13827,64,1084,33719.89,Apple Store,NET BANKING,Germany,Tablet,2026-05-04T03:11:15.000+05:30,NO,3,YES,5,YES
14234,40,1195,3151.2,Amazon,ATM WITHDRAWAL,Singapore,Mobile,2026-05-08T19:46:26.000+05:30,NO,19,NO,5,YES
14239,97,1041,13414.55,Amazon,UPI,USA,Laptop,2026-05-03T03:10:12.000+05:30,NO,3,YES,5,YES
14558,17,1124,66518.19,Petrol Pump,UPI,Germany,Mobile,2026-05-10T13:42:35.000+05:30,YES,13,NO,5,YES
14624,93,1137,62718.71,Walmart,CARD,Singapore,Tablet,2026-05-09T08:53:42.000+05:30,YES,8,NO,5,YES
15025,49,1052,26090.36,Zomato,UPI,UK,Laptop,2026-04-26T23:16:00.000+05:30,NO,23,NO,4,YES
15143,22,1132,32019.01,Petrol Pump,ATM WITHDRAWAL,Singapore,ATM,2026-05-07T01:38:37.000+05:30,NO,1,YES,5,YES
15249,98,1087,6082.24,Flipkart,NET BANKING,Germany,Mobile,2026-05-01T07:03:09.000+05:30,NO,7,NO,5,YES
15276,91,1175,83064.73,Amazon,UPI,UK,ATM,2026-05-06T17:44:30.000+05:30,YES,17,NO,5,YES
15552,26,1077,85067.84,Swiggy,UPI,USA,Tablet,2026-05-04T15:05:58.000+05:30,YES,15,NO,5,YES
16503,92,1188,97087.18,Netflix,ATM WITHDRAWAL,USA,ATM,2026-05-10T09:36:21.000+05:30,YES,9,NO,5,YES
16976,75,1136,3447.82,Zomato,ATM WITHDRAWAL,Singapore,Tablet,2026-05-09T06:48:27.000+05:30,NO,6,NO,5,YES
16986,65,1089,58210.12,Petrol Pump,UPI,Singapore,Tablet,2026-04-28T07:04:36.000+05:30,YES,7,NO,4,YES
17029,92,1062,51862.43,Swiggy,CARD,UK,ATM,2026-05-12T19:50:15.000+05:30,YES,19,NO,5,YES
17396,34,1141,72343.78,Uber,CARD,USA,Tablet,2026-04-20T04:32:46.000+05:30,YES,4,YES,4,YES
17426,35,1179,52236.34,Nike,CARD,USA,Tablet,2026-04-23T18:08:17.000+05:30,YES,18,NO,4,YES
17431,64,1132,52749.0,Flipkart,ATM WITHDRAWAL,India,ATM,2026-04-21T15:45:01.000+05:30,YES,15,NO,4,NO
18226,56,1037,43530.18,Swiggy,NET BANKING,Germany,ATM,2026-05-02T02:55:00.000+05:30,NO,2,YES,5,YES
18440,68,1192,61485.31,Uber,ATM WITHDRAWAL,India,ATM,2026-04-24T16:37:59.000+05:30,YES,16,NO,4,NO
19224,9,1097,95328.62,Swiggy,UPI,USA,Laptop,2026-04-25T08:56:25.000+05:30,YES,8,NO,4,YES
19241,36,1198,18469.58,Zomato,CARD,Germany,Tablet,2026-04-20T19:39:51.000+05:30,NO,19,NO,4,YES
19303,94,1155,31836.69,Amazon,ATM WITHDRAWAL,USA,ATM,2026-05-11T15:18:04.000+05:30,NO,15,NO,5,YES
10745,20,1018,83280.96,Uber,ATM WITHDRAWAL,USA,Tablet,2026-04-25T19:09:00.000+05:30,YES,19,NO,4,YES
10746,31,1143,35470.67,Petrol Pump,CARD,Singapore,ATM,2026-04-26T09:10:56.000+05:30,NO,9,NO,4,YES
11198,94,1029,93956.75,Amazon,CARD,Germany,Laptop,2026-05-11T19:48:05.000+05:30,YES,19,NO,5,YES
11531,52,1169,37828.6,Amazon,ATM WITHDRAWAL,UK,Mobile,2026-04-25T07:37:30.000+05:30,NO,7,NO,4,YES
12067,11,1017,75795.84,Flipkart,UPI,USA,Mobile,2026-04-28T18:20:31.000+05:30,YES,18,NO,4,YES
12124,47,1124,73989.84,Uber,ATM WITHDRAWAL,Singapore,ATM,2026-05-05T05:22:05.000+05:30,YES,5,YES,5,YES
12189,31,1097,72590.9,Uber,NET BANKING,Germany,ATM,2026-04-18T16:56:40.000+05:30,YES,16,NO,4,YES
12849,92,1096,23336.92,Flipkart,ATM WITHDRAWAL,Singapore,Tablet,2026-05-04T06:08:10.000+05:30,NO,6,NO,5,YES
13559,14,1133,28331.9,Netflix,CARD,Singapore,Mobile,2026-05-06T23:06:36.000+05:30,NO,23,NO,5,YES
14030,62,1084,80758.34,Walmart,NET BANKING,Germany,ATM,2026-05-17T05:13:00.000+05:30,YES,5,YES,5,YES
14051,76,1037,85758.92,Petrol Pump,ATM WITHDRAWAL,India,ATM,2026-05-10T02:04:19.000+05:30,YES,2,YES,5,NO
14300,21,1152,88895.65,Petrol Pump,CARD,Germany,ATM,2026-04-29T07:35:16.000+05:30,YES,7,NO,4,YES
14348,94,1172,59756.25,Petrol Pump,UPI,Singapore,Tablet,2026-05-03T22:42:03.000+05:30,YES,22,NO,5,YES
14533,81,1047,2640.58,Netflix,ATM WITHDRAWAL,USA,Mobile,2026-04-24T23:22:37.000+05:30,NO,23,NO,4,YES
14609,2,1041,16749.96,Amazon,NET BANKING,UK,ATM,2026-05-13T21:21:03.000+05:30,NO,21,NO,5,YES
14636,19,1170,7673.91,Amazon,NET BANKING,USA,Tablet,2026-04-19T10:36:41.000+05:30,NO,10,NO,4,YES
14676,23,1018,20524.9,Zomato,UPI,Germany,Tablet,2026-05-13T22:05:34.000+05:30,NO,22,NO,5,YES
14745,31,1107,17916.26,Zomato,CARD,Singapore,Tablet,2026-05-03T14:52:14.000+05:30,NO,14,NO,5,YES
15172,64,1153,50454.35,Walmart,UPI,India,ATM,2026-05-01T07:54:03.000+05:30,YES,7,NO,5,NO
15421,34,1063,29542.27,Apple Store,ATM WITHDRAWAL,UK,Laptop,2026-05-10T17:12:37.000+05:30,NO,17,NO,5,YES
15424,36,1063,78067.3,Netflix,CARD,India,Laptop,2026-05-14T05:51:16.000+05:30,YES,5,YES,5,NO
15484,41,1174,62714.21,Swiggy,ATM WITHDRAWAL,USA,Mobile,2026-04-28T13:54:15.000+05:30,YES,13,NO,4,YES
16044,61,1144,26694.75,Walmart,NET BANKING,Germany,Laptop,2026-05-03T18:23:48.000+05:30,NO,18,NO,5,YES
16256,97,1139,9775.66,Uber,ATM WITHDRAWAL,India,ATM,2026-05-05T05:41:55.000+05:30,NO,5,YES,5,NO
16261,51,1068,62859.93,Amazon,CARD,India,Tablet,2026-04-28T01:57:36.000+05:30,YES,1,YES,4,NO
16265,16,1032,83264.25,Nike,UPI,India,Laptop,2026-05-04T10:19:47.000+05:30,YES,10,NO,5,NO
16306,2,1004,14626.12,Netflix,ATM WITHDRAWAL,USA,ATM,2026-04-26T18:03:26.000+05:30,NO,18,NO,4,YES
16337,100,1101,54633.16,Zomato,UPI,Germany,Laptop,2026-05-03T03:32:28.000+05:30,YES,3,YES,5,YES
16930,68,1025,87077.07,Apple Store,ATM WITHDRAWAL,USA,ATM,2026-05-16T13:50:31.000+05:30,YES,13,NO,5,YES
17276,100,1017,70234.36,Petrol Pump,CARD,India,Mobile,2026-04-26T20:29:43.000+05:30,YES,20,NO,4,NO
17359,21,1112,87790.15,Nike,CARD,India,Tablet,2026-05-17T01:33:08.000+05:30,YES,1,YES,5,NO
17538,53,1117,68443.47,Walmart,NET BANKING,India,Laptop,2026-05-03T01:11:28.000+05:30,YES,1,YES,5,NO
17648,36,1047,91299.65,Nike,CARD,USA,ATM,2026-05-10T15:30:30.000+05:30,YES,15,NO,5,YES
18019,92,1095,53010.98,Amazon,UPI,Singapore,ATM,2026-05-07T12:16:04.000+05:30,YES,12,NO,5,YES
18145,70,1191,65158.3,Walmart,CARD,Singapore,ATM,2026-05-17T07:20:18.000+05:30,YES,7,NO,5,YES
18504,96,1034,37869.38,Flipkart,NET BANKING,Germany,ATM,2026-04-29T17:41:36.000+05:30,NO,17,NO,4,YES
18831,3,1046,75399.53,Walmart,UPI,UK,Tablet,2026-05-09T16:52:38.000+05:30,YES,16,NO,5,YES
18845,24,1077,69121.0,Swiggy,CARD,UK,ATM,2026-04-21T08:36:59.000+05:30,YES,8,NO,4,YES
18954,65,1044,21303.51,Uber,NET BANKING,Germany,Mobile,2026-04-19T15:55:37.000+05:30,NO,15,NO,4,YES
19193,60,1055,82595.97,Petrol Pump,CARD,USA,ATM,2026-04-25T15:21:15.000+05:30,YES,15,NO,4,YES
19325,74,1036,7553.44,Swiggy,ATM WITHDRAWAL,USA,ATM,2026-05-14T09:11:45.000+05:30,NO,9,NO,5,YES
19378,92,1046,42507.71,Nike,ATM WITHDRAWAL,USA,Tablet,2026-05-16T21:52:47.000+05:30,NO,21,NO,5,YES
19495,48,1192,33003.82,Walmart,ATM WITHDRAWAL,Singapore,ATM,2026-05-04T10:14:12.000+05:30,NO,10,NO,5,YES
19826,51,1186,36359.1,Amazon,UPI,Germany,ATM,2026-05-17T05:52:57.000+05:30,NO,5,YES,5,YES
19846,4,1115,7829.81,Swiggy,UPI,Germany,Tablet,2026-05-09T07:23:50.000+05:30,NO,7,NO,5,YES
19913,29,1200,17408.81,Netflix,ATM WITHDRAWAL,USA,Mobile,2026-05-03T13:53:32.000+05:30,NO,13,NO,5,YES
10321,86,1180,99271.09,Amazon,ATM WITHDRAWAL,Germany,ATM,2026-05-12T10:19:49.000+05:30,YES,10,NO,5,YES
10456,53,1121,6800.68,Walmart,UPI,USA,Laptop,2026-05-07T03:45:45.000+05:30,NO,3,YES,5,YES
10559,32,1098,28928.99,Zomato,ATM WITHDRAWAL,USA,Tablet,2026-05-03T07:56:53.000+05:30,NO,7,NO,5,YES
10593,84,1127,44676.66,Flipkart,ATM WITHDRAWAL,UK,ATM,2026-05-03T11:38:33.000+05:30,NO,11,NO,5,YES
10707,31,1008,32000.5,Petrol Pump,CARD,USA,Laptop,2026-05-18T14:42:36.000+05:30,NO,14,NO,5,YES
11689,18,1054,86711.03,Apple Store,UPI,India,Mobile,2026-05-11T18:38:48.000+05:30,YES,18,NO,5,NO
11955,32,1037,23986.71,Netflix,CARD,USA,Laptop,2026-05-16T22:48:15.000+05:30,NO,22,NO,5,YES
12333,57,1070,52703.64,Netflix,CARD,Germany,Tablet,2026-04-21T17:17:12.000+05:30,YES,17,NO,4,YES
12665,33,1006,40422.95,Walmart,NET BANKING,Germany,ATM,2026-05-14T14:59:52.000+05:30,NO,14,NO,5,YES
12715,13,1175,43613.55,Walmart,NET BANKING,Singapore,Laptop,2026-05-07T23:23:36.000+05:30,NO,23,NO,5,YES
12793,5,1168,16464.17,Apple Store,NET BANKING,UK,ATM,2026-05-08T07:20:41.000+05:30,NO,7,NO,5,YES
13083,21,1014,97943.23,Flipkart,UPI,Germany,Tablet,2026-04-27T19:28:36.000+05:30,YES,19,NO,4,YES
13087,35,1036,83576.14,Nike,UPI,India,Laptop,2026-04-30T02:54:57.000+05:30,YES,2,YES,4,NO
13099,79,1103,68992.36,Walmart,NET BANKING,USA,Tablet,2026-05-18T13:43:04.000+05:30,YES,13,NO,5,YES
13157,62,1024,36486.67,Amazon,UPI,Singapore,Mobile,2026-05-05T09:43:15.000+05:30,NO,9,NO,5,YES
13299,14,1171,80088.48,Walmart,ATM WITHDRAWAL,Singapore,ATM,2026-05-14T06:09:40.000+05:30,YES,6,NO,5,YES
13341,50,1094,74779.36,Zomato,NET BANKING,India,Laptop,2026-05-18T10:09:29.000+05:30,YES,10,NO,5,NO
13639,47,1009,85666.61,Walmart,ATM WITHDRAWAL,USA,ATM,2026-04-21T17:49:02.000+05:30,YES,17,NO,4,YES
14263,27,1017,82199.96,Amazon,UPI,India,Tablet,2026-04-26T10:47:16.000+05:30,YES,10,NO,4,NO
14413,52,1085,60543.08,Swiggy,NET BANKING,India,ATM,2026-05-04T17:59:38.000+05:30,YES,17,NO,5,NO
14586,70,1091,42647.58,Nike,ATM WITHDRAWAL,Germany,Mobile,2026-05-02T23:02:13.000+05:30,NO,23,NO,5,YES
14695,64,1128,26217.82,Petrol Pump,NET BANKING,Singapore,ATM,2026-05-12T13:47:33.000+05:30,NO,13,NO,5,YES
14824,17,1180,38524.58,Apple Store,UPI,Germany,Laptop,2026-04-30T22:18:16.000+05:30,NO,22,NO,4,YES
15050,85,1042,96834.88,Walmart,CARD,UK,Laptop,2026-05-18T10:46:44.000+05:30,YES,10,NO,5,YES
15401,35,1167,9928.0,Amazon,ATM WITHDRAWAL,USA,Laptop,2026-05-08T15:08:22.000+05:30,NO,15,NO,5,YES
15412,94,1028,69271.78,Netflix,UPI,USA,Tablet,2026-04-30T04:45:03.000+05:30,YES,4,YES,4,YES
15478,52,1111,81011.33,Amazon,UPI,UK,ATM,2026-04-30T20:02:30.000+05:30,YES,20,NO,4,YES
15515,59,1164,16757.59,Uber,NET BANKING,UK,ATM,2026-05-06T17:35:58.000+05:30,NO,17,NO,5,YES
15613,47,1173,27046.91,Petrol Pump,CARD,India,Laptop,2026-04-29T01:29:20.000+05:30,NO,1,YES,4,NO
16176,21,1106,72302.46,Nike,CARD,Germany,ATM,2026-05-14T22:01:28.000+05:30,YES,22,NO,5,YES
16231,66,1106,6619.11,Nike,CARD,Germany,ATM,2026-05-11T12:19:02.000+05:30,NO,12,NO,5,YES
16586,60,1059,63693.42,Walmart,ATM WITHDRAWAL,India,ATM,2026-04-26T04:27:42.000+05:30,YES,4,YES,4,NO
16589,3,1185,25356.32,Apple Store,ATM WITHDRAWAL,Germany,Mobile,2026-04-25T14:59:19.000+05:30,NO,14,NO,4,YES
16905,75,1037,84455.76,Apple Store,ATM WITHDRAWAL,USA,Laptop,2026-05-07T03:21:41.000+05:30,YES,3,YES,5,YES
16950,24,1087,56736.84,Uber,ATM WITHDRAWAL,UK,Mobile,2026-04-19T15:45:00.000+05:30,YES,15,NO,4,YES
17186,69,1142,55151.41,Apple Store,UPI,Singapore,Laptop,2026-04-22T06:29:29.000+05:30,YES,6,NO,4,YES
17600,89,1160,42413.69,Flipkart,ATM WITHDRAWAL,USA,Mobile,2026-05-08T16:21:17.000+05:30,NO,16,NO,5,YES
18100,73,1003,24985.77,Amazon,UPI,UK,Mobile,2026-05-08T14:48:02.000+05:30,NO,14,NO,5,YES
18559,1,1168,38244.6,Petrol Pump,CARD,USA,ATM,2026-04-19T12:33:29.000+05:30,NO,12,NO,4,YES
18576,38,1090,78689.6,Nike,NET BANKING,India,Laptop,2026-05-07T20:30:56.000+05:30,YES,20,NO,5,NO
18706,52,1130,66066.46,Amazon,NET BANKING,India,Mobile,2026-05-08T10:51:40.000+05:30,YES,10,NO,5,NO
19123,46,1156,84016.4,Uber,UPI,USA,Laptop,2026-04-28T00:37:06.000+05:30,YES,0,YES,4,YES
19225,46,1019,86599.57,Zomato,CARD,Singapore,Tablet,2026-04-20T11:57:31.000+05:30,YES,11,NO,4,YES
19287,33,1035,74325.03,Apple Store,CARD,UK,Mobile,2026-05-16T23:00:17.000+05:30,YES,23,NO,5,YES
19315,35,1190,94257.88,Apple Store,NET BANKING,Germany,ATM,2026-05-07T16:49:43.000+05:30,YES,16,NO,5,YES
19703,96,1020,80052.04,Apple Store,NET BANKING,India,Tablet,2026-04-19T17:44:57.000+05:30,YES,17,NO,4,NO
19771,88,1146,80488.49,Amazon,ATM WITHDRAWAL,India,Tablet,2026-05-08T23:14:36.000+05:30,YES,23,NO,5,NO
10299,86,1110,66598.22,Zomato,UPI,Germany,Laptop,2026-05-15T19:56:39.000+05:30,YES,19,NO,5,YES
10436,79,1095,54195.07,Netflix,UPI,USA,Tablet,2026-05-14T17:37:40.000+05:30,YES,17,NO,5,YES
10800,70,1184,92654.76,Netflix,CARD,USA,Mobile,2026-05-09T03:30:32.000+05:30,YES,3,YES,5,YES
11164,31,1125,22635.43,Apple Store,UPI,UK,Tablet,2026-04-29T17:21:50.000+05:30,NO,17,NO,4,YES
11515,23,1169,63288.84,Nike,CARD,Singapore,Mobile,2026-04-28T04:57:48.000+05:30,YES,4,YES,4,YES
11554,38,1128,70404.15,Swiggy,UPI,India,ATM,2026-04-26T06:21:15.000+05:30,YES,6,NO,4,NO
11595,71,1134,80210.02,Uber,ATM WITHDRAWAL,USA,Mobile,2026-04-23T06:18:26.000+05:30,YES,6,NO,4,YES
11717,54,1047,10954.05,Apple Store,CARD,UK,ATM,2026-04-23T23:14:16.000+05:30,NO,23,NO,4,YES
11809,35,1189,74589.31,Amazon,ATM WITHDRAWAL,India,ATM,2026-05-07T01:14:12.000+05:30,YES,1,YES,5,NO
12249,6,1127,92781.61,Apple Store,UPI,India,Mobile,2026-05-08T04:17:02.000+05:30,YES,4,YES,5,NO
12596,42,1046,46147.75,Flipkart,CARD,USA,Tablet,2026-04-29T08:55:49.000+05:30,NO,8,NO,4,YES
13328,91,1088,44443.02,Nike,ATM WITHDRAWAL,Germany,ATM,2026-05-13T02:40:45.000+05:30,NO,2,YES,5,YES
13792,49,1020,71701.94,Nike,NET BANKING,USA,Mobile,2026-05-07T01:05:06.000+05:30,YES,1,YES,5,YES
14148,41,1189,4317.28,Netflix,NET BANKING,UK,Laptop,2026-05-02T15:26:33.000+05:30,NO,15,NO,5,YES
14210,36,1172,43959.6,Apple Store,NET BANKING,UK,Tablet,2026-04-29T08:23:48.000+05:30,NO,8,NO,4,YES
14252,83,1122,51952.35,Flipkart,CARD,Singapore,Mobile,2026-05-15T06:19:07.000+05:30,YES,6,NO,5,YES
14391,11,1074,37563.61,Amazon,UPI,USA,Laptop,2026-05-05T18:04:36.000+05:30,NO,18,NO,5,YES
14480,79,1195,57264.43,Walmart,ATM WITHDRAWAL,Singapore,Laptop,2026-04-25T16:59:57.000+05:30,YES,16,NO,4,YES
14502,70,1154,220.42,Walmart,UPI,Singapore,Tablet,2026-05-05T14:26:02.000+05:30,NO,14,NO,5,YES
15020,10,1067,7078.81,Netflix,ATM WITHDRAWAL,Singapore,Tablet,2026-04-26T17:11:47.000+05:30,NO,17,NO,4,YES
15522,73,1067,88461.06,Netflix,UPI,USA,ATM,2026-04-22T22:06:50.000+05:30,YES,22,NO,4,YES
15817,10,1098,22464.15,Uber,ATM WITHDRAWAL,USA,Laptop,2026-05-02T02:46:44.000+05:30,NO,2,YES,5,YES
15885,36,1093,19537.17,Apple Store,NET BANKING,Singapore,Mobile,2026-04-28T16:30:21.000+05:30,NO,16,NO,4,YES
16285,40,1078,4601.08,Apple Store,NET BANKING,Germany,Mobile,2026-04-29T11:59:11.000+05:30,NO,11,NO,4,YES
16530,78,1019,34123.66,Apple Store,UPI,UK,ATM,2026-04-22T23:41:31.000+05:30,NO,23,NO,4,YES
16579,42,1025,61381.01,Walmart,UPI,USA,Laptop,2026-05-15T02:21:04.000+05:30,YES,2,YES,5,YES
16777,13,1033,59143.97,Swiggy,ATM WITHDRAWAL,Singapore,Laptop,2026-04-27T04:27:53.000+05:30,YES,4,YES,4,YES
16909,65,1158,63072.76,Apple Store,CARD,UK,Tablet,2026-05-16T05:48:06.000+05:30,YES,5,YES,5,YES
17070,10,1013,5398.74,Zomato,UPI,USA,Laptop,2026-04-20T10:20:56.000+05:30,NO,10,NO,4,YES
17124,86,1137,66558.82,Swiggy,ATM WITHDRAWAL,UK,Laptop,2026-04-24T19:44:04.000+05:30,YES,19,NO,4,YES
17154,35,1057,53813.17,Uber,UPI,India,Laptop,2026-04-21T02:49:45.000+05:30,YES,2,YES,4,NO
17260,40,1185,35105.23,Walmart,ATM WITHDRAWAL,India,Tablet,2026-05-15T02:50:57.000+05:30,NO,2,YES,5,NO
17688,56,1130,53800.51,Swiggy,NET BANKING,USA,Laptop,2026-05-10T22:02:21.000+05:30,YES,22,NO,5,YES
17709,70,1164,92353.17,Petrol Pump,CARD,USA,Laptop,2026-04-20T10:05:05.000+05:30,YES,10,NO,4,YES
17751,89,1190,91440.06,Petrol Pump,ATM WITHDRAWAL,India,Tablet,2026-05-17T10:57:25.000+05:30,YES,10,NO,5,NO
17890,98,1101,79589.11,Netflix,NET BANKING,Germany,ATM,2026-05-01T21:21:02.000+05:30,YES,21,NO,5,YES
18168,56,1160,44079.73,Swiggy,CARD,Singapore,Laptop,2026-05-06T02:35:48.000+05:30,NO,2,YES,5,YES
18344,18,1093,15934.68,Walmart,CARD,UK,Laptop,2026-04-28T15:07:03.000+05:30,NO,15,NO,4,YES
18594,44,1163,8703.57,Uber,ATM WITHDRAWAL,UK,Tablet,2026-05-06T15:12:49.000+05:30,NO,15,NO,5,YES
18633,94,1071,26328.63,Nike,CARD,USA,Laptop,2026-05-06T14:21:18.000+05:30,NO,14,NO,5,YES
18754,32,1123,93871.53,Apple Store,NET BANKING,USA,Laptop,2026-05-12T20:07:59.000+05:30,YES,20,NO,5,YES
18895,14,1055,95020.74,Uber,CARD,India,Mobile,2026-05-06T13:17:11.000+05:30,YES,13,NO,5,NO
18941,62,1121,8557.24,Netflix,CARD,UK,Mobile,2026-04-21T10:41:28.000+05:30,NO,10,NO,4,YES
19310,87,1123,9061.14,Uber,NET BANKING,Germany,Tablet,2026-05-13T00:51:58.000+05:30,NO,0,YES,5,YES
19452,91,1159,24146.28,Amazon,UPI,Singapore,Tablet,2026-04-26T15:34:11.000+05:30,NO,15,NO,4,YES
10165,79,1015,49272.96,Uber,NET BANKING,Germany,Laptop,2026-05-06T22:12:57.000+05:30,NO,22,NO,5,YES
10182,21,1009,45842.82,Petrol Pump,CARD,Germany,Tablet,2026-05-13T16:59:23.000+05:30,NO,16,NO,5,YES
10502,35,1147,74756.95,Apple Store,ATM WITHDRAWAL,Germany,Tablet,2026-05-02T20:47:56.000+05:30,YES,20,NO,5,YES
10672,40,1162,50535.85,Zomato,UPI,India,Tablet,2026-04-26T23:44:23.000+05:30,YES,23,NO,4,NO
10683,67,1098,18283.87,Walmart,NET BANKING,UK,Laptop,2026-05-07T10:06:03.000+05:30,NO,10,NO,5,YES
10717,89,1100,70229.06,Petrol Pump,CARD,UK,ATM,2026-04-19T16:24:25.000+05:30,YES,16,NO,4,YES
10748,93,1086,68948.62,Swiggy,CARD,UK,Mobile,2026-05-17T15:05:02.000+05:30,YES,15,NO,5,YES
11497,52,1096,80091.72,Amazon,UPI,India,Mobile,2026-05-08T19:12:56.000+05:30,YES,19,NO,5,NO
11577,36,1076,96033.11,Petrol Pump,UPI,Singapore,Laptop,2026-05-08T19:53:54.000+05:30,YES,19,NO,5,YES
11612,70,1048,96329.06,Petrol Pump,ATM WITHDRAWAL,India,ATM,2026-05-16T10:09:26.000+05:30,YES,10,NO,5,NO
11660,43,1120,35066.25,Uber,UPI,UK,ATM,2026-05-02T05:37:57.000+05:30,NO,5,YES,5,YES
11861,71,1068,57791.98,Netflix,CARD,Singapore,Tablet,2026-05-15T12:19:02.000+05:30,YES,12,NO,5,YES
12128,26,1065,18428.42,Nike,ATM WITHDRAWAL,UK,Mobile,2026-05-15T20:46:44.000+05:30,NO,20,NO,5,YES
12305,85,1012,14725.31,Zomato,NET BANKING,USA,ATM,2026-04-29T06:59:00.000+05:30,NO,6,NO,4,YES
12623,2,1110,44041.73,Amazon,ATM WITHDRAWAL,Germany,ATM,2026-04-22T22:41:21.000+05:30,NO,22,NO,4,YES
12756,94,1014,64974.09,Amazon,ATM WITHDRAWAL,USA,Mobile,2026-04-19T23:28:04.000+05:30,YES,23,NO,4,YES
12886,64,1189,34030.84,Netflix,ATM WITHDRAWAL,Singapore,Tablet,2026-05-06T23:01:40.000+05:30,NO,23,NO,5,YES
13245,83,1116,82370.66,Flipkart,CARD,Singapore,Mobile,2026-05-06T10:59:57.000+05:30,YES,10,NO,5,YES
13374,95,1042,28688.28,Nike,CARD,UK,Tablet,2026-05-06T18:22:21.000+05:30,NO,18,NO,5,YES
13652,17,1151,48480.33,Apple Store,UPI,UK,ATM,2026-04-28T01:29:49.000+05:30,NO,1,YES,4,YES
13752,74,1045,60709.72,Petrol Pump,CARD,UK,Laptop,2026-04-22T15:21:13.000+05:30,YES,15,NO,4,YES
14071,35,1084,70025.84,Walmart,ATM WITHDRAWAL,India,Tablet,2026-05-03T20:18:55.000+05:30,YES,20,NO,5,NO
14100,51,1173,93520.14,Petrol Pump,ATM WITHDRAWAL,USA,Laptop,2026-04-24T23:38:14.000+05:30,YES,23,NO,4,YES
14194,48,1018,77220.18,Zomato,CARD,USA,Tablet,2026-04-26T00:44:04.000+05:30,YES,0,YES,4,YES
14500,58,1141,15445.24,Walmart,ATM WITHDRAWAL,UK,ATM,2026-05-14T16:37:12.000+05:30,NO,16,NO,5,YES
14618,58,1198,50141.21,Netflix,UPI,UK,ATM,2026-04-27T23:56:09.000+05:30,YES,23,NO,4,YES
14906,57,1058,32228.72,Flipkart,UPI,USA,Laptop,2026-04-23T12:01:13.000+05:30,NO,12,NO,4,YES
15099,24,1113,34303.02,Zomato,ATM WITHDRAWAL,USA,Mobile,2026-05-11T13:40:04.000+05:30,NO,13,NO,5,YES
15179,49,1162,89090.47,Flipkart,UPI,Singapore,Laptop,2026-04-22T20:18:36.000+05:30,YES,20,NO,4,YES
15512,17,1188,70693.11,Zomato,NET BANKING,USA,Laptop,2026-05-10T17:09:42.000+05:30,YES,17,NO,5,YES
15519,14,1129,13245.03,Nike,ATM WITHDRAWAL,India,ATM,2026-04-22T05:47:09.000+05:30,NO,5,YES,4,NO
15720,22,1087,82351.82,Swiggy,CARD,India,Tablet,2026-05-05T09:01:44.000+05:30,YES,9,NO,5,NO
15847,93,1075,8723.8,Nike,ATM WITHDRAWAL,Germany,Mobile,2026-05-10T14:18:25.000+05:30,NO,14,NO,5,YES
15983,100,1019,56523.72,Petrol Pump,NET BANKING,UK,ATM,2026-04-19T05:14:04.000+05:30,YES,5,YES,4,YES
16416,69,1154,8326.08,Uber,UPI,USA,ATM,2026-04-20T17:14:27.000+05:30,NO,17,NO,4,YES
16553,47,1001,8928.87,Flipkart,UPI,Germany,ATM,2026-05-17T07:05:10.000+05:30,NO,7,NO,5,YES
16698,1,1163,85841.91,Apple Store,ATM WITHDRAWAL,Singapore,Tablet,2026-05-12T23:56:50.000+05:30,YES,23,NO,5,YES
16781,67,1001,74651.22,Nike,CARD,UK,Tablet,2026-05-07T11:15:59.000+05:30,YES,11,NO,5,YES
16843,86,1066,18083.18,Netflix,UPI,Singapore,Mobile,2026-05-17T12:31:36.000+05:30,NO,12,NO,5,YES
17195,81,1084,28601.81,Uber,ATM WITHDRAWAL,Germany,Mobile,2026-05-14T07:05:19.000+05:30,NO,7,NO,5,YES
17361,55,1142,7767.88,Uber,NET BANKING,UK,Tablet,2026-05-18T11:24:15.000+05:30,NO,11,NO,5,YES
17494,72,1122,84340.16,Swiggy,UPI,USA,Laptop,2026-04-27T21:34:11.000+05:30,YES,21,NO,4,YES
17822,60,1094,94037.7,Amazon,NET BANKING,India,Mobile,2026-05-06T07:07:54.000+05:30,YES,7,NO,5,NO
18748,25,1089,81402.7,Walmart,ATM WITHDRAWAL,UK,Mobile,2026-05-14T03:10:32.000+05:30,YES,3,YES,5,YES
18811,29,1164,39022.77,Apple Store,ATM WITHDRAWAL,Germany,Tablet,2026-05-03T22:59:02.000+05:30,NO,22,NO,5,YES
19000,37,1042,19873.18,Flipkart,NET BANKING,Germany,Tablet,2026-04-24T07:05:31.000+05:30,NO,7,NO,4,YES
19107,83,1033,87150.64,Petrol Pump,CARD,India,Mobile,2026-04-25T20:52:43.000+05:30,YES,20,NO,4,NO
19611,50,1165,78650.99,Flipkart,ATM WITHDRAWAL,Germany,Mobile,2026-04-30T22:17:55.000+05:30,YES,22,NO,4,YES
10103,63,1078,5334.17,Flipkart,ATM WITHDRAWAL,Germany,Tablet,2026-04-22T20:44:45.000+05:30,NO,20,NO,4,YES
10477,21,1025,85968.42,Apple Store,CARD,Germany,Tablet,2026-04-22T18:15:24.000+05:30,YES,18,NO,4,YES
10549,54,1080,49025.42,Flipkart,ATM WITHDRAWAL,Germany,Mobile,2026-05-03T16:32:59.000+05:30,NO,16,NO,5,YES
10635,34,1048,3460.47,Amazon,UPI,Singapore,Tablet,2026-04-18T19:32:30.000+05:30,NO,19,NO,4,YES
11233,66,1060,31149.87,Netflix,ATM WITHDRAWAL,Singapore,Tablet,2026-05-03T09:31:24.000+05:30,NO,9,NO,5,YES
11360,44,1094,37118.79,Swiggy,NET BANKING,India,Mobile,2026-05-08T00:54:12.000+05:30,NO,0,YES,5,NO
11524,52,1056,71510.71,Nike,UPI,Singapore,Mobile,2026-04-24T20:52:48.000+05:30,YES,20,NO,4,YES
11541,59,1183,40456.71,Netflix,ATM WITHDRAWAL,USA,Mobile,2026-04-22T19:42:54.000+05:30,NO,19,NO,4,YES
11553,40,1145,87083.27,Netflix,UPI,UK,Mobile,2026-05-04T08:31:05.000+05:30,YES,8,NO,5,YES
11586,3,1071,17799.99,Walmart,UPI,Singapore,Laptop,2026-05-01T07:00:28.000+05:30,NO,7,NO,5,YES
11831,90,1067,27399.79,Amazon,NET BANKING,USA,ATM,2026-04-29T00:56:50.000+05:30,NO,0,YES,4,YES
11953,4,1051,65226.27,Flipkart,UPI,UK,Mobile,2026-05-07T20:40:41.000+05:30,YES,20,NO,5,YES
12157,39,1119,24689.42,Amazon,UPI,UK,Tablet,2026-04-20T08:09:57.000+05:30,NO,8,NO,4,YES
12529,71,1169,68987.2,Zomato,ATM WITHDRAWAL,UK,Laptop,2026-04-29T08:58:09.000+05:30,YES,8,NO,4,YES
12658,50,1139,53464.82,Nike,CARD,UK,ATM,2026-05-03T04:04:47.000+05:30,YES,4,YES,5,YES
12860,28,1096,64343.28,Swiggy,NET BANKING,India,Laptop,2026-04-25T23:33:36.000+05:30,YES,23,NO,4,NO
12949,14,1027,91955.04,Amazon,NET BANKING,Singapore,ATM,2026-04-21T06:01:53.000+05:30,YES,6,NO,4,YES
13014,77,1111,24759.29,Uber,UPI,Germany,ATM,2026-05-02T13:54:16.000+05:30,NO,13,NO,5,YES
13018,98,1175,66477.61,Zomato,ATM WITHDRAWAL,Germany,Tablet,2026-05-04T05:57:35.000+05:30,YES,5,YES,5,YES
13576,61,1044,95278.31,Walmart,CARD,UK,Mobile,2026-04-19T14:53:52.000+05:30,YES,14,NO,4,YES
13806,23,1189,8866.77,Uber,UPI,USA,Mobile,2026-05-08T04:00:31.000+05:30,NO,4,YES,5,YES
13917,45,1025,57898.68,Zomato,CARD,USA,Tablet,2026-04-21T01:14:44.000+05:30,YES,1,YES,4,YES
14186,6,1063,81463.16,Flipkart,NET BANKING,USA,Tablet,2026-05-04T13:58:33.000+05:30,YES,13,NO,5,YES
14350,4,1132,72456.29,Walmart,ATM WITHDRAWAL,Germany,Laptop,2026-04-25T04:31:18.000+05:30,YES,4,YES,4,YES
14625,49,1030,85557.85,Netflix,NET BANKING,India,Laptop,2026-04-19T13:30:47.000+05:30,YES,13,NO,4,NO
14752,49,1192,57320.14,Walmart,CARD,Singapore,Tablet,2026-05-06T12:57:45.000+05:30,YES,12,NO,5,YES
15529,52,1081,13923.76,Apple Store,CARD,UK,Laptop,2026-04-27T17:32:55.000+05:30,NO,17,NO,4,YES
15589,21,1011,14448.99,Zomato,ATM WITHDRAWAL,Germany,Tablet,2026-05-08T10:17:15.000+05:30,NO,10,NO,5,YES
15874,49,1118,69243.43,Zomato,UPI,UK,ATM,2026-05-05T15:52:56.000+05:30,YES,15,NO,5,YES
16009,22,1034,3096.29,Uber,NET BANKING,UK,Laptop,2026-05-03T19:32:24.000+05:30,NO,19,NO,5,YES
16114,24,1100,76405.2,Nike,ATM WITHDRAWAL,India,Mobile,2026-05-10T04:53:15.000+05:30,YES,4,YES,5,NO
16590,75,1007,70870.12,Swiggy,NET BANKING,USA,ATM,2026-05-10T16:35:53.000+05:30,YES,16,NO,5,YES
16593,50,1151,87636.61,Apple Store,UPI,Germany,Laptop,2026-05-12T04:54:38.000+05:30,YES,4,YES,5,YES
16621,98,1084,75141.03,Petrol Pump,NET BANKING,UK,Mobile,2026-05-10T07:45:06.000+05:30,YES,7,NO,5,YES
16802,14,1140,53433.21,Walmart,CARD,Germany,ATM,2026-05-10T03:23:46.000+05:30,YES,3,YES,5,YES
16870,1,1054,57694.4,Swiggy,CARD,Singapore,ATM,2026-04-20T20:13:31.000+05:30,YES,20,NO,4,YES
17389,62,1065,80665.12,Amazon,ATM WITHDRAWAL,Germany,Mobile,2026-05-16T14:36:49.000+05:30,YES,14,NO,5,YES
17658,36,1050,9939.22,Flipkart,NET BANKING,USA,ATM,2026-05-09T06:43:48.000+05:30,NO,6,NO,5,YES
17669,66,1092,57080.01,Amazon,NET BANKING,USA,Laptop,2026-04-30T11:27:13.000+05:30,YES,11,NO,4,YES
18021,72,1197,89676.78,Zomato,NET BANKING,Germany,Tablet,2026-05-05T03:29:44.000+05:30,YES,3,YES,5,YES
18687,79,1198,9270.51,Swiggy,CARD,UK,Laptop,2026-05-17T00:09:07.000+05:30,NO,0,YES,5,YES
19305,39,1074,78244.79,Zomato,CARD,India,Laptop,2026-05-13T09:08:20.000+05:30,YES,9,NO,5,NO
19464,82,1062,77022.2,Swiggy,ATM WITHDRAWAL,India,Tablet,2026-05-17T19:19:22.000+05:30,YES,19,NO,5,NO
19490,12,1090,95268.65,Uber,NET BANKING,Singapore,Mobile,2026-05-09T13:00:43.000+05:30,YES,13,NO,5,YES
19614,50,1010,90716.28,Petrol Pump,ATM WITHDRAWAL,UK,Laptop,2026-04-30T21:42:17.000+05:30,YES,21,NO,4,YES
19806,88,1119,99857.07,Walmart,UPI,India,Tablet,2026-04-25T13:46:38.000+05:30,YES,13,NO,4,NO
19959,85,1054,70813.5,Amazon,ATM WITHDRAWAL,UK,ATM,2026-05-14T09:18:29.000+05:30,YES,9,NO,5,YES
10284,17,1179,92742.62,Apple Store,ATM WITHDRAWAL,Singapore,Tablet,2026-05-07T20:13:21.000+05:30,YES,20,NO,5,YES
10507,62,1024,32205.55,Netflix,NET BANKING,Singapore,Tablet,2026-05-04T21:46:17.000+05:30,NO,21,NO,5,YES
10925,99,1021,24116.93,Netflix,NET BANKING,UK,Laptop,2026-05-05T12:57:08.000+05:30,NO,12,NO,5,YES
10950,35,1065,75258.36,Nike,UPI,Singapore,Mobile,2026-05-04T08:22:07.000+05:30,YES,8,NO,5,YES
11076,15,1014,30836.71,Amazon,CARD,Germany,ATM,2026-05-14T06:53:59.000+05:30,NO,6,NO,5,YES
11204,81,1027,12501.87,Apple Store,NET BANKING,USA,ATM,2026-05-08T05:34:05.000+05:30,NO,5,YES,5,YES
11316,49,1122,46157.77,Netflix,NET BANKING,Singapore,Tablet,2026-04-21T15:29:23.000+05:30,NO,15,NO,4,YES
11411,12,1084,73785.95,Uber,ATM WITHDRAWAL,USA,Tablet,2026-04-26T10:30:52.000+05:30,YES,10,NO,4,YES
12153,78,1043,36588.08,Uber,NET BANKING,USA,Tablet,2026-05-12T03:31:20.000+05:30,NO,3,YES,5,YES
12161,72,1021,44150.39,Amazon,UPI,UK,ATM,2026-05-05T00:48:00.000+05:30,NO,0,YES,5,YES
12418,78,1149,54025.93,Swiggy,ATM WITHDRAWAL,India,Laptop,2026-05-15T08:35:26.000+05:30,YES,8,NO,5,NO
12705,85,1101,94052.52,Walmart,ATM WITHDRAWAL,India,Laptop,2026-04-28T17:23:46.000+05:30,YES,17,NO,4,NO
13098,82,1013,92267.27,Zomato,CARD,UK,Laptop,2026-04-29T19:58:43.000+05:30,YES,19,NO,4,YES
13265,49,1106,75959.06,Netflix,ATM WITHDRAWAL,Germany,Laptop,2026-05-08T02:46:49.000+05:30,YES,2,YES,5,YES
13351,11,1001,66719.46,Flipkart,UPI,UK,ATM,2026-04-19T16:53:57.000+05:30,YES,16,NO,4,YES
13846,87,1159,70700.85,Nike,NET BANKING,Singapore,Laptop,2026-04-21T01:04:42.000+05:30,YES,1,YES,4,YES
14142,46,1135,31267.13,Nike,ATM WITHDRAWAL,Singapore,Mobile,2026-04-23T10:57:23.000+05:30,NO,10,NO,4,YES
14928,51,1013,24868.95,Amazon,UPI,Germany,Tablet,2026-04-23T08:06:44.000+05:30,NO,8,NO,4,YES
15006,86,1043,69784.61,Zomato,NET BANKING,Germany,Mobile,2026-05-17T10:19:00.000+05:30,YES,10,NO,5,YES
15060,55,1137,84965.85,Uber,ATM WITHDRAWAL,India,ATM,2026-05-15T05:00:34.000+05:30,YES,5,YES,5,NO
15067,41,1058,88960.43,Apple Store,UPI,Singapore,Tablet,2026-04-26T13:06:32.000+05:30,YES,13,NO,4,YES
15777,3,1063,91587.75,Walmart,UPI,UK,Mobile,2026-05-03T18:52:50.000+05:30,YES,18,NO,5,YES
15788,29,1060,77188.61,Petrol Pump,NET BANKING,Germany,Mobile,2026-05-07T11:16:07.000+05:30,YES,11,NO,5,YES
16360,10,1123,29935.37,Walmart,CARD,Singapore,Mobile,2026-05-10T23:38:44.000+05:30,NO,23,NO,5,YES
16473,9,1177,69142.07,Apple Store,ATM WITHDRAWAL,India,ATM,2026-05-13T21:28:18.000+05:30,YES,21,NO,5,NO
16702,12,1184,50763.78,Apple Store,UPI,India,Mobile,2026-05-14T22:35:58.000+05:30,YES,22,NO,5,NO
17082,3,1178,462.14,Petrol Pump,UPI,India,ATM,2026-05-18T03:50:12.000+05:30,NO,3,YES,5,NO
17100,19,1056,60074.73,Amazon,NET BANKING,Singapore,Laptop,2026-05-17T14:43:19.000+05:30,YES,14,NO,5,YES
17313,24,1015,76235.25,Walmart,ATM WITHDRAWAL,India,Laptop,2026-05-01T13:18:33.000+05:30,YES,13,NO,5,NO
17568,39,1032,18202.45,Apple Store,NET BANKING,UK,ATM,2026-05-10T05:01:43.000+05:30,NO,5,YES,5,YES
17903,52,1049,16327.85,Zomato,CARD,UK,Tablet,2026-05-15T20:39:56.000+05:30,NO,20,NO,5,YES
18048,68,1125,75585.19,Petrol Pump,CARD,USA,Mobile,2026-05-07T21:04:06.000+05:30,YES,21,NO,5,YES
18273,96,1015,33552.29,Zomato,UPI,UK,Laptop,2026-05-11T06:28:19.000+05:30,NO,6,NO,5,YES
18301,4,1095,52516.29,Uber,CARD,Germany,Tablet,2026-05-15T19:14:16.000+05:30,YES,19,NO,5,YES
19118,69,1123,4775.76,Netflix,NET BANKING,Germany,ATM,2026-05-16T17:29:22.000+05:30,NO,17,NO,5,YES
19132,30,1091,70975.25,Amazon,ATM WITHDRAWAL,USA,ATM,2026-05-01T03:10:20.000+05:30,YES,3,YES,5,YES
19347,9,1018,27502.52,Uber,ATM WITHDRAWAL,UK,ATM,2026-05-12T23:12:39.000+05:30,NO,23,NO,5,YES
19505,22,1131,88921.86,Walmart,ATM WITHDRAWAL,India,ATM,2026-04-21T19:55:35.000+05:30,YES,19,NO,4,NO
10169,13,1015,36163.2,Swiggy,CARD,UK,Laptop,2026-05-12T10:24:06.000+05:30,NO,10,NO,5,YES
10387,87,1001,87893.02,Zomato,NET BANKING,Germany,ATM,2026-04-24T09:30:04.000+05:30,YES,9,NO,4,YES
10429,58,1029,62925.21,Netflix,NET BANKING,UK,Mobile,2026-05-07T02:24:07.000+05:30,YES,2,YES,5,YES
10634,62,1083,81791.22,Netflix,UPI,India,Laptop,2026-05-01T15:31:58.000+05:30,YES,15,NO,5,NO
10832,28,1032,84029.91,Petrol Pump,UPI,USA,Tablet,2026-05-14T06:18:06.000+05:30,YES,6,NO,5,YES
10847,30,1025,40578.9,Nike,CARD,Singapore,Laptop,2026-05-13T18:45:23.000+05:30,NO,18,NO,5,YES
10849,63,1025,38693.5,Petrol Pump,CARD,Germany,Mobile,2026-05-09T23:18:38.000+05:30,NO,23,NO,5,YES
10898,59,1075,47960.61,Nike,UPI,Singapore,ATM,2026-04-30T11:27:09.000+05:30,NO,11,NO,4,YES
11311,54,1130,25376.22,Walmart,NET BANKING,USA,Mobile,2026-05-01T02:37:33.000+05:30,NO,2,YES,5,YES
11455,53,1166,36180.43,Petrol Pump,UPI,UK,Mobile,2026-05-14T11:50:04.000+05:30,NO,11,NO,5,YES
12022,8,1126,9400.78,Apple Store,NET BANKING,Germany,Mobile,2026-05-18T01:18:18.000+05:30,NO,1,YES,5,YES
12045,41,1169,7629.46,Walmart,ATM WITHDRAWAL,Singapore,Mobile,2026-05-04T11:49:17.000+05:30,NO,11,NO,5,YES
12983,86,1056,61597.15,Flipkart,UPI,UK,Laptop,2026-05-10T03:50:20.000+05:30,YES,3,YES,5,YES
13041,50,1137,73667.32,Walmart,CARD,India,Tablet,2026-04-27T00:56:47.000+05:30,YES,0,YES,4,NO
13469,85,1066,84847.64,Nike,ATM WITHDRAWAL,Germany,Mobile,2026-05-14T08:14:17.000+05:30,YES,8,NO,5,YES
13528,1,1087,10823.43,Amazon,ATM WITHDRAWAL,USA,Mobile,2026-05-11T10:45:23.000+05:30,NO,10,NO,5,YES
13797,47,1085,5261.41,Netflix,NET BANKING,Singapore,Tablet,2026-05-04T01:21:48.000+05:30,NO,1,YES,5,YES
15023,52,1106,46289.9,Petrol Pump,UPI,USA,Tablet,2026-05-18T08:51:09.000+05:30,NO,8,NO,5,YES
15323,68,1078,45401.0,Flipkart,CARD,Germany,ATM,2026-04-26T23:59:38.000+05:30,NO,23,NO,4,YES
15432,32,1100,77104.35,Zomato,UPI,Germany,Tablet,2026-04-19T01:51:32.000+05:30,YES,1,YES,4,YES
16430,50,1092,19655.02,Netflix,CARD,Germany,Tablet,2026-04-30T11:30:19.000+05:30,NO,11,NO,4,YES
16666,65,1061,41457.55,Apple Store,NET BANKING,UK,Tablet,2026-05-07T18:11:05.000+05:30,NO,18,NO,5,YES
16753,59,1079,83120.8,Zomato,ATM WITHDRAWAL,USA,Tablet,2026-04-29T09:49:43.000+05:30,YES,9,NO,4,YES
17073,67,1095,49451.78,Swiggy,CARD,UK,Tablet,2026-04-23T16:54:27.000+05:30,NO,16,NO,4,YES
17267,74,1160,63053.3,Zomato,UPI,Germany,Mobile,2026-05-15T16:04:19.000+05:30,YES,16,NO,5,YES
17400,37,1039,53040.95,Walmart,CARD,UK,Tablet,2026-05-08T01:08:36.000+05:30,YES,1,YES,5,YES
17410,14,1110,17293.1,Nike,NET BANKING,USA,Tablet,2026-05-18T04:02:40.000+05:30,NO,4,YES,5,YES
17449,79,1052,69555.98,Swiggy,NET BANKING,USA,Mobile,2026-05-07T05:34:09.000+05:30,YES,5,YES,5,YES
17545,79,1071,75907.83,Swiggy,CARD,UK,ATM,2026-04-23T23:11:36.000+05:30,YES,23,NO,4,YES
17636,98,1016,55986.57,Uber,UPI,India,Mobile,2026-04-22T16:36:22.000+05:30,YES,16,NO,4,NO
17660,29,1070,54360.6,Netflix,UPI,UK,Tablet,2026-05-03T20:04:42.000+05:30,YES,20,NO,5,YES
18258,88,1030,20891.78,Petrol Pump,NET BANKING,Singapore,ATM,2026-04-21T06:05:51.000+05:30,NO,6,NO,4,YES
18260,70,1120,93750.57,Petrol Pump,CARD,USA,Mobile,2026-04-29T18:27:32.000+05:30,YES,18,NO,4,YES
18909,13,1116,7900.77,Netflix,ATM WITHDRAWAL,UK,ATM,2026-05-14T10:46:25.000+05:30,NO,10,NO,5,YES
19042,100,1002,87419.34,Netflix,UPI,UK,Laptop,2026-05-08T12:59:02.000+05:30,YES,12,NO,5,YES
19055,68,1153,55114.46,Swiggy,UPI,USA,Mobile,2026-04-29T10:30:45.000+05:30,YES,10,NO,4,YES
19616,19,1052,76165.02,Flipkart,CARD,UK,ATM,2026-05-10T22:46:37.000+05:30,YES,22,NO,5,YES
19755,63,1168,14304.99,Petrol Pump,CARD,Germany,Tablet,2026-05-04T01:55:47.000+05:30,NO,1,YES,5,YES
19761,58,1040,68122.03,Zomato,UPI,UK,ATM,2026-05-03T06:39:40.000+05:30,YES,6,NO,5,YES
19784,74,1022,6695.15,Uber,CARD,UK,Tablet,2026-04-20T00:58:45.000+05:30,NO,0,YES,4,YES
10269,89,1177,65690.62,Walmart,UPI,UK,ATM,2026-05-01T13:41:50.000+05:30,YES,13,NO,5,YES
10792,32,1010,84623.76,Apple Store,CARD,India,ATM,2026-05-16T19:05:49.000+05:30,YES,19,NO,5,NO
10851,89,1164,57425.48,Walmart,NET BANKING,UK,Tablet,2026-05-14T05:48:02.000+05:30,YES,5,YES,5,YES
11398,82,1091,11671.83,Netflix,CARD,UK,Mobile,2026-04-27T10:28:51.000+05:30,NO,10,NO,4,YES
11447,94,1110,62835.01,Zomato,NET BANKING,Singapore,Laptop,2026-05-07T20:17:58.000+05:30,YES,20,NO,5,YES
11708,75,1190,63446.44,Netflix,UPI,Singapore,Laptop,2026-05-14T20:55:26.000+05:30,YES,20,NO,5,YES
11910,35,1005,82062.29,Walmart,UPI,Germany,Tablet,2026-05-15T14:59:48.000+05:30,YES,14,NO,5,YES
11919,80,1192,2745.18,Flipkart,NET BANKING,India,ATM,2026-04-25T05:18:16.000+05:30,NO,5,YES,4,NO
12565,89,1050,59716.04,Amazon,NET BANKING,Germany,Mobile,2026-04-29T18:50:22.000+05:30,YES,18,NO,4,YES
13474,13,1105,19675.93,Nike,UPI,UK,ATM,2026-05-08T00:33:03.000+05:30,NO,0,YES,5,YES
13677,11,1074,85344.43,Uber,ATM WITHDRAWAL,Singapore,Mobile,2026-05-09T09:40:05.000+05:30,YES,9,NO,5,YES
13764,38,1013,51222.36,Petrol Pump,NET BANKING,Singapore,Tablet,2026-04-19T14:22:42.000+05:30,YES,14,NO,4,YES
13845,65,1006,89802.7,Swiggy,ATM WITHDRAWAL,India,Tablet,2026-04-28T16:33:31.000+05:30,YES,16,NO,4,NO
13889,63,1065,80971.21,Swiggy,CARD,Germany,Laptop,2026-04-21T15:23:24.000+05:30,YES,15,NO,4,YES
14819,28,1178,90011.29,Swiggy,CARD,Germany,Mobile,2026-05-11T06:36:51.000+05:30,YES,6,NO,5,YES
14978,49,1115,86545.43,Zomato,NET BANKING,Singapore,Laptop,2026-04-26T04:26:47.000+05:30,YES,4,YES,4,YES
15144,27,1073,80750.04,Amazon,ATM WITHDRAWAL,Singapore,ATM,2026-04-30T22:59:44.000+05:30,YES,22,NO,4,YES
15236,72,1051,14286.07,Petrol Pump,CARD,USA,Tablet,2026-05-03T10:31:41.000+05:30,NO,10,NO,5,YES
15387,57,1147,97897.62,Nike,NET BANKING,India,Laptop,2026-05-01T04:17:35.000+05:30,YES,4,YES,5,NO
15435,60,1022,96752.31,Petrol Pump,ATM WITHDRAWAL,UK,ATM,2026-05-07T14:08:14.000+05:30,YES,14,NO,5,YES
15546,99,1169,90048.15,Flipkart,NET BANKING,USA,ATM,2026-05-15T23:24:08.000+05:30,YES,23,NO,5,YES
15584,66,1007,58949.17,Flipkart,UPI,Germany,Mobile,2026-05-17T04:24:13.000+05:30,YES,4,YES,5,YES
15658,8,1001,84642.39,Netflix,ATM WITHDRAWAL,Germany,Mobile,2026-05-18T12:30:28.000+05:30,YES,12,NO,5,YES
16454,97,1093,66491.36,Swiggy,NET BANKING,USA,Laptop,2026-04-24T00:37:38.000+05:30,YES,0,YES,4,YES
16618,5,1055,47452.32,Netflix,ATM WITHDRAWAL,Germany,Tablet,2026-05-11T14:12:24.000+05:30,NO,14,NO,5,YES
16636,90,1070,77024.18,Swiggy,UPI,USA,Mobile,2026-05-13T05:21:25.000+05:30,YES,5,YES,5,YES
16710,7,1014,66223.57,Apple Store,ATM WITHDRAWAL,Germany,Mobile,2026-05-17T04:20:14.000+05:30,YES,4,YES,5,YES
16762,33,1163,12764.8,Walmart,UPI,Germany,ATM,2026-05-10T07:41:03.000+05:30,NO,7,NO,5,YES
17099,99,1156,52053.23,Nike,CARD,Singapore,Laptop,2026-05-02T13:32:47.000+05:30,YES,13,NO,5,YES
17522,85,1132,36421.74,Flipkart,ATM WITHDRAWAL,Singapore,Tablet,2026-05-12T11:01:30.000+05:30,NO,11,NO,5,YES
18400,4,1028,79197.0,Zomato,ATM WITHDRAWAL,Singapore,Mobile,2026-05-07T02:26:29.000+05:30,YES,2,YES,5,YES
18412,14,1166,2032.25,Walmart,CARD,UK,Tablet,2026-04-28T20:08:56.000+05:30,NO,20,NO,4,YES
18817,18,1039,90255.99,Walmart,UPI,Germany,Mobile,2026-04-24T16:01:00.000+05:30,YES,16,NO,4,YES
18880,6,1049,91972.86,Swiggy,ATM WITHDRAWAL,Germany,ATM,2026-05-07T11:30:47.000+05:30,YES,11,NO,5,YES
18892,65,1150,862.67,Flipkart,CARD,Singapore,Laptop,2026-05-18T03:27:14.000+05:30,NO,3,YES,5,YES
19246,29,1056,36285.83,Petrol Pump,ATM WITHDRAWAL,Singapore,Tablet,2026-05-08T03:11:11.000+05:30,NO,3,YES,5,YES
19302,70,1114,86965.84,Uber,UPI,USA,ATM,2026-05-03T16:33:52.000+05:30,YES,16,NO,5,YES
19921,56,1031,5578.05,Walmart,NET BANKING,Germany,Mobile,2026-04-22T03:45:58.000+05:30,NO,3,YES,4,YES
10128,48,1019,78363.69,Zomato,ATM WITHDRAWAL,Germany,Tablet,2026-04-26T22:00:46.000+05:30,YES,22,NO,4,YES
10571,39,1035,87894.46,Walmart,ATM WITHDRAWAL,Singapore,Mobile,2026-05-10T23:42:57.000+05:30,YES,23,NO,5,YES
10892,18,1158,85920.97,Petrol Pump,ATM WITHDRAWAL,Singapore,Mobile,2026-05-13T10:06:52.000+05:30,YES,10,NO,5,YES
11183,78,1076,73015.87,Uber,CARD,UK,Laptop,2026-05-05T19:45:33.000+05:30,YES,19,NO,5,YES
11226,92,1196,99947.06,Flipkart,CARD,UK,Laptop,2026-04-19T00:09:00.000+05:30,YES,0,YES,4,YES
11693,84,1028,31287.55,Netflix,ATM WITHDRAWAL,India,ATM,2026-05-16T00:34:10.000+05:30,NO,0,YES,5,NO
11745,95,1097,66113.0,Amazon,CARD,USA,ATM,2026-05-16T06:35:01.000+05:30,YES,6,NO,5,YES
11766,29,1034,40652.13,Nike,NET BANKING,UK,Mobile,2026-05-05T00:28:48.000+05:30,NO,0,YES,5,YES
12169,42,1179,57078.63,Uber,UPI,Singapore,Mobile,2026-05-10T23:24:06.000+05:30,YES,23,NO,5,YES
12206,82,1052,81882.15,Nike,NET BANKING,Singapore,Laptop,2026-04-25T23:04:36.000+05:30,YES,23,NO,4,YES
12232,45,1102,20543.26,Swiggy,ATM WITHDRAWAL,UK,Laptop,2026-05-16T09:06:12.000+05:30,NO,9,NO,5,YES
13009,12,1113,31738.95,Nike,UPI,India,Tablet,2026-04-20T03:03:22.000+05:30,NO,3,YES,4,NO
13842,78,1078,67979.55,Swiggy,NET BANKING,USA,Tablet,2026-05-03T03:22:27.000+05:30,YES,3,YES,5,YES
14403,74,1072,4424.31,Flipkart,ATM WITHDRAWAL,UK,ATM,2026-05-06T12:10:16.000+05:30,NO,12,NO,5,YES
14768,58,1082,88459.1,Amazon,ATM WITHDRAWAL,UK,Laptop,2026-04-19T04:01:38.000+05:30,YES,4,YES,4,YES
14805,62,1152,55956.93,Flipkart,ATM WITHDRAWAL,India,Laptop,2026-04-29T08:13:17.000+05:30,YES,8,NO,4,NO
15314,14,1058,83205.88,Flipkart,ATM WITHDRAWAL,Germany,Laptop,2026-05-09T10:52:58.000+05:30,YES,10,NO,5,YES
15322,76,1024,1002.53,Flipkart,CARD,UK,Mobile,2026-04-28T05:39:55.000+05:30,NO,5,YES,4,YES
15343,59,1189,2387.81,Apple Store,UPI,UK,Laptop,2026-05-16T17:08:15.000+05:30,NO,17,NO,5,YES
15754,72,1110,92425.76,Nike,CARD,India,ATM,2026-05-15T08:50:29.000+05:30,YES,8,NO,5,NO
16151,59,1180,12416.19,Nike,NET BANKING,Germany,Laptop,2026-04-27T02:08:43.000+05:30,NO,2,YES,4,YES
16951,11,1063,42428.59,Flipkart,ATM WITHDRAWAL,Germany,Laptop,2026-04-21T23:41:31.000+05:30,NO,23,NO,4,YES
17005,16,1059,50442.9,Amazon,NET BANKING,Singapore,Tablet,2026-05-08T02:20:49.000+05:30,YES,2,YES,5,YES
17022,78,1003,46666.17,Apple Store,NET BANKING,Germany,Mobile,2026-05-18T05:58:01.000+05:30,NO,5,YES,5,YES
17112,17,1135,1475.05,Uber,CARD,USA,Mobile,2026-04-20T07:26:37.000+05:30,NO,7,NO,4,YES
17275,12,1184,27144.88,Swiggy,ATM WITHDRAWAL,UK,ATM,2026-04-18T22:06:50.000+05:30,NO,22,NO,4,YES
17289,76,1010,85550.23,Swiggy,CARD,Germany,Laptop,2026-05-09T20:17:16.000+05:30,YES,20,NO,5,YES
17405,80,1077,79926.13,Uber,CARD,UK,Laptop,2026-05-12T22:51:23.000+05:30,YES,22,NO,5,YES
18030,77,1055,36419.95,Walmart,ATM WITHDRAWAL,Germany,Mobile,2026-04-30T22:35:17.000+05:30,NO,22,NO,4,YES
18367,6,1081,62814.86,Apple Store,NET BANKING,UK,ATM,2026-04-18T18:59:33.000+05:30,YES,18,NO,4,YES
18521,94,1018,52225.44,Nike,CARD,Singapore,ATM,2026-05-14T07:57:27.000+05:30,YES,7,NO,5,YES
18780,85,1187,37753.23,Zomato,UPI,India,Mobile,2026-05-17T04:04:33.000+05:30,NO,4,YES,5,NO
18989,95,1027,83684.98,Uber,NET BANKING,USA,Mobile,2026-05-11T17:15:24.000+05:30,YES,17,NO,5,YES
19115,33,1163,10998.34,Walmart,ATM WITHDRAWAL,Germany,Mobile,2026-04-29T20:22:57.000+05:30,NO,20,NO,4,YES
19381,87,1006,574.71,Zomato,ATM WITHDRAWAL,UK,Mobile,2026-04-18T19:56:43.000+05:30,NO,19,NO,4,YES
19436,59,1013,33011.81,Petrol Pump,ATM WITHDRAWAL,Singapore,Mobile,2026-04-30T14:31:17.000+05:30,NO,14,NO,4,YES
19531,2,1197,35149.53,Zomato,UPI,Germany,Tablet,2026-05-04T14:44:45.000+05:30,NO,14,NO,5,YES
19821,6,1133,46311.23,Nike,ATM WITHDRAWAL,UK,Mobile,2026-05-10T01:32:30.000+05:30,NO,1,YES,5,YES
10034,39,1122,26309.44,Netflix,UPI,USA,Laptop,2026-05-14T16:46:05.000+05:30,NO,16,NO,5,YES
10297,26,1165,17614.02,Uber,UPI,UK,Laptop,2026-05-04T07:49:27.000+05:30,NO,7,NO,5,YES
10755,74,1037,19696.34,Netflix,UPI,USA,Mobile,2026-05-09T23:34:17.000+05:30,NO,23,NO,5,YES
10823,88,1170,39079.86,Nike,UPI,USA,Mobile,2026-04-28T17:41:54.000+05:30,NO,17,NO,4,YES
10911,16,1033,75778.49,Walmart,CARD,Singapore,Mobile,2026-04-25T18:19:10.000+05:30,YES,18,NO,4,YES
11322,34,1101,79979.32,Flipkart,NET BANKING,UK,Tablet,2026-05-05T18:24:55.000+05:30,YES,18,NO,5,YES
12810,40,1191,54470.71,Flipkart,CARD,USA,ATM,2026-04-30T18:48:29.000+05:30,YES,18,NO,4,YES
12899,37,1186,16707.37,Petrol Pump,CARD,Singapore,Laptop,2026-04-20T15:03:14.000+05:30,NO,15,NO,4,YES
12933,29,1170,73773.57,Uber,NET BANKING,Singapore,Tablet,2026-04-28T23:23:56.000+05:30,YES,23,NO,4,YES
13054,79,1103,48113.66,Swiggy,CARD,USA,Laptop,2026-04-22T04:32:02.000+05:30,NO,4,YES,4,YES
13240,40,1112,29021.63,Petrol Pump,NET BANKING,Singapore,Laptop,2026-05-12T12:10:50.000+05:30,NO,12,NO,5,YES
13548,33,1148,65808.69,Walmart,UPI,Singapore,ATM,2026-05-05T14:09:40.000+05:30,YES,14,NO,5,YES
13555,58,1090,77909.04,Uber,CARD,Germany,Tablet,2026-05-15T04:28:21.000+05:30,YES,4,YES,5,YES
13715,87,1111,50460.41,Swiggy,CARD,USA,Tablet,2026-04-28T21:39:55.000+05:30,YES,21,NO,4,YES
13728,46,1022,5894.49,Swiggy,CARD,Germany,Laptop,2026-05-16T16:53:53.000+05:30,NO,16,NO,5,YES
13935,52,1117,93641.27,Zomato,CARD,Germany,ATM,2026-05-04T06:19:54.000+05:30,YES,6,NO,5,YES
14226,58,1011,44969.6,Flipkart,UPI,India,ATM,2026-05-14T05:23:00.000+05:30,NO,5,YES,5,NO
14640,4,1177,81297.5,Walmart,UPI,UK,Mobile,2026-05-18T09:42:25.000+05:30,YES,9,NO,5,YES
14907,29,1017,53494.25,Swiggy,ATM WITHDRAWAL,Singapore,ATM,2026-05-07T04:02:21.000+05:30,YES,4,YES,5,YES
15701,80,1074,90170.79,Amazon,ATM WITHDRAWAL,USA,Tablet,2026-05-18T14:53:44.000+05:30,YES,14,NO,5,YES
15765,44,1028,40266.75,Walmart,NET BANKING,USA,Laptop,2026-05-07T17:48:39.000+05:30,NO,17,NO,5,YES
15862,25,1130,18102.53,Swiggy,ATM WITHDRAWAL,UK,Laptop,2026-05-10T11:47:25.000+05:30,NO,11,NO,5,YES
16116,3,1100,85243.38,Swiggy,NET BANKING,Singapore,Tablet,2026-05-16T04:16:17.000+05:30,YES,4,YES,5,YES
16252,32,1071,26526.43,Petrol Pump,CARD,Singapore,Laptop,2026-04-25T02:47:05.000+05:30,NO,2,YES,4,YES
16308,55,1195,45847.89,Swiggy,CARD,Singapore,Mobile,2026-05-16T19:30:59.000+05:30,NO,19,NO,5,YES
16475,86,1063,65398.73,Uber,NET BANKING,USA,Mobile,2026-04-25T21:04:36.000+05:30,YES,21,NO,4,YES
17880,57,1091,9076.85,Nike,CARD,UK,Tablet,2026-05-11T21:51:49.000+05:30,NO,21,NO,5,YES
18020,11,1123,53216.82,Walmart,ATM WITHDRAWAL,Singapore,Mobile,2026-04-27T10:34:14.000+05:30,YES,10,NO,4,YES
18205,60,1013,24420.21,Netflix,NET BANKING,USA,Laptop,2026-04-30T07:54:52.000+05:30,NO,7,NO,4,YES
18337,41,1031,63541.4,Walmart,ATM WITHDRAWAL,Germany,Tablet,2026-05-01T19:02:08.000+05:30,YES,19,NO,5,YES
18591,36,1144,10156.48,Uber,NET BANKING,Germany,Tablet,2026-05-17T15:45:14.000+05:30,NO,15,NO,5,YES
18646,80,1018,38367.44,Netflix,CARD,USA,Tablet,2026-04-25T07:33:35.000+05:30,NO,7,NO,4,YES
18657,57,1177,65005.37,Netflix,ATM WITHDRAWAL,UK,ATM,2026-05-06T07:41:27.000+05:30,YES,7,NO,5,YES
18962,15,1192,21870.63,Zomato,UPI,Germany,Laptop,2026-04-27T20:05:27.000+05:30,NO,20,NO,4,YES
19024,100,1079,99791.13,Swiggy,ATM WITHDRAWAL,UK,Tablet,2026-05-15T08:04:35.000+05:30,YES,8,NO,5,YES
19472,49,1085,88147.24,Apple Store,UPI,UK,Laptop,2026-05-06T02:58:47.000+05:30,YES,2,YES,5,YES
19618,78,1152,76043.23,Amazon,UPI,USA,Laptop,2026-05-14T00:26:32.000+05:30,YES,0,YES,5,YES
19681,59,1022,9311.36,Uber,UPI,USA,Tablet,2026-05-04T22:18:52.000+05:30,NO,22,NO,5,YES
19722,7,1139,64186.67,Swiggy,ATM WITHDRAWAL,Singapore,Laptop,2026-05-09T11:48:34.000+05:30,YES,11,NO,5,YES
19773,66,1157,6235.55,Walmart,UPI,USA,Laptop,2026-04-27T03:25:09.000+05:30,NO,3,YES,4,YES
10345,8,1056,68156.37,Walmart,UPI,UK,Tablet,2026-04-29T16:05:03.000+05:30,YES,16,NO,4,YES
10380,28,1069,30052.79,Nike,UPI,Singapore,Tablet,2026-05-17T13:37:07.000+05:30,NO,13,NO,5,YES
10597,23,1111,83884.83,Zomato,NET BANKING,UK,Tablet,2026-04-18T21:47:16.000+05:30,YES,21,NO,4,YES
10725,53,1184,54610.67,Nike,UPI,India,Tablet,2026-05-13T05:10:52.000+05:30,YES,5,YES,5,NO
11017,32,1192,30759.04,Zomato,NET BANKING,USA,Laptop,2026-05-11T06:54:16.000+05:30,NO,6,NO,5,YES
11209,25,1186,57794.35,Swiggy,CARD,Singapore,Laptop,2026-04-23T01:34:50.000+05:30,YES,1,YES,4,YES
11332,30,1176,14063.59,Petrol Pump,CARD,Germany,Mobile,2026-05-12T02:54:01.000+05:30,NO,2,YES,5,YES
11382,25,1149,14128.21,Uber,NET BANKING,Singapore,Laptop,2026-04-28T14:45:59.000+05:30,NO,14,NO,4,YES
11695,37,1197,59235.76,Apple Store,CARD,UK,Mobile,2026-04-25T18:15:17.000+05:30,YES,18,NO,4,YES
11730,58,1093,67986.61,Amazon,ATM WITHDRAWAL,India,Laptop,2026-05-06T14:40:52.000+05:30,YES,14,NO,5,NO
12094,3,1116,84119.3,Uber,NET BANKING,India,Mobile,2026-05-13T02:32:51.000+05:30,YES,2,YES,5,NO
12227,10,1105,91368.54,Zomato,CARD,Singapore,ATM,2026-04-22T08:12:46.000+05:30,YES,8,NO,4,YES
12357,41,1154,1048.24,Petrol Pump,CARD,Germany,ATM,2026-05-16T03:13:20.000+05:30,NO,3,YES,5,YES
12573,2,1050,90907.73,Swiggy,NET BANKING,UK,Tablet,2026-04-27T04:13:20.000+05:30,YES,4,YES,4,YES
12785,46,1056,97554.38,Swiggy,ATM WITHDRAWAL,USA,Tablet,2026-04-26T00:01:42.000+05:30,YES,0,YES,4,YES
12820,64,1121,35204.6,Petrol Pump,UPI,Singapore,ATM,2026-04-25T18:34:57.000+05:30,NO,18,NO,4,YES
12863,83,1195,73179.85,Netflix,CARD,India,Mobile,2026-04-22T02:27:54.000+05:30,YES,2,YES,4,NO
13068,81,1154,99691.25,Netflix,CARD,India,Tablet,2026-04-22T08:57:40.000+05:30,YES,8,NO,4,NO
13382,73,1098,83754.66,Petrol Pump,ATM WITHDRAWAL,Germany,ATM,2026-04-23T12:38:50.000+05:30,YES,12,NO,4,YES
16175,11,1158,56793.52,Nike,NET BANKING,Germany,Mobile,2026-05-14T10:49:40.000+05:30,YES,10,NO,5,YES
16223,42,1102,97318.85,Walmart,CARD,Singapore,Tablet,2026-05-17T11:40:53.000+05:30,YES,11,NO,5,YES
16409,36,1130,88377.88,Netflix,UPI,USA,Laptop,2026-04-26T23:59:55.000+05:30,YES,23,NO,4,YES
16821,83,1160,89645.48,Nike,NET BANKING,Germany,Tablet,2026-05-01T05:20:50.000+05:30,YES,5,YES,5,YES
16885,41,1142,663.21,Apple Store,CARD,USA,ATM,2026-05-08T23:26:38.000+05:30,NO,23,NO,5,YES
17034,3,1151,76511.17,Petrol Pump,ATM WITHDRAWAL,UK,Mobile,2026-05-08T19:58:45.000+05:30,YES,19,NO,5,YES
17772,25,1198,70263.71,Petrol Pump,NET BANKING,India,Laptop,2026-05-11T19:57:11.000+05:30,YES,19,NO,5,NO
18109,41,1045,16146.62,Petrol Pump,ATM WITHDRAWAL,USA,Mobile,2026-05-17T17:40:52.000+05:30,NO,17,NO,5,YES
18128,60,1030,6651.74,Uber,CARD,Singapore,Tablet,2026-05-07T00:53:30.000+05:30,NO,0,YES,5,YES
18323,64,1069,79143.92,Swiggy,NET BANKING,Germany,Mobile,2026-05-03T03:02:48.000+05:30,YES,3,YES,5,YES
18601,18,1011,65771.76,Uber,CARD,Singapore,Laptop,2026-04-25T03:53:29.000+05:30,YES,3,YES,4,YES
18642,93,1044,32933.74,Nike,ATM WITHDRAWAL,USA,Mobile,2026-05-18T05:01:42.000+05:30,NO,5,YES,5,YES
19075,68,1123,21787.36,Amazon,NET BANKING,India,Tablet,2026-05-06T02:15:43.000+05:30,NO,2,YES,5,NO
19275,49,1114,82643.22,Swiggy,ATM WITHDRAWAL,UK,Tablet,2026-05-10T05:31:42.000+05:30,YES,5,YES,5,YES
19529,23,1177,77272.22,Zomato,CARD,India,Tablet,2026-04-24T22:12:14.000+05:30,YES,22,NO,4,NO
19568,45,1097,5568.33,Walmart,ATM WITHDRAWAL,UK,Mobile,2026-04-24T21:04:54.000+05:30,NO,21,NO,4,YES
10008,87,1040,93599.27,Uber,ATM WITHDRAWAL,USA,Laptop,2026-05-05T14:11:03.000+05:30,YES,14,NO,5,YES
10656,64,1131,62491.01,Amazon,CARD,India,Tablet,2026-05-10T18:53:14.000+05:30,YES,18,NO,5,NO
10671,3,1017,15568.02,Swiggy,CARD,UK,Tablet,2026-05-05T08:13:10.000+05:30,NO,8,NO,5,YES
10824,72,1037,46382.88,Zomato,CARD,Singapore,ATM,2026-05-12T04:47:24.000+05:30,NO,4,YES,5,YES
10931,99,1096,68010.49,Petrol Pump,NET BANKING,Germany,Tablet,2026-05-14T14:38:14.000+05:30,YES,14,NO,5,YES
11318,31,1140,11434.98,Nike,UPI,India,Mobile,2026-05-12T04:26:33.000+05:30,NO,4,YES,5,NO
11954,46,1184,56256.01,Apple Store,CARD,Germany,Tablet,2026-05-07T08:19:40.000+05:30,YES,8,NO,5,YES
12749,86,1068,75639.96,Apple Store,NET BANKING,UK,ATM,2026-05-04T20:11:32.000+05:30,YES,20,NO,5,YES
13122,49,1024,47739.59,Nike,UPI,UK,Laptop,2026-04-19T06:32:25.000+05:30,NO,6,NO,4,YES
13312,94,1134,11417.41,Petrol Pump,NET BANKING,Germany,Laptop,2026-04-28T18:20:44.000+05:30,NO,18,NO,4,YES
13644,23,1102,9464.1,Petrol Pump,CARD,USA,ATM,2026-05-04T20:29:22.000+05:30,NO,20,NO,5,YES
13684,32,1183,78959.38,Walmart,UPI,Germany,Mobile,2026-04-20T08:51:50.000+05:30,YES,8,NO,4,YES
13742,30,1037,1274.15,Zomato,UPI,UK,Mobile,2026-05-07T09:34:57.000+05:30,NO,9,NO,5,YES
13939,9,1120,1460.87,Swiggy,UPI,UK,Laptop,2026-05-11T19:46:17.000+05:30,NO,19,NO,5,YES
14803,47,1193,52639.32,Swiggy,CARD,UK,Mobile,2026-04-26T21:27:50.000+05:30,YES,21,NO,4,YES
14809,83,1115,10612.23,Nike,ATM WITHDRAWAL,Germany,Mobile,2026-04-30T06:04:51.000+05:30,NO,6,NO,4,YES
15112,49,1140,23701.51,Amazon,NET BANKING,UK,Laptop,2026-04-23T00:49:36.000+05:30,NO,0,YES,4,YES
15142,21,1047,61280.89,Amazon,NET BANKING,India,Mobile,2026-05-15T02:13:24.000+05:30,YES,2,YES,5,NO
15388,34,1029,60075.66,Swiggy,NET BANKING,Singapore,Tablet,2026-05-16T06:59:27.000+05:30,YES,6,NO,5,YES
15673,6,1013,25040.71,Apple Store,CARD,Singapore,Laptop,2026-04-22T01:04:48.000+05:30,NO,1,YES,4,YES
15947,15,1189,99468.75,Uber,CARD,Germany,Mobile,2026-04-24T17:46:11.000+05:30,YES,17,NO,4,YES
16629,26,1022,60687.85,Petrol Pump,CARD,USA,Laptop,2026-05-05T00:58:02.000+05:30,YES,0,YES,5,YES
16800,21,1159,85718.2,Apple Store,ATM WITHDRAWAL,India,ATM,2026-04-26T08:43:42.000+05:30,YES,8,NO,4,NO
17011,68,1046,20003.66,Flipkart,NET BANKING,Singapore,Laptop,2026-05-06T13:07:37.000+05:30,NO,13,NO,5,YES
17093,59,1036,14543.71,Flipkart,ATM WITHDRAWAL,UK,Tablet,2026-05-13T23:10:06.000+05:30,NO,23,NO,5,YES
17642,34,1115,14671.7,Swiggy,UPI,Singapore,Laptop,2026-05-18T15:52:14.000+05:30,NO,15,NO,5,YES
18160,11,1026,60172.91,Zomato,NET BANKING,Singapore,Mobile,2026-05-18T02:27:36.000+05:30,YES,2,YES,5,YES
18330,2,1104,37409.15,Netflix,UPI,Germany,ATM,2026-05-01T21:55:45.000+05:30,NO,21,NO,5,YES
18360,36,1098,23490.6,Amazon,UPI,Germany,ATM,2026-05-12T09:33:14.000+05:30,NO,9,NO,5,YES
18361,75,1045,19379.07,Swiggy,UPI,Germany,Mobile,2026-04-18T23:52:59.000+05:30,NO,23,NO,4,YES
18467,59,1137,36593.5,Zomato,UPI,USA,ATM,2026-05-05T19:52:01.000+05:30,NO,19,NO,5,YES
18475,51,1041,70118.82,Netflix,UPI,Germany,Tablet,2026-04-26T05:31:42.000+05:30,YES,5,YES,4,YES
18640,58,1105,80129.76,Petrol Pump,NET BANKING,Germany,Mobile,2026-05-14T14:47:03.000+05:30,YES,14,NO,5,YES
19278,76,1040,85416.81,Uber,CARD,Singapore,Tablet,2026-04-26T06:58:52.000+05:30,YES,6,NO,4,YES
19764,20,1076,12673.64,Netflix,NET BANKING,Singapore,Tablet,2026-04-28T20:42:09.000+05:30,NO,20,NO,4,YES
19914,76,1031,28180.34,Flipkart,CARD,Singapore,Laptop,2026-04-18T18:41:56.000+05:30,NO,18,NO,4,YES
10154,28,1036,63988.38,Swiggy,UPI,UK,Laptop,2026-05-03T01:01:14.000+05:30,YES,1,YES,5,YES
10665,71,1118,21942.44,Netflix,UPI,USA,ATM,2026-04-20T10:15:38.000+05:30,NO,10,NO,4,YES
11045,23,1017,54470.98,Zomato,UPI,Germany,Tablet,2026-05-11T06:12:35.000+05:30,YES,6,NO,5,YES
11241,21,1110,15814.84,Uber,NET BANKING,Singapore,Tablet,2026-05-13T07:57:23.000+05:30,NO,7,NO,5,YES
11359,1,1038,55569.21,Swiggy,CARD,India,ATM,2026-04-25T18:02:25.000+05:30,YES,18,NO,4,NO
11557,69,1143,98321.0,Uber,NET BANKING,USA,Tablet,2026-04-26T18:10:53.000+05:30,YES,18,NO,4,YES
11593,4,1151,379.38,Nike,CARD,Singapore,ATM,2026-05-10T06:27:50.000+05:30,NO,6,NO,5,YES
11641,21,1131,86298.31,Flipkart,NET BANKING,USA,Mobile,2026-04-27T22:07:09.000+05:30,YES,22,NO,4,YES
11744,48,1098,56069.32,Apple Store,UPI,Singapore,Mobile,2026-04-30T22:15:53.000+05:30,YES,22,NO,4,YES
12019,12,1195,58355.02,Apple Store,UPI,Singapore,Tablet,2026-05-16T16:35:07.000+05:30,YES,16,NO,5,YES
12049,7,1036,48145.06,Walmart,UPI,Germany,ATM,2026-05-17T04:14:39.000+05:30,NO,4,YES,5,YES
12419,54,1186,50493.17,Petrol Pump,NET BANKING,UK,Mobile,2026-04-27T07:31:11.000+05:30,YES,7,NO,4,YES
13126,18,1049,90301.62,Netflix,UPI,USA,Laptop,2026-04-26T00:36:58.000+05:30,YES,0,YES,4,YES
13476,73,1081,46870.4,Petrol Pump,NET BANKING,Singapore,ATM,2026-04-27T17:31:48.000+05:30,NO,17,NO,4,YES
13611,23,1049,11804.17,Netflix,NET BANKING,USA,Mobile,2026-05-15T20:51:29.000+05:30,NO,20,NO,5,YES
13642,8,1033,77712.5,Swiggy,NET BANKING,UK,Mobile,2026-04-29T14:54:26.000+05:30,YES,14,NO,4,YES
13685,47,1158,39350.31,Amazon,UPI,Germany,Mobile,2026-05-06T05:24:49.000+05:30,NO,5,YES,5,YES
13745,6,1133,29220.0,Nike,ATM WITHDRAWAL,India,ATM,2026-05-07T02:43:25.000+05:30,NO,2,YES,5,NO
13782,56,1101,92159.32,Apple Store,ATM WITHDRAWAL,Singapore,Mobile,2026-05-05T08:02:59.000+05:30,YES,8,NO,5,YES
13940,14,1200,73054.23,Apple Store,NET BANKING,India,Laptop,2026-04-20T16:40:50.000+05:30,YES,16,NO,4,NO
14001,72,1026,39264.41,Netflix,CARD,USA,ATM,2026-05-08T11:36:50.000+05:30,NO,11,NO,5,YES
14050,3,1146,54164.81,Netflix,ATM WITHDRAWAL,UK,Tablet,2026-04-20T17:40:46.000+05:30,YES,17,NO,4,YES
14216,35,1035,89435.12,Amazon,ATM WITHDRAWAL,India,Laptop,2026-04-20T22:33:43.000+05:30,YES,22,NO,4,NO
14355,87,1035,4573.63,Flipkart,UPI,UK,Mobile,2026-05-05T08:02:32.000+05:30,NO,8,NO,5,YES
14441,74,1198,8358.78,Zomato,ATM WITHDRAWAL,UK,Laptop,2026-04-26T03:24:31.000+05:30,NO,3,YES,4,YES
14449,15,1167,51447.98,Zomato,UPI,Singapore,Tablet,2026-04-30T20:44:31.000+05:30,YES,20,NO,4,YES
14614,29,1140,84045.27,Nike,CARD,Germany,Mobile,2026-05-14T18:44:29.000+05:30,YES,18,NO,5,YES
14622,81,1134,95927.2,Walmart,NET BANKING,Singapore,Tablet,2026-05-08T07:51:17.000+05:30,YES,7,NO,5,YES
14788,53,1123,82604.55,Amazon,UPI,India,Laptop,2026-05-17T03:31:31.000+05:30,YES,3,YES,5,NO
15450,82,1037,59783.3,Apple Store,NET BANKING,Singapore,Laptop,2026-04-25T16:49:15.000+05:30,YES,16,NO,4,YES
15463,15,1072,69984.27,Petrol Pump,ATM WITHDRAWAL,Germany,ATM,2026-05-10T01:08:55.000+05:30,YES,1,YES,5,YES
15916,32,1133,19304.9,Amazon,CARD,Singapore,Mobile,2026-05-04T01:45:33.000+05:30,NO,1,YES,5,YES
15935,34,1054,81133.88,Swiggy,ATM WITHDRAWAL,India,ATM,2026-05-04T04:00:49.000+05:30,YES,4,YES,5,NO
15982,88,1087,89886.15,Apple Store,CARD,USA,Mobile,2026-04-27T17:33:17.000+05:30,YES,17,NO,4,YES
16117,45,1192,11421.95,Petrol Pump,NET BANKING,UK,Tablet,2026-05-13T20:22:24.000+05:30,NO,20,NO,5,YES
16560,90,1048,66596.06,Apple Store,CARD,Singapore,Tablet,2026-05-02T07:15:02.000+05:30,YES,7,NO,5,YES
16602,60,1037,92700.0,Amazon,ATM WITHDRAWAL,Singapore,ATM,2026-05-14T00:38:14.000+05:30,YES,0,YES,5,YES
16648,7,1112,31608.81,Amazon,UPI,UK,Tablet,2026-05-16T00:24:22.000+05:30,NO,0,YES,5,YES
16750,12,1031,13697.32,Uber,NET BANKING,Singapore,ATM,2026-05-15T04:56:21.000+05:30,NO,4,YES,5,YES
16797,1,1009,41451.66,Amazon,ATM WITHDRAWAL,USA,Mobile,2026-05-03T09:58:39.000+05:30,NO,9,NO,5,YES
16999,79,1087,38190.07,Uber,UPI,Singapore,Mobile,2026-04-22T12:23:12.000+05:30,NO,12,NO,4,YES
17009,13,1159,63238.54,Amazon,UPI,Singapore,Mobile,2026-05-06T11:14:46.000+05:30,YES,11,NO,5,YES
17256,24,1184,67043.76,Zomato,NET BANKING,UK,ATM,2026-04-19T09:08:32.000+05:30,YES,9,NO,4,YES
17326,4,1178,14832.34,Flipkart,UPI,USA,Tablet,2026-04-18T23:40:43.000+05:30,NO,23,NO,4,YES
17891,17,1180,78405.29,Petrol Pump,ATM WITHDRAWAL,USA,Laptop,2026-04-20T10:40:51.000+05:30,YES,10,NO,4,YES
18043,41,1109,73075.06,Netflix,NET BANKING,USA,ATM,2026-04-23T15:49:50.000+05:30,YES,15,NO,4,YES
18356,85,1133,52334.15,Flipkart,CARD,India,Laptop,2026-05-15T01:14:27.000+05:30,YES,1,YES,5,NO
18625,6,1029,59503.35,Amazon,ATM WITHDRAWAL,Germany,ATM,2026-05-12T09:58:22.000+05:30,YES,9,NO,5,YES
18636,92,1063,24440.7,Zomato,CARD,UK,Laptop,2026-05-14T05:34:33.000+05:30,NO,5,YES,5,YES
18729,28,1118,95211.6,Flipkart,NET BANKING,Singapore,Mobile,2026-04-27T19:48:51.000+05:30,YES,19,NO,4,YES
18852,80,1106,77199.05,Petrol Pump,UPI,Germany,Mobile,2026-04-19T15:01:30.000+05:30,YES,15,NO,4,YES
19373,83,1003,57481.96,Netflix,ATM WITHDRAWAL,UK,Mobile,2026-05-16T14:42:51.000+05:30,YES,14,NO,5,YES
19537,18,1121,43204.35,Nike,NET BANKING,India,Laptop,2026-04-28T00:54:58.000+05:30,NO,0,YES,4,NO
10014,98,1054,24407.91,Flipkart,CARD,Singapore,Laptop,2026-05-14T16:51:15.000+05:30,NO,16,NO,5,YES
10452,7,1140,97605.84,Walmart,ATM WITHDRAWAL,Germany,Laptop,2026-05-17T18:17:55.000+05:30,YES,18,NO,5,YES
11775,56,1001,96062.81,Flipkart,ATM WITHDRAWAL,UK,Laptop,2026-05-12T17:13:45.000+05:30,YES,17,NO,5,YES
11801,32,1185,2740.28,Flipkart,NET BANKING,UK,Mobile,2026-05-09T23:54:40.000+05:30,NO,23,NO,5,YES
12313,6,1161,76184.59,Netflix,CARD,UK,Mobile,2026-05-11T08:20:02.000+05:30,YES,8,NO,5,YES
12897,12,1168,80006.44,Netflix,UPI,India,Mobile,2026-05-03T04:50:01.000+05:30,YES,4,YES,5,NO
13156,99,1123,15430.15,Swiggy,ATM WITHDRAWAL,Germany,ATM,2026-05-01T11:17:14.000+05:30,NO,11,NO,5,YES
13361,45,1147,92737.19,Flipkart,NET BANKING,UK,Mobile,2026-04-18T22:10:10.000+05:30,YES,22,NO,4,YES
13583,53,1158,1820.94,Petrol Pump,ATM WITHDRAWAL,Germany,Laptop,2026-05-06T16:58:06.000+05:30,NO,16,NO,5,YES
13777,13,1060,61358.62,Petrol Pump,UPI,India,Mobile,2026-05-17T14:44:33.000+05:30,YES,14,NO,5,NO
14160,74,1115,79381.7,Petrol Pump,CARD,India,Laptop,2026-04-23T14:19:33.000+05:30,YES,14,NO,4,NO
14213,7,1045,90819.82,Zomato,NET BANKING,India,ATM,2026-05-01T00:00:57.000+05:30,YES,0,YES,5,NO
14910,33,1112,62430.7,Netflix,NET BANKING,Germany,Mobile,2026-05-04T06:05:22.000+05:30,YES,6,NO,5,YES
15055,50,1194,31823.54,Walmart,UPI,Singapore,Laptop,2026-04-29T15:04:37.000+05:30,NO,15,NO,4,YES
15386,42,1105,612.36,Petrol Pump,CARD,Singapore,Mobile,2026-04-30T05:23:05.000+05:30,NO,5,YES,4,YES
15561,18,1139,59783.83,Zomato,NET BANKING,India,ATM,2026-05-06T08:32:56.000+05:30,YES,8,NO,5,NO
15563,59,1147,45655.36,Uber,CARD,Singapore,Tablet,2026-05-07T21:09:10.000+05:30,NO,21,NO,5,YES
15667,16,1117,86030.41,Apple Store,UPI,India,Mobile,2026-05-13T07:21:36.000+05:30,YES,7,NO,5,NO
15778,45,1174,2468.22,Flipkart,ATM WITHDRAWAL,Germany,Tablet,2026-05-14T06:38:00.000+05:30,NO,6,NO,5,YES
15855,3,1064,101.06,Netflix,CARD,USA,Laptop,2026-05-03T21:36:26.000+05:30,NO,21,NO,5,YES
16568,29,1002,40314.74,Walmart,ATM WITHDRAWAL,UK,Laptop,2026-05-07T15:21:43.000+05:30,NO,15,NO,5,YES
16643,57,1188,61400.26,Swiggy,NET BANKING,UK,ATM,2026-04-20T08:25:16.000+05:30,YES,8,NO,4,YES
17003,9,1034,40860.99,Zomato,NET BANKING,UK,Laptop,2026-04-28T20:10:58.000+05:30,NO,20,NO,4,YES
17497,47,1139,76166.73,Nike,UPI,USA,Laptop,2026-05-08T07:32:57.000+05:30,YES,7,NO,5,YES
17988,62,1091,60044.53,Swiggy,ATM WITHDRAWAL,USA,Laptop,2026-05-10T22:44:24.000+05:30,YES,22,NO,5,YES
18059,40,1013,96154.63,Walmart,ATM WITHDRAWAL,UK,Laptop,2026-04-21T07:13:01.000+05:30,YES,7,NO,4,YES
18651,50,1008,19130.87,Walmart,UPI,Singapore,ATM,2026-04-29T15:06:37.000+05:30,NO,15,NO,4,YES
18709,19,1182,77568.31,Netflix,UPI,Singapore,Mobile,2026-04-20T10:29:05.000+05:30,YES,10,NO,4,YES
19028,66,1170,92982.69,Amazon,ATM WITHDRAWAL,Germany,Laptop,2026-05-15T05:30:27.000+05:30,YES,5,YES,5,YES
19181,55,1080,37501.57,Nike,CARD,USA,ATM,2026-05-17T11:44:42.000+05:30,NO,11,NO,5,YES
19314,39,1044,8215.96,Nike,CARD,Singapore,Mobile,2026-04-21T11:02:01.000+05:30,NO,11,NO,4,YES
19401,19,1107,49568.88,Walmart,NET BANKING,USA,Tablet,2026-04-20T17:22:10.000+05:30,NO,17,NO,4,YES
19409,84,1046,61685.32,Nike,CARD,India,ATM,2026-05-16T08:44:21.000+05:30,YES,8,NO,5,NO
19520,1,1026,34173.32,Flipkart,CARD,USA,Laptop,2026-05-09T01:54:39.000+05:30,NO,1,YES,5,YES
10282,29,1020,37589.06,Uber,UPI,USA,Laptop,2026-04-26T14:50:36.000+05:30,NO,14,NO,4,YES
10364,93,1125,12127.76,Amazon,NET BANKING,Singapore,ATM,2026-05-08T18:18:21.000+05:30,NO,18,NO,5,YES
10695,81,1087,74783.21,Uber,ATM WITHDRAWAL,Singapore,ATM,2026-05-01T08:17:05.000+05:30,YES,8,NO,5,YES
10872,67,1031,95762.31,Amazon,NET BANKING,India,Mobile,2026-05-09T15:42:28.000+05:30,YES,15,NO,5,NO
10883,16,1142,17365.51,Netflix,ATM WITHDRAWAL,Singapore,Laptop,2026-05-05T10:52:35.000+05:30,NO,10,NO,5,YES
11022,49,1135,83486.97,Apple Store,ATM WITHDRAWAL,UK,ATM,2026-05-01T15:56:41.000+05:30,YES,15,NO,5,YES
11103,31,1128,65333.3,Netflix,UPI,USA,Tablet,2026-04-26T04:11:35.000+05:30,YES,4,YES,4,YES
11195,51,1052,30246.34,Zomato,UPI,UK,Mobile,2026-05-03T02:26:09.000+05:30,NO,2,YES,5,YES
12095,72,1063,30309.5,Nike,ATM WITHDRAWAL,Germany,Mobile,2026-04-21T12:07:16.000+05:30,NO,12,NO,4,YES
12235,23,1164,30524.64,Walmart,UPI,Singapore,Mobile,2026-05-03T21:39:19.000+05:30,NO,21,NO,5,YES
12402,72,1126,66869.73,Petrol Pump,UPI,Germany,Mobile,2026-05-11T16:53:35.000+05:30,YES,16,NO,5,YES
12424,24,1035,75606.07,Flipkart,ATM WITHDRAWAL,Singapore,Laptop,2026-04-28T15:57:40.000+05:30,YES,15,NO,4,YES
12746,85,1141,20778.74,Swiggy,CARD,Singapore,Tablet,2026-05-03T07:01:47.000+05:30,NO,7,NO,5,YES
12990,84,1129,80232.09,Uber,NET BANKING,USA,Tablet,2026-05-11T09:52:05.000+05:30,YES,9,NO,5,YES
13023,54,1171,84952.21,Uber,ATM WITHDRAWAL,India,Laptop,2026-04-30T16:44:18.000+05:30,YES,16,NO,4,NO
13243,43,1168,80135.13,Flipkart,ATM WITHDRAWAL,Germany,Laptop,2026-04-29T12:28:22.000+05:30,YES,12,NO,4,YES
13370,43,1143,12579.65,Uber,UPI,USA,Mobile,2026-04-23T06:31:08.000+05:30,NO,6,NO,4,YES
13535,9,1094,75494.03,Flipkart,CARD,Singapore,Mobile,2026-04-30T05:55:55.000+05:30,YES,5,YES,4,YES
13762,92,1083,47052.15,Amazon,UPI,Germany,Tablet,2026-05-09T12:51:00.000+05:30,NO,12,NO,5,YES
13881,40,1051,59223.87,Amazon,UPI,India,ATM,2026-04-25T11:41:59.000+05:30,YES,11,NO,4,NO
14066,99,1052,45104.4,Zomato,ATM WITHDRAWAL,UK,Laptop,2026-04-27T14:16:58.000+05:30,NO,14,NO,4,YES
14264,56,1163,42453.9,Apple Store,NET BANKING,UK,ATM,2026-05-04T04:50:27.000+05:30,NO,4,YES,5,YES
14931,6,1088,6337.79,Petrol Pump,CARD,Singapore,Mobile,2026-05-01T14:45:14.000+05:30,NO,14,NO,5,YES
15331,66,1116,14084.13,Flipkart,ATM WITHDRAWAL,USA,Tablet,2026-04-30T05:51:24.000+05:30,NO,5,YES,4,YES
15927,38,1004,84778.84,Zomato,ATM WITHDRAWAL,Germany,ATM,2026-04-25T07:48:45.000+05:30,YES,7,NO,4,YES
16358,62,1103,5721.69,Zomato,ATM WITHDRAWAL,Singapore,ATM,2026-05-04T13:37:08.000+05:30,NO,13,NO,5,YES
16603,53,1008,96161.96,Apple Store,UPI,UK,Laptop,2026-04-19T06:42:53.000+05:30,YES,6,NO,4,YES
16631,82,1091,31935.83,Zomato,ATM WITHDRAWAL,USA,ATM,2026-05-01T01:50:25.000+05:30,NO,1,YES,5,YES
17681,57,1141,52030.92,Zomato,CARD,Singapore,Laptop,2026-05-11T10:42:34.000+05:30,YES,10,NO,5,YES
17699,95,1020,14285.85,Apple Store,UPI,Singapore,ATM,2026-04-22T15:19:30.000+05:30,NO,15,NO,4,YES
18084,91,1027,25894.66,Swiggy,NET BANKING,UK,Mobile,2026-04-25T11:16:03.000+05:30,NO,11,NO,4,YES
18460,47,1005,59049.78,Nike,UPI,India,ATM,2026-05-01T01:04:21.000+05:30,YES,1,YES,5,NO
18829,51,1139,78516.76,Nike,ATM WITHDRAWAL,USA,Tablet,2026-05-12T01:38:37.000+05:30,YES,1,YES,5,YES
19058,84,1128,39647.07,Apple Store,CARD,UK,Mobile,2026-04-24T13:35:15.000+05:30,NO,13,NO,4,YES
19168,2,1009,98097.1,Amazon,NET BANKING,UK,Mobile,2026-04-19T22:36:35.000+05:30,YES,22,NO,4,YES
19194,24,1062,90030.58,Uber,ATM WITHDRAWAL,UK,Laptop,2026-05-07T05:34:08.000+05:30,YES,5,YES,5,YES
19208,52,1081,4455.02,Petrol Pump,NET BANKING,UK,Mobile,2026-04-28T16:14:04.000+05:30,NO,16,NO,4,YES
19235,47,1046,49703.6,Apple Store,CARD,Singapore,Mobile,2026-04-19T16:39:29.000+05:30,NO,16,NO,4,YES
19356,48,1039,62972.01,Uber,UPI,UK,Mobile,2026-05-14T03:47:36.000+05:30,YES,3,YES,5,YES
19370,71,1069,47445.7,Uber,ATM WITHDRAWAL,USA,Mobile,2026-04-19T11:26:12.000+05:30,NO,11,NO,4,YES
19459,86,1162,45634.09,Walmart,ATM WITHDRAWAL,UK,Laptop,2026-05-10T20:32:29.000+05:30,NO,20,NO,5,YES
19832,49,1193,59327.65,Flipkart,ATM WITHDRAWAL,Singapore,Laptop,2026-04-19T04:49:07.000+05:30,YES,4,YES,4,YES
19946,54,1069,79702.24,Uber,ATM WITHDRAWAL,India,ATM,2026-04-23T19:00:56.000+05:30,YES,19,NO,4,NO
10686,32,1121,11275.08,Swiggy,UPI,Germany,Laptop,2026-04-30T01:57:40.000+05:30,NO,1,YES,4,YES
10835,69,1007,98036.98,Swiggy,NET BANKING,UK,Laptop,2026-05-03T07:22:16.000+05:30,YES,7,NO,5,YES
11083,88,1177,74848.68,Walmart,UPI,USA,Mobile,2026-05-04T18:01:38.000+05:30,YES,18,NO,5,YES
11329,52,1158,39295.82,Flipkart,CARD,India,Tablet,2026-05-03T03:54:04.000+05:30,NO,3,YES,5,NO
11522,63,1159,85248.24,Apple Store,NET BANKING,India,Laptop,2026-04-23T20:03:47.000+05:30,YES,20,NO,4,NO
11791,86,1098,34285.1,Zomato,ATM WITHDRAWAL,UK,ATM,2026-04-27T05:06:12.000+05:30,NO,5,YES,4,YES
11992,96,1056,67052.04,Flipkart,CARD,USA,Mobile,2026-05-18T12:06:54.000+05:30,YES,12,NO,5,YES
12021,86,1045,31076.06,Netflix,UPI,USA,Tablet,2026-05-17T04:42:53.000+05:30,NO,4,YES,5,YES
12532,1,1179,10767.29,Petrol Pump,NET BANKING,Singapore,ATM,2026-04-29T02:40:03.000+05:30,NO,2,YES,4,YES
12581,47,1104,75862.36,Netflix,CARD,UK,Laptop,2026-04-26T22:33:58.000+05:30,YES,22,NO,4,YES
12889,54,1160,81523.19,Apple Store,CARD,UK,ATM,2026-04-26T06:37:19.000+05:30,YES,6,NO,4,YES
13431,38,1153,52714.44,Walmart,UPI,Germany,ATM,2026-05-02T10:29:20.000+05:30,YES,10,NO,5,YES
13759,16,1169,37161.94,Flipkart,NET BANKING,Singapore,Laptop,2026-05-07T08:42:22.000+05:30,NO,8,NO,5,YES
14542,19,1148,94145.26,Petrol Pump,NET BANKING,Germany,ATM,2026-04-19T09:26:57.000+05:30,YES,9,NO,4,YES
14649,97,1086,11418.61,Nike,NET BANKING,UK,Laptop,2026-04-20T04:10:00.000+05:30,NO,4,YES,4,YES
14829,65,1082,64047.03,Petrol Pump,UPI,USA,Laptop,2026-05-01T15:54:58.000+05:30,YES,15,NO,5,YES
16121,71,1015,29083.33,Swiggy,ATM WITHDRAWAL,USA,Mobile,2026-04-27T04:28:35.000+05:30,NO,4,YES,4,YES
16528,71,1045,85707.28,Petrol Pump,CARD,India,ATM,2026-05-18T02:38:09.000+05:30,YES,2,YES,5,NO
17002,14,1175,98785.76,Uber,ATM WITHDRAWAL,UK,Laptop,2026-05-17T18:24:16.000+05:30,YES,18,NO,5,YES
17428,49,1189,70040.95,Apple Store,ATM WITHDRAWAL,Germany,Tablet,2026-05-03T02:37:50.000+05:30,YES,2,YES,5,YES
17539,18,1036,52534.58,Apple Store,NET BANKING,Germany,ATM,2026-04-20T05:33:51.000+05:30,YES,5,YES,4,YES
17720,60,1091,91702.56,Netflix,NET BANKING,USA,Laptop,2026-05-15T22:42:46.000+05:30,YES,22,NO,5,YES
18149,70,1071,69687.24,Nike,UPI,USA,Tablet,2026-05-03T20:26:24.000+05:30,YES,20,NO,5,YES
18617,12,1009,54032.31,Walmart,UPI,UK,ATM,2026-05-15T18:12:00.000+05:30,YES,18,NO,5,YES
18919,67,1097,57210.57,Apple Store,ATM WITHDRAWAL,Singapore,ATM,2026-04-30T13:52:55.000+05:30,YES,13,NO,4,YES
10040,41,1169,17519.85,Walmart,NET BANKING,UK,Tablet,2026-05-05T14:12:06.000+05:30,NO,14,NO,5,YES
10313,5,1168,21557.47,Apple Store,UPI,USA,Mobile,2026-05-16T04:03:30.000+05:30,NO,4,YES,5,YES
10562,62,1127,37486.77,Petrol Pump,ATM WITHDRAWAL,Germany,Laptop,2026-05-11T15:30:12.000+05:30,NO,15,NO,5,YES
10566,68,1047,97316.97,Amazon,UPI,India,Tablet,2026-05-09T00:13:52.000+05:30,YES,0,YES,5,NO
11166,85,1135,44615.8,Petrol Pump,ATM WITHDRAWAL,Singapore,ATM,2026-05-12T22:54:59.000+05:30,NO,22,NO,5,YES
11270,28,1014,96924.02,Nike,ATM WITHDRAWAL,USA,Mobile,2026-04-21T01:37:36.000+05:30,YES,1,YES,4,YES
11327,72,1109,2104.04,Swiggy,UPI,Germany,ATM,2026-05-05T20:18:05.000+05:30,NO,20,NO,5,YES
11555,7,1022,25029.86,Walmart,UPI,Germany,Laptop,2026-04-18T18:19:35.000+05:30,NO,18,NO,4,YES
11659,86,1068,33629.93,Nike,NET BANKING,Singapore,Mobile,2026-04-30T15:04:44.000+05:30,NO,15,NO,4,YES
11749,47,1117,97907.35,Swiggy,NET BANKING,India,ATM,2026-04-28T12:25:29.000+05:30,YES,12,NO,4,NO
11836,69,1185,65986.01,Uber,UPI,Singapore,Tablet,2026-04-30T09:53:41.000+05:30,YES,9,NO,4,YES
12061,27,1031,82002.18,Flipkart,NET BANKING,USA,ATM,2026-05-07T20:30:13.000+05:30,YES,20,NO,5,YES
13309,50,1189,4873.16,Flipkart,NET BANKING,Germany,ATM,2026-05-18T02:13:34.000+05:30,NO,2,YES,5,YES
14425,57,1057,8352.16,Petrol Pump,UPI,Singapore,Mobile,2026-04-25T08:34:35.000+05:30,NO,8,NO,4,YES
14463,94,1097,98215.28,Apple Store,ATM WITHDRAWAL,UK,Mobile,2026-05-04T12:26:42.000+05:30,YES,12,NO,5,YES
14511,55,1133,58433.59,Petrol Pump,CARD,USA,Tablet,2026-05-18T15:47:12.000+05:30,YES,15,NO,5,YES
14633,21,1047,79651.07,Swiggy,CARD,India,Tablet,2026-04-20T14:58:39.000+05:30,YES,14,NO,4,NO
14666,43,1061,55491.95,Uber,NET BANKING,UK,Tablet,2026-04-22T08:55:49.000+05:30,YES,8,NO,4,YES
14704,7,1011,70340.34,Walmart,UPI,UK,ATM,2026-04-28T05:10:24.000+05:30,YES,5,YES,4,YES
14713,32,1072,22051.88,Netflix,NET BANKING,Singapore,Tablet,2026-05-14T10:31:13.000+05:30,NO,10,NO,5,YES
14821,16,1191,66282.4,Walmart,UPI,Singapore,Mobile,2026-05-07T15:29:20.000+05:30,YES,15,NO,5,YES
15164,37,1133,37845.9,Amazon,NET BANKING,USA,Tablet,2026-05-08T21:32:15.000+05:30,NO,21,NO,5,YES
15259,15,1028,8712.93,Nike,UPI,Singapore,Mobile,2026-05-13T10:57:02.000+05:30,NO,10,NO,5,YES
15305,8,1179,95116.16,Nike,NET BANKING,Singapore,Mobile,2026-05-03T03:32:47.000+05:30,YES,3,YES,5,YES
15449,46,1160,703.51,Uber,CARD,Singapore,ATM,2026-05-13T15:28:09.000+05:30,NO,15,NO,5,YES
16390,83,1199,29712.66,Flipkart,NET BANKING,India,ATM,2026-04-20T05:21:19.000+05:30,NO,5,YES,4,NO
16484,80,1193,92573.4,Netflix,UPI,USA,ATM,2026-05-17T21:09:18.000+05:30,YES,21,NO,5,YES
17298,64,1168,16898.38,Uber,UPI,USA,Tablet,2026-05-02T05:05:10.000+05:30,NO,5,YES,5,YES
18044,20,1037,87281.53,Zomato,UPI,Singapore,ATM,2026-05-15T21:03:55.000+05:30,YES,21,NO,5,YES
19185,39,1039,91913.39,Netflix,ATM WITHDRAWAL,Singapore,ATM,2026-05-11T18:35:52.000+05:30,YES,18,NO,5,YES
19199,25,1144,38504.18,Flipkart,CARD,UK,Mobile,2026-04-19T13:37:43.000+05:30,NO,13,NO,4,YES
19386,49,1028,12813.89,Uber,UPI,Singapore,ATM,2026-04-28T13:42:15.000+05:30,NO,13,NO,4,YES
19642,54,1031,34335.97,Netflix,CARD,India,Tablet,2026-04-28T03:20:34.000+05:30,NO,3,YES,4,NO
19987,80,1158,27970.12,Netflix,ATM WITHDRAWAL,USA,Tablet,2026-05-07T12:51:29.000+05:30,NO,12,NO,5,YES
17165,55,1082,82574.9,Swiggy,CARD,Germany,Tablet,2026-04-21T05:58:47.000+05:30,YES,5,YES,4,YES
10003,1,1015,48770.22,Apple Store,NET BANKING,USA,Mobile,2026-04-21T22:15:37.000+05:30,NO,22,NO,4,YES
10124,53,1035,78764.71,Zomato,CARD,India,ATM,2026-05-02T13:53:31.000+05:30,YES,13,NO,5,NO
10256,99,1001,81568.2,Apple Store,CARD,Germany,Mobile,2026-05-04T18:18:26.000+05:30,YES,18,NO,5,YES
10407,72,1043,70506.21,Flipkart,CARD,Singapore,Laptop,2026-05-07T21:46:17.000+05:30,YES,21,NO,5,YES
10511,95,1122,835.7,Flipkart,CARD,UK,ATM,2026-05-14T10:14:17.000+05:30,NO,10,NO,5,YES
10655,74,1198,51175.6,Nike,ATM WITHDRAWAL,UK,ATM,2026-04-25T21:21:54.000+05:30,YES,21,NO,4,YES
10829,78,1124,86259.41,Walmart,ATM WITHDRAWAL,UK,Laptop,2026-04-26T08:09:28.000+05:30,YES,8,NO,4,YES
11201,92,1139,71090.16,Nike,CARD,Singapore,Tablet,2026-04-29T20:21:02.000+05:30,YES,20,NO,4,YES
11807,62,1107,55579.66,Swiggy,UPI,USA,ATM,2026-04-30T20:18:37.000+05:30,YES,20,NO,4,YES
11975,50,1142,11270.82,Walmart,CARD,Germany,Mobile,2026-04-28T02:19:19.000+05:30,NO,2,YES,4,YES
13215,89,1054,12018.22,Nike,UPI,USA,ATM,2026-05-01T21:44:25.000+05:30,NO,21,NO,5,YES
13503,86,1103,99676.46,Amazon,ATM WITHDRAWAL,India,Laptop,2026-04-29T02:20:13.000+05:30,YES,2,YES,4,NO
13614,55,1016,92884.64,Flipkart,UPI,India,Tablet,2026-05-04T16:15:26.000+05:30,YES,16,NO,5,NO
13618,26,1196,97250.53,Nike,NET BANKING,USA,ATM,2026-05-04T11:37:57.000+05:30,YES,11,NO,5,YES
14083,98,1166,27445.56,Netflix,CARD,Germany,Tablet,2026-05-18T13:57:03.000+05:30,NO,13,NO,5,YES
14132,18,1147,68406.75,Swiggy,UPI,Germany,Mobile,2026-04-28T01:32:53.000+05:30,YES,1,YES,4,YES
14154,86,1112,99712.17,Flipkart,NET BANKING,Germany,Mobile,2026-04-26T07:38:16.000+05:30,YES,7,NO,4,YES
14169,99,1058,2784.79,Zomato,CARD,Singapore,ATM,2026-04-25T05:26:17.000+05:30,NO,5,YES,4,YES
14496,26,1198,15254.68,Apple Store,ATM WITHDRAWAL,USA,Mobile,2026-04-20T16:13:57.000+05:30,NO,16,NO,4,YES
14765,44,1054,84890.88,Uber,NET BANKING,Singapore,Tablet,2026-04-27T04:00:59.000+05:30,YES,4,YES,4,YES
14869,93,1137,82451.74,Nike,ATM WITHDRAWAL,Singapore,ATM,2026-05-02T23:57:47.000+05:30,YES,23,NO,5,YES
15049,73,1019,91010.0,Swiggy,UPI,UK,ATM,2026-05-04T05:11:18.000+05:30,YES,5,YES,5,YES
15200,47,1105,76037.19,Swiggy,UPI,USA,Tablet,2026-04-23T23:14:37.000+05:30,YES,23,NO,4,YES
15287,34,1042,99606.75,Apple Store,NET BANKING,USA,Tablet,2026-05-09T21:01:47.000+05:30,YES,21,NO,5,YES
15321,46,1086,38520.21,Walmart,UPI,Singapore,Tablet,2026-05-15T20:33:49.000+05:30,NO,20,NO,5,YES
15825,16,1013,88689.94,Zomato,ATM WITHDRAWAL,Singapore,Laptop,2026-05-11T09:54:44.000+05:30,YES,9,NO,5,YES
16074,29,1179,51799.63,Apple Store,NET BANKING,USA,ATM,2026-05-15T05:24:25.000+05:30,YES,5,YES,5,YES
17216,82,1021,10621.92,Flipkart,UPI,USA,Laptop,2026-05-16T17:56:39.000+05:30,NO,17,NO,5,YES
17324,52,1101,5787.5,Nike,ATM WITHDRAWAL,USA,Laptop,2026-05-13T07:31:17.000+05:30,NO,7,NO,5,YES
17562,81,1160,82738.08,Amazon,ATM WITHDRAWAL,USA,Mobile,2026-05-07T07:08:24.000+05:30,YES,7,NO,5,YES
17594,59,1131,74155.38,Petrol Pump,ATM WITHDRAWAL,Singapore,ATM,2026-05-14T13:28:26.000+05:30,YES,13,NO,5,YES
17781,78,1012,83087.09,Uber,ATM WITHDRAWAL,Germany,Tablet,2026-04-19T23:36:04.000+05:30,YES,23,NO,4,YES
18206,18,1198,32643.93,Zomato,UPI,Singapore,Laptop,2026-05-10T02:33:27.000+05:30,NO,2,YES,5,YES
18286,39,1180,58316.23,Walmart,UPI,Germany,Laptop,2026-04-19T14:22:58.000+05:30,YES,14,NO,4,YES
18335,51,1031,12300.31,Walmart,NET BANKING,USA,Mobile,2026-04-22T08:27:45.000+05:30,NO,8,NO,4,YES
18336,51,1059,28154.03,Apple Store,CARD,Germany,Mobile,2026-05-10T09:21:51.000+05:30,NO,9,NO,5,YES
18946,2,1107,53454.4,Netflix,ATM WITHDRAWAL,Germany,ATM,2026-05-16T01:45:36.000+05:30,YES,1,YES,5,YES
19021,35,1126,76772.37,Flipkart,NET BANKING,Singapore,Laptop,2026-04-27T17:11:19.000+05:30,YES,17,NO,4,YES
19422,78,1019,71479.07,Nike,NET BANKING,UK,ATM,2026-05-08T21:28:54.000+05:30,YES,21,NO,5,YES
19970,28,1054,54507.94,Nike,CARD,UK,ATM,2026-04-22T09:51:55.000+05:30,YES,9,NO,4,YES
10132,25,1121,48017.44,Netflix,NET BANKING,USA,Mobile,2026-04-26T12:53:08.000+05:30,NO,12,NO,4,YES
10545,32,1149,59233.23,Walmart,NET BANKING,USA,Mobile,2026-05-10T11:52:26.000+05:30,YES,11,NO,5,YES
11485,29,1032,34869.34,Uber,CARD,UK,Tablet,2026-04-22T10:54:30.000+05:30,NO,10,NO,4,YES
11751,92,1187,69145.76,Amazon,CARD,India,Laptop,2026-04-20T10:00:46.000+05:30,YES,10,NO,4,NO
11835,76,1091,20180.26,Uber,UPI,Germany,ATM,2026-04-23T23:44:02.000+05:30,NO,23,NO,4,YES
12411,47,1043,13037.47,Petrol Pump,NET BANKING,USA,Mobile,2026-04-26T01:59:28.000+05:30,NO,1,YES,4,YES
12491,7,1166,4748.78,Flipkart,CARD,UK,Laptop,2026-05-05T14:03:07.000+05:30,NO,14,NO,5,YES
12535,93,1186,4052.02,Nike,ATM WITHDRAWAL,Germany,Mobile,2026-05-01T15:04:04.000+05:30,NO,15,NO,5,YES
12750,20,1002,78517.02,Apple Store,ATM WITHDRAWAL,Singapore,Mobile,2026-05-17T22:09:10.000+05:30,YES,22,NO,5,YES
13206,35,1074,94882.75,Netflix,CARD,India,ATM,2026-05-15T18:10:53.000+05:30,YES,18,NO,5,NO
13682,21,1020,14384.78,Petrol Pump,NET BANKING,USA,Laptop,2026-05-10T12:26:30.000+05:30,NO,12,NO,5,YES
13738,69,1168,11960.9,Flipkart,CARD,UK,ATM,2026-04-29T08:01:53.000+05:30,NO,8,NO,4,YES
14082,94,1178,35067.0,Walmart,CARD,Singapore,Mobile,2026-05-12T22:25:59.000+05:30,NO,22,NO,5,YES
14387,80,1040,91472.22,Netflix,CARD,Germany,Mobile,2026-05-11T20:27:45.000+05:30,YES,20,NO,5,YES
14518,29,1151,2082.74,Amazon,NET BANKING,India,ATM,2026-05-15T01:22:44.000+05:30,NO,1,YES,5,NO
14647,37,1161,73867.67,Zomato,CARD,Germany,Tablet,2026-04-23T00:24:16.000+05:30,YES,0,YES,4,YES
14746,92,1132,7574.32,Petrol Pump,CARD,India,Mobile,2026-05-07T02:27:53.000+05:30,NO,2,YES,5,NO
14818,84,1191,1744.04,Flipkart,ATM WITHDRAWAL,Germany,Laptop,2026-04-30T20:40:52.000+05:30,NO,20,NO,4,YES
14843,34,1113,29531.04,Amazon,ATM WITHDRAWAL,UK,Laptop,2026-04-25T21:34:31.000+05:30,NO,21,NO,4,YES
14991,38,1162,9921.38,Amazon,UPI,Singapore,Mobile,2026-05-06T09:24:54.000+05:30,NO,9,NO,5,YES
15066,59,1068,75224.51,Flipkart,CARD,UK,ATM,2026-05-01T20:17:03.000+05:30,YES,20,NO,5,YES
15513,73,1196,70878.42,Uber,NET BANKING,India,Tablet,2026-05-03T20:31:55.000+05:30,YES,20,NO,5,NO
15554,82,1106,60051.91,Petrol Pump,ATM WITHDRAWAL,Germany,ATM,2026-05-17T17:57:34.000+05:30,YES,17,NO,5,YES
15920,8,1185,78470.1,Uber,ATM WITHDRAWAL,UK,ATM,2026-05-11T16:43:10.000+05:30,YES,16,NO,5,YES
16066,17,1142,3720.4,Petrol Pump,NET BANKING,UK,ATM,2026-04-22T01:39:14.000+05:30,NO,1,YES,4,YES
16451,75,1023,49547.01,Netflix,CARD,Germany,Laptop,2026-04-26T10:39:52.000+05:30,NO,10,NO,4,YES
16479,11,1156,58091.61,Flipkart,ATM WITHDRAWAL,Singapore,Laptop,2026-04-21T09:07:22.000+05:30,YES,9,NO,4,YES
17131,99,1180,75047.47,Apple Store,NET BANKING,USA,Tablet,2026-04-22T04:47:26.000+05:30,YES,4,YES,4,YES
17314,65,1041,55893.03,Apple Store,NET BANKING,UK,ATM,2026-04-28T11:17:52.000+05:30,YES,11,NO,4,YES
17391,69,1118,46519.25,Walmart,NET BANKING,USA,Tablet,2026-05-01T14:19:27.000+05:30,NO,14,NO,5,YES
17439,22,1025,93021.23,Flipkart,CARD,Singapore,Laptop,2026-05-04T14:08:31.000+05:30,YES,14,NO,5,YES
17621,78,1025,96762.04,Swiggy,UPI,USA,Mobile,2026-04-27T21:54:01.000+05:30,YES,21,NO,4,YES
17914,92,1040,64323.72,Petrol Pump,NET BANKING,UK,Mobile,2026-05-14T17:18:16.000+05:30,YES,17,NO,5,YES
17967,99,1031,47225.17,Swiggy,UPI,Germany,Tablet,2026-05-11T14:05:05.000+05:30,NO,14,NO,5,YES
18536,95,1098,6905.44,Amazon,NET BANKING,UK,ATM,2026-04-25T22:01:47.000+05:30,NO,22,NO,4,YES
18688,56,1047,85904.84,Swiggy,CARD,Singapore,Mobile,2026-04-27T00:36:01.000+05:30,YES,0,YES,4,YES
18727,45,1016,89892.08,Walmart,NET BANKING,Germany,Mobile,2026-04-29T02:56:21.000+05:30,YES,2,YES,4,YES
19550,69,1174,80733.52,Netflix,NET BANKING,UK,Laptop,2026-04-25T17:25:18.000+05:30,YES,17,NO,4,YES
19991,21,1101,79296.81,Nike,NET BANKING,USA,ATM,2026-05-15T23:35:30.000+05:30,YES,23,NO,5,YES
18849,77,1130,68094.12,Nike,CARD,UK,ATM,2026-04-23T17:10:17.000+05:30,YES,17,NO,4,YES
10145,92,1057,40066.27,Flipkart,ATM WITHDRAWAL,UK,Tablet,2026-04-27T09:57:37.000+05:30,NO,9,NO,4,YES
10196,77,1158,17046.86,Apple Store,UPI,Germany,Tablet,2026-05-18T15:24:26.000+05:30,NO,15,NO,5,YES
10761,42,1025,27910.02,Nike,UPI,Singapore,ATM,2026-05-12T06:47:07.000+05:30,NO,6,NO,5,YES
11217,50,1157,91414.64,Apple Store,ATM WITHDRAWAL,India,ATM,2026-05-07T08:16:15.000+05:30,YES,8,NO,5,NO
11830,23,1156,44322.01,Zomato,UPI,USA,Tablet,2026-05-15T06:51:14.000+05:30,NO,6,NO,5,YES
12120,15,1079,83743.79,Flipkart,CARD,UK,ATM,2026-04-19T13:13:17.000+05:30,YES,13,NO,4,YES
12207,34,1133,27553.65,Netflix,UPI,Singapore,Mobile,2026-05-01T06:50:42.000+05:30,NO,6,NO,5,YES
12741,7,1133,62086.71,Netflix,NET BANKING,India,Tablet,2026-04-29T19:42:29.000+05:30,YES,19,NO,4,NO
12896,35,1176,12822.51,Walmart,NET BANKING,Germany,Tablet,2026-05-09T18:46:22.000+05:30,NO,18,NO,5,YES
13213,96,1190,84736.31,Amazon,UPI,Germany,Laptop,2026-04-26T05:11:21.000+05:30,YES,5,YES,4,YES
13400,82,1045,41178.1,Flipkart,UPI,Singapore,Tablet,2026-05-10T09:18:07.000+05:30,NO,9,NO,5,YES
13912,56,1083,85037.09,Zomato,NET BANKING,Germany,Laptop,2026-04-29T05:16:21.000+05:30,YES,5,YES,4,YES
14298,3,1168,84179.73,Amazon,ATM WITHDRAWAL,Singapore,Laptop,2026-05-15T20:23:27.000+05:30,YES,20,NO,5,YES
14516,79,1185,85674.1,Nike,UPI,India,Tablet,2026-04-20T14:34:11.000+05:30,YES,14,NO,4,NO
14796,56,1002,58270.63,Walmart,NET BANKING,Singapore,ATM,2026-05-04T05:41:53.000+05:30,YES,5,YES,5,YES
14822,52,1018,46004.88,Apple Store,NET BANKING,Singapore,ATM,2026-04-20T07:33:56.000+05:30,NO,7,NO,4,YES
15641,64,1111,13603.99,Swiggy,CARD,Singapore,Tablet,2026-05-16T18:59:22.000+05:30,NO,18,NO,5,YES
16031,26,1095,54392.48,Apple Store,ATM WITHDRAWAL,UK,Mobile,2026-05-01T03:09:42.000+05:30,YES,3,YES,5,YES
16123,92,1129,48351.48,Amazon,NET BANKING,UK,Mobile,2026-04-25T17:56:01.000+05:30,NO,17,NO,4,YES
16255,96,1153,22632.32,Petrol Pump,ATM WITHDRAWAL,UK,Laptop,2026-05-12T02:57:26.000+05:30,NO,2,YES,5,YES
16538,59,1199,71382.05,Zomato,ATM WITHDRAWAL,USA,ATM,2026-05-11T11:10:41.000+05:30,YES,11,NO,5,YES
16642,51,1048,31952.42,Apple Store,ATM WITHDRAWAL,UK,Laptop,2026-05-04T20:28:59.000+05:30,NO,20,NO,5,YES
16646,82,1020,80971.48,Netflix,ATM WITHDRAWAL,Singapore,ATM,2026-04-25T21:33:37.000+05:30,YES,21,NO,4,YES
16938,68,1165,29667.65,Swiggy,NET BANKING,UK,Tablet,2026-04-24T01:37:03.000+05:30,NO,1,YES,4,YES
17054,90,1085,85151.9,Amazon,UPI,Singapore,ATM,2026-05-10T05:37:07.000+05:30,YES,5,YES,5,YES
17062,20,1125,63539.98,Zomato,ATM WITHDRAWAL,USA,Mobile,2026-04-28T08:37:29.000+05:30,YES,8,NO,4,YES
17104,88,1059,42242.81,Petrol Pump,NET BANKING,UK,Tablet,2026-04-18T21:13:08.000+05:30,NO,21,NO,4,YES
17745,26,1047,70609.45,Uber,CARD,India,ATM,2026-04-25T05:33:07.000+05:30,YES,5,YES,4,NO
17811,3,1187,64539.86,Netflix,UPI,Germany,Mobile,2026-04-29T06:07:20.000+05:30,YES,6,NO,4,YES
17943,70,1020,11490.46,Walmart,ATM WITHDRAWAL,USA,Laptop,2026-05-03T10:27:12.000+05:30,NO,10,NO,5,YES
18247,12,1079,7592.41,Walmart,ATM WITHDRAWAL,Singapore,ATM,2026-05-16T15:49:59.000+05:30,NO,15,NO,5,YES
18517,90,1146,97248.22,Petrol Pump,UPI,Singapore,Tablet,2026-05-10T21:53:26.000+05:30,YES,21,NO,5,YES
18611,92,1031,92492.14,Petrol Pump,NET BANKING,USA,Mobile,2026-05-07T05:31:37.000+05:30,YES,5,YES,5,YES
19025,91,1046,20172.73,Apple Store,UPI,Germany,ATM,2026-04-29T17:54:24.000+05:30,NO,17,NO,4,YES
19137,87,1097,16122.24,Nike,UPI,Germany,Laptop,2026-04-27T09:37:24.000+05:30,NO,9,NO,4,YES
19454,92,1135,47950.89,Walmart,UPI,Germany,Laptop,2026-04-26T04:26:05.000+05:30,NO,4,YES,4,YES
10030,48,1080,53671.24,Nike,UPI,Singapore,Mobile,2026-04-26T11:06:36.000+05:30,YES,11,NO,4,YES
10032,49,1170,5397.67,Walmart,NET BANKING,Singapore,Laptop,2026-05-12T07:17:02.000+05:30,NO,7,NO,5,YES
10075,8,1195,11172.47,Apple Store,UPI,Germany,Tablet,2026-05-09T08:10:45.000+05:30,NO,8,NO,5,YES
10288,62,1197,47678.35,Swiggy,UPI,UK,Mobile,2026-04-23T10:56:29.000+05:30,NO,10,NO,4,YES
10458,41,1168,79774.45,Zomato,NET BANKING,India,Tablet,2026-04-25T19:16:04.000+05:30,YES,19,NO,4,NO
10963,9,1198,33487.09,Petrol Pump,ATM WITHDRAWAL,Germany,Mobile,2026-05-16T19:03:45.000+05:30,NO,19,NO,5,YES
11115,73,1069,52902.12,Amazon,CARD,USA,Mobile,2026-05-05T01:51:09.000+05:30,YES,1,YES,5,YES
11184,99,1103,11245.86,Apple Store,CARD,UK,Mobile,2026-04-27T22:03:22.000+05:30,NO,22,NO,4,YES
11949,65,1068,58510.28,Zomato,CARD,India,Laptop,2026-05-12T08:16:00.000+05:30,YES,8,NO,5,NO
12225,32,1020,77515.67,Petrol Pump,CARD,Germany,Mobile,2026-04-27T12:23:00.000+05:30,YES,12,NO,4,YES
12612,68,1042,88669.46,Netflix,NET BANKING,USA,ATM,2026-04-27T16:37:43.000+05:30,YES,16,NO,4,YES
12917,50,1072,26153.3,Flipkart,ATM WITHDRAWAL,India,Tablet,2026-05-07T01:25:24.000+05:30,NO,1,YES,5,NO
13104,87,1016,80757.36,Uber,UPI,USA,Laptop,2026-04-22T12:56:13.000+05:30,YES,12,NO,4,YES
13497,74,1094,56115.24,Netflix,ATM WITHDRAWAL,India,Tablet,2026-04-25T09:42:21.000+05:30,YES,9,NO,4,NO
14346,87,1041,89784.2,Petrol Pump,CARD,Singapore,ATM,2026-04-23T04:19:01.000+05:30,YES,4,YES,4,YES
14645,66,1099,89663.39,Walmart,UPI,India,Tablet,2026-04-27T19:14:10.000+05:30,YES,19,NO,4,NO
14841,78,1139,82782.41,Petrol Pump,CARD,Singapore,Laptop,2026-05-06T08:06:14.000+05:30,YES,8,NO,5,YES
15009,28,1189,48743.86,Amazon,ATM WITHDRAWAL,Singapore,Tablet,2026-05-04T07:50:43.000+05:30,NO,7,NO,5,YES
15792,72,1135,42645.29,Apple Store,UPI,Singapore,ATM,2026-04-25T03:51:05.000+05:30,NO,3,YES,4,YES
15869,40,1167,86226.71,Amazon,NET BANKING,USA,ATM,2026-04-23T14:52:32.000+05:30,YES,14,NO,4,YES
15948,56,1049,79763.62,Petrol Pump,ATM WITHDRAWAL,India,Tablet,2026-05-17T09:58:46.000+05:30,YES,9,NO,5,NO
16520,24,1121,35203.6,Zomato,CARD,Germany,Mobile,2026-05-11T18:02:55.000+05:30,NO,18,NO,5,YES
16601,18,1137,54736.24,Swiggy,ATM WITHDRAWAL,UK,ATM,2026-05-15T14:20:38.000+05:30,YES,14,NO,5,YES
16717,77,1032,71102.25,Amazon,ATM WITHDRAWAL,USA,Tablet,2026-05-12T04:45:17.000+05:30,YES,4,YES,5,YES
17304,18,1196,9498.1,Flipkart,NET BANKING,UK,Tablet,2026-05-06T10:11:52.000+05:30,NO,10,NO,5,YES
17474,40,1187,28704.94,Apple Store,CARD,Germany,Laptop,2026-04-21T04:46:41.000+05:30,NO,4,YES,4,YES
17513,88,1143,18520.0,Flipkart,NET BANKING,Germany,ATM,2026-05-18T06:23:10.000+05:30,NO,6,NO,5,YES
18187,8,1124,7680.74,Nike,CARD,USA,Mobile,2026-04-26T10:04:27.000+05:30,NO,10,NO,4,YES
18277,3,1023,74624.07,Zomato,CARD,UK,Laptop,2026-04-24T15:54:16.000+05:30,YES,15,NO,4,YES
18311,19,1007,79452.1,Netflix,CARD,India,ATM,2026-05-12T04:27:37.000+05:30,YES,4,YES,5,NO
18545,41,1190,66762.04,Zomato,UPI,UK,Mobile,2026-04-30T15:14:05.000+05:30,YES,15,NO,4,YES
18967,58,1184,49896.93,Flipkart,NET BANKING,Singapore,Laptop,2026-05-17T04:37:24.000+05:30,NO,4,YES,5,YES
19112,12,1140,72696.31,Flipkart,UPI,USA,Tablet,2026-04-19T17:37:14.000+05:30,YES,17,NO,4,YES
19141,71,1142,89267.3,Uber,ATM WITHDRAWAL,Germany,ATM,2026-04-30T12:27:22.000+05:30,YES,12,NO,4,YES
19359,53,1068,95507.18,Petrol Pump,ATM WITHDRAWAL,UK,Tablet,2026-04-20T11:23:01.000+05:30,YES,11,NO,4,YES
19363,42,1044,46059.58,Amazon,UPI,USA,Tablet,2026-05-13T21:44:19.000+05:30,NO,21,NO,5,YES
19548,94,1070,27698.91,Petrol Pump,ATM WITHDRAWAL,Germany,Tablet,2026-05-03T19:10:14.000+05:30,NO,19,NO,5,YES
19820,44,1138,48355.44,Nike,NET BANKING,UK,Tablet,2026-04-26T21:32:45.000+05:30,NO,21,NO,4,YES
10453,78,1199,75770.0,Uber,UPI,Singapore,Laptop,2026-04-24T03:16:50.000+05:30,YES,3,YES,4,YES
10455,57,1149,59557.09,Apple Store,NET BANKING,Singapore,Mobile,2026-04-23T12:47:43.000+05:30,YES,12,NO,4,YES
10845,11,1027,97401.67,Flipkart,UPI,UK,Tablet,2026-04-25T06:42:01.000+05:30,YES,6,NO,4,YES
11089,54,1009,40995.48,Swiggy,NET BANKING,USA,ATM,2026-05-12T01:57:30.000+05:30,NO,1,YES,5,YES
11143,21,1148,56564.78,Petrol Pump,CARD,UK,ATM,2026-05-08T07:55:39.000+05:30,YES,7,NO,5,YES
11151,26,1027,76442.97,Petrol Pump,CARD,USA,Mobile,2026-05-14T04:46:27.000+05:30,YES,4,YES,5,YES
11558,61,1069,94188.14,Zomato,NET BANKING,India,Laptop,2026-05-09T16:30:31.000+05:30,YES,16,NO,5,NO
11645,25,1105,6775.41,Zomato,UPI,UK,Laptop,2026-05-05T17:36:39.000+05:30,NO,17,NO,5,YES
11654,4,1133,46533.85,Flipkart,CARD,USA,ATM,2026-04-26T20:17:47.000+05:30,NO,20,NO,4,YES
11866,29,1127,97597.63,Swiggy,ATM WITHDRAWAL,Germany,Laptop,2026-05-02T14:28:01.000+05:30,YES,14,NO,5,YES
12099,60,1072,96184.94,Nike,UPI,India,Laptop,2026-05-02T06:47:06.000+05:30,YES,6,NO,5,NO
12119,92,1148,5454.44,Netflix,ATM WITHDRAWAL,India,Laptop,2026-05-06T03:30:12.000+05:30,NO,3,YES,5,NO
12836,45,1034,1698.7,Nike,CARD,Germany,Laptop,2026-04-24T18:18:22.000+05:30,NO,18,NO,4,YES
12851,77,1162,26287.29,Apple Store,CARD,USA,Tablet,2026-05-01T03:47:15.000+05:30,NO,3,YES,5,YES
13284,24,1159,62818.0,Netflix,UPI,UK,Tablet,2026-05-02T03:08:57.000+05:30,YES,3,YES,5,YES
13323,100,1187,63137.96,Amazon,ATM WITHDRAWAL,Singapore,Tablet,2026-05-08T05:24:06.000+05:30,YES,5,YES,5,YES
13542,51,1193,83118.85,Nike,UPI,India,Laptop,2026-04-30T22:50:48.000+05:30,YES,22,NO,4,NO
13913,75,1039,13580.39,Netflix,UPI,Singapore,Laptop,2026-04-30T21:48:57.000+05:30,NO,21,NO,4,YES
13989,44,1193,95057.8,Swiggy,UPI,UK,Laptop,2026-05-04T16:43:15.000+05:30,YES,16,NO,5,YES
14042,45,1038,98650.45,Zomato,ATM WITHDRAWAL,India,Mobile,2026-04-19T21:19:11.000+05:30,YES,21,NO,4,NO
14270,34,1182,42109.83,Petrol Pump,UPI,Germany,Mobile,2026-05-16T19:15:28.000+05:30,NO,19,NO,5,YES
14325,60,1133,67267.37,Flipkart,UPI,UK,Mobile,2026-05-02T14:46:14.000+05:30,YES,14,NO,5,YES
15562,90,1061,73304.35,Petrol Pump,ATM WITHDRAWAL,UK,Tablet,2026-05-06T13:52:48.000+05:30,YES,13,NO,5,YES
16682,21,1169,67402.58,Swiggy,UPI,Singapore,Mobile,2026-04-24T01:35:58.000+05:30,YES,1,YES,4,YES
16718,95,1107,69746.25,Flipkart,ATM WITHDRAWAL,India,Mobile,2026-05-18T08:08:18.000+05:30,YES,8,NO,5,NO
16765,33,1191,3709.72,Uber,ATM WITHDRAWAL,Singapore,Mobile,2026-05-12T11:20:36.000+05:30,NO,11,NO,5,YES
16899,74,1124,42231.45,Flipkart,CARD,Germany,Tablet,2026-05-04T00:08:36.000+05:30,NO,0,YES,5,YES
17412,21,1035,70503.67,Uber,NET BANKING,UK,Mobile,2026-04-21T11:37:06.000+05:30,YES,11,NO,4,YES
17590,13,1146,21642.9,Netflix,ATM WITHDRAWAL,Germany,Tablet,2026-04-27T05:16:48.000+05:30,NO,5,YES,4,YES
17795,69,1059,36681.22,Nike,UPI,USA,Tablet,2026-05-04T02:17:49.000+05:30,NO,2,YES,5,YES
18034,3,1076,97223.2,Flipkart,ATM WITHDRAWAL,Germany,Mobile,2026-04-25T19:48:48.000+05:30,YES,19,NO,4,YES
18239,57,1182,13041.68,Apple Store,ATM WITHDRAWAL,Singapore,Laptop,2026-04-24T18:29:05.000+05:30,NO,18,NO,4,YES
18546,37,1074,55637.03,Netflix,CARD,India,Laptop,2026-04-27T12:21:13.000+05:30,YES,12,NO,4,NO
19029,35,1174,32055.81,Swiggy,ATM WITHDRAWAL,Germany,Tablet,2026-05-13T01:52:45.000+05:30,NO,1,YES,5,YES
19144,35,1143,93912.57,Amazon,NET BANKING,India,ATM,2026-05-13T07:10:02.000+05:30,YES,7,NO,5,NO
19630,72,1013,57968.13,Amazon,UPI,UK,ATM,2026-04-21T16:06:34.000+05:30,YES,16,NO,4,YES
10381,99,1184,43597.71,Swiggy,UPI,USA,Tablet,2026-04-30T18:37:52.000+05:30,NO,18,NO,4,YES
11300,50,1085,17838.28,Flipkart,NET BANKING,Singapore,Tablet,2026-05-16T01:18:41.000+05:30,NO,1,YES,5,YES
11499,27,1130,55696.74,Netflix,NET BANKING,India,ATM,2026-04-27T21:29:26.000+05:30,YES,21,NO,4,NO
11506,31,1187,59820.45,Swiggy,CARD,Germany,Laptop,2026-04-27T18:44:38.000+05:30,YES,18,NO,4,YES
11600,83,1064,94345.63,Uber,ATM WITHDRAWAL,India,ATM,2026-04-28T07:01:59.000+05:30,YES,7,NO,4,NO
12319,54,1091,29825.45,Walmart,UPI,Singapore,Mobile,2026-05-17T18:51:14.000+05:30,NO,18,NO,5,YES
12394,82,1166,26535.72,Swiggy,ATM WITHDRAWAL,Singapore,ATM,2026-04-30T09:36:53.000+05:30,NO,9,NO,4,YES
12557,70,1118,82034.99,Swiggy,UPI,Germany,Tablet,2026-05-12T09:55:18.000+05:30,YES,9,NO,5,YES
12736,31,1049,59173.46,Nike,NET BANKING,Germany,Tablet,2026-04-28T01:17:33.000+05:30,YES,1,YES,4,YES
12755,81,1148,2388.62,Netflix,ATM WITHDRAWAL,USA,Mobile,2026-05-11T01:48:29.000+05:30,NO,1,YES,5,YES
12827,42,1035,80495.64,Zomato,UPI,India,ATM,2026-05-02T07:56:45.000+05:30,YES,7,NO,5,NO
13118,80,1200,29502.9,Swiggy,ATM WITHDRAWAL,Germany,Tablet,2026-04-22T22:18:11.000+05:30,NO,22,NO,4,YES
13274,99,1147,48130.77,Uber,ATM WITHDRAWAL,India,ATM,2026-05-01T05:29:31.000+05:30,NO,5,YES,5,NO
13340,48,1167,114.83,Zomato,ATM WITHDRAWAL,Germany,Mobile,2026-04-30T18:09:35.000+05:30,NO,18,NO,4,YES
13343,23,1163,66736.06,Nike,UPI,Singapore,ATM,2026-05-06T22:16:03.000+05:30,YES,22,NO,5,YES
13534,47,1007,61676.52,Apple Store,UPI,UK,Mobile,2026-04-30T13:06:31.000+05:30,YES,13,NO,4,YES
13543,8,1031,38231.62,Petrol Pump,NET BANKING,USA,ATM,2026-04-23T05:14:19.000+05:30,NO,5,YES,4,YES
13640,94,1070,96889.52,Nike,ATM WITHDRAWAL,Singapore,Mobile,2026-04-24T16:32:49.000+05:30,YES,16,NO,4,YES
13692,16,1098,47185.0,Zomato,NET BANKING,USA,Laptop,2026-05-12T03:15:42.000+05:30,NO,3,YES,5,YES
13887,10,1026,45331.41,Petrol Pump,ATM WITHDRAWAL,Singapore,Tablet,2026-04-29T21:26:07.000+05:30,NO,21,NO,4,YES
14573,55,1008,57242.25,Swiggy,CARD,Germany,Laptop,2026-05-15T20:09:27.000+05:30,YES,20,NO,5,YES
14884,35,1043,63383.91,Uber,CARD,UK,Tablet,2026-04-19T05:55:37.000+05:30,YES,5,YES,4,YES
15208,24,1188,63782.35,Amazon,ATM WITHDRAWAL,USA,Mobile,2026-05-07T10:03:40.000+05:30,YES,10,NO,5,YES
15518,27,1058,38485.45,Flipkart,CARD,Germany,Mobile,2026-05-04T21:58:32.000+05:30,NO,21,NO,5,YES
17517,24,1029,98794.69,Nike,UPI,Germany,Laptop,2026-04-28T20:32:44.000+05:30,YES,20,NO,4,YES
17521,8,1134,50045.78,Zomato,UPI,Singapore,Mobile,2026-05-15T02:40:12.000+05:30,YES,2,YES,5,YES
17774,49,1041,3696.15,Zomato,CARD,Germany,Laptop,2026-04-19T18:13:33.000+05:30,NO,18,NO,4,YES
17963,86,1136,39635.46,Zomato,NET BANKING,Germany,Mobile,2026-05-03T00:59:53.000+05:30,NO,0,YES,5,YES
18042,39,1173,75722.68,Apple Store,ATM WITHDRAWAL,Germany,Mobile,2026-05-02T09:25:40.000+05:30,YES,9,NO,5,YES
18553,71,1179,26577.02,Uber,CARD,Singapore,Mobile,2026-04-22T19:04:51.000+05:30,NO,19,NO,4,YES
19162,31,1134,17628.41,Walmart,ATM WITHDRAWAL,USA,Laptop,2026-04-27T16:46:37.000+05:30,NO,16,NO,4,YES
19547,12,1041,36229.87,Zomato,NET BANKING,USA,Mobile,2026-05-05T06:56:44.000+05:30,NO,6,NO,5,YES
19602,10,1107,77710.96,Amazon,NET BANKING,UK,Laptop,2026-05-01T02:45:39.000+05:30,YES,2,YES,5,YES
19689,30,1191,82893.65,Swiggy,ATM WITHDRAWAL,Germany,ATM,2026-04-25T09:22:24.000+05:30,YES,9,NO,4,YES
10099,75,1082,7671.38,Nike,CARD,UK,Mobile,2026-05-03T06:30:08.000+05:30,NO,6,NO,5,YES
10200,1,1076,65416.8,Nike,UPI,Singapore,Mobile,2026-05-10T18:12:47.000+05:30,YES,18,NO,5,YES
10747,32,1081,87004.22,Zomato,CARD,USA,Mobile,2026-05-15T05:55:36.000+05:30,YES,5,YES,5,YES
11168,98,1045,41595.42,Amazon,ATM WITHDRAWAL,Germany,Mobile,2026-04-18T19:23:48.000+05:30,NO,19,NO,4,YES
11236,67,1085,27889.6,Zomato,UPI,UK,Mobile,2026-04-26T11:46:11.000+05:30,NO,11,NO,4,YES
11477,9,1019,40723.07,Uber,CARD,USA,Mobile,2026-04-27T00:14:56.000+05:30,NO,0,YES,4,YES
12894,69,1153,73341.84,Walmart,CARD,Germany,Laptop,2026-05-08T09:57:57.000+05:30,YES,9,NO,5,YES
13032,19,1149,76183.75,Flipkart,CARD,India,Mobile,2026-04-20T09:29:21.000+05:30,YES,9,NO,4,NO
13539,2,1009,23245.9,Amazon,NET BANKING,Germany,ATM,2026-05-01T07:27:26.000+05:30,NO,7,NO,5,YES
13567,22,1108,16397.14,Zomato,ATM WITHDRAWAL,USA,Laptop,2026-05-17T14:38:40.000+05:30,NO,14,NO,5,YES
13691,39,1133,23583.51,Walmart,UPI,Germany,Laptop,2026-04-19T17:07:25.000+05:30,NO,17,NO,4,YES
13936,28,1135,1971.68,Petrol Pump,NET BANKING,Singapore,Mobile,2026-04-21T12:48:53.000+05:30,NO,12,NO,4,YES
14246,26,1151,45995.69,Swiggy,NET BANKING,Singapore,Laptop,2026-05-07T15:34:15.000+05:30,NO,15,NO,5,YES
14455,40,1174,27384.9,Walmart,UPI,Germany,Tablet,2026-05-18T03:04:27.000+05:30,NO,3,YES,5,YES
14524,29,1155,60310.67,Netflix,ATM WITHDRAWAL,Germany,Laptop,2026-05-10T19:19:41.000+05:30,YES,19,NO,5,YES
15241,12,1162,65359.91,Walmart,NET BANKING,India,ATM,2026-05-16T14:16:53.000+05:30,YES,14,NO,5,NO
15816,41,1159,68667.29,Amazon,CARD,Germany,Laptop,2026-05-14T19:18:14.000+05:30,YES,19,NO,5,YES
16203,14,1113,73658.04,Petrol Pump,UPI,Germany,Tablet,2026-04-25T21:47:53.000+05:30,YES,21,NO,4,YES
16341,37,1056,75621.83,Flipkart,ATM WITHDRAWAL,India,Mobile,2026-04-27T05:58:16.000+05:30,YES,5,YES,4,NO
16431,92,1048,66575.19,Swiggy,CARD,UK,Laptop,2026-04-30T01:31:36.000+05:30,YES,1,YES,4,YES
17332,78,1171,19430.61,Flipkart,UPI,USA,ATM,2026-05-01T13:44:38.000+05:30,NO,13,NO,5,YES
17651,41,1056,38784.55,Netflix,CARD,UK,Tablet,2026-05-09T08:02:54.000+05:30,NO,8,NO,5,YES
17698,70,1045,80838.34,Netflix,UPI,UK,Laptop,2026-05-15T18:51:06.000+05:30,YES,18,NO,5,YES
17835,83,1064,31280.17,Petrol Pump,CARD,Germany,Tablet,2026-05-10T05:50:59.000+05:30,NO,5,YES,5,YES
18265,92,1152,54949.18,Amazon,ATM WITHDRAWAL,India,ATM,2026-04-20T01:16:15.000+05:30,YES,1,YES,4,NO
18269,23,1097,79836.25,Uber,ATM WITHDRAWAL,Singapore,ATM,2026-05-16T09:18:26.000+05:30,YES,9,NO,5,YES
18803,92,1123,65670.86,Swiggy,CARD,USA,Mobile,2026-05-13T14:13:14.000+05:30,YES,14,NO,5,YES
18809,19,1159,20885.96,Flipkart,CARD,Germany,ATM,2026-05-18T09:37:47.000+05:30,NO,9,NO,5,YES
18972,42,1194,64011.28,Flipkart,UPI,Singapore,Mobile,2026-05-13T12:31:54.000+05:30,YES,12,NO,5,YES
19331,16,1146,54772.3,Walmart,UPI,Singapore,Laptop,2026-05-01T20:06:49.000+05:30,YES,20,NO,5,YES
19530,74,1169,21355.03,Swiggy,NET BANKING,Singapore,Tablet,2026-05-16T21:34:00.000+05:30,NO,21,NO,5,YES
19667,20,1140,30486.56,Swiggy,ATM WITHDRAWAL,UK,Mobile,2026-05-09T20:59:21.000+05:30,NO,20,NO,5,YES
10070,43,1166,82213.15,Zomato,UPI,India,ATM,2026-04-20T00:34:06.000+05:30,YES,0,YES,4,NO
10310,33,1108,75082.74,Flipkart,NET BANKING,Singapore,Mobile,2026-04-28T23:23:29.000+05:30,YES,23,NO,4,YES
11075,32,1081,70534.85,Netflix,CARD,UK,Tablet,2026-04-25T16:14:35.000+05:30,YES,16,NO,4,YES
11118,43,1147,10370.97,Amazon,ATM WITHDRAWAL,UK,ATM,2026-04-30T16:34:22.000+05:30,NO,16,NO,4,YES
11523,61,1092,65966.43,Walmart,UPI,USA,Laptop,2026-05-11T16:34:33.000+05:30,YES,16,NO,5,YES
12277,6,1036,80435.83,Petrol Pump,NET BANKING,Singapore,ATM,2026-04-27T10:20:24.000+05:30,YES,10,NO,4,YES
12378,72,1158,85105.67,Amazon,NET BANKING,USA,Laptop,2026-04-27T23:47:31.000+05:30,YES,23,NO,4,YES
12541,69,1132,35534.62,Zomato,ATM WITHDRAWAL,USA,Tablet,2026-04-25T05:13:23.000+05:30,NO,5,YES,4,YES
12653,63,1043,56981.4,Amazon,CARD,India,Mobile,2026-05-18T12:18:38.000+05:30,YES,12,NO,5,NO
12838,37,1190,46070.67,Flipkart,NET BANKING,Singapore,ATM,2026-04-22T03:22:28.000+05:30,NO,3,YES,4,YES
13101,93,1155,36923.92,Swiggy,CARD,Singapore,Laptop,2026-04-23T03:55:13.000+05:30,NO,3,YES,4,YES
13392,2,1179,36496.98,Amazon,NET BANKING,USA,ATM,2026-04-27T18:01:51.000+05:30,NO,18,NO,4,YES
14009,72,1004,1706.32,Flipkart,UPI,USA,ATM,2026-04-21T10:19:54.000+05:30,NO,10,NO,4,YES
14102,26,1078,73428.86,Netflix,NET BANKING,India,Laptop,2026-05-07T04:08:44.000+05:30,YES,4,YES,5,NO
14426,30,1025,69125.68,Netflix,ATM WITHDRAWAL,Germany,Mobile,2026-05-08T00:46:28.000+05:30,YES,0,YES,5,YES
15106,48,1108,63422.63,Petrol Pump,UPI,USA,Mobile,2026-05-08T10:08:09.000+05:30,YES,10,NO,5,YES
15610,15,1116,84046.56,Walmart,CARD,Germany,Laptop,2026-05-16T06:30:35.000+05:30,YES,6,NO,5,YES
15622,59,1036,54204.35,Netflix,UPI,Singapore,Laptop,2026-05-16T21:54:50.000+05:30,YES,21,NO,5,YES
17033,73,1134,65965.99,Flipkart,UPI,Germany,ATM,2026-04-26T19:26:40.000+05:30,YES,19,NO,4,YES
17038,41,1110,3752.23,Swiggy,UPI,Singapore,Tablet,2026-05-03T10:53:42.000+05:30,NO,10,NO,5,YES
17046,80,1079,42618.61,Walmart,UPI,UK,Mobile,2026-05-14T06:35:54.000+05:30,NO,6,NO,5,YES
17244,21,1034,45108.69,Uber,UPI,USA,Mobile,2026-05-10T15:15:50.000+05:30,NO,15,NO,5,YES
17507,28,1116,12564.08,Apple Store,CARD,UK,ATM,2026-05-09T07:25:46.000+05:30,NO,7,NO,5,YES
17994,84,1004,79639.61,Walmart,ATM WITHDRAWAL,Germany,Tablet,2026-05-01T09:11:54.000+05:30,YES,9,NO,5,YES
18257,10,1059,90495.09,Swiggy,UPI,UK,Tablet,2026-05-06T04:28:18.000+05:30,YES,4,YES,5,YES
18341,38,1154,20493.89,Swiggy,UPI,USA,Laptop,2026-05-07T06:12:45.000+05:30,NO,6,NO,5,YES
18593,2,1085,12919.04,Flipkart,UPI,USA,Mobile,2026-04-24T02:48:54.000+05:30,NO,2,YES,4,YES
18598,21,1168,12309.56,Nike,ATM WITHDRAWAL,Singapore,ATM,2026-04-29T08:33:15.000+05:30,NO,8,NO,4,YES
18955,38,1129,26641.7,Apple Store,ATM WITHDRAWAL,UK,Tablet,2026-04-27T00:11:30.000+05:30,NO,0,YES,4,YES
19572,83,1027,31102.81,Nike,NET BANKING,Singapore,Mobile,2026-05-12T09:30:36.000+05:30,NO,9,NO,5,YES
19857,60,1143,83801.95,Walmart,CARD,India,Mobile,2026-04-25T16:28:33.000+05:30,YES,16,NO,4,NO
10218,76,1047,82427.44,Petrol Pump,ATM WITHDRAWAL,USA,ATM,2026-05-10T13:09:20.000+05:30,YES,13,NO,5,YES
10291,46,1099,4109.63,Flipkart,ATM WITHDRAWAL,USA,ATM,2026-05-10T20:04:02.000+05:30,NO,20,NO,5,YES
10610,40,1005,57345.59,Amazon,UPI,Germany,Laptop,2026-04-24T06:05:49.000+05:30,YES,6,NO,4,YES
10699,27,1088,96170.14,Amazon,ATM WITHDRAWAL,USA,Mobile,2026-05-02T02:14:02.000+05:30,YES,2,YES,5,YES
10776,39,1105,67818.02,Petrol Pump,NET BANKING,Germany,Tablet,2026-05-08T11:05:40.000+05:30,YES,11,NO,5,YES
10826,71,1058,99501.79,Apple Store,ATM WITHDRAWAL,UK,Laptop,2026-05-18T10:45:49.000+05:30,YES,10,NO,5,YES
10870,9,1181,44417.62,Uber,CARD,Germany,Tablet,2026-04-19T09:54:45.000+05:30,NO,9,NO,4,YES
11113,67,1152,19754.51,Nike,ATM WITHDRAWAL,Singapore,Tablet,2026-04-24T17:22:06.000+05:30,NO,17,NO,4,YES
11170,65,1183,99318.82,Netflix,ATM WITHDRAWAL,USA,Tablet,2026-04-18T23:31:21.000+05:30,YES,23,NO,4,YES
11175,64,1037,66349.73,Nike,ATM WITHDRAWAL,UK,Tablet,2026-05-04T06:12:51.000+05:30,YES,6,NO,5,YES
11736,12,1083,16828.06,Flipkart,NET BANKING,Germany,Tablet,2026-04-28T08:26:40.000+05:30,NO,8,NO,4,YES
11740,4,1135,6058.5,Uber,ATM WITHDRAWAL,Singapore,Laptop,2026-05-11T15:16:35.000+05:30,NO,15,NO,5,YES
11883,57,1055,31003.27,Amazon,UPI,UK,ATM,2026-05-06T09:06:30.000+05:30,NO,9,NO,5,YES
11916,90,1164,33675.43,Nike,ATM WITHDRAWAL,Singapore,Laptop,2026-05-13T06:27:14.000+05:30,NO,6,NO,5,YES
12065,73,1112,16280.68,Nike,CARD,Germany,Mobile,2026-04-22T02:33:14.000+05:30,NO,2,YES,4,YES
12145,78,1084,71503.11,Swiggy,CARD,Germany,Laptop,2026-04-19T02:53:24.000+05:30,YES,2,YES,4,YES
12561,97,1096,78778.8,Petrol Pump,CARD,USA,ATM,2026-04-20T08:50:42.000+05:30,YES,8,NO,4,YES
13045,70,1065,97536.57,Netflix,ATM WITHDRAWAL,USA,Tablet,2026-04-27T19:33:32.000+05:30,YES,19,NO,4,YES
13174,86,1116,28207.3,Petrol Pump,UPI,USA,ATM,2026-04-30T19:50:04.000+05:30,NO,19,NO,4,YES
13488,34,1119,60344.01,Nike,ATM WITHDRAWAL,UK,ATM,2026-05-17T00:32:16.000+05:30,YES,0,YES,5,YES
13591,63,1164,43311.63,Amazon,CARD,Germany,Laptop,2026-04-23T07:12:22.000+05:30,NO,7,NO,4,YES
13643,45,1126,60681.06,Flipkart,UPI,Singapore,Tablet,2026-04-29T05:57:41.000+05:30,YES,5,YES,4,YES
13680,37,1002,71320.02,Uber,CARD,USA,Tablet,2026-04-21T18:26:25.000+05:30,YES,18,NO,4,YES
13899,25,1145,85772.01,Uber,NET BANKING,India,ATM,2026-05-18T04:20:24.000+05:30,YES,4,YES,5,NO
14114,87,1115,72333.87,Netflix,CARD,UK,Tablet,2026-05-13T04:19:13.000+05:30,YES,4,YES,5,YES
14392,61,1041,11718.3,Apple Store,CARD,India,Mobile,2026-04-22T03:31:39.000+05:30,NO,3,YES,4,NO
14577,86,1053,84295.73,Walmart,ATM WITHDRAWAL,India,Tablet,2026-05-01T04:43:11.000+05:30,YES,4,YES,5,NO
14639,73,1100,77079.84,Nike,NET BANKING,UK,Laptop,2026-04-22T11:36:49.000+05:30,YES,11,NO,4,YES
14671,78,1166,80146.96,Amazon,UPI,USA,Tablet,2026-04-30T19:03:47.000+05:30,YES,19,NO,4,YES
14689,37,1077,78655.63,Walmart,UPI,Germany,ATM,2026-05-13T22:06:18.000+05:30,YES,22,NO,5,YES
14857,16,1055,31606.97,Walmart,CARD,USA,Laptop,2026-04-26T11:12:55.000+05:30,NO,11,NO,4,YES
14887,24,1015,38324.59,Flipkart,UPI,USA,ATM,2026-04-30T13:53:53.000+05:30,NO,13,NO,4,YES
15033,59,1180,35307.44,Zomato,CARD,Singapore,Laptop,2026-05-17T02:44:55.000+05:30,NO,2,YES,5,YES
15400,32,1071,944.34,Apple Store,CARD,UK,ATM,2026-05-16T01:07:07.000+05:30,NO,1,YES,5,YES
15408,36,1075,61265.87,Netflix,UPI,USA,Tablet,2026-04-24T06:30:30.000+05:30,YES,6,NO,4,YES
15548,82,1082,99215.83,Nike,UPI,Germany,Tablet,2026-04-29T14:45:40.000+05:30,YES,14,NO,4,YES
15647,70,1144,4602.26,Petrol Pump,CARD,Germany,Laptop,2026-04-25T13:46:53.000+05:30,NO,13,NO,4,YES
15882,52,1075,37727.73,Walmart,NET BANKING,Singapore,Tablet,2026-05-02T09:56:29.000+05:30,NO,9,NO,5,YES
15923,30,1146,63315.72,Netflix,NET BANKING,USA,ATM,2026-05-01T06:29:33.000+05:30,YES,6,NO,5,YES
16229,72,1124,53916.1,Walmart,CARD,Singapore,Tablet,2026-04-30T10:59:53.000+05:30,YES,10,NO,4,YES
16492,92,1114,5423.47,Apple Store,UPI,Germany,Tablet,2026-05-04T20:20:07.000+05:30,NO,20,NO,5,YES
16633,29,1132,88748.77,Petrol Pump,ATM WITHDRAWAL,UK,Tablet,2026-05-01T13:23:50.000+05:30,YES,13,NO,5,YES
16922,26,1058,11813.33,Amazon,UPI,UK,ATM,2026-04-20T07:22:51.000+05:30,NO,7,NO,4,YES
17129,17,1074,87062.65,Petrol Pump,CARD,Germany,Laptop,2026-04-20T08:25:04.000+05:30,YES,8,NO,4,YES
17213,47,1127,58204.01,Uber,NET BANKING,UK,Tablet,2026-04-30T18:27:25.000+05:30,YES,18,NO,4,YES
17395,21,1169,58747.98,Flipkart,NET BANKING,Germany,Mobile,2026-05-08T09:11:30.000+05:30,YES,9,NO,5,YES
17705,66,1054,78883.09,Netflix,ATM WITHDRAWAL,India,Tablet,2026-05-14T07:05:32.000+05:30,YES,7,NO,5,NO
18050,31,1091,66275.46,Netflix,ATM WITHDRAWAL,UK,Laptop,2026-04-27T04:23:32.000+05:30,YES,4,YES,4,YES
18346,1,1155,30965.07,Netflix,CARD,Germany,Tablet,2026-05-10T17:40:01.000+05:30,NO,17,NO,5,YES
18427,97,1186,53960.99,Apple Store,NET BANKING,UK,Mobile,2026-05-01T08:22:36.000+05:30,YES,8,NO,5,YES
18465,67,1069,19798.91,Apple Store,NET BANKING,USA,Mobile,2026-04-30T05:20:16.000+05:30,NO,5,YES,4,YES
18653,32,1055,98027.72,Uber,UPI,USA,Tablet,2026-04-30T02:20:30.000+05:30,YES,2,YES,4,YES
18788,51,1065,33903.28,Zomato,UPI,Germany,Tablet,2026-05-04T20:40:26.000+05:30,NO,20,NO,5,YES
18801,18,1041,94644.98,Nike,CARD,Singapore,Mobile,2026-05-11T21:54:19.000+05:30,YES,21,NO,5,YES
18843,39,1166,60329.11,Zomato,NET BANKING,USA,ATM,2026-04-25T04:27:20.000+05:30,YES,4,YES,4,YES
19080,91,1044,56327.32,Apple Store,CARD,Singapore,Tablet,2026-05-06T12:15:49.000+05:30,YES,12,NO,5,YES
19083,55,1124,77762.94,Flipkart,NET BANKING,USA,ATM,2026-04-25T13:12:59.000+05:30,YES,13,NO,4,YES
19119,25,1126,3299.6,Netflix,UPI,Germany,Laptop,2026-04-26T10:02:27.000+05:30,NO,10,NO,4,YES
19710,16,1171,90588.07,Apple Store,ATM WITHDRAWAL,Singapore,Laptop,2026-04-19T18:07:51.000+05:30,YES,18,NO,4,YES
10051,50,1150,89359.0,Nike,CARD,Germany,Laptop,2026-05-04T08:30:02.000+05:30,YES,8,NO,5,YES
10294,63,1001,13167.3,Flipkart,UPI,Singapore,Tablet,2026-04-22T14:27:45.000+05:30,NO,14,NO,4,YES
10471,37,1078,74010.39,Uber,UPI,India,Laptop,2026-04-22T00:50:24.000+05:30,YES,0,YES,4,NO
10564,86,1092,69275.73,Swiggy,CARD,USA,Tablet,2026-05-08T19:56:57.000+05:30,YES,19,NO,5,YES
10681,97,1147,62355.18,Netflix,CARD,Singapore,Laptop,2026-05-02T07:23:18.000+05:30,YES,7,NO,5,YES
11066,70,1159,53848.89,Amazon,NET BANKING,India,ATM,2026-04-29T09:35:15.000+05:30,YES,9,NO,4,NO
11435,49,1175,7168.18,Netflix,NET BANKING,Singapore,Tablet,2026-05-17T04:03:38.000+05:30,NO,4,YES,5,YES
11665,14,1102,18745.79,Amazon,UPI,USA,Laptop,2026-04-27T01:11:10.000+05:30,NO,1,YES,4,YES
11776,43,1006,20420.72,Nike,UPI,Germany,ATM,2026-05-02T05:33:25.000+05:30,NO,5,YES,5,YES
12111,84,1142,98372.04,Netflix,CARD,Singapore,Laptop,2026-04-27T02:13:03.000+05:30,YES,2,YES,4,YES
12214,59,1028,43618.03,Amazon,NET BANKING,UK,ATM,2026-04-25T16:42:26.000+05:30,NO,16,NO,4,YES
12328,38,1144,19197.26,Uber,CARD,Germany,Mobile,2026-05-11T20:26:10.000+05:30,NO,20,NO,5,YES
12335,78,1138,73659.66,Amazon,UPI,Germany,Mobile,2026-05-09T21:18:46.000+05:30,YES,21,NO,5,YES
12689,17,1142,90082.44,Nike,NET BANKING,UK,Mobile,2026-04-23T02:27:00.000+05:30,YES,2,YES,4,YES
13027,99,1100,16354.82,Swiggy,NET BANKING,USA,Laptop,2026-04-28T22:23:59.000+05:30,NO,22,NO,4,YES
13638,59,1147,56688.28,Flipkart,NET BANKING,USA,Mobile,2026-04-28T13:34:17.000+05:30,YES,13,NO,4,YES
13671,99,1073,94235.46,Swiggy,ATM WITHDRAWAL,USA,ATM,2026-04-26T14:06:06.000+05:30,YES,14,NO,4,YES
13739,2,1010,56487.49,Swiggy,NET BANKING,Germany,Laptop,2026-04-23T04:40:13.000+05:30,YES,4,YES,4,YES
13969,52,1073,57653.5,Amazon,NET BANKING,India,Laptop,2026-04-20T07:00:51.000+05:30,YES,7,NO,4,NO
13976,4,1142,58906.4,Walmart,NET BANKING,Germany,Laptop,2026-04-25T14:21:26.000+05:30,YES,14,NO,4,YES
14077,3,1123,97108.24,Swiggy,UPI,India,ATM,2026-05-09T03:47:03.000+05:30,YES,3,YES,5,NO
14179,33,1117,43871.42,Swiggy,UPI,UK,Tablet,2026-05-16T04:57:32.000+05:30,NO,4,YES,5,YES
14662,11,1010,19674.87,Nike,UPI,Germany,Laptop,2026-04-24T22:24:04.000+05:30,NO,22,NO,4,YES
14673,11,1087,40497.52,Nike,ATM WITHDRAWAL,UK,Mobile,2026-05-06T08:08:13.000+05:30,NO,8,NO,5,YES
15011,54,1065,27559.89,Apple Store,CARD,USA,ATM,2026-04-30T03:43:59.000+05:30,NO,3,YES,4,YES
15030,36,1014,29641.17,Amazon,CARD,UK,Mobile,2026-04-29T18:22:10.000+05:30,NO,18,NO,4,YES
15260,22,1130,81275.37,Apple Store,UPI,India,ATM,2026-05-13T15:24:54.000+05:30,YES,15,NO,5,NO
15325,88,1049,33649.35,Amazon,ATM WITHDRAWAL,Germany,Tablet,2026-05-03T23:05:22.000+05:30,NO,23,NO,5,YES
15520,49,1084,88670.84,Flipkart,ATM WITHDRAWAL,UK,Tablet,2026-04-30T14:31:10.000+05:30,YES,14,NO,4,YES
15904,92,1155,7802.42,Walmart,NET BANKING,Germany,Tablet,2026-05-09T14:36:20.000+05:30,NO,14,NO,5,YES
16067,19,1111,2438.14,Flipkart,ATM WITHDRAWAL,UK,ATM,2026-05-17T16:49:27.000+05:30,NO,16,NO,5,YES
16290,27,1197,86187.61,Petrol Pump,ATM WITHDRAWAL,UK,Tablet,2026-04-30T14:23:16.000+05:30,YES,14,NO,4,YES
16361,53,1084,91243.57,Zomato,UPI,USA,Mobile,2026-05-14T01:58:45.000+05:30,YES,1,YES,5,YES
16380,58,1002,36091.3,Zomato,NET BANKING,UK,Mobile,2026-04-29T11:48:11.000+05:30,NO,11,NO,4,YES
16550,20,1111,38627.09,Swiggy,CARD,USA,Laptop,2026-05-13T17:05:36.000+05:30,NO,17,NO,5,YES
17067,78,1151,77936.65,Amazon,NET BANKING,Germany,Laptop,2026-04-20T05:35:21.000+05:30,YES,5,YES,4,YES
17199,18,1124,66151.98,Zomato,CARD,USA,Tablet,2026-04-23T00:33:21.000+05:30,YES,0,YES,4,YES
17206,38,1173,70923.32,Amazon,ATM WITHDRAWAL,USA,Tablet,2026-05-09T23:12:47.000+05:30,YES,23,NO,5,YES
17597,23,1178,81281.08,Apple Store,NET BANKING,Germany,ATM,2026-05-10T02:52:23.000+05:30,YES,2,YES,5,YES
17859,88,1095,14027.31,Amazon,CARD,USA,ATM,2026-04-24T00:38:41.000+05:30,NO,0,YES,4,YES
18403,66,1032,72522.81,Amazon,CARD,Singapore,Mobile,2026-05-14T14:29:58.000+05:30,YES,14,NO,5,YES
18494,16,1179,32762.9,Flipkart,ATM WITHDRAWAL,USA,Tablet,2026-05-13T12:55:36.000+05:30,NO,12,NO,5,YES
18775,69,1178,52345.48,Walmart,CARD,Germany,Laptop,2026-04-24T20:12:51.000+05:30,YES,20,NO,4,YES
18786,17,1101,75701.82,Swiggy,CARD,UK,Tablet,2026-04-19T04:33:36.000+05:30,YES,4,YES,4,YES
19129,88,1190,91324.72,Amazon,UPI,India,ATM,2026-05-07T01:16:56.000+05:30,YES,1,YES,5,NO
19354,59,1136,99472.28,Nike,UPI,UK,Tablet,2026-04-28T01:49:00.000+05:30,YES,1,YES,4,YES
10134,72,1099,29497.13,Nike,NET BANKING,UK,ATM,2026-05-18T10:20:13.000+05:30,NO,10,NO,5,YES
10399,94,1173,61225.08,Netflix,ATM WITHDRAWAL,Germany,Mobile,2026-05-15T18:40:00.000+05:30,YES,18,NO,5,YES
11467,75,1149,32322.04,Amazon,ATM WITHDRAWAL,Singapore,Laptop,2026-05-06T13:25:01.000+05:30,NO,13,NO,5,YES
13442,47,1062,68769.64,Walmart,ATM WITHDRAWAL,UK,ATM,2026-05-12T22:03:49.000+05:30,YES,22,NO,5,YES
13527,88,1099,22028.25,Netflix,CARD,Germany,Mobile,2026-05-04T09:57:21.000+05:30,NO,9,NO,5,YES
13998,25,1116,41329.87,Uber,ATM WITHDRAWAL,Germany,ATM,2026-04-22T09:46:08.000+05:30,NO,9,NO,4,YES
14065,59,1055,8444.59,Apple Store,UPI,USA,Mobile,2026-05-09T11:37:01.000+05:30,NO,11,NO,5,YES
14207,11,1136,25067.78,Swiggy,NET BANKING,Germany,ATM,2026-05-12T21:41:27.000+05:30,NO,21,NO,5,YES
15517,62,1022,82612.15,Flipkart,UPI,Singapore,ATM,2026-05-02T07:42:59.000+05:30,YES,7,NO,5,YES
15532,91,1113,76703.8,Netflix,NET BANKING,UK,ATM,2026-05-02T22:15:02.000+05:30,YES,22,NO,5,YES
15683,38,1109,36440.84,Petrol Pump,UPI,Germany,Mobile,2026-04-21T23:51:29.000+05:30,NO,23,NO,4,YES
15814,30,1175,41819.58,Apple Store,UPI,UK,Tablet,2026-05-06T08:50:20.000+05:30,NO,8,NO,5,YES
15934,13,1136,61294.86,Nike,NET BANKING,Germany,Mobile,2026-05-11T01:04:30.000+05:30,YES,1,YES,5,YES
15946,64,1056,32263.1,Zomato,ATM WITHDRAWAL,Singapore,Laptop,2026-05-13T18:00:41.000+05:30,NO,18,NO,5,YES
16028,77,1057,90425.87,Petrol Pump,NET BANKING,UK,Mobile,2026-04-29T03:36:04.000+05:30,YES,3,YES,4,YES
16095,81,1023,59337.56,Zomato,ATM WITHDRAWAL,UK,Mobile,2026-04-19T04:25:28.000+05:30,YES,4,YES,4,YES
17397,96,1182,56002.82,Zomato,UPI,Germany,Laptop,2026-04-26T15:17:36.000+05:30,YES,15,NO,4,YES
17754,75,1158,47784.74,Swiggy,ATM WITHDRAWAL,Singapore,ATM,2026-04-24T19:56:49.000+05:30,NO,19,NO,4,YES
18183,41,1131,27541.4,Uber,CARD,UK,Laptop,2026-04-27T19:37:13.000+05:30,NO,19,NO,4,YES
18493,52,1074,80148.24,Nike,UPI,Germany,ATM,2026-05-05T00:48:19.000+05:30,YES,0,YES,5,YES
18830,32,1056,83581.43,Flipkart,ATM WITHDRAWAL,Singapore,Laptop,2026-05-12T05:59:44.000+05:30,YES,5,YES,5,YES
19163,53,1130,15440.65,Netflix,CARD,Germany,ATM,2026-05-10T07:28:26.000+05:30,NO,7,NO,5,YES
19323,70,1043,66962.52,Flipkart,CARD,Germany,ATM,2026-05-02T13:34:19.000+05:30,YES,13,NO,5,YES
19599,2,1190,31649.75,Uber,UPI,Germany,Mobile,2026-05-04T14:48:16.000+05:30,NO,14,NO,5,YES
19777,33,1018,20717.89,Amazon,NET BANKING,USA,Mobile,2026-05-08T23:00:03.000+05:30,NO,23,NO,5,YES
19895,51,1174,83978.31,Nike,UPI,Singapore,Laptop,2026-04-21T08:10:40.000+05:30,YES,8,NO,4,YES
10085,65,1116,96244.26,Nike,NET BANKING,India,ATM,2026-04-29T18:01:39.000+05:30,YES,18,NO,4,NO
10135,64,1077,14723.93,Petrol Pump,ATM WITHDRAWAL,UK,Mobile,2026-04-29T16:45:35.000+05:30,NO,16,NO,4,YES
10493,94,1147,26351.23,Swiggy,ATM WITHDRAWAL,Singapore,Mobile,2026-05-03T11:34:25.000+05:30,NO,11,NO,5,YES
10517,57,1126,69946.04,Zomato,CARD,Singapore,ATM,2026-04-24T09:10:52.000+05:30,YES,9,NO,4,YES
10661,62,1101,50757.24,Netflix,UPI,USA,Tablet,2026-05-11T04:10:37.000+05:30,YES,4,YES,5,YES
11561,41,1108,21155.53,Apple Store,ATM WITHDRAWAL,Singapore,Tablet,2026-05-04T10:53:45.000+05:30,NO,10,NO,5,YES
11650,1,1178,63020.47,Walmart,NET BANKING,UK,Mobile,2026-05-17T17:55:21.000+05:30,YES,17,NO,5,YES
11674,88,1150,54505.47,Flipkart,UPI,Germany,Laptop,2026-05-12T08:13:45.000+05:30,YES,8,NO,5,YES
12216,45,1018,28447.88,Nike,ATM WITHDRAWAL,USA,ATM,2026-05-08T12:06:09.000+05:30,NO,12,NO,5,YES
12228,66,1097,98163.61,Swiggy,UPI,India,Mobile,2026-05-06T14:43:08.000+05:30,YES,14,NO,5,NO
12537,26,1080,41869.51,Amazon,UPI,India,ATM,2026-04-27T05:49:02.000+05:30,NO,5,YES,4,NO
13162,35,1123,19212.9,Flipkart,ATM WITHDRAWAL,USA,Tablet,2026-04-25T21:30:12.000+05:30,NO,21,NO,4,YES
13454,53,1057,42428.81,Uber,ATM WITHDRAWAL,USA,Tablet,2026-04-24T18:08:43.000+05:30,NO,18,NO,4,YES
14080,23,1032,23212.09,Nike,NET BANKING,USA,Laptop,2026-05-05T14:12:21.000+05:30,NO,14,NO,5,YES
14111,43,1080,95858.92,Nike,ATM WITHDRAWAL,Germany,ATM,2026-05-06T10:32:30.000+05:30,YES,10,NO,5,YES
14171,98,1093,77068.51,Amazon,UPI,Singapore,Mobile,2026-04-24T18:35:24.000+05:30,YES,18,NO,4,YES
14328,74,1072,23219.81,Flipkart,CARD,Germany,ATM,2026-04-19T06:35:05.000+05:30,NO,6,NO,4,YES
14419,23,1015,32543.57,Uber,CARD,UK,Tablet,2026-05-03T01:27:12.000+05:30,NO,1,YES,5,YES
14559,29,1087,74135.59,Flipkart,CARD,Germany,ATM,2026-04-28T12:14:12.000+05:30,YES,12,NO,4,YES
14588,87,1178,83095.67,Netflix,NET BANKING,UK,Mobile,2026-05-10T01:51:23.000+05:30,YES,1,YES,5,YES
15211,55,1046,62625.11,Apple Store,ATM WITHDRAWAL,Singapore,Tablet,2026-04-21T11:01:06.000+05:30,YES,11,NO,4,YES
15675,20,1184,16668.27,Petrol Pump,UPI,UK,Laptop,2026-05-15T03:41:25.000+05:30,NO,3,YES,5,YES
16097,12,1023,47509.15,Uber,CARD,Singapore,Laptop,2026-05-17T00:35:53.000+05:30,NO,0,YES,5,YES
16216,10,1009,19947.56,Walmart,ATM WITHDRAWAL,Singapore,Laptop,2026-05-01T12:10:08.000+05:30,NO,12,NO,5,YES
16675,97,1070,64188.51,Uber,ATM WITHDRAWAL,Singapore,Laptop,2026-04-20T00:06:16.000+05:30,YES,0,YES,4,YES
17045,71,1074,20520.91,Nike,NET BANKING,UK,Laptop,2026-05-09T23:39:45.000+05:30,NO,23,NO,5,YES
17066,38,1173,61426.18,Amazon,ATM WITHDRAWAL,India,ATM,2026-05-04T10:57:52.000+05:30,YES,10,NO,5,NO
17549,13,1106,58037.8,Flipkart,NET BANKING,Germany,ATM,2026-04-19T08:10:24.000+05:30,YES,8,NO,4,YES
17619,85,1106,74583.8,Nike,CARD,Germany,Tablet,2026-05-01T02:11:39.000+05:30,YES,2,YES,5,YES
17995,63,1168,78408.05,Apple Store,ATM WITHDRAWAL,India,Tablet,2026-05-16T08:22:07.000+05:30,YES,8,NO,5,NO
18225,21,1110,77530.88,Netflix,NET BANKING,Singapore,ATM,2026-05-08T08:40:07.000+05:30,YES,8,NO,5,YES
18280,80,1187,56512.46,Flipkart,ATM WITHDRAWAL,Germany,Tablet,2026-04-24T06:44:49.000+05:30,YES,6,NO,4,YES
18313,44,1139,98993.49,Apple Store,NET BANKING,Germany,ATM,2026-04-20T00:31:48.000+05:30,YES,0,YES,4,YES
18399,84,1094,22258.85,Zomato,CARD,Germany,Mobile,2026-04-29T05:47:36.000+05:30,NO,5,YES,4,YES
18463,58,1134,65332.73,Swiggy,UPI,India,ATM,2026-04-28T23:38:15.000+05:30,YES,23,NO,4,NO
18670,15,1162,14514.03,Nike,ATM WITHDRAWAL,Singapore,Laptop,2026-05-09T15:09:03.000+05:30,NO,15,NO,5,YES
18710,70,1060,29187.65,Amazon,UPI,USA,ATM,2026-04-20T00:57:48.000+05:30,NO,0,YES,4,YES
18879,81,1135,99864.88,Apple Store,ATM WITHDRAWAL,Singapore,ATM,2026-05-15T14:56:32.000+05:30,YES,14,NO,5,YES
18885,36,1011,52517.45,Netflix,CARD,UK,Tablet,2026-05-13T23:51:29.000+05:30,YES,23,NO,5,YES
19542,43,1001,8595.43,Nike,CARD,UK,ATM,2026-04-28T06:53:01.000+05:30,NO,6,NO,4,YES
19566,63,1014,18026.06,Uber,UPI,UK,ATM,2026-04-21T14:19:10.000+05:30,NO,14,NO,4,YES
19654,73,1107,76336.23,Walmart,NET BANKING,USA,Mobile,2026-05-13T18:56:00.000+05:30,YES,18,NO,5,YES
19743,14,1026,61330.99,Nike,ATM WITHDRAWAL,USA,ATM,2026-05-18T15:57:35.000+05:30,YES,15,NO,5,YES
10219,50,1171,74400.23,Apple Store,ATM WITHDRAWAL,USA,ATM,2026-05-04T12:30:33.000+05:30,YES,12,NO,5,YES
10278,53,1158,95705.67,Flipkart,ATM WITHDRAWAL,Germany,Laptop,2026-04-21T17:11:56.000+05:30,YES,17,NO,4,YES
10602,35,1015,72260.25,Flipkart,NET BANKING,Germany,Mobile,2026-05-05T02:01:57.000+05:30,YES,2,YES,5,YES
10887,19,1025,42283.52,Amazon,CARD,UK,Mobile,2026-05-13T08:38:25.000+05:30,NO,8,NO,5,YES
10936,71,1010,77559.64,Zomato,CARD,Germany,Mobile,2026-05-13T01:21:40.000+05:30,YES,1,YES,5,YES
11759,10,1009,12208.69,Swiggy,UPI,Germany,Mobile,2026-05-04T21:00:08.000+05:30,NO,21,NO,5,YES
12000,11,1102,63874.67,Flipkart,NET BANKING,UK,Tablet,2026-04-19T23:34:58.000+05:30,YES,23,NO,4,YES
12185,57,1198,54594.05,Nike,CARD,Germany,ATM,2026-04-26T15:04:52.000+05:30,YES,15,NO,4,YES
12213,68,1077,97398.62,Swiggy,NET BANKING,Singapore,Mobile,2026-05-05T01:19:14.000+05:30,YES,1,YES,5,YES
12334,8,1069,25241.44,Petrol Pump,CARD,UK,Tablet,2026-04-30T14:20:14.000+05:30,NO,14,NO,4,YES
12374,9,1015,78414.17,Petrol Pump,NET BANKING,Germany,Laptop,2026-05-04T00:10:07.000+05:30,YES,0,YES,5,YES
12825,31,1176,66071.83,Nike,UPI,Germany,Mobile,2026-05-17T02:09:48.000+05:30,YES,2,YES,5,YES
12939,42,1123,64529.76,Flipkart,UPI,India,Laptop,2026-04-26T14:23:47.000+05:30,YES,14,NO,4,NO
12974,58,1021,3428.18,Zomato,UPI,USA,Laptop,2026-05-11T22:04:36.000+05:30,NO,22,NO,5,YES
13013,58,1019,42147.77,Apple Store,NET BANKING,UK,Laptop,2026-05-07T18:55:23.000+05:30,NO,18,NO,5,YES
13371,57,1189,74915.49,Uber,ATM WITHDRAWAL,Germany,Laptop,2026-05-16T14:55:56.000+05:30,YES,14,NO,5,YES
13560,96,1089,50148.54,Swiggy,NET BANKING,UK,Mobile,2026-05-08T02:15:59.000+05:30,YES,2,YES,5,YES
13756,10,1178,74955.9,Flipkart,CARD,UK,Mobile,2026-04-30T23:36:48.000+05:30,YES,23,NO,4,YES
13949,89,1125,78884.83,Amazon,NET BANKING,UK,ATM,2026-04-20T03:30:26.000+05:30,YES,3,YES,4,YES
14010,33,1028,36408.49,Nike,ATM WITHDRAWAL,Germany,Laptop,2026-05-03T01:14:22.000+05:30,NO,1,YES,5,YES
14762,57,1063,71644.05,Swiggy,ATM WITHDRAWAL,Singapore,ATM,2026-04-29T22:37:03.000+05:30,YES,22,NO,4,YES
14866,100,1167,86991.78,Amazon,NET BANKING,India,Mobile,2026-04-25T10:52:38.000+05:30,YES,10,NO,4,NO
15083,56,1153,52839.82,Petrol Pump,UPI,UK,ATM,2026-04-29T03:07:56.000+05:30,YES,3,YES,4,YES
15174,75,1050,10779.63,Walmart,ATM WITHDRAWAL,Singapore,Laptop,2026-05-15T08:44:47.000+05:30,NO,8,NO,5,YES
15471,67,1042,58432.84,Flipkart,NET BANKING,India,Tablet,2026-05-09T09:09:58.000+05:30,YES,9,NO,5,NO
15860,26,1079,98692.84,Nike,NET BANKING,Germany,Tablet,2026-04-20T09:02:37.000+05:30,YES,9,NO,4,YES
16153,50,1009,15196.94,Zomato,CARD,Singapore,ATM,2026-05-10T07:53:26.000+05:30,NO,7,NO,5,YES
16447,21,1107,55667.08,Amazon,CARD,UK,Tablet,2026-04-27T09:32:09.000+05:30,YES,9,NO,4,YES
17025,13,1172,23002.2,Netflix,CARD,USA,ATM,2026-05-11T09:15:19.000+05:30,NO,9,NO,5,YES
17208,27,1156,30950.01,Netflix,ATM WITHDRAWAL,Germany,Tablet,2026-05-11T19:44:43.000+05:30,NO,19,NO,5,YES
17278,84,1185,79325.42,Netflix,ATM WITHDRAWAL,Germany,ATM,2026-05-15T07:34:22.000+05:30,YES,7,NO,5,YES
17345,77,1128,50310.13,Uber,ATM WITHDRAWAL,UK,Laptop,2026-05-11T23:25:52.000+05:30,YES,23,NO,5,YES
17398,1,1019,86328.56,Amazon,CARD,USA,ATM,2026-04-23T15:16:07.000+05:30,YES,15,NO,4,YES
17663,70,1023,12865.15,Amazon,UPI,UK,Tablet,2026-04-23T20:56:35.000+05:30,NO,20,NO,4,YES
18012,13,1145,20088.67,Apple Store,UPI,Germany,Tablet,2026-04-23T07:07:18.000+05:30,NO,7,NO,4,YES
18373,41,1138,11297.01,Swiggy,UPI,Germany,Laptop,2026-05-18T10:51:37.000+05:30,NO,10,NO,5,YES
18551,94,1062,85190.46,Swiggy,UPI,India,Mobile,2026-04-20T13:26:24.000+05:30,YES,13,NO,4,NO
18796,90,1120,29561.66,Amazon,UPI,Singapore,Laptop,2026-04-28T18:41:51.000+05:30,NO,18,NO,4,YES
19065,1,1138,13265.99,Swiggy,ATM WITHDRAWAL,Singapore,Tablet,2026-05-14T01:03:42.000+05:30,NO,1,YES,5,YES
19173,5,1104,14854.96,Uber,NET BANKING,UK,Tablet,2026-05-04T13:21:50.000+05:30,NO,13,NO,5,YES
19180,33,1133,72873.45,Flipkart,UPI,Germany,Laptop,2026-05-01T10:35:19.000+05:30,YES,10,NO,5,YES
19511,38,1039,51095.05,Apple Store,CARD,India,Laptop,2026-05-13T08:17:51.000+05:30,YES,8,NO,5,NO
10422,10,1038,59486.16,Uber,CARD,Germany,Mobile,2026-05-15T19:00:44.000+05:30,YES,19,NO,5,YES
10974,29,1029,21393.91,Swiggy,UPI,USA,Tablet,2026-05-13T17:02:59.000+05:30,NO,17,NO,5,YES
11181,4,1027,49930.0,Zomato,NET BANKING,Germany,ATM,2026-05-14T15:42:15.000+05:30,NO,15,NO,5,YES
12071,80,1045,22809.04,Nike,UPI,India,ATM,2026-04-20T02:13:00.000+05:30,NO,2,YES,4,NO
12494,18,1048,6024.05,Nike,NET BANKING,USA,Tablet,2026-05-16T22:06:59.000+05:30,NO,22,NO,5,YES
12512,39,1126,50092.97,Apple Store,CARD,Singapore,Tablet,2026-05-07T07:48:55.000+05:30,YES,7,NO,5,YES
12551,27,1140,51883.79,Apple Store,CARD,Germany,Tablet,2026-04-23T05:55:50.000+05:30,YES,5,YES,4,YES
12577,89,1008,61344.14,Walmart,NET BANKING,USA,Laptop,2026-05-17T04:48:31.000+05:30,YES,4,YES,5,YES
12615,38,1104,99266.31,Apple Store,NET BANKING,USA,Mobile,2026-05-13T23:13:20.000+05:30,YES,23,NO,5,YES
12879,5,1046,91450.4,Amazon,UPI,UK,Mobile,2026-04-30T13:36:44.000+05:30,YES,13,NO,4,YES
13287,52,1132,85611.64,Apple Store,UPI,India,Mobile,2026-05-08T10:37:07.000+05:30,YES,10,NO,5,NO
14277,24,1174,70786.76,Netflix,UPI,Singapore,Mobile,2026-05-04T14:03:42.000+05:30,YES,14,NO,5,YES
14332,10,1160,12754.18,Walmart,CARD,USA,ATM,2026-05-11T22:23:08.000+05:30,NO,22,NO,5,YES
14712,73,1194,68477.93,Flipkart,ATM WITHDRAWAL,UK,Tablet,2026-05-03T15:02:29.000+05:30,YES,15,NO,5,YES
15105,78,1069,37672.75,Uber,NET BANKING,UK,Laptop,2026-05-15T06:26:26.000+05:30,NO,6,NO,5,YES
15756,68,1174,81176.04,Flipkart,NET BANKING,UK,Mobile,2026-05-11T10:04:59.000+05:30,YES,10,NO,5,YES
15834,92,1135,52375.8,Amazon,CARD,India,Laptop,2026-04-25T08:38:22.000+05:30,YES,8,NO,4,NO
16038,91,1166,23888.03,Walmart,UPI,Singapore,ATM,2026-04-24T15:53:31.000+05:30,NO,15,NO,4,YES
16052,10,1117,85573.69,Petrol Pump,UPI,India,Mobile,2026-04-29T02:11:55.000+05:30,YES,2,YES,4,NO
17329,14,1170,54897.48,Uber,ATM WITHDRAWAL,Singapore,Tablet,2026-04-28T06:29:03.000+05:30,YES,6,NO,4,YES
17630,44,1050,25323.68,Nike,UPI,USA,Tablet,2026-04-27T14:14:37.000+05:30,NO,14,NO,4,YES
17966,16,1187,44930.07,Zomato,UPI,Singapore,Laptop,2026-04-27T03:32:00.000+05:30,NO,3,YES,4,YES
17982,88,1074,55172.09,Nike,UPI,India,Laptop,2026-05-12T15:35:10.000+05:30,YES,15,NO,5,NO
18089,48,1165,84026.3,Amazon,ATM WITHDRAWAL,UK,ATM,2026-04-28T12:13:05.000+05:30,YES,12,NO,4,YES
18215,4,1184,90399.56,Amazon,NET BANKING,Germany,Laptop,2026-04-29T09:31:28.000+05:30,YES,9,NO,4,YES
18455,44,1069,30805.93,Apple Store,UPI,Singapore,ATM,2026-04-28T16:54:02.000+05:30,NO,16,NO,4,YES
18607,64,1033,83065.67,Nike,NET BANKING,USA,Mobile,2026-05-02T15:51:20.000+05:30,YES,15,NO,5,YES
19011,18,1061,19759.57,Amazon,UPI,Germany,ATM,2026-05-04T07:24:41.000+05:30,NO,7,NO,5,YES
19156,34,1012,62634.65,Amazon,ATM WITHDRAWAL,USA,Tablet,2026-04-19T15:43:33.000+05:30,YES,15,NO,4,YES
19281,66,1195,60544.94,Amazon,UPI,India,Laptop,2026-04-20T13:53:48.000+05:30,YES,13,NO,4,NO
19467,62,1003,51161.28,Swiggy,NET BANKING,USA,Tablet,2026-04-26T21:44:03.000+05:30,YES,21,NO,4,YES
19491,14,1070,74889.48,Nike,NET BANKING,Singapore,ATM,2026-04-25T04:33:18.000+05:30,YES,4,YES,4,YES
19538,68,1191,92985.65,Netflix,ATM WITHDRAWAL,UK,Tablet,2026-04-26T15:59:01.000+05:30,YES,15,NO,4,YES
19619,38,1127,22917.57,Zomato,ATM WITHDRAWAL,Singapore,Laptop,2026-05-04T06:07:42.000+05:30,NO,6,NO,5,YES
19639,29,1076,94580.13,Zomato,UPI,Singapore,Tablet,2026-05-11T22:38:40.000+05:30,YES,22,NO,5,YES
10096,87,1165,31249.62,Flipkart,UPI,USA,ATM,2026-05-12T23:44:43.000+05:30,NO,23,NO,5,YES
10133,32,1193,22904.51,Uber,NET BANKING,Germany,Tablet,2026-05-05T21:59:58.000+05:30,NO,21,NO,5,YES
10161,88,1144,90929.18,Flipkart,CARD,USA,Mobile,2026-05-13T10:14:31.000+05:30,YES,10,NO,5,YES
10378,76,1177,79868.58,Uber,UPI,Germany,Laptop,2026-04-28T09:18:12.000+05:30,YES,9,NO,4,YES
10403,97,1048,62335.94,Flipkart,CARD,UK,Laptop,2026-05-05T12:13:25.000+05:30,YES,12,NO,5,YES
10633,27,1150,18781.48,Petrol Pump,ATM WITHDRAWAL,Singapore,Laptop,2026-04-26T14:34:34.000+05:30,NO,14,NO,4,YES
10691,86,1097,79845.52,Petrol Pump,UPI,Germany,Tablet,2026-04-23T08:34:23.000+05:30,YES,8,NO,4,YES
10702,55,1174,72614.43,Zomato,ATM WITHDRAWAL,Singapore,ATM,2026-05-10T15:42:07.000+05:30,YES,15,NO,5,YES
11031,89,1195,31919.06,Nike,ATM WITHDRAWAL,UK,Laptop,2026-05-16T01:53:06.000+05:30,NO,1,YES,5,YES
11232,25,1170,83925.7,Zomato,NET BANKING,Singapore,Tablet,2026-05-09T05:16:13.000+05:30,YES,5,YES,5,YES
11325,47,1187,65722.98,Walmart,ATM WITHDRAWAL,USA,Mobile,2026-05-03T10:41:16.000+05:30,YES,10,NO,5,YES
11494,3,1142,50742.2,Apple Store,ATM WITHDRAWAL,Singapore,Mobile,2026-04-19T13:13:38.000+05:30,YES,13,NO,4,YES
11696,57,1151,7893.36,Apple Store,UPI,Singapore,ATM,2026-05-11T19:17:32.000+05:30,NO,19,NO,5,YES
11702,89,1008,1553.65,Zomato,CARD,UK,ATM,2026-05-08T20:01:48.000+05:30,NO,20,NO,5,YES
11781,57,1178,85350.59,Petrol Pump,UPI,USA,Laptop,2026-04-27T06:13:59.000+05:30,YES,6,NO,4,YES
13921,60,1106,46455.68,Nike,CARD,Germany,Tablet,2026-04-23T20:45:06.000+05:30,NO,20,NO,4,YES
14046,15,1020,50019.19,Netflix,UPI,India,ATM,2026-05-16T18:11:42.000+05:30,YES,18,NO,5,NO
14150,77,1038,65806.88,Flipkart,NET BANKING,Singapore,Mobile,2026-05-02T05:09:58.000+05:30,YES,5,YES,5,YES
14677,32,1098,89616.87,Flipkart,NET BANKING,USA,Laptop,2026-04-27T08:07:51.000+05:30,YES,8,NO,4,YES
14932,33,1004,55620.63,Petrol Pump,ATM WITHDRAWAL,Singapore,Tablet,2026-04-27T10:56:20.000+05:30,YES,10,NO,4,YES
15162,6,1153,17598.3,Zomato,NET BANKING,USA,Mobile,2026-04-19T23:40:45.000+05:30,NO,23,NO,4,YES
15735,23,1146,44097.95,Flipkart,CARD,Singapore,Tablet,2026-04-30T23:23:51.000+05:30,NO,23,NO,4,YES
16221,17,1138,83998.54,Nike,ATM WITHDRAWAL,USA,ATM,2026-04-28T14:47:01.000+05:30,YES,14,NO,4,YES
16319,21,1188,51210.1,Flipkart,ATM WITHDRAWAL,India,Mobile,2026-04-24T02:02:23.000+05:30,YES,2,YES,4,NO
16907,76,1060,85425.4,Zomato,NET BANKING,Singapore,Tablet,2026-05-02T12:55:03.000+05:30,YES,12,NO,5,YES
16988,14,1138,13512.03,Zomato,CARD,USA,Tablet,2026-04-29T21:41:06.000+05:30,NO,21,NO,4,YES
17049,51,1093,13851.89,Apple Store,CARD,UK,Tablet,2026-04-19T03:39:41.000+05:30,NO,3,YES,4,YES
17170,32,1134,94902.66,Flipkart,UPI,USA,ATM,2026-05-07T18:16:52.000+05:30,YES,18,NO,5,YES
17409,34,1198,93261.91,Zomato,CARD,Singapore,ATM,2026-05-03T15:59:58.000+05:30,YES,15,NO,5,YES
17838,19,1051,45413.38,Zomato,ATM WITHDRAWAL,UK,ATM,2026-05-11T13:32:07.000+05:30,NO,13,NO,5,YES
17888,62,1058,29768.28,Walmart,UPI,UK,Mobile,2026-05-13T14:26:07.000+05:30,NO,14,NO,5,YES
18352,70,1043,81538.67,Swiggy,UPI,UK,Tablet,2026-04-29T23:10:49.000+05:30,YES,23,NO,4,YES
18760,15,1162,45733.01,Nike,UPI,UK,Tablet,2026-05-18T00:11:28.000+05:30,NO,0,YES,5,YES
19574,43,1023,35967.32,Netflix,UPI,Germany,ATM,2026-05-11T00:31:55.000+05:30,NO,0,YES,5,YES
10164,72,1104,8820.28,Apple Store,UPI,UK,Laptop,2026-04-24T11:43:35.000+05:30,NO,11,NO,4,YES
10287,97,1059,44660.4,Amazon,UPI,USA,Laptop,2026-05-04T18:13:58.000+05:30,NO,18,NO,5,YES
10292,36,1003,78164.3,Walmart,ATM WITHDRAWAL,USA,Tablet,2026-05-10T01:06:27.000+05:30,YES,1,YES,5,YES
10316,37,1187,21951.07,Zomato,UPI,UK,Tablet,2026-05-08T11:48:28.000+05:30,NO,11,NO,5,YES
10400,39,1001,87263.59,Walmart,ATM WITHDRAWAL,Singapore,Tablet,2026-05-11T11:49:19.000+05:30,YES,11,NO,5,YES
10513,85,1097,71823.05,Zomato,NET BANKING,Germany,ATM,2026-04-20T04:42:50.000+05:30,YES,4,YES,4,YES
10777,31,1078,12871.01,Zomato,NET BANKING,Germany,Laptop,2026-05-01T10:37:34.000+05:30,NO,10,NO,5,YES
10893,30,1006,3652.15,Apple Store,ATM WITHDRAWAL,Germany,Laptop,2026-04-21T17:01:22.000+05:30,NO,17,NO,4,YES
10926,40,1131,21971.27,Netflix,UPI,India,Laptop,2026-05-18T04:01:15.000+05:30,NO,4,YES,5,NO
10977,47,1083,99559.08,Apple Store,NET BANKING,Germany,ATM,2026-04-26T01:35:21.000+05:30,YES,1,YES,4,YES
11605,66,1110,22650.65,Netflix,NET BANKING,USA,Tablet,2026-04-24T05:59:51.000+05:30,NO,5,YES,4,YES
11698,40,1067,80426.63,Nike,UPI,India,Laptop,2026-04-25T19:41:08.000+05:30,YES,19,NO,4,NO
11738,79,1171,74925.65,Nike,CARD,India,Mobile,2026-04-28T10:31:05.000+05:30,YES,10,NO,4,NO
11900,17,1136,74290.66,Nike,ATM WITHDRAWAL,Singapore,Laptop,2026-05-02T00:00:23.000+05:30,YES,0,YES,5,YES
12269,76,1031,6885.43,Apple Store,UPI,Singapore,ATM,2026-04-29T07:15:29.000+05:30,NO,7,NO,4,YES
12530,73,1062,64749.94,Netflix,NET BANKING,Germany,Mobile,2026-05-08T16:45:12.000+05:30,YES,16,NO,5,YES
12702,58,1054,32653.8,Apple Store,NET BANKING,UK,Laptop,2026-05-04T18:19:52.000+05:30,NO,18,NO,5,YES
12722,43,1055,84266.85,Petrol Pump,UPI,Germany,Laptop,2026-05-08T23:40:07.000+05:30,YES,23,NO,5,YES
12922,29,1094,25385.98,Swiggy,NET BANKING,Germany,ATM,2026-04-23T07:15:34.000+05:30,NO,7,NO,4,YES
13061,8,1012,47522.26,Swiggy,NET BANKING,USA,Tablet,2026-05-06T08:59:15.000+05:30,NO,8,NO,5,YES
13178,20,1088,44779.92,Swiggy,CARD,USA,Mobile,2026-04-22T08:31:02.000+05:30,NO,8,NO,4,YES
13345,60,1092,40889.35,Zomato,NET BANKING,India,ATM,2026-05-09T03:02:04.000+05:30,NO,3,YES,5,NO
13544,77,1012,91251.73,Apple Store,NET BANKING,USA,Tablet,2026-05-11T18:13:49.000+05:30,YES,18,NO,5,YES
14153,94,1189,73058.53,Uber,CARD,Germany,Laptop,2026-04-21T12:34:36.000+05:30,YES,12,NO,4,YES
14228,80,1043,75951.79,Uber,CARD,India,Laptop,2026-04-27T03:14:11.000+05:30,YES,3,YES,4,NO
14291,27,1016,3162.13,Swiggy,CARD,USA,ATM,2026-04-23T01:06:47.000+05:30,NO,1,YES,4,YES
14323,76,1132,75232.85,Swiggy,CARD,Germany,ATM,2026-05-11T09:01:26.000+05:30,YES,9,NO,5,YES
14368,16,1067,77082.22,Flipkart,UPI,UK,ATM,2026-05-03T23:03:51.000+05:30,YES,23,NO,5,YES
14379,84,1045,96302.52,Amazon,ATM WITHDRAWAL,India,Laptop,2026-05-03T01:09:50.000+05:30,YES,1,YES,5,NO
14820,43,1070,23740.56,Flipkart,NET BANKING,Germany,Laptop,2026-04-21T22:16:07.000+05:30,NO,22,NO,4,YES
15047,56,1107,53498.69,Netflix,ATM WITHDRAWAL,UK,Mobile,2026-04-27T05:40:56.000+05:30,YES,5,YES,4,YES
15109,18,1049,48958.67,Netflix,UPI,UK,Mobile,2026-04-19T17:27:08.000+05:30,NO,17,NO,4,YES
15151,34,1125,74260.05,Uber,CARD,Germany,Laptop,2026-05-08T16:45:42.000+05:30,YES,16,NO,5,YES
15824,74,1168,72977.68,Petrol Pump,ATM WITHDRAWAL,UK,Mobile,2026-04-28T00:51:32.000+05:30,YES,0,YES,4,YES
16316,89,1117,50032.13,Netflix,NET BANKING,USA,Mobile,2026-05-07T14:10:34.000+05:30,YES,14,NO,5,YES
16335,22,1064,31709.11,Swiggy,CARD,UK,Mobile,2026-05-07T16:24:24.000+05:30,NO,16,NO,5,YES
16415,80,1008,7921.0,Flipkart,UPI,Germany,Tablet,2026-04-28T23:28:51.000+05:30,NO,23,NO,4,YES
16840,25,1168,17763.74,Swiggy,NET BANKING,USA,Mobile,2026-04-26T13:37:16.000+05:30,NO,13,NO,4,YES
16886,35,1053,24444.1,Nike,UPI,Singapore,Tablet,2026-04-27T09:20:19.000+05:30,NO,9,NO,4,YES
17140,31,1181,78353.13,Nike,NET BANKING,Singapore,Laptop,2026-05-15T14:30:04.000+05:30,YES,14,NO,5,YES
17541,96,1200,1510.97,Netflix,ATM WITHDRAWAL,USA,Tablet,2026-05-08T07:27:29.000+05:30,NO,7,NO,5,YES
17580,12,1116,8576.83,Nike,NET BANKING,Singapore,Mobile,2026-05-09T09:08:11.000+05:30,NO,9,NO,5,YES
18006,21,1119,20082.84,Amazon,CARD,UK,ATM,2026-05-04T04:22:11.000+05:30,NO,4,YES,5,YES
18441,49,1049,14825.41,Flipkart,ATM WITHDRAWAL,Singapore,ATM,2026-04-22T14:16:18.000+05:30,NO,14,NO,4,YES
18911,50,1166,36452.78,Uber,UPI,USA,ATM,2026-05-09T16:33:03.000+05:30,NO,16,NO,5,YES
19020,92,1004,92461.7,Amazon,ATM WITHDRAWAL,USA,ATM,2026-04-19T22:20:46.000+05:30,YES,22,NO,4,YES
19105,11,1046,47279.26,Swiggy,ATM WITHDRAWAL,UK,Laptop,2026-05-04T18:01:53.000+05:30,NO,18,NO,5,YES
19898,95,1013,6961.85,Swiggy,UPI,Singapore,Tablet,2026-05-09T04:53:52.000+05:30,NO,4,YES,5,YES
10214,36,1105,17756.0,Nike,UPI,UK,Mobile,2026-04-20T09:39:49.000+05:30,NO,9,NO,4,YES
10362,26,1170,82910.05,Amazon,NET BANKING,Singapore,Mobile,2026-05-17T10:00:48.000+05:30,YES,10,NO,5,YES
10368,82,1089,39268.11,Uber,UPI,USA,Mobile,2026-05-14T15:51:05.000+05:30,NO,15,NO,5,YES
10479,17,1102,21455.12,Netflix,NET BANKING,Singapore,Tablet,2026-04-28T12:57:20.000+05:30,NO,12,NO,4,YES
11221,4,1123,63873.47,Zomato,UPI,Singapore,Tablet,2026-05-17T03:08:52.000+05:30,YES,3,YES,5,YES
11681,81,1022,94949.57,Flipkart,UPI,India,Laptop,2026-05-17T06:36:28.000+05:30,YES,6,NO,5,NO
11683,54,1109,40011.18,Petrol Pump,ATM WITHDRAWAL,Germany,Mobile,2026-04-20T05:39:59.000+05:30,NO,5,YES,4,YES
11815,50,1158,37404.9,Petrol Pump,NET BANKING,USA,Mobile,2026-05-06T14:29:46.000+05:30,NO,14,NO,5,YES
11934,15,1083,82839.5,Petrol Pump,NET BANKING,India,ATM,2026-05-15T06:57:25.000+05:30,YES,6,NO,5,NO
12499,17,1174,50783.79,Netflix,CARD,Germany,Tablet,2026-05-17T22:03:35.000+05:30,YES,22,NO,5,YES
12840,51,1101,70909.48,Petrol Pump,UPI,India,Tablet,2026-05-11T14:24:17.000+05:30,YES,14,NO,5,NO
13952,53,1119,65613.41,Apple Store,CARD,Germany,Tablet,2026-05-05T20:26:27.000+05:30,YES,20,NO,5,YES
14407,63,1128,42360.95,Amazon,CARD,Germany,Tablet,2026-04-26T06:18:58.000+05:30,NO,6,NO,4,YES
14977,24,1181,76445.4,Flipkart,ATM WITHDRAWAL,Germany,Laptop,2026-04-27T07:28:14.000+05:30,YES,7,NO,4,YES
15031,17,1199,29572.32,Petrol Pump,ATM WITHDRAWAL,USA,Laptop,2026-04-23T17:28:17.000+05:30,NO,17,NO,4,YES
15092,99,1031,75606.24,Apple Store,CARD,UK,Mobile,2026-05-02T19:56:35.000+05:30,YES,19,NO,5,YES
15204,28,1034,28544.01,Uber,CARD,Germany,Laptop,2026-05-01T20:53:04.000+05:30,NO,20,NO,5,YES
15430,6,1064,25709.46,Apple Store,UPI,Germany,Mobile,2026-04-27T12:49:20.000+05:30,NO,12,NO,4,YES
15685,96,1042,31042.02,Zomato,ATM WITHDRAWAL,UK,Tablet,2026-05-08T09:05:21.000+05:30,NO,9,NO,5,YES
16422,23,1050,64319.56,Uber,ATM WITHDRAWAL,Germany,ATM,2026-04-21T04:19:00.000+05:30,YES,4,YES,4,YES
16544,54,1093,86392.47,Nike,ATM WITHDRAWAL,India,Mobile,2026-04-25T23:01:23.000+05:30,YES,23,NO,4,NO
16935,20,1130,24849.84,Zomato,CARD,Singapore,Laptop,2026-05-01T15:23:08.000+05:30,NO,15,NO,5,YES
17422,88,1181,60212.81,Walmart,NET BANKING,Germany,Tablet,2026-04-26T17:56:13.000+05:30,YES,17,NO,4,YES
17565,31,1064,98093.6,Swiggy,NET BANKING,Germany,ATM,2026-05-04T00:38:41.000+05:30,YES,0,YES,5,YES
17853,38,1159,68730.04,Flipkart,UPI,India,Tablet,2026-05-09T03:10:46.000+05:30,YES,3,YES,5,NO
18031,100,1075,17469.25,Apple Store,NET BANKING,Germany,Laptop,2026-04-30T21:11:08.000+05:30,NO,21,NO,4,YES
19419,92,1036,99022.48,Amazon,UPI,UK,Mobile,2026-05-09T18:23:41.000+05:30,YES,18,NO,5,YES
19455,67,1006,76883.53,Apple Store,NET BANKING,India,Laptop,2026-05-18T02:41:56.000+05:30,YES,2,YES,5,NO
10155,64,1013,48235.86,Flipkart,CARD,UK,Laptop,2026-05-07T18:23:36.000+05:30,NO,18,NO,5,YES
10666,5,1170,75283.73,Nike,NET BANKING,India,ATM,2026-04-24T18:18:14.000+05:30,YES,18,NO,4,NO
10972,70,1143,74495.2,Flipkart,UPI,Singapore,Tablet,2026-05-12T19:52:37.000+05:30,YES,19,NO,5,YES
11258,62,1007,50178.14,Swiggy,CARD,India,ATM,2026-04-22T04:27:26.000+05:30,YES,4,YES,4,NO
11408,20,1019,16285.31,Flipkart,UPI,UK,Tablet,2026-05-03T06:05:19.000+05:30,NO,6,NO,5,YES
11790,16,1078,98733.47,Flipkart,CARD,Germany,Mobile,2026-04-19T18:24:12.000+05:30,YES,18,NO,4,YES
11980,93,1145,74703.24,Apple Store,NET BANKING,UK,Mobile,2026-05-13T11:03:16.000+05:30,YES,11,NO,5,YES
12243,66,1027,20871.02,Netflix,CARD,Singapore,Laptop,2026-04-25T09:11:31.000+05:30,NO,9,NO,4,YES
12544,11,1110,26954.96,Zomato,ATM WITHDRAWAL,Singapore,Tablet,2026-04-20T05:16:05.000+05:30,NO,5,YES,4,YES
12745,65,1100,68552.57,Apple Store,NET BANKING,Germany,Tablet,2026-05-15T09:36:15.000+05:30,YES,9,NO,5,YES
13116,10,1156,38117.12,Uber,ATM WITHDRAWAL,USA,ATM,2026-05-16T12:12:32.000+05:30,NO,12,NO,5,YES
13140,28,1065,44968.28,Petrol Pump,UPI,Singapore,Laptop,2026-05-16T10:09:02.000+05:30,NO,10,NO,5,YES
13253,49,1185,90557.1,Walmart,ATM WITHDRAWAL,UK,Laptop,2026-04-20T06:34:50.000+05:30,YES,6,NO,4,YES
13342,2,1020,29597.4,Nike,UPI,Singapore,Mobile,2026-04-27T22:58:58.000+05:30,NO,22,NO,4,YES
13667,39,1196,91578.13,Uber,UPI,UK,ATM,2026-05-12T19:28:14.000+05:30,YES,19,NO,5,YES
13784,99,1117,37695.1,Petrol Pump,UPI,UK,Mobile,2026-05-03T16:29:13.000+05:30,NO,16,NO,5,YES
13961,43,1133,81205.72,Amazon,ATM WITHDRAWAL,Germany,ATM,2026-05-15T07:16:43.000+05:30,YES,7,NO,5,YES
14861,51,1126,64856.7,Swiggy,NET BANKING,USA,Mobile,2026-05-07T09:20:42.000+05:30,YES,9,NO,5,YES
15002,5,1134,45290.32,Apple Store,NET BANKING,USA,Tablet,2026-05-04T01:26:04.000+05:30,NO,1,YES,5,YES
15135,53,1149,51353.05,Amazon,NET BANKING,USA,Laptop,2026-05-17T10:50:24.000+05:30,YES,10,NO,5,YES
15220,9,1106,48530.22,Netflix,NET BANKING,USA,Mobile,2026-05-11T01:03:07.000+05:30,NO,1,YES,5,YES
15332,91,1188,89586.5,Swiggy,NET BANKING,Singapore,Tablet,2026-05-14T00:14:53.000+05:30,YES,0,YES,5,YES
15733,98,1071,46722.69,Petrol Pump,UPI,UK,Tablet,2026-04-23T18:28:24.000+05:30,NO,18,NO,4,YES
16039,49,1046,29650.62,Petrol Pump,CARD,Singapore,Tablet,2026-04-25T21:08:20.000+05:30,NO,21,NO,4,YES
16687,80,1159,98455.06,Zomato,NET BANKING,India,Mobile,2026-05-04T01:07:34.000+05:30,YES,1,YES,5,NO
17321,68,1200,7344.12,Zomato,NET BANKING,USA,Laptop,2026-05-11T03:03:35.000+05:30,NO,3,YES,5,YES
17484,64,1065,61910.65,Apple Store,ATM WITHDRAWAL,Singapore,Laptop,2026-04-28T12:31:50.000+05:30,YES,12,NO,4,YES
17627,72,1032,29038.08,Flipkart,ATM WITHDRAWAL,Germany,Tablet,2026-05-07T17:31:54.000+05:30,NO,17,NO,5,YES
17775,42,1035,77406.71,Walmart,NET BANKING,USA,Laptop,2026-05-10T06:29:06.000+05:30,YES,6,NO,5,YES
17904,78,1076,45060.79,Netflix,ATM WITHDRAWAL,Singapore,ATM,2026-05-06T21:37:24.000+05:30,NO,21,NO,5,YES
18466,26,1082,895.88,Netflix,CARD,USA,Tablet,2026-05-11T14:09:39.000+05:30,NO,14,NO,5,YES
18667,53,1182,65195.22,Amazon,NET BANKING,Singapore,Laptop,2026-04-26T18:02:33.000+05:30,YES,18,NO,4,YES
18724,18,1113,55265.25,Amazon,CARD,Singapore,Laptop,2026-05-11T11:25:14.000+05:30,YES,11,NO,5,YES
18982,84,1124,13860.11,Swiggy,CARD,USA,Tablet,2026-05-08T19:28:26.000+05:30,NO,19,NO,5,YES
19274,43,1130,15348.63,Apple Store,ATM WITHDRAWAL,UK,Tablet,2026-05-09T22:20:01.000+05:30,NO,22,NO,5,YES
19410,42,1156,94470.79,Amazon,UPI,Germany,Laptop,2026-04-29T22:04:03.000+05:30,YES,22,NO,4,YES
10052,77,1159,75280.54,Petrol Pump,ATM WITHDRAWAL,UK,Tablet,2026-05-03T03:36:33.000+05:30,YES,3,YES,5,YES
10061,24,1055,84716.8,Petrol Pump,NET BANKING,Germany,Laptop,2026-05-01T22:37:07.000+05:30,YES,22,NO,5,YES
10384,28,1123,48765.16,Netflix,CARD,India,Mobile,2026-04-30T00:02:23.000+05:30,NO,0,YES,4,NO
10492,64,1021,68370.09,Uber,UPI,USA,Laptop,2026-05-02T12:45:45.000+05:30,YES,12,NO,5,YES
10561,82,1095,90350.65,Walmart,ATM WITHDRAWAL,India,Laptop,2026-05-09T00:36:30.000+05:30,YES,0,YES,5,NO
11092,73,1155,58522.98,Apple Store,ATM WITHDRAWAL,Germany,ATM,2026-04-20T22:24:16.000+05:30,YES,22,NO,4,YES
11384,53,1188,5967.61,Uber,UPI,UK,Laptop,2026-05-05T14:39:01.000+05:30,NO,14,NO,5,YES
11940,6,1049,20514.31,Uber,UPI,Germany,Mobile,2026-05-18T13:22:45.000+05:30,NO,13,NO,5,YES
12368,78,1077,37136.32,Petrol Pump,ATM WITHDRAWAL,Singapore,ATM,2026-05-07T08:20:46.000+05:30,NO,8,NO,5,YES
12420,11,1157,82561.54,Uber,UPI,Germany,Mobile,2026-05-08T15:17:22.000+05:30,YES,15,NO,5,YES
12971,42,1133,81154.28,Walmart,NET BANKING,USA,Mobile,2026-05-01T09:38:15.000+05:30,YES,9,NO,5,YES
13776,96,1042,43217.77,Netflix,ATM WITHDRAWAL,Singapore,Laptop,2026-05-01T03:52:25.000+05:30,NO,3,YES,5,YES
13780,45,1063,75840.49,Amazon,CARD,India,Tablet,2026-05-13T04:43:26.000+05:30,YES,4,YES,5,NO
14139,52,1085,83956.85,Apple Store,ATM WITHDRAWAL,USA,Tablet,2026-04-21T01:10:05.000+05:30,YES,1,YES,4,YES
14506,45,1169,61547.34,Apple Store,CARD,Germany,Mobile,2026-04-25T14:00:28.000+05:30,YES,14,NO,4,YES
14580,25,1147,35391.27,Amazon,ATM WITHDRAWAL,Germany,Laptop,2026-05-17T14:51:36.000+05:30,NO,14,NO,5,YES
14587,79,1087,91774.91,Uber,UPI,India,Laptop,2026-04-30T04:30:02.000+05:30,YES,4,YES,4,NO
14683,42,1052,21252.02,Flipkart,CARD,Singapore,Mobile,2026-05-12T12:28:05.000+05:30,NO,12,NO,5,YES
14692,22,1004,13014.78,Swiggy,NET BANKING,USA,ATM,2026-05-17T02:23:33.000+05:30,NO,2,YES,5,YES
14812,82,1109,99917.28,Uber,CARD,India,Tablet,2026-04-20T04:28:27.000+05:30,YES,4,YES,4,NO
15068,68,1172,69869.45,Swiggy,UPI,Singapore,Mobile,2026-05-04T13:17:52.000+05:30,YES,13,NO,5,YES
15960,50,1121,72293.15,Nike,ATM WITHDRAWAL,Germany,Mobile,2026-05-02T22:42:37.000+05:30,YES,22,NO,5,YES
16087,25,1129,45651.72,Amazon,NET BANKING,Singapore,Laptop,2026-04-22T05:11:23.000+05:30,NO,5,YES,4,YES
16224,44,1080,20126.06,Netflix,ATM WITHDRAWAL,Germany,ATM,2026-05-15T19:29:03.000+05:30,NO,19,NO,5,YES
16720,1,1170,20939.03,Apple Store,ATM WITHDRAWAL,Germany,ATM,2026-05-10T14:32:39.000+05:30,NO,14,NO,5,YES
17292,62,1140,8166.68,Nike,UPI,Singapore,Mobile,2026-05-09T03:28:20.000+05:30,NO,3,YES,5,YES
17421,2,1145,49582.17,Apple Store,NET BANKING,USA,Tablet,2026-05-04T11:41:27.000+05:30,NO,11,NO,5,YES
17447,23,1113,73619.44,Apple Store,NET BANKING,Singapore,Tablet,2026-04-24T09:53:07.000+05:30,YES,9,NO,4,YES
17936,2,1106,15013.6,Uber,NET BANKING,UK,ATM,2026-04-29T01:17:23.000+05:30,NO,1,YES,4,YES
18498,24,1093,83424.21,Petrol Pump,ATM WITHDRAWAL,Germany,Laptop,2026-05-06T04:28:02.000+05:30,YES,4,YES,5,YES
18655,22,1131,68447.66,Netflix,ATM WITHDRAWAL,Germany,Mobile,2026-05-18T12:44:37.000+05:30,YES,12,NO,5,YES
19023,59,1091,95176.94,Zomato,CARD,Germany,ATM,2026-05-06T13:47:22.000+05:30,YES,13,NO,5,YES
19092,47,1198,88308.74,Zomato,CARD,USA,Tablet,2026-05-09T23:38:14.000+05:30,YES,23,NO,5,YES
19220,9,1136,55460.08,Flipkart,UPI,Singapore,Mobile,2026-05-07T08:17:38.000+05:30,YES,8,NO,5,YES
19301,79,1105,42673.06,Swiggy,UPI,India,ATM,2026-05-06T01:09:02.000+05:30,NO,1,YES,5,NO
10018,89,1125,16651.33,Swiggy,NET BANKING,Germany,Tablet,2026-05-02T08:58:31.000+05:30,NO,8,NO,5,YES
10025,17,1035,28456.25,Apple Store,NET BANKING,UK,ATM,2026-05-09T02:16:01.000+05:30,NO,2,YES,5,YES
10204,9,1106,90184.68,Petrol Pump,UPI,USA,Mobile,2026-04-22T14:13:17.000+05:30,YES,14,NO,4,YES
10627,87,1173,15619.81,Uber,NET BANKING,India,Tablet,2026-05-08T04:36:56.000+05:30,NO,4,YES,5,NO
11160,4,1134,91609.62,Amazon,CARD,Singapore,Tablet,2026-05-09T14:56:30.000+05:30,YES,14,NO,5,YES
11310,17,1115,26903.45,Zomato,NET BANKING,USA,ATM,2026-05-11T00:38:10.000+05:30,NO,0,YES,5,YES
11907,47,1089,42606.78,Uber,CARD,UK,Tablet,2026-05-04T01:41:06.000+05:30,NO,1,YES,5,YES
12421,50,1171,95264.34,Swiggy,UPI,Germany,ATM,2026-05-15T04:13:48.000+05:30,YES,4,YES,5,YES
12585,56,1048,73361.21,Netflix,UPI,Singapore,ATM,2026-05-14T18:31:45.000+05:30,YES,18,NO,5,YES
12608,69,1076,34449.62,Flipkart,ATM WITHDRAWAL,Singapore,ATM,2026-04-23T15:36:11.000+05:30,NO,15,NO,4,YES
12969,42,1136,32865.61,Nike,CARD,Germany,Laptop,2026-04-21T05:34:52.000+05:30,NO,5,YES,4,YES
13071,27,1046,90087.22,Uber,CARD,Germany,Mobile,2026-05-15T18:29:07.000+05:30,YES,18,NO,5,YES
13290,26,1147,1854.07,Amazon,CARD,India,Mobile,2026-05-12T00:14:24.000+05:30,NO,0,YES,5,NO
13724,1,1026,98807.6,Zomato,ATM WITHDRAWAL,India,Tablet,2026-05-03T22:47:15.000+05:30,YES,22,NO,5,NO
14215,15,1169,67574.29,Nike,ATM WITHDRAWAL,Germany,Mobile,2026-05-01T04:45:46.000+05:30,YES,4,YES,5,YES
14301,22,1123,78337.84,Amazon,NET BANKING,Germany,Mobile,2026-04-20T03:50:54.000+05:30,YES,3,YES,4,YES
14317,96,1040,72235.07,Flipkart,ATM WITHDRAWAL,India,Laptop,2026-05-10T20:23:47.000+05:30,YES,20,NO,5,NO
14411,10,1076,63112.72,Netflix,ATM WITHDRAWAL,USA,Laptop,2026-05-09T08:02:24.000+05:30,YES,8,NO,5,YES
14551,41,1035,83616.05,Apple Store,UPI,UK,Tablet,2026-04-27T23:23:07.000+05:30,YES,23,NO,4,YES
14705,84,1017,18605.96,Netflix,ATM WITHDRAWAL,UK,Mobile,2026-05-01T10:09:48.000+05:30,NO,10,NO,5,YES
14916,66,1189,25694.12,Netflix,ATM WITHDRAWAL,USA,Tablet,2026-05-09T09:05:55.000+05:30,NO,9,NO,5,YES
15214,47,1048,49420.07,Walmart,UPI,USA,Mobile,2026-05-15T12:48:00.000+05:30,NO,12,NO,5,YES
15822,41,1173,92996.31,Nike,NET BANKING,India,Mobile,2026-05-05T17:27:37.000+05:30,YES,17,NO,5,NO
15859,75,1065,33956.59,Netflix,UPI,USA,Tablet,2026-04-22T10:57:39.000+05:30,NO,10,NO,4,YES
15880,26,1143,57886.83,Amazon,CARD,Singapore,Mobile,2026-04-18T18:02:39.000+05:30,YES,18,NO,4,YES
16763,72,1018,72218.28,Netflix,CARD,India,ATM,2026-05-10T18:26:58.000+05:30,YES,18,NO,5,NO
16771,83,1195,95248.39,Apple Store,UPI,UK,ATM,2026-05-02T01:28:23.000+05:30,YES,1,YES,5,YES
17609,79,1019,69242.4,Netflix,NET BANKING,UK,Mobile,2026-05-01T14:38:40.000+05:30,YES,14,NO,5,YES
17858,8,1124,10445.9,Amazon,ATM WITHDRAWAL,India,Mobile,2026-04-27T03:20:41.000+05:30,NO,3,YES,4,NO
17934,30,1035,2585.47,Netflix,UPI,India,ATM,2026-05-18T00:39:49.000+05:30,NO,0,YES,5,NO
18256,81,1066,12621.83,Zomato,ATM WITHDRAWAL,USA,Tablet,2026-05-09T22:59:33.000+05:30,NO,22,NO,5,YES
18334,92,1008,1173.8,Walmart,NET BANKING,Germany,ATM,2026-04-25T18:10:30.000+05:30,NO,18,NO,4,YES
19524,44,1005,66613.71,Walmart,CARD,USA,Tablet,2026-05-15T07:35:13.000+05:30,YES,7,NO,5,YES
10073,77,1068,47162.34,Netflix,ATM WITHDRAWAL,UK,Mobile,2026-04-22T03:59:32.000+05:30,NO,3,YES,4,YES
10092,79,1026,55085.86,Amazon,UPI,Germany,Tablet,2026-05-07T07:21:29.000+05:30,YES,7,NO,5,YES
10514,55,1067,90272.83,Walmart,CARD,UK,ATM,2026-05-02T20:35:07.000+05:30,YES,20,NO,5,YES
11064,25,1154,46465.92,Swiggy,NET BANKING,Singapore,ATM,2026-05-12T08:45:07.000+05:30,NO,8,NO,5,YES
11289,25,1102,72894.13,Zomato,UPI,Singapore,ATM,2026-05-02T20:51:52.000+05:30,YES,20,NO,5,YES
11425,8,1109,97028.35,Apple Store,NET BANKING,UK,Tablet,2026-05-01T13:03:30.000+05:30,YES,13,NO,5,YES
11430,47,1192,16578.87,Zomato,NET BANKING,UK,Mobile,2026-04-20T13:51:19.000+05:30,NO,13,NO,4,YES
11826,47,1186,89087.08,Uber,UPI,Singapore,Mobile,2026-05-17T15:07:02.000+05:30,YES,15,NO,5,YES
11874,49,1055,1551.27,Amazon,UPI,USA,Tablet,2026-04-24T12:22:26.000+05:30,NO,12,NO,4,YES
11921,96,1144,37740.45,Nike,UPI,Singapore,Laptop,2026-05-15T02:39:43.000+05:30,NO,2,YES,5,YES
12082,8,1065,39597.46,Flipkart,NET BANKING,USA,Tablet,2026-05-09T14:52:08.000+05:30,NO,14,NO,5,YES
12106,9,1137,88573.93,Uber,NET BANKING,Singapore,Tablet,2026-05-03T14:54:13.000+05:30,YES,14,NO,5,YES
12259,7,1054,81266.66,Walmart,NET BANKING,Germany,Mobile,2026-04-19T10:34:02.000+05:30,YES,10,NO,4,YES
12279,20,1001,68439.89,Apple Store,CARD,USA,Mobile,2026-05-04T00:42:15.000+05:30,YES,0,YES,5,YES
12396,90,1172,60232.9,Swiggy,UPI,Germany,Mobile,2026-04-19T22:28:43.000+05:30,YES,22,NO,4,YES
12589,99,1008,52409.72,Flipkart,ATM WITHDRAWAL,UK,Laptop,2026-05-01T02:08:01.000+05:30,YES,2,YES,5,YES
12590,18,1123,92812.24,Nike,CARD,USA,Laptop,2026-04-28T21:17:37.000+05:30,YES,21,NO,4,YES
13297,77,1128,77260.76,Swiggy,CARD,Singapore,Laptop,2026-04-22T02:57:14.000+05:30,YES,2,YES,4,YES
13573,86,1144,79778.06,Walmart,ATM WITHDRAWAL,Singapore,Mobile,2026-04-20T20:55:08.000+05:30,YES,20,NO,4,YES
13865,30,1157,63654.26,Amazon,CARD,Germany,Tablet,2026-04-23T22:25:13.000+05:30,YES,22,NO,4,YES
13923,19,1039,69523.75,Netflix,UPI,Germany,ATM,2026-04-27T21:39:34.000+05:30,YES,21,NO,4,YES
13947,70,1075,21019.42,Zomato,NET BANKING,USA,Laptop,2026-04-24T10:31:30.000+05:30,NO,10,NO,4,YES
13994,100,1155,72167.13,Petrol Pump,ATM WITHDRAWAL,UK,ATM,2026-05-05T13:02:34.000+05:30,YES,13,NO,5,YES
14005,47,1073,2401.33,Amazon,CARD,UK,Tablet,2026-05-14T03:55:17.000+05:30,NO,3,YES,5,YES
14022,25,1158,79707.35,Uber,CARD,India,Mobile,2026-05-14T15:57:10.000+05:30,YES,15,NO,5,NO
14193,31,1096,56170.56,Flipkart,ATM WITHDRAWAL,Singapore,ATM,2026-04-21T21:28:50.000+05:30,YES,21,NO,4,YES
14247,4,1055,21586.43,Flipkart,CARD,UK,Laptop,2026-04-29T17:07:02.000+05:30,NO,17,NO,4,YES
14362,27,1060,69240.97,Apple Store,NET BANKING,India,Mobile,2026-04-29T15:07:56.000+05:30,YES,15,NO,4,NO
14892,49,1044,33626.96,Walmart,CARD,Singapore,ATM,2026-05-05T17:50:49.000+05:30,NO,17,NO,5,YES
14950,63,1175,89504.33,Flipkart,UPI,USA,Laptop,2026-05-06T10:20:09.000+05:30,YES,10,NO,5,YES
15034,76,1005,17310.62,Swiggy,ATM WITHDRAWAL,USA,Laptop,2026-04-19T13:55:03.000+05:30,NO,13,NO,4,YES
15196,68,1161,96991.59,Petrol Pump,CARD,UK,ATM,2026-05-03T08:17:54.000+05:30,YES,8,NO,5,YES
15509,54,1200,92150.63,Swiggy,UPI,USA,ATM,2026-04-28T21:36:10.000+05:30,YES,21,NO,4,YES
16015,19,1068,48916.03,Amazon,ATM WITHDRAWAL,UK,Tablet,2026-04-26T21:38:18.000+05:30,NO,21,NO,4,YES
16572,99,1070,14409.95,Netflix,CARD,UK,ATM,2026-05-03T21:26:35.000+05:30,NO,21,NO,5,YES
16736,12,1198,74678.09,Netflix,NET BANKING,Germany,ATM,2026-04-29T17:03:04.000+05:30,YES,17,NO,4,YES
16818,21,1199,24199.23,Amazon,CARD,USA,ATM,2026-05-08T20:25:46.000+05:30,NO,20,NO,5,YES
17141,22,1154,33234.02,Swiggy,CARD,UK,Tablet,2026-05-15T01:56:09.000+05:30,NO,1,YES,5,YES
17209,68,1044,49046.77,Apple Store,UPI,USA,Tablet,2026-05-16T09:26:50.000+05:30,NO,9,NO,5,YES
17235,13,1188,73961.7,Netflix,ATM WITHDRAWAL,Singapore,ATM,2026-04-19T11:00:36.000+05:30,YES,11,NO,4,YES
17654,50,1192,89213.69,Walmart,UPI,UK,ATM,2026-05-05T12:57:21.000+05:30,YES,12,NO,5,YES
17958,88,1116,98844.01,Flipkart,CARD,India,Laptop,2026-05-12T14:42:09.000+05:30,YES,14,NO,5,NO
18046,64,1092,63448.34,Netflix,CARD,India,Tablet,2026-05-02T23:42:03.000+05:30,YES,23,NO,5,NO
18165,41,1137,95637.4,Walmart,ATM WITHDRAWAL,Germany,Tablet,2026-04-19T17:53:43.000+05:30,YES,17,NO,4,YES
18202,39,1195,26568.56,Amazon,NET BANKING,Germany,Laptop,2026-05-12T20:28:28.000+05:30,NO,20,NO,5,YES
18315,28,1148,66549.68,Uber,NET BANKING,India,Laptop,2026-05-11T03:31:50.000+05:30,YES,3,YES,5,NO
18719,97,1091,68039.77,Nike,UPI,UK,Laptop,2026-04-22T05:57:34.000+05:30,YES,5,YES,4,YES
18808,3,1053,38934.67,Flipkart,UPI,USA,Tablet,2026-04-29T01:00:06.000+05:30,NO,1,YES,4,YES
18833,14,1148,37098.81,Swiggy,NET BANKING,USA,Laptop,2026-04-20T16:18:50.000+05:30,NO,16,NO,4,YES
18988,58,1070,50035.21,Zomato,UPI,Singapore,Mobile,2026-04-30T11:25:44.000+05:30,YES,11,NO,4,YES
19346,100,1015,62397.11,Apple Store,ATM WITHDRAWAL,UK,Laptop,2026-04-29T08:54:12.000+05:30,YES,8,NO,4,YES
19421,36,1091,94492.79,Apple Store,UPI,Singapore,Mobile,2026-04-21T20:40:55.000+05:30,YES,20,NO,4,YES
19834,82,1027,68502.71,Swiggy,UPI,USA,Mobile,2026-05-09T23:40:35.000+05:30,YES,23,NO,5,YES
10882,23,1030,59380.0,Nike,ATM WITHDRAWAL,UK,ATM,2026-05-07T18:39:33.000+05:30,YES,18,NO,5,YES
10964,64,1147,34209.51,Apple Store,UPI,India,Tablet,2026-04-29T04:14:52.000+05:30,NO,4,YES,4,NO
11197,96,1106,81606.14,Walmart,ATM WITHDRAWAL,Singapore,Tablet,2026-04-24T00:47:57.000+05:30,YES,0,YES,4,YES
11566,20,1072,38727.62,Zomato,ATM WITHDRAWAL,UK,Laptop,2026-05-16T01:12:00.000+05:30,NO,1,YES,5,YES
11747,28,1168,28124.87,Swiggy,UPI,UK,Laptop,2026-05-02T14:36:59.000+05:30,NO,14,NO,5,YES
12244,41,1029,14770.93,Petrol Pump,CARD,USA,Mobile,2026-05-01T06:36:29.000+05:30,NO,6,NO,5,YES
12256,68,1043,69896.41,Walmart,CARD,UK,Tablet,2026-04-26T12:00:29.000+05:30,YES,12,NO,4,YES
13085,45,1099,97239.79,Flipkart,ATM WITHDRAWAL,Germany,Laptop,2026-04-21T10:52:46.000+05:30,YES,10,NO,4,YES
13654,79,1075,62250.66,Uber,CARD,India,Tablet,2026-04-21T17:18:53.000+05:30,YES,17,NO,4,NO
14123,26,1110,86655.72,Amazon,NET BANKING,Singapore,ATM,2026-05-14T15:31:24.000+05:30,YES,15,NO,5,YES
14200,88,1171,31160.99,Flipkart,UPI,Germany,Laptop,2026-05-15T15:28:40.000+05:30,NO,15,NO,5,YES
14617,28,1187,92487.78,Amazon,UPI,Germany,Laptop,2026-05-14T22:51:33.000+05:30,YES,22,NO,5,YES
14888,71,1082,89627.96,Nike,NET BANKING,Germany,ATM,2026-05-16T05:10:26.000+05:30,YES,5,YES,5,YES
14935,32,1015,20659.12,Amazon,ATM WITHDRAWAL,Germany,Mobile,2026-05-11T09:26:43.000+05:30,NO,9,NO,5,YES
15594,61,1191,11325.81,Petrol Pump,CARD,Singapore,Laptop,2026-04-30T14:27:50.000+05:30,NO,14,NO,4,YES
15632,44,1091,76847.84,Swiggy,NET BANKING,India,Mobile,2026-04-26T22:40:54.000+05:30,YES,22,NO,4,NO
16162,46,1071,33220.79,Zomato,NET BANKING,UK,Laptop,2026-04-21T14:28:31.000+05:30,NO,14,NO,4,YES
16517,95,1051,75308.72,Flipkart,CARD,Singapore,Laptop,2026-04-28T18:51:22.000+05:30,YES,18,NO,4,YES
16566,44,1032,37657.11,Amazon,ATM WITHDRAWAL,Singapore,ATM,2026-04-22T07:33:08.000+05:30,NO,7,NO,4,YES
16744,20,1046,93865.27,Swiggy,CARD,Germany,Mobile,2026-05-10T04:01:02.000+05:30,YES,4,YES,5,YES
16861,87,1059,28010.48,Zomato,ATM WITHDRAWAL,UK,ATM,2026-05-01T03:50:09.000+05:30,NO,3,YES,5,YES
16906,24,1074,42900.65,Walmart,CARD,USA,Mobile,2026-04-29T00:39:30.000+05:30,NO,0,YES,4,YES
16920,44,1044,51850.59,Netflix,UPI,Germany,Tablet,2026-04-19T01:44:35.000+05:30,YES,1,YES,4,YES
17024,42,1001,98230.97,Nike,CARD,USA,ATM,2026-04-26T13:10:38.000+05:30,YES,13,NO,4,YES
17095,52,1072,2126.48,Zomato,UPI,India,Tablet,2026-05-03T05:25:52.000+05:30,NO,5,YES,5,NO
17413,18,1162,84373.12,Netflix,UPI,India,Mobile,2026-05-08T16:57:01.000+05:30,YES,16,NO,5,NO
17415,29,1041,16837.1,Walmart,UPI,USA,ATM,2026-04-27T19:50:22.000+05:30,NO,19,NO,4,YES
17502,65,1160,31373.27,Uber,ATM WITHDRAWAL,UK,ATM,2026-05-10T04:16:22.000+05:30,NO,4,YES,5,YES
17560,65,1061,62969.72,Swiggy,ATM WITHDRAWAL,UK,Laptop,2026-05-13T02:37:35.000+05:30,YES,2,YES,5,YES
18056,84,1096,6979.97,Flipkart,ATM WITHDRAWAL,Singapore,Laptop,2026-05-09T12:21:14.000+05:30,NO,12,NO,5,YES
18229,71,1009,71276.26,Walmart,CARD,UK,Laptop,2026-05-10T10:07:21.000+05:30,YES,10,NO,5,YES
18674,75,1167,31991.09,Netflix,UPI,UK,Laptop,2026-04-26T07:32:42.000+05:30,NO,7,NO,4,YES
19172,52,1089,2646.9,Netflix,NET BANKING,UK,Mobile,2026-05-09T11:42:53.000+05:30,NO,11,NO,5,YES
19174,1,1030,73085.42,Amazon,UPI,Germany,ATM,2026-05-06T22:11:00.000+05:30,YES,22,NO,5,YES
19336,48,1200,16433.96,Petrol Pump,NET BANKING,Germany,Laptop,2026-05-01T20:35:08.000+05:30,NO,20,NO,5,YES
19432,28,1090,65153.42,Amazon,ATM WITHDRAWAL,Singapore,ATM,2026-04-29T03:39:18.000+05:30,YES,3,YES,4,YES
19512,81,1025,55109.25,Amazon,NET BANKING,Germany,Laptop,2026-05-09T13:58:59.000+05:30,YES,13,NO,5,YES
19544,20,1143,87026.51,Zomato,UPI,USA,ATM,2026-04-28T21:43:00.000+05:30,YES,21,NO,4,YES
19676,21,1107,28747.01,Apple Store,ATM WITHDRAWAL,Germany,ATM,2026-05-04T11:13:52.000+05:30,NO,11,NO,5,YES
10281,32,1101,96291.12,Flipkart,NET BANKING,Germany,Tablet,2026-05-13T13:56:58.000+05:30,YES,13,NO,5,YES
10311,2,1063,74577.21,Apple Store,UPI,India,ATM,2026-04-21T23:22:49.000+05:30,YES,23,NO,4,NO
10711,99,1016,88370.64,Swiggy,UPI,USA,Tablet,2026-04-25T15:27:32.000+05:30,YES,15,NO,4,YES
11087,6,1178,54409.73,Netflix,ATM WITHDRAWAL,Singapore,Mobile,2026-05-10T12:28:08.000+05:30,YES,12,NO,5,YES
11469,58,1132,70900.28,Amazon,UPI,India,ATM,2026-05-01T03:09:08.000+05:30,YES,3,YES,5,NO
11488,72,1087,74647.37,Uber,UPI,USA,Mobile,2026-05-14T16:16:48.000+05:30,YES,16,NO,5,YES
12278,52,1123,30462.96,Swiggy,CARD,Singapore,Mobile,2026-05-09T20:40:19.000+05:30,NO,20,NO,5,YES
12460,23,1134,61860.97,Netflix,CARD,UK,Tablet,2026-05-04T03:36:08.000+05:30,YES,3,YES,5,YES
12492,75,1051,35420.72,Petrol Pump,NET BANKING,USA,Laptop,2026-04-30T08:00:39.000+05:30,NO,8,NO,4,YES
12642,18,1164,78740.73,Swiggy,CARD,UK,ATM,2026-05-15T06:32:50.000+05:30,YES,6,NO,5,YES
12847,30,1033,70804.22,Amazon,UPI,India,Mobile,2026-05-04T11:38:17.000+05:30,YES,11,NO,5,NO
12953,40,1125,88424.08,Swiggy,NET BANKING,USA,Laptop,2026-05-17T11:17:30.000+05:30,YES,11,NO,5,YES
12964,86,1140,11007.78,Amazon,CARD,Germany,Mobile,2026-05-10T13:24:02.000+05:30,NO,13,NO,5,YES
13356,20,1006,47244.9,Netflix,ATM WITHDRAWAL,UK,Tablet,2026-04-30T18:49:04.000+05:30,NO,18,NO,4,YES
14312,56,1025,98871.34,Uber,UPI,India,ATM,2026-04-21T18:18:51.000+05:30,YES,18,NO,4,NO
15239,36,1189,83312.83,Uber,NET BANKING,Singapore,Mobile,2026-05-07T19:41:24.000+05:30,YES,19,NO,5,YES
15596,38,1182,98109.07,Apple Store,CARD,UK,Mobile,2026-04-29T18:47:32.000+05:30,YES,18,NO,4,YES
15857,48,1025,6154.85,Zomato,UPI,USA,Mobile,2026-04-30T04:40:52.000+05:30,NO,4,YES,4,YES
15873,1,1056,52249.51,Apple Store,UPI,India,ATM,2026-05-12T23:09:38.000+05:30,YES,23,NO,5,NO
15883,73,1177,11721.14,Flipkart,UPI,UK,Laptop,2026-04-19T01:29:58.000+05:30,NO,1,YES,4,YES
16148,20,1133,75167.19,Nike,ATM WITHDRAWAL,India,Tablet,2026-05-02T00:15:25.000+05:30,YES,0,YES,5,NO
16351,72,1019,68381.26,Amazon,NET BANKING,USA,Laptop,2026-04-19T16:55:54.000+05:30,YES,16,NO,4,YES
16757,20,1105,55369.88,Swiggy,CARD,USA,Tablet,2026-04-26T03:09:42.000+05:30,YES,3,YES,4,YES
17534,53,1069,67693.15,Swiggy,ATM WITHDRAWAL,Singapore,Laptop,2026-05-09T04:07:54.000+05:30,YES,4,YES,5,YES
17769,19,1083,18954.57,Uber,ATM WITHDRAWAL,UK,ATM,2026-04-22T01:30:10.000+05:30,NO,1,YES,4,YES
17910,47,1090,57365.27,Apple Store,CARD,Singapore,ATM,2026-05-08T07:18:26.000+05:30,YES,7,NO,5,YES
18476,95,1008,43639.84,Uber,ATM WITHDRAWAL,Germany,Mobile,2026-04-27T11:29:53.000+05:30,NO,11,NO,4,YES
18619,62,1027,53757.32,Nike,NET BANKING,UK,Tablet,2026-04-28T21:13:48.000+05:30,YES,21,NO,4,YES
19215,33,1107,82448.11,Walmart,UPI,India,Laptop,2026-05-09T11:07:41.000+05:30,YES,11,NO,5,NO
19441,100,1088,43698.39,Amazon,ATM WITHDRAWAL,Germany,Mobile,2026-04-27T04:37:06.000+05:30,NO,4,YES,4,YES
19488,79,1193,52212.9,Petrol Pump,CARD,India,Laptop,2026-04-20T16:46:57.000+05:30,YES,16,NO,4,NO
19596,72,1178,17075.92,Apple Store,CARD,Germany,Mobile,2026-05-13T20:02:46.000+05:30,NO,20,NO,5,YES
19645,100,1145,48361.27,Zomato,UPI,UK,ATM,2026-04-21T08:46:07.000+05:30,NO,8,NO,4,YES
19692,40,1078,71180.96,Apple Store,ATM WITHDRAWAL,India,ATM,2026-04-23T04:51:45.000+05:30,YES,4,YES,4,NO
19803,66,1022,80663.95,Zomato,UPI,UK,Laptop,2026-05-13T22:10:00.000+05:30,YES,22,NO,5,YES
19897,34,1086,92879.49,Netflix,ATM WITHDRAWAL,USA,Laptop,2026-04-24T22:29:37.000+05:30,YES,22,NO,4,YES
11613,26,1133,4827.17,Apple Store,UPI,Germany,ATM,2026-05-13T12:09:08.000+05:30,NO,12,NO,5,YES
11688,15,1075,73084.15,Swiggy,ATM WITHDRAWAL,Germany,Mobile,2026-05-01T02:43:37.000+05:30,YES,2,YES,5,YES
11694,50,1008,89648.95,Nike,CARD,USA,ATM,2026-04-28T12:36:24.000+05:30,YES,12,NO,4,YES
11888,72,1147,28399.59,Nike,CARD,USA,Mobile,2026-05-06T06:49:42.000+05:30,NO,6,NO,5,YES
12431,79,1183,96280.16,Netflix,CARD,USA,Mobile,2026-05-17T05:48:35.000+05:30,YES,5,YES,5,YES
12600,26,1068,40144.18,Nike,CARD,UK,ATM,2026-05-18T01:58:48.000+05:30,NO,1,YES,5,YES
12614,58,1086,79252.53,Apple Store,ATM WITHDRAWAL,USA,ATM,2026-05-16T09:48:20.000+05:30,YES,9,NO,5,YES
13094,19,1080,47062.77,Flipkart,NET BANKING,USA,Mobile,2026-05-14T07:38:32.000+05:30,NO,7,NO,5,YES
13434,64,1154,73811.99,Walmart,CARD,India,Laptop,2026-04-25T07:00:25.000+05:30,YES,7,NO,4,NO
13707,11,1116,9060.52,Netflix,UPI,Germany,Laptop,2026-05-02T20:38:11.000+05:30,NO,20,NO,5,YES
13770,99,1143,12498.58,Swiggy,UPI,Singapore,ATM,2026-04-27T08:52:03.000+05:30,NO,8,NO,4,YES
14469,16,1056,67965.64,Netflix,CARD,India,Laptop,2026-05-16T23:29:57.000+05:30,YES,23,NO,5,NO
14790,84,1059,99156.89,Zomato,NET BANKING,India,Laptop,2026-04-21T15:54:21.000+05:30,YES,15,NO,4,NO
15377,74,1026,7198.41,Uber,CARD,Germany,ATM,2026-04-26T19:31:28.000+05:30,NO,19,NO,4,YES
15389,26,1196,69819.04,Apple Store,NET BANKING,USA,Tablet,2026-04-25T22:15:46.000+05:30,YES,22,NO,4,YES
15397,47,1027,71937.84,Apple Store,UPI,USA,Laptop,2026-05-05T16:11:31.000+05:30,YES,16,NO,5,YES
15926,36,1083,4836.88,Flipkart,ATM WITHDRAWAL,UK,Laptop,2026-05-09T21:50:31.000+05:30,NO,21,NO,5,YES
16088,30,1119,73284.08,Petrol Pump,CARD,India,Mobile,2026-05-02T15:43:42.000+05:30,YES,15,NO,5,NO
17127,12,1195,29490.88,Zomato,NET BANKING,Singapore,ATM,2026-04-20T15:32:58.000+05:30,NO,15,NO,4,YES
17137,18,1169,87443.62,Swiggy,NET BANKING,Singapore,Laptop,2026-04-26T16:22:34.000+05:30,YES,16,NO,4,YES
17673,76,1136,86708.25,Walmart,UPI,India,Mobile,2026-04-26T12:28:23.000+05:30,YES,12,NO,4,NO
17708,23,1188,6691.65,Apple Store,NET BANKING,UK,Tablet,2026-05-05T17:32:58.000+05:30,NO,17,NO,5,YES
18142,72,1176,51710.68,Zomato,CARD,Singapore,Mobile,2026-04-23T22:26:50.000+05:30,YES,22,NO,4,YES
18213,67,1082,46880.96,Amazon,NET BANKING,Singapore,Laptop,2026-04-29T14:08:30.000+05:30,NO,14,NO,4,YES
18834,58,1152,98257.63,Zomato,NET BANKING,UK,Tablet,2026-05-03T19:25:18.000+05:30,YES,19,NO,5,YES
18836,96,1079,87919.04,Nike,ATM WITHDRAWAL,Singapore,Tablet,2026-05-12T16:05:32.000+05:30,YES,16,NO,5,YES
18875,69,1192,38450.62,Swiggy,CARD,Germany,Mobile,2026-04-27T12:27:48.000+05:30,NO,12,NO,4,YES
19056,65,1021,58464.84,Zomato,ATM WITHDRAWAL,UK,ATM,2026-05-02T12:30:20.000+05:30,YES,12,NO,5,YES
19238,22,1159,32111.08,Zomato,CARD,Singapore,ATM,2026-04-21T18:55:08.000+05:30,NO,18,NO,4,YES
19318,32,1128,83734.75,Zomato,NET BANKING,Singapore,Mobile,2026-05-08T00:23:44.000+05:30,YES,0,YES,5,YES
19585,50,1150,28763.58,Nike,UPI,UK,Laptop,2026-05-13T20:13:32.000+05:30,NO,20,NO,5,YES
19591,55,1170,17054.96,Flipkart,CARD,UK,ATM,2026-05-02T15:41:10.000+05:30,NO,15,NO,5,YES
19637,19,1100,62756.89,Amazon,CARD,Germany,Mobile,2026-04-21T22:13:59.000+05:30,YES,22,NO,4,YES
19763,93,1077,60339.79,Petrol Pump,ATM WITHDRAWAL,Singapore,ATM,2026-04-29T17:30:28.000+05:30,YES,17,NO,4,YES
10414,52,1152,84775.45,Swiggy,UPI,Germany,ATM,2026-04-20T18:23:31.000+05:30,YES,18,NO,4,YES
11024,78,1103,29643.88,Zomato,CARD,UK,Tablet,2026-05-10T01:21:36.000+05:30,NO,1,YES,5,YES
11387,22,1144,16222.49,Netflix,CARD,Singapore,Mobile,2026-05-02T01:28:47.000+05:30,NO,1,YES,5,YES
11583,57,1067,5544.99,Zomato,UPI,USA,ATM,2026-05-07T06:27:59.000+05:30,NO,6,NO,5,YES
13082,9,1139,60106.38,Flipkart,NET BANKING,USA,Tablet,2026-04-27T02:34:43.000+05:30,YES,2,YES,4,YES
13224,6,1119,8039.43,Walmart,UPI,Germany,Laptop,2026-05-12T00:43:00.000+05:30,NO,0,YES,5,YES
13598,16,1099,68846.01,Nike,ATM WITHDRAWAL,Singapore,Tablet,2026-05-03T04:17:45.000+05:30,YES,4,YES,5,YES
13607,74,1168,40845.29,Walmart,UPI,UK,Mobile,2026-04-22T04:24:56.000+05:30,NO,4,YES,4,YES
13919,77,1106,31784.96,Apple Store,NET BANKING,Singapore,Tablet,2026-04-28T14:25:38.000+05:30,NO,14,NO,4,YES
14159,45,1146,46215.74,Apple Store,NET BANKING,Singapore,Laptop,2026-05-02T03:09:25.000+05:30,NO,3,YES,5,YES
14370,31,1197,42449.94,Apple Store,CARD,UK,Mobile,2026-04-22T00:54:23.000+05:30,NO,0,YES,4,YES
14948,100,1073,87853.9,Petrol Pump,CARD,Germany,ATM,2026-05-08T18:53:51.000+05:30,YES,18,NO,5,YES
15228,18,1179,40342.62,Nike,UPI,Germany,Laptop,2026-04-21T21:29:17.000+05:30,NO,21,NO,4,YES
15340,14,1009,6974.09,Nike,NET BANKING,UK,ATM,2026-04-24T00:10:10.000+05:30,NO,0,YES,4,YES
15423,19,1013,14163.56,Petrol Pump,ATM WITHDRAWAL,UK,Tablet,2026-05-17T05:48:07.000+05:30,NO,5,YES,5,YES
15767,13,1135,96812.1,Swiggy,ATM WITHDRAWAL,India,Tablet,2026-05-13T23:08:10.000+05:30,YES,23,NO,5,NO
15936,85,1101,50321.82,Netflix,CARD,USA,Laptop,2026-05-03T23:34:04.000+05:30,YES,23,NO,5,YES
16000,61,1050,95671.46,Petrol Pump,ATM WITHDRAWAL,Singapore,Mobile,2026-05-17T11:22:38.000+05:30,YES,11,NO,5,YES
16047,98,1081,12324.97,Nike,CARD,Singapore,Mobile,2026-05-06T13:21:20.000+05:30,NO,13,NO,5,YES
16138,3,1194,25471.64,Netflix,NET BANKING,Germany,Mobile,2026-05-01T19:39:22.000+05:30,NO,19,NO,5,YES
16182,32,1035,86127.71,Zomato,ATM WITHDRAWAL,UK,ATM,2026-05-02T18:08:44.000+05:30,YES,18,NO,5,YES
16198,50,1089,7114.28,Zomato,UPI,Germany,Tablet,2026-05-03T06:52:34.000+05:30,NO,6,NO,5,YES
16295,28,1143,61414.42,Apple Store,UPI,UK,ATM,2026-05-11T12:58:37.000+05:30,YES,12,NO,5,YES
16408,30,1184,47835.03,Swiggy,UPI,Germany,Mobile,2026-05-13T19:41:10.000+05:30,NO,19,NO,5,YES
16411,45,1170,7753.2,Netflix,ATM WITHDRAWAL,UK,Laptop,2026-04-28T22:34:03.000+05:30,NO,22,NO,4,YES
16419,96,1188,65732.03,Flipkart,UPI,Singapore,Mobile,2026-04-29T11:15:18.000+05:30,YES,11,NO,4,YES
16704,28,1009,69466.69,Flipkart,NET BANKING,India,ATM,2026-05-08T22:49:41.000+05:30,YES,22,NO,5,NO
17057,16,1075,37804.67,Swiggy,NET BANKING,UK,Laptop,2026-05-16T07:34:42.000+05:30,NO,7,NO,5,YES
17408,35,1136,8221.77,Zomato,CARD,Singapore,ATM,2026-04-28T18:21:35.000+05:30,NO,18,NO,4,YES
17877,24,1120,58152.37,Amazon,CARD,UK,ATM,2026-04-21T13:40:02.000+05:30,YES,13,NO,4,YES
17879,2,1100,25769.36,Amazon,UPI,Singapore,Tablet,2026-05-07T21:22:16.000+05:30,NO,21,NO,5,YES
19752,98,1084,69481.99,Zomato,CARD,Germany,Tablet,2026-04-24T14:48:39.000+05:30,YES,14,NO,4,YES
19877,27,1149,3922.14,Flipkart,CARD,USA,Mobile,2026-05-05T00:02:07.000+05:30,NO,0,YES,5,YES
20000,17,1060,6865.07,Petrol Pump,CARD,UK,ATM,2026-05-17T00:07:19.000+05:30,NO,0,YES,5,YES
10111,36,1152,14850.83,Petrol Pump,CARD,UK,Laptop,2026-05-10T00:06:58.000+05:30,NO,0,YES,5,YES
10130,53,1128,30236.16,Uber,UPI,Singapore,ATM,2026-05-05T17:02:38.000+05:30,NO,17,NO,5,YES
10242,4,1198,97867.7,Netflix,UPI,USA,Tablet,2026-05-14T05:01:27.000+05:30,YES,5,YES,5,YES
10568,73,1187,98925.12,Swiggy,UPI,India,Laptop,2026-04-27T22:29:25.000+05:30,YES,22,NO,4,NO
10646,80,1099,81658.78,Petrol Pump,NET BANKING,Germany,Mobile,2026-04-27T04:36:38.000+05:30,YES,4,YES,4,YES
11077,63,1004,71660.56,Netflix,ATM WITHDRAWAL,Singapore,ATM,2026-05-17T01:48:06.000+05:30,YES,1,YES,5,YES
11214,30,1025,94277.4,Uber,CARD,Singapore,ATM,2026-04-30T02:26:24.000+05:30,YES,2,YES,4,YES
11216,40,1053,19202.58,Amazon,UPI,Singapore,Laptop,2026-05-15T18:26:30.000+05:30,NO,18,NO,5,YES
11802,92,1068,98317.95,Amazon,UPI,UK,Mobile,2026-04-19T04:45:25.000+05:30,YES,4,YES,4,YES
12327,73,1051,12344.92,Apple Store,NET BANKING,USA,Laptop,2026-05-13T20:05:19.000+05:30,NO,20,NO,5,YES
12452,5,1085,5909.73,Nike,NET BANKING,Singapore,Tablet,2026-05-10T01:23:24.000+05:30,NO,1,YES,5,YES
12455,49,1045,93862.23,Zomato,CARD,USA,ATM,2026-04-26T12:34:34.000+05:30,YES,12,NO,4,YES
12747,69,1185,79754.39,Nike,NET BANKING,Germany,Laptop,2026-05-01T22:32:22.000+05:30,YES,22,NO,5,YES
12888,16,1004,71400.89,Petrol Pump,CARD,USA,Laptop,2026-04-30T10:28:08.000+05:30,YES,10,NO,4,YES
12913,7,1199,44288.52,Apple Store,CARD,Singapore,ATM,2026-05-03T18:47:39.000+05:30,NO,18,NO,5,YES
13283,85,1011,78679.7,Swiggy,UPI,Germany,Mobile,2026-05-09T20:44:18.000+05:30,YES,20,NO,5,YES
13291,72,1106,20035.32,Walmart,CARD,UK,ATM,2026-04-23T04:45:51.000+05:30,NO,4,YES,4,YES
13595,17,1175,48296.67,Amazon,UPI,UK,ATM,2026-05-17T02:19:08.000+05:30,NO,2,YES,5,YES
14206,10,1128,13151.84,Uber,NET BANKING,Singapore,Mobile,2026-04-22T22:25:27.000+05:30,NO,22,NO,4,YES
14223,65,1004,73550.69,Netflix,NET BANKING,Singapore,ATM,2026-05-16T20:33:20.000+05:30,YES,20,NO,5,YES
14686,88,1126,21978.33,Swiggy,ATM WITHDRAWAL,UK,Mobile,2026-05-10T16:33:45.000+05:30,NO,16,NO,5,YES
14703,65,1011,28003.03,Uber,CARD,India,Laptop,2026-05-02T01:43:00.000+05:30,NO,1,YES,5,NO
15330,81,1015,60304.04,Swiggy,NET BANKING,UK,Laptop,2026-04-23T12:04:19.000+05:30,YES,12,NO,4,YES
15831,22,1009,84172.91,Nike,CARD,Singapore,Mobile,2026-05-05T23:25:57.000+05:30,YES,23,NO,5,YES
16036,91,1012,44350.69,Uber,NET BANKING,USA,Mobile,2026-04-23T15:17:22.000+05:30,NO,15,NO,4,YES
16072,46,1009,65243.45,Uber,ATM WITHDRAWAL,USA,Laptop,2026-04-19T03:53:08.000+05:30,YES,3,YES,4,YES
16145,10,1072,80120.02,Zomato,UPI,India,Tablet,2026-04-27T21:43:21.000+05:30,YES,21,NO,4,NO
16161,97,1066,76912.55,Petrol Pump,CARD,India,Laptop,2026-04-28T16:13:15.000+05:30,YES,16,NO,4,NO
16917,46,1184,87117.78,Apple Store,UPI,UK,Laptop,2026-04-20T20:22:59.000+05:30,YES,20,NO,4,YES
16964,81,1176,68617.06,Zomato,UPI,USA,Laptop,2026-04-21T01:30:10.000+05:30,YES,1,YES,4,YES
17567,45,1068,24818.84,Netflix,UPI,Singapore,Tablet,2026-04-30T13:07:39.000+05:30,NO,13,NO,4,YES
18151,28,1164,45195.06,Nike,CARD,UK,ATM,2026-05-04T04:18:19.000+05:30,NO,4,YES,5,YES
18854,39,1110,26657.37,Walmart,NET BANKING,USA,Laptop,2026-04-22T05:27:19.000+05:30,NO,5,YES,4,YES
19190,64,1074,7630.47,Petrol Pump,NET BANKING,Germany,Tablet,2026-05-06T00:21:51.000+05:30,NO,0,YES,5,YES
19497,96,1016,81711.19,Uber,NET BANKING,India,Mobile,2026-04-27T10:29:48.000+05:30,YES,10,NO,4,NO
10013,42,1050,36754.93,Amazon,ATM WITHDRAWAL,Germany,ATM,2026-04-23T21:58:08.000+05:30,NO,21,NO,4,YES
10060,19,1173,71597.63,Netflix,NET BANKING,India,ATM,2026-04-25T04:26:23.000+05:30,YES,4,YES,4,NO
10175,86,1090,38693.84,Amazon,CARD,Singapore,Tablet,2026-04-24T08:51:13.000+05:30,NO,8,NO,4,YES
10181,77,1079,48735.18,Uber,CARD,UK,Mobile,2026-05-18T14:45:19.000+05:30,NO,14,NO,5,YES
10583,74,1025,64884.35,Netflix,NET BANKING,India,Mobile,2026-04-28T16:58:57.000+05:30,YES,16,NO,4,NO
10680,49,1009,29462.81,Netflix,CARD,Germany,ATM,2026-05-14T00:21:41.000+05:30,NO,0,YES,5,YES
10904,57,1086,27394.5,Amazon,ATM WITHDRAWAL,UK,Laptop,2026-05-04T11:47:14.000+05:30,NO,11,NO,5,YES
10979,77,1028,41604.7,Uber,CARD,India,Tablet,2026-05-12T04:11:31.000+05:30,NO,4,YES,5,NO
11030,60,1079,80890.35,Apple Store,NET BANKING,UK,ATM,2026-05-13T02:23:01.000+05:30,YES,2,YES,5,YES
11244,45,1100,80839.11,Petrol Pump,CARD,India,Laptop,2026-05-10T00:16:57.000+05:30,YES,0,YES,5,NO
11313,97,1036,43168.23,Swiggy,CARD,Singapore,Laptop,2026-05-09T11:50:56.000+05:30,NO,11,NO,5,YES
11386,84,1008,41220.77,Swiggy,CARD,UK,Mobile,2026-05-18T10:56:38.000+05:30,NO,10,NO,5,YES
11414,85,1171,82362.39,Nike,UPI,Germany,Laptop,2026-05-11T09:24:15.000+05:30,YES,9,NO,5,YES
11610,17,1063,84208.4,Zomato,NET BANKING,India,Laptop,2026-05-12T05:40:44.000+05:30,YES,5,YES,5,NO
12101,81,1016,59853.09,Amazon,NET BANKING,India,Laptop,2026-04-20T07:01:24.000+05:30,YES,7,NO,4,NO
12162,81,1124,866.2,Walmart,ATM WITHDRAWAL,USA,Mobile,2026-05-05T15:18:18.000+05:30,NO,15,NO,5,YES
12350,70,1123,87343.75,Flipkart,CARD,Singapore,Laptop,2026-05-09T19:49:35.000+05:30,YES,19,NO,5,YES
12393,81,1013,72611.48,Swiggy,NET BANKING,Singapore,Tablet,2026-04-30T20:25:35.000+05:30,YES,20,NO,4,YES
12445,15,1035,40318.87,Walmart,UPI,USA,ATM,2026-04-29T00:43:24.000+05:30,NO,0,YES,4,YES
12525,1,1136,74497.95,Uber,CARD,India,Mobile,2026-05-06T12:30:00.000+05:30,YES,12,NO,5,NO
13322,86,1030,16427.93,Walmart,ATM WITHDRAWAL,USA,Tablet,2026-05-15T02:46:52.000+05:30,NO,2,YES,5,YES
13359,67,1135,59116.8,Uber,CARD,India,ATM,2026-05-11T00:21:17.000+05:30,YES,0,YES,5,NO
13475,34,1033,3624.42,Walmart,CARD,UK,ATM,2026-05-04T05:03:43.000+05:30,NO,5,YES,5,YES
13632,12,1100,983.24,Netflix,CARD,India,ATM,2026-05-10T02:01:01.000+05:30,NO,2,YES,5,NO
13962,71,1028,67496.36,Apple Store,ATM WITHDRAWAL,UK,ATM,2026-05-04T16:15:09.000+05:30,YES,16,NO,5,YES
13963,19,1078,40699.86,Uber,ATM WITHDRAWAL,UK,Mobile,2026-05-02T08:31:02.000+05:30,NO,8,NO,5,YES
14059,48,1162,25077.87,Uber,ATM WITHDRAWAL,Singapore,ATM,2026-05-10T12:04:06.000+05:30,NO,12,NO,5,YES
14149,39,1072,21247.87,Netflix,NET BANKING,Germany,Tablet,2026-05-17T17:54:18.000+05:30,NO,17,NO,5,YES
14623,39,1007,83119.73,Swiggy,ATM WITHDRAWAL,UK,Laptop,2026-05-17T14:45:10.000+05:30,YES,14,NO,5,YES
15046,76,1073,82282.97,Nike,ATM WITHDRAWAL,USA,Tablet,2026-04-18T23:35:44.000+05:30,YES,23,NO,4,YES
16030,23,1198,62121.88,Uber,UPI,Singapore,ATM,2026-04-30T10:29:39.000+05:30,YES,10,NO,4,YES
16092,8,1068,20900.68,Flipkart,CARD,Singapore,ATM,2026-05-05T07:42:50.000+05:30,NO,7,NO,5,YES
16463,9,1153,61795.78,Nike,CARD,Germany,Mobile,2026-05-03T17:20:08.000+05:30,YES,17,NO,5,YES
16481,29,1126,21172.45,Apple Store,CARD,India,ATM,2026-05-07T04:50:09.000+05:30,NO,4,YES,5,NO
16678,20,1076,79709.54,Uber,UPI,India,Tablet,2026-05-11T21:55:05.000+05:30,YES,21,NO,5,NO
16832,53,1101,16035.1,Petrol Pump,UPI,UK,ATM,2026-05-02T23:02:35.000+05:30,NO,23,NO,5,YES
16864,9,1190,58098.07,Nike,NET BANKING,UK,Mobile,2026-04-28T04:20:01.000+05:30,YES,4,YES,4,YES
16873,62,1008,68785.53,Uber,UPI,India,Tablet,2026-04-28T04:23:33.000+05:30,YES,4,YES,4,NO
16958,10,1003,90523.61,Petrol Pump,ATM WITHDRAWAL,Germany,Mobile,2026-04-19T10:05:54.000+05:30,YES,10,NO,4,YES
17202,83,1099,54223.94,Nike,CARD,Singapore,Mobile,2026-05-05T21:15:00.000+05:30,YES,21,NO,5,YES
17417,21,1082,17240.58,Nike,CARD,UK,Tablet,2026-04-24T04:35:28.000+05:30,NO,4,YES,4,YES
17435,29,1119,78983.14,Swiggy,UPI,India,Laptop,2026-04-24T03:22:02.000+05:30,YES,3,YES,4,NO
17837,62,1182,81501.3,Walmart,NET BANKING,USA,Tablet,2026-04-22T07:05:14.000+05:30,YES,7,NO,4,YES
18092,99,1196,76931.36,Uber,NET BANKING,USA,Tablet,2026-05-01T00:17:21.000+05:30,YES,0,YES,5,YES
18573,1,1157,78841.47,Amazon,UPI,India,Laptop,2026-05-15T19:58:19.000+05:30,YES,19,NO,5,NO
18844,18,1053,70035.26,Netflix,CARD,UK,ATM,2026-05-11T00:19:40.000+05:30,YES,0,YES,5,YES
18899,67,1083,89853.85,Walmart,UPI,USA,Mobile,2026-05-09T22:13:25.000+05:30,YES,22,NO,5,YES
18971,7,1090,10868.43,Netflix,CARD,UK,ATM,2026-05-14T17:41:24.000+05:30,NO,17,NO,5,YES
19787,32,1103,8670.06,Walmart,ATM WITHDRAWAL,Singapore,ATM,2026-05-17T01:33:38.000+05:30,NO,1,YES,5,YES
10158,50,1052,37874.7,Amazon,NET BANKING,UK,Mobile,2026-04-26T20:02:30.000+05:30,NO,20,NO,4,YES
10486,76,1148,65568.99,Netflix,UPI,UK,Laptop,2026-05-02T17:41:06.000+05:30,YES,17,NO,5,YES
10742,82,1014,84543.34,Swiggy,CARD,Singapore,Laptop,2026-04-25T03:22:16.000+05:30,YES,3,YES,4,YES
10814,32,1195,76752.28,Apple Store,UPI,Singapore,Mobile,2026-04-26T04:37:37.000+05:30,YES,4,YES,4,YES
10944,16,1042,25076.85,Uber,CARD,UK,Laptop,2026-04-27T16:14:55.000+05:30,NO,16,NO,4,YES
11259,66,1166,63931.05,Walmart,NET BANKING,Singapore,Mobile,2026-05-10T05:17:33.000+05:30,YES,5,YES,5,YES
11454,2,1045,68019.63,Zomato,CARD,Singapore,Tablet,2026-05-15T20:18:47.000+05:30,YES,20,NO,5,YES
11737,16,1116,10813.21,Amazon,ATM WITHDRAWAL,Singapore,Laptop,2026-05-17T06:13:21.000+05:30,NO,6,NO,5,YES
11944,4,1016,48484.99,Amazon,CARD,USA,Laptop,2026-05-16T13:33:53.000+05:30,NO,13,NO,5,YES
11983,20,1130,660.48,Zomato,CARD,Germany,ATM,2026-04-19T03:12:21.000+05:30,NO,3,YES,4,YES
12016,80,1166,22884.48,Apple Store,CARD,Singapore,Laptop,2026-05-17T05:16:18.000+05:30,NO,5,YES,5,YES
12508,43,1186,11178.02,Apple Store,UPI,UK,Tablet,2026-05-06T23:40:21.000+05:30,NO,23,NO,5,YES
12605,99,1040,93708.1,Walmart,CARD,Singapore,Laptop,2026-04-26T23:15:06.000+05:30,YES,23,NO,4,YES
12674,25,1136,54113.75,Apple Store,CARD,UK,Mobile,2026-05-04T14:07:19.000+05:30,YES,14,NO,5,YES
12701,1,1085,85161.53,Walmart,CARD,Germany,ATM,2026-05-05T13:32:18.000+05:30,YES,13,NO,5,YES
12819,57,1084,93176.63,Amazon,CARD,UK,Tablet,2026-05-11T04:03:52.000+05:30,YES,4,YES,5,YES
13238,16,1091,29326.33,Petrol Pump,ATM WITHDRAWAL,Singapore,Laptop,2026-05-05T03:42:38.000+05:30,NO,3,YES,5,YES
14021,87,1045,97312.83,Walmart,CARD,USA,Mobile,2026-05-12T11:11:59.000+05:30,YES,11,NO,5,YES
14218,84,1150,2757.37,Flipkart,NET BANKING,Singapore,Laptop,2026-05-15T21:56:45.000+05:30,NO,21,NO,5,YES
14244,18,1138,20099.09,Petrol Pump,ATM WITHDRAWAL,Singapore,Tablet,2026-05-04T17:06:16.000+05:30,NO,17,NO,5,YES
14266,69,1080,94577.84,Flipkart,NET BANKING,UK,Tablet,2026-04-28T08:23:43.000+05:30,YES,8,NO,4,YES
14423,92,1093,10337.39,Amazon,NET BANKING,Singapore,ATM,2026-05-04T15:14:39.000+05:30,NO,15,NO,5,YES
14446,83,1005,11832.34,Petrol Pump,CARD,India,Laptop,2026-05-17T00:05:44.000+05:30,NO,0,YES,5,NO
14926,86,1189,57463.91,Petrol Pump,ATM WITHDRAWAL,India,Tablet,2026-04-28T01:42:47.000+05:30,YES,1,YES,4,NO
15177,62,1032,18952.67,Swiggy,ATM WITHDRAWAL,USA,Tablet,2026-05-07T19:31:48.000+05:30,NO,19,NO,5,YES
15315,40,1025,73945.41,Amazon,NET BANKING,UK,Mobile,2026-05-16T11:00:09.000+05:30,YES,11,NO,5,YES
15360,36,1070,70556.15,Nike,NET BANKING,India,ATM,2026-05-13T23:22:06.000+05:30,YES,23,NO,5,NO
15385,18,1072,91998.62,Flipkart,UPI,Germany,Laptop,2026-04-27T02:21:54.000+05:30,YES,2,YES,4,YES
15418,55,1046,99759.66,Flipkart,ATM WITHDRAWAL,USA,ATM,2026-05-07T17:15:09.000+05:30,YES,17,NO,5,YES
15603,26,1191,72409.4,Uber,UPI,UK,ATM,2026-04-29T04:41:22.000+05:30,YES,4,YES,4,YES
15929,11,1153,46034.37,Netflix,CARD,Germany,Tablet,2026-04-27T10:45:45.000+05:30,NO,10,NO,4,YES
16069,35,1039,61584.43,Nike,CARD,Singapore,ATM,2026-04-19T03:57:23.000+05:30,YES,3,YES,4,YES
16071,61,1145,88588.35,Netflix,CARD,India,Tablet,2026-04-28T16:03:08.000+05:30,YES,16,NO,4,NO
16093,77,1177,51855.5,Netflix,UPI,India,ATM,2026-04-26T19:02:23.000+05:30,YES,19,NO,4,NO
16200,36,1141,39825.68,Swiggy,CARD,Germany,Laptop,2026-05-11T03:02:12.000+05:30,NO,3,YES,5,YES
16271,46,1178,94190.63,Netflix,ATM WITHDRAWAL,Germany,Mobile,2026-05-06T16:06:00.000+05:30,YES,16,NO,5,YES
16835,1,1006,14305.12,Uber,UPI,Germany,Mobile,2026-05-15T17:37:12.000+05:30,NO,17,NO,5,YES
17257,67,1065,86432.84,Swiggy,UPI,India,ATM,2026-04-30T17:37:21.000+05:30,YES,17,NO,4,NO
17473,45,1146,26754.57,Walmart,NET BANKING,UK,Tablet,2026-05-06T08:36:17.000+05:30,NO,8,NO,5,YES
17666,92,1074,85465.74,Flipkart,UPI,USA,Mobile,2026-05-01T02:33:58.000+05:30,YES,2,YES,5,YES
18327,58,1163,55613.66,Swiggy,UPI,USA,Mobile,2026-04-29T19:48:25.000+05:30,YES,19,NO,4,YES
18686,56,1170,36212.59,Flipkart,CARD,Singapore,Laptop,2026-05-05T02:47:26.000+05:30,NO,2,YES,5,YES
18798,41,1138,73591.51,Netflix,NET BANKING,UK,Tablet,2026-05-03T19:10:58.000+05:30,YES,19,NO,5,YES
18878,19,1191,56690.85,Netflix,NET BANKING,India,Laptop,2026-04-22T14:28:14.000+05:30,YES,14,NO,4,NO
19138,24,1190,84825.95,Amazon,NET BANKING,Germany,Mobile,2026-04-24T20:59:37.000+05:30,YES,20,NO,4,YES
19165,55,1007,7911.2,Walmart,NET BANKING,USA,ATM,2026-04-24T07:11:27.000+05:30,NO,7,NO,4,YES
19698,92,1164,25275.3,Flipkart,CARD,Germany,Laptop,2026-05-11T06:17:11.000+05:30,NO,6,NO,5,YES
10053,68,1094,88658.16,Netflix,CARD,India,Laptop,2026-04-25T11:37:32.000+05:30,YES,11,NO,4,NO
10142,20,1064,60796.63,Flipkart,UPI,USA,ATM,2026-05-14T10:04:05.000+05:30,YES,10,NO,5,YES
10641,71,1139,18281.63,Amazon,ATM WITHDRAWAL,USA,Tablet,2026-04-24T09:45:15.000+05:30,NO,9,NO,4,YES
10997,38,1191,53737.91,Amazon,UPI,India,Mobile,2026-04-26T06:01:26.000+05:30,YES,6,NO,4,NO
11085,100,1090,35078.65,Petrol Pump,UPI,Germany,Laptop,2026-04-21T08:53:59.000+05:30,NO,8,NO,4,YES
11367,50,1121,30626.45,Apple Store,ATM WITHDRAWAL,Singapore,Tablet,2026-05-05T21:09:24.000+05:30,NO,21,NO,5,YES
11498,47,1056,46935.72,Swiggy,UPI,Singapore,Tablet,2026-05-14T12:46:02.000+05:30,NO,12,NO,5,YES
11652,49,1043,43098.49,Nike,CARD,India,Mobile,2026-05-11T04:08:26.000+05:30,NO,4,YES,5,NO
11680,13,1166,49570.2,Netflix,UPI,UK,Laptop,2026-05-10T20:52:29.000+05:30,NO,20,NO,5,YES
11962,45,1132,98849.99,Amazon,CARD,USA,ATM,2026-05-06T06:47:43.000+05:30,YES,6,NO,5,YES
12009,50,1059,37136.98,Nike,ATM WITHDRAWAL,Germany,ATM,2026-05-08T00:34:54.000+05:30,NO,0,YES,5,YES
12242,38,1145,96758.63,Uber,CARD,Singapore,Mobile,2026-05-09T16:14:08.000+05:30,YES,16,NO,5,YES
12546,63,1150,68856.95,Zomato,UPI,USA,ATM,2026-05-13T00:38:59.000+05:30,YES,0,YES,5,YES
12602,99,1117,29083.86,Apple Store,UPI,UK,ATM,2026-04-26T20:59:01.000+05:30,NO,20,NO,4,YES
12744,64,1054,26705.92,Walmart,NET BANKING,Singapore,Tablet,2026-05-04T15:02:57.000+05:30,NO,15,NO,5,YES
13730,41,1030,19219.84,Petrol Pump,ATM WITHDRAWAL,Germany,Tablet,2026-05-18T01:34:19.000+05:30,NO,1,YES,5,YES
13941,86,1128,58190.49,Petrol Pump,CARD,USA,Mobile,2026-04-19T02:25:46.000+05:30,YES,2,YES,4,YES
13946,40,1182,15026.07,Petrol Pump,NET BANKING,USA,ATM,2026-05-12T15:16:39.000+05:30,NO,15,NO,5,YES
13970,75,1081,69344.04,Petrol Pump,UPI,India,Mobile,2026-05-08T16:59:28.000+05:30,YES,16,NO,5,NO
14090,20,1039,36839.94,Zomato,CARD,Germany,Laptop,2026-05-18T13:42:23.000+05:30,NO,13,NO,5,YES
14116,12,1034,13888.16,Netflix,CARD,Germany,Tablet,2026-04-29T23:55:59.000+05:30,NO,23,NO,4,YES
14138,21,1041,79424.52,Zomato,NET BANKING,UK,ATM,2026-05-08T23:47:56.000+05:30,YES,23,NO,5,YES
14652,44,1117,96340.77,Uber,UPI,Germany,Laptop,2026-04-23T03:10:18.000+05:30,YES,3,YES,4,YES
14787,46,1137,12484.9,Flipkart,NET BANKING,Singapore,ATM,2026-05-13T20:45:23.000+05:30,NO,20,NO,5,YES
15409,40,1032,60260.55,Zomato,CARD,UK,Tablet,2026-05-07T06:31:51.000+05:30,YES,6,NO,5,YES
15540,34,1150,62336.56,Walmart,NET BANKING,India,ATM,2026-05-13T09:10:47.000+05:30,YES,9,NO,5,NO
15576,80,1092,1585.35,Zomato,UPI,Germany,ATM,2026-05-08T07:29:11.000+05:30,NO,7,NO,5,YES
15858,59,1020,85095.19,Apple Store,UPI,Singapore,Laptop,2026-05-07T19:18:48.000+05:30,YES,19,NO,5,YES
15861,39,1148,76017.79,Netflix,UPI,India,ATM,2026-04-29T17:35:35.000+05:30,YES,17,NO,4,NO
16129,37,1105,35811.53,Apple Store,UPI,UK,ATM,2026-05-07T04:15:10.000+05:30,NO,4,YES,5,YES
16227,96,1024,84135.68,Walmart,NET BANKING,India,Tablet,2026-05-09T04:58:30.000+05:30,YES,4,YES,5,NO
16609,45,1081,39388.8,Netflix,NET BANKING,Singapore,ATM,2026-04-28T07:33:54.000+05:30,NO,7,NO,4,YES
16655,56,1142,11064.88,Uber,UPI,USA,Laptop,2026-04-20T09:04:36.000+05:30,NO,9,NO,4,YES
16672,32,1018,94318.09,Petrol Pump,CARD,USA,ATM,2026-05-01T03:16:05.000+05:30,YES,3,YES,5,YES
17110,55,1073,17321.41,Apple Store,CARD,USA,Tablet,2026-05-01T16:15:34.000+05:30,NO,16,NO,5,YES
17145,82,1022,98472.48,Amazon,NET BANKING,Singapore,Tablet,2026-05-06T09:01:49.000+05:30,YES,9,NO,5,YES
17300,55,1173,92955.16,Amazon,ATM WITHDRAWAL,Germany,Tablet,2026-04-23T16:56:34.000+05:30,YES,16,NO,4,YES
17812,48,1051,92767.93,Apple Store,ATM WITHDRAWAL,India,Laptop,2026-04-23T10:23:28.000+05:30,YES,10,NO,4,NO
17824,12,1012,7777.12,Walmart,NET BANKING,UK,ATM,2026-05-06T23:40:40.000+05:30,NO,23,NO,5,YES
18756,31,1198,32570.39,Flipkart,CARD,Germany,ATM,2026-05-17T14:58:59.000+05:30,NO,14,NO,5,YES
18968,29,1072,87861.36,Apple Store,ATM WITHDRAWAL,Singapore,Mobile,2026-04-25T04:18:08.000+05:30,YES,4,YES,4,YES
19280,43,1005,41352.85,Walmart,UPI,USA,Mobile,2026-04-25T04:00:46.000+05:30,NO,4,YES,4,YES
19389,3,1120,56865.52,Walmart,UPI,Singapore,Laptop,2026-04-29T14:33:09.000+05:30,YES,14,NO,4,YES
19575,98,1095,23833.42,Netflix,UPI,Germany,ATM,2026-04-23T21:56:18.000+05:30,NO,21,NO,4,YES
19610,41,1142,63063.48,Amazon,CARD,India,Mobile,2026-05-09T20:17:35.000+05:30,YES,20,NO,5,NO
19887,66,1032,91510.16,Nike,NET BANKING,India,Laptop,2026-05-05T01:44:34.000+05:30,YES,1,YES,5,NO
10273,9,1044,49639.13,Netflix,UPI,USA,Mobile,2026-04-24T12:15:03.000+05:30,NO,12,NO,4,YES
10274,100,1129,8832.67,Petrol Pump,UPI,Germany,ATM,2026-04-23T01:29:16.000+05:30,NO,1,YES,4,YES
10794,20,1157,27883.61,Zomato,NET BANKING,India,Mobile,2026-05-18T03:28:42.000+05:30,NO,3,YES,5,NO
11559,36,1125,41444.46,Netflix,NET BANKING,Singapore,Tablet,2026-05-11T18:48:38.000+05:30,NO,18,NO,5,YES
11642,62,1166,91761.67,Petrol Pump,UPI,Germany,Laptop,2026-04-22T19:25:51.000+05:30,YES,19,NO,4,YES
11849,60,1055,45598.62,Amazon,ATM WITHDRAWAL,UK,ATM,2026-05-03T20:20:25.000+05:30,NO,20,NO,5,YES
11870,94,1141,13587.86,Petrol Pump,NET BANKING,USA,Laptop,2026-05-05T13:10:21.000+05:30,NO,13,NO,5,YES
12098,94,1047,47978.39,Netflix,NET BANKING,Germany,ATM,2026-04-25T11:04:51.000+05:30,NO,11,NO,4,YES
12179,70,1038,92594.34,Walmart,CARD,Germany,ATM,2026-04-21T02:08:17.000+05:30,YES,2,YES,4,YES
12834,48,1130,75106.81,Flipkart,NET BANKING,Germany,Tablet,2026-05-08T04:47:37.000+05:30,YES,4,YES,5,YES
13494,78,1037,96462.35,Zomato,UPI,Singapore,Mobile,2026-05-14T03:52:50.000+05:30,YES,3,YES,5,YES
13814,30,1191,46964.53,Petrol Pump,UPI,Singapore,Mobile,2026-05-01T19:44:55.000+05:30,NO,19,NO,5,YES
14417,85,1107,70912.45,Walmart,ATM WITHDRAWAL,UK,ATM,2026-05-16T00:09:06.000+05:30,YES,0,YES,5,YES
14660,7,1051,92767.62,Netflix,UPI,Singapore,ATM,2026-04-28T11:34:17.000+05:30,YES,11,NO,4,YES
14859,74,1181,45951.15,Apple Store,UPI,USA,Laptop,2026-04-24T13:29:19.000+05:30,NO,13,NO,4,YES
15181,22,1155,85942.86,Swiggy,UPI,India,Tablet,2026-05-06T03:23:07.000+05:30,YES,3,YES,5,NO
15186,9,1097,94960.01,Walmart,ATM WITHDRAWAL,USA,ATM,2026-04-23T21:03:56.000+05:30,YES,21,NO,4,YES
15295,35,1109,1225.43,Flipkart,NET BANKING,Singapore,Tablet,2026-04-20T01:29:48.000+05:30,NO,1,YES,4,YES
15769,32,1043,6251.52,Walmart,NET BANKING,USA,Tablet,2026-05-06T16:09:09.000+05:30,NO,16,NO,5,YES
15902,24,1024,69819.12,Swiggy,ATM WITHDRAWAL,Germany,Tablet,2026-05-01T07:52:59.000+05:30,YES,7,NO,5,YES
16215,50,1169,38393.36,Nike,CARD,UK,Mobile,2026-04-25T12:40:38.000+05:30,NO,12,NO,4,YES
16849,93,1036,63484.88,Petrol Pump,NET BANKING,India,Tablet,2026-05-09T08:56:59.000+05:30,YES,8,NO,5,NO
16890,1,1097,86036.67,Amazon,UPI,UK,Mobile,2026-05-11T20:48:36.000+05:30,YES,20,NO,5,YES
17393,65,1012,96110.61,Amazon,ATM WITHDRAWAL,Singapore,Mobile,2026-04-21T09:47:21.000+05:30,YES,9,NO,4,YES
17599,27,1177,89686.37,Flipkart,NET BANKING,UK,Laptop,2026-05-11T08:10:26.000+05:30,YES,8,NO,5,YES
17748,25,1085,58342.5,Amazon,UPI,Singapore,Mobile,2026-05-08T06:30:27.000+05:30,YES,6,NO,5,YES
17801,84,1091,95303.93,Amazon,UPI,Singapore,Laptop,2026-05-01T10:12:08.000+05:30,YES,10,NO,5,YES
17916,24,1086,69687.87,Apple Store,ATM WITHDRAWAL,USA,ATM,2026-04-20T20:05:35.000+05:30,YES,20,NO,4,YES
18309,2,1021,94245.76,Swiggy,ATM WITHDRAWAL,USA,ATM,2026-04-23T04:56:58.000+05:30,YES,4,YES,4,YES
18569,89,1169,43110.58,Flipkart,ATM WITHDRAWAL,Germany,Mobile,2026-04-30T16:02:47.000+05:30,NO,16,NO,4,YES
18825,17,1092,83633.31,Swiggy,UPI,Germany,ATM,2026-05-12T01:59:04.000+05:30,YES,1,YES,5,YES
18891,20,1167,31851.03,Swiggy,ATM WITHDRAWAL,UK,ATM,2026-04-21T08:07:44.000+05:30,NO,8,NO,4,YES
19101,18,1073,76491.74,Netflix,NET BANKING,USA,Laptop,2026-04-26T23:34:28.000+05:30,YES,23,NO,4,YES
19396,74,1197,43634.12,Uber,UPI,UK,ATM,2026-04-23T02:27:04.000+05:30,NO,2,YES,4,YES
19682,57,1094,77454.2,Nike,UPI,Singapore,ATM,2026-05-15T15:13:45.000+05:30,YES,15,NO,5,YES
10208,51,1032,25337.93,Swiggy,ATM WITHDRAWAL,Singapore,Laptop,2026-05-08T12:14:01.000+05:30,NO,12,NO,5,YES
10480,77,1034,75383.78,Nike,ATM WITHDRAWAL,USA,Tablet,2026-04-26T01:29:35.000+05:30,YES,1,YES,4,YES
10512,22,1066,58987.25,Uber,NET BANKING,Germany,Tablet,2026-04-19T16:46:51.000+05:30,YES,16,NO,4,YES
10528,12,1052,29977.2,Nike,CARD,USA,ATM,2026-05-16T14:48:33.000+05:30,NO,14,NO,5,YES
10687,55,1171,42396.2,Amazon,CARD,Germany,Tablet,2026-05-07T13:07:48.000+05:30,NO,13,NO,5,YES
10785,62,1032,38414.41,Apple Store,CARD,UK,Laptop,2026-04-25T12:48:43.000+05:30,NO,12,NO,4,YES
10810,92,1015,98628.81,Petrol Pump,NET BANKING,UK,ATM,2026-04-25T11:14:23.000+05:30,YES,11,NO,4,YES
11205,68,1030,74702.31,Flipkart,ATM WITHDRAWAL,Singapore,Mobile,2026-05-08T03:11:13.000+05:30,YES,3,YES,5,YES
11672,53,1048,65539.9,Petrol Pump,CARD,Germany,Mobile,2026-05-03T08:59:14.000+05:30,YES,8,NO,5,YES
11761,15,1186,14544.49,Petrol Pump,ATM WITHDRAWAL,Germany,ATM,2026-05-12T15:44:33.000+05:30,NO,15,NO,5,YES
11828,64,1181,18481.87,Swiggy,NET BANKING,Germany,Mobile,2026-05-06T09:04:40.000+05:30,NO,9,NO,5,YES
11842,49,1076,41568.7,Netflix,CARD,UK,Mobile,2026-04-18T19:35:23.000+05:30,NO,19,NO,4,YES
11926,94,1176,11870.05,Nike,UPI,Germany,Mobile,2026-05-07T09:49:17.000+05:30,NO,9,NO,5,YES
12264,19,1038,51211.3,Walmart,ATM WITHDRAWAL,UK,Laptop,2026-05-10T20:51:08.000+05:30,YES,20,NO,5,YES
13264,76,1187,71955.48,Swiggy,UPI,Singapore,ATM,2026-04-23T13:15:36.000+05:30,YES,13,NO,4,YES
13608,78,1071,29777.05,Flipkart,UPI,Germany,ATM,2026-05-06T18:14:20.000+05:30,NO,18,NO,5,YES
13798,4,1030,26329.5,Netflix,ATM WITHDRAWAL,Singapore,Laptop,2026-05-12T03:53:42.000+05:30,NO,3,YES,5,YES
14414,58,1066,50399.96,Petrol Pump,ATM WITHDRAWAL,India,Laptop,2026-05-11T22:59:29.000+05:30,YES,22,NO,5,NO
14598,74,1179,87151.59,Petrol Pump,UPI,USA,ATM,2026-05-18T13:03:34.000+05:30,YES,13,NO,5,YES
15273,27,1114,28182.66,Zomato,ATM WITHDRAWAL,UK,Tablet,2026-05-04T05:50:48.000+05:30,NO,5,YES,5,YES
15300,24,1157,79985.86,Netflix,CARD,Singapore,Tablet,2026-04-26T11:33:45.000+05:30,YES,11,NO,4,YES
15525,70,1093,29289.54,Uber,ATM WITHDRAWAL,Germany,Mobile,2026-05-05T16:30:31.000+05:30,NO,16,NO,5,YES
15774,86,1186,58119.96,Apple Store,ATM WITHDRAWAL,Singapore,Laptop,2026-04-26T01:20:19.000+05:30,YES,1,YES,4,YES
15823,69,1120,46468.12,Zomato,UPI,Germany,Laptop,2026-04-28T14:02:40.000+05:30,NO,14,NO,4,YES
15943,43,1176,75029.53,Apple Store,UPI,Singapore,Tablet,2026-04-29T12:43:05.000+05:30,YES,12,NO,4,YES
16284,15,1148,29112.48,Swiggy,UPI,UK,Laptop,2026-04-23T17:33:31.000+05:30,NO,17,NO,4,YES
16403,50,1016,87977.47,Zomato,ATM WITHDRAWAL,Germany,Mobile,2026-05-14T05:18:38.000+05:30,YES,5,YES,5,YES
16425,87,1029,35627.76,Flipkart,UPI,USA,Laptop,2026-05-03T20:34:42.000+05:30,NO,20,NO,5,YES
16498,60,1025,99612.51,Netflix,ATM WITHDRAWAL,USA,ATM,2026-04-20T03:22:08.000+05:30,YES,3,YES,4,YES
16585,94,1152,59741.99,Amazon,ATM WITHDRAWAL,UK,Tablet,2026-05-15T11:14:04.000+05:30,YES,11,NO,5,YES
16758,28,1055,8984.22,Uber,NET BANKING,USA,ATM,2026-04-18T20:26:46.000+05:30,NO,20,NO,4,YES
16774,18,1083,28221.8,Flipkart,UPI,Germany,Laptop,2026-05-09T05:43:22.000+05:30,NO,5,YES,5,YES
16876,2,1163,55880.4,Flipkart,CARD,Germany,Tablet,2026-05-09T05:11:21.000+05:30,YES,5,YES,5,YES
17056,29,1123,93480.78,Petrol Pump,CARD,Germany,ATM,2026-05-04T20:48:03.000+05:30,YES,20,NO,5,YES
17106,57,1123,27404.62,Petrol Pump,CARD,Singapore,Laptop,2026-05-14T00:04:38.000+05:30,NO,0,YES,5,YES
17355,5,1167,18410.4,Uber,CARD,UK,Laptop,2026-04-22T05:26:37.000+05:30,NO,5,YES,4,YES
17379,78,1146,56636.19,Walmart,CARD,India,Mobile,2026-05-10T00:05:04.000+05:30,YES,0,YES,5,NO
18326,38,1136,52212.4,Netflix,NET BANKING,India,Tablet,2026-05-05T10:57:00.000+05:30,YES,10,NO,5,NO
18379,30,1185,42461.77,Uber,ATM WITHDRAWAL,Singapore,ATM,2026-05-18T08:43:45.000+05:30,NO,8,NO,5,YES
18486,19,1190,43182.68,Netflix,UPI,UK,ATM,2026-05-17T03:26:01.000+05:30,NO,3,YES,5,YES
18542,40,1068,29824.99,Nike,CARD,Singapore,Laptop,2026-05-02T13:03:21.000+05:30,NO,13,NO,5,YES
18722,13,1028,42739.81,Nike,CARD,USA,Mobile,2026-05-04T16:47:13.000+05:30,NO,16,NO,5,YES
18821,44,1195,27777.12,Apple Store,NET BANKING,Singapore,ATM,2026-05-05T12:14:31.000+05:30,NO,12,NO,5,YES
18873,97,1160,42676.77,Nike,CARD,India,Laptop,2026-05-16T01:54:31.000+05:30,NO,1,YES,5,NO
19191,23,1055,80127.35,Walmart,UPI,USA,ATM,2026-04-22T11:18:17.000+05:30,YES,11,NO,4,YES
19192,24,1156,1233.7,Swiggy,ATM WITHDRAWAL,UK,Tablet,2026-05-06T00:13:12.000+05:30,NO,0,YES,5,YES
19307,21,1042,91819.43,Apple Store,ATM WITHDRAWAL,UK,Tablet,2026-05-07T14:15:19.000+05:30,YES,14,NO,5,YES
19621,76,1079,39313.39,Swiggy,UPI,UK,Tablet,2026-05-03T15:53:17.000+05:30,NO,15,NO,5,YES
19690,4,1193,51176.8,Petrol Pump,CARD,Singapore,ATM,2026-05-11T23:00:35.000+05:30,YES,23,NO,5,YES
19732,40,1169,47226.87,Nike,ATM WITHDRAWAL,UK,Laptop,2026-05-04T20:54:34.000+05:30,NO,20,NO,5,YES
10009,28,1122,65795.3,Flipkart,UPI,Singapore,ATM,2026-05-01T10:55:30.000+05:30,YES,10,NO,5,YES
10732,11,1177,18205.65,Swiggy,NET BANKING,Germany,ATM,2026-05-17T20:34:11.000+05:30,NO,20,NO,5,YES
10741,2,1049,70636.81,Apple Store,CARD,USA,Tablet,2026-05-14T23:09:29.000+05:30,YES,23,NO,5,YES
11069,76,1072,50646.68,Swiggy,ATM WITHDRAWAL,USA,Mobile,2026-05-01T20:44:57.000+05:30,YES,20,NO,5,YES
11200,58,1119,65484.79,Zomato,ATM WITHDRAWAL,UK,Tablet,2026-04-22T05:32:05.000+05:30,YES,5,YES,4,YES
11355,23,1136,91771.21,Flipkart,NET BANKING,Germany,ATM,2026-04-21T08:12:32.000+05:30,YES,8,NO,4,YES
11496,62,1172,7927.83,Uber,CARD,Singapore,ATM,2026-05-16T18:07:04.000+05:30,NO,18,NO,5,YES
12317,44,1057,50265.98,Zomato,UPI,India,Mobile,2026-04-28T05:58:43.000+05:30,YES,5,YES,4,NO
12440,26,1186,8318.89,Uber,ATM WITHDRAWAL,Singapore,Laptop,2026-05-05T17:13:44.000+05:30,NO,17,NO,5,YES
13002,20,1090,96194.35,Nike,CARD,Germany,Mobile,2026-04-27T10:16:20.000+05:30,YES,10,NO,4,YES
13033,73,1064,90879.5,Apple Store,NET BANKING,Germany,ATM,2026-05-10T14:42:52.000+05:30,YES,14,NO,5,YES
13187,79,1194,42955.19,Petrol Pump,UPI,UK,Laptop,2026-04-27T07:03:09.000+05:30,NO,7,NO,4,YES
13285,56,1021,80484.75,Swiggy,UPI,India,ATM,2026-04-21T05:22:01.000+05:30,YES,5,YES,4,NO
13368,80,1073,8734.16,Amazon,NET BANKING,UK,Tablet,2026-04-21T20:27:04.000+05:30,NO,20,NO,4,YES
13387,53,1155,14808.53,Apple Store,NET BANKING,USA,Laptop,2026-05-09T04:19:25.000+05:30,NO,4,YES,5,YES
13401,72,1015,94488.92,Amazon,ATM WITHDRAWAL,USA,Laptop,2026-04-24T19:16:04.000+05:30,YES,19,NO,4,YES
15931,14,1021,68133.21,Nike,NET BANKING,Singapore,Tablet,2026-05-05T06:27:13.000+05:30,YES,6,NO,5,YES
16143,79,1159,75428.72,Uber,NET BANKING,Singapore,Laptop,2026-05-07T12:59:11.000+05:30,YES,12,NO,5,YES
16174,33,1148,14881.34,Netflix,NET BANKING,UK,Mobile,2026-05-05T08:42:00.000+05:30,NO,8,NO,5,YES
16426,33,1147,85530.84,Nike,ATM WITHDRAWAL,Singapore,Mobile,2026-05-14T03:34:30.000+05:30,YES,3,YES,5,YES
16855,58,1127,29674.82,Zomato,ATM WITHDRAWAL,Germany,Tablet,2026-05-02T03:52:59.000+05:30,NO,3,YES,5,YES
17330,41,1064,5259.15,Swiggy,CARD,Singapore,Tablet,2026-05-03T10:09:08.000+05:30,NO,10,NO,5,YES
17653,31,1027,78569.09,Flipkart,UPI,UK,ATM,2026-04-29T18:36:06.000+05:30,YES,18,NO,4,YES
18681,43,1060,9714.54,Petrol Pump,ATM WITHDRAWAL,Germany,ATM,2026-04-22T20:00:56.000+05:30,NO,20,NO,4,YES
18842,45,1034,29523.18,Flipkart,ATM WITHDRAWAL,USA,Tablet,2026-04-30T22:28:56.000+05:30,NO,22,NO,4,YES
18870,94,1113,30462.89,Zomato,UPI,Singapore,Mobile,2026-04-25T05:24:05.000+05:30,NO,5,YES,4,YES
18929,62,1034,72358.68,Nike,UPI,India,Mobile,2026-05-03T20:53:38.000+05:30,YES,20,NO,5,NO
18980,81,1128,11569.47,Netflix,NET BANKING,Germany,Laptop,2026-04-24T03:18:56.000+05:30,NO,3,YES,4,YES
19479,52,1015,88250.17,Flipkart,CARD,Germany,Tablet,2026-05-02T02:26:12.000+05:30,YES,2,YES,5,YES
19641,52,1190,4913.83,Netflix,NET BANKING,UK,Mobile,2026-04-28T04:32:01.000+05:30,NO,4,YES,4,YES
19906,11,1041,94269.76,Netflix,CARD,Singapore,ATM,2026-05-14T17:49:39.000+05:30,YES,17,NO,5,YES
10048,45,1006,65043.48,Apple Store,NET BANKING,UK,Mobile,2026-05-05T15:16:18.000+05:30,YES,15,NO,5,YES
10237,92,1053,28242.92,Flipkart,NET BANKING,USA,Mobile,2026-05-14T04:15:59.000+05:30,NO,4,YES,5,YES
10243,85,1068,61490.67,Nike,UPI,Germany,Mobile,2026-05-10T21:45:50.000+05:30,YES,21,NO,5,YES
10308,80,1003,62905.82,Apple Store,NET BANKING,Germany,Laptop,2026-05-18T09:26:35.000+05:30,YES,9,NO,5,YES
11263,48,1200,61261.59,Swiggy,NET BANKING,USA,Mobile,2026-05-04T12:48:03.000+05:30,YES,12,NO,5,YES
11334,2,1166,46100.54,Petrol Pump,CARD,USA,Mobile,2026-04-29T00:40:09.000+05:30,NO,0,YES,4,YES
11629,73,1071,79823.04,Apple Store,CARD,India,ATM,2026-04-24T14:39:14.000+05:30,YES,14,NO,4,NO
11719,82,1115,8309.67,Apple Store,ATM WITHDRAWAL,Germany,ATM,2026-05-03T07:08:44.000+05:30,NO,7,NO,5,YES
11981,33,1037,24748.61,Uber,CARD,UK,Tablet,2026-05-12T09:22:39.000+05:30,NO,9,NO,5,YES
12136,83,1002,3974.1,Flipkart,CARD,USA,ATM,2026-05-16T05:08:07.000+05:30,NO,5,YES,5,YES
12226,22,1045,23447.85,Zomato,NET BANKING,UK,Tablet,2026-05-08T15:23:31.000+05:30,NO,15,NO,5,YES
13119,51,1019,11836.74,Petrol Pump,NET BANKING,Singapore,Mobile,2026-05-02T01:09:48.000+05:30,NO,1,YES,5,YES
13184,99,1132,68330.61,Netflix,ATM WITHDRAWAL,Germany,Mobile,2026-04-26T08:03:16.000+05:30,YES,8,NO,4,YES
13261,17,1085,78133.36,Uber,NET BANKING,UK,ATM,2026-04-21T11:58:17.000+05:30,YES,11,NO,4,YES
13339,100,1172,74274.37,Zomato,UPI,India,Laptop,2026-04-28T20:25:20.000+05:30,YES,20,NO,4,NO
13541,25,1179,6791.98,Walmart,NET BANKING,Singapore,ATM,2026-05-02T05:00:52.000+05:30,NO,5,YES,5,YES
13587,88,1050,72106.56,Netflix,UPI,Germany,Laptop,2026-04-26T01:20:49.000+05:30,YES,1,YES,4,YES
13841,27,1159,35693.03,Netflix,CARD,Germany,Mobile,2026-04-19T06:04:10.000+05:30,NO,6,NO,4,YES
14504,33,1135,16190.61,Petrol Pump,NET BANKING,USA,Tablet,2026-05-12T12:32:07.000+05:30,NO,12,NO,5,YES
14827,72,1075,26625.25,Apple Store,CARD,UK,Mobile,2026-04-18T20:41:13.000+05:30,NO,20,NO,4,YES
14938,32,1041,56068.46,Flipkart,UPI,India,ATM,2026-04-23T06:21:58.000+05:30,YES,6,NO,4,NO
15712,91,1043,9580.42,Uber,NET BANKING,Singapore,ATM,2026-05-07T10:23:39.000+05:30,NO,10,NO,5,YES
15724,41,1170,47127.05,Petrol Pump,UPI,UK,Laptop,2026-05-18T00:07:18.000+05:30,NO,0,YES,5,YES
15779,21,1116,79667.45,Flipkart,NET BANKING,UK,Laptop,2026-05-17T04:29:33.000+05:30,YES,4,YES,5,YES
15833,66,1121,56665.12,Flipkart,UPI,India,Laptop,2026-04-27T12:49:22.000+05:30,YES,12,NO,4,NO
15852,69,1015,84944.66,Nike,ATM WITHDRAWAL,Singapore,ATM,2026-05-05T00:13:59.000+05:30,YES,0,YES,5,YES
16096,100,1035,27144.5,Zomato,UPI,USA,Mobile,2026-05-09T02:44:43.000+05:30,NO,2,YES,5,YES
16241,95,1180,32415.25,Uber,UPI,UK,Mobile,2026-04-18T17:24:17.000+05:30,NO,17,NO,4,YES
16378,36,1158,97374.75,Swiggy,NET BANKING,UK,Laptop,2026-04-21T00:31:30.000+05:30,YES,0,YES,4,YES
16565,92,1133,52100.17,Netflix,UPI,Singapore,ATM,2026-05-01T08:34:36.000+05:30,YES,8,NO,5,YES
16783,58,1106,54435.75,Nike,NET BANKING,Singapore,Tablet,2026-04-27T06:38:01.000+05:30,YES,6,NO,4,YES
16827,47,1032,70255.8,Swiggy,NET BANKING,UK,Tablet,2026-04-23T11:40:48.000+05:30,YES,11,NO,4,YES
17000,33,1122,95306.49,Petrol Pump,CARD,USA,Laptop,2026-05-02T13:37:51.000+05:30,YES,13,NO,5,YES
17138,12,1156,53213.16,Zomato,UPI,UK,ATM,2026-04-27T10:39:33.000+05:30,YES,10,NO,4,YES
17144,84,1174,23020.44,Apple Store,ATM WITHDRAWAL,India,Laptop,2026-05-04T00:47:38.000+05:30,NO,0,YES,5,NO
17411,70,1051,75055.38,Petrol Pump,UPI,India,ATM,2026-05-17T03:32:21.000+05:30,YES,3,YES,5,NO
17662,71,1115,31783.47,Amazon,NET BANKING,India,Tablet,2026-05-14T05:11:15.000+05:30,NO,5,YES,5,NO
17722,63,1047,60284.79,Petrol Pump,NET BANKING,UK,ATM,2026-04-24T01:28:27.000+05:30,YES,1,YES,4,YES
17726,60,1021,98825.17,Amazon,NET BANKING,USA,Mobile,2026-04-28T18:35:31.000+05:30,YES,18,NO,4,YES
17819,96,1055,15620.9,Walmart,ATM WITHDRAWAL,UK,Mobile,2026-04-19T23:49:05.000+05:30,NO,23,NO,4,YES
18995,40,1071,33803.52,Apple Store,CARD,UK,ATM,2026-04-19T17:16:36.000+05:30,NO,17,NO,4,YES
19379,26,1199,38330.9,Uber,NET BANKING,Germany,Tablet,2026-05-01T05:00:43.000+05:30,NO,5,YES,5,YES
10423,76,1077,35793.75,Walmart,ATM WITHDRAWAL,Singapore,Mobile,2026-05-02T21:36:23.000+05:30,NO,21,NO,5,YES
10730,35,1101,36703.64,Zomato,NET BANKING,Germany,Mobile,2026-04-19T23:37:44.000+05:30,NO,23,NO,4,YES
10782,70,1123,88067.27,Nike,CARD,UK,Mobile,2026-04-23T10:21:52.000+05:30,YES,10,NO,4,YES
10828,17,1006,63325.68,Swiggy,UPI,India,Tablet,2026-04-25T22:03:53.000+05:30,YES,22,NO,4,NO
10894,39,1171,22416.39,Amazon,ATM WITHDRAWAL,Singapore,Tablet,2026-05-11T22:26:45.000+05:30,NO,22,NO,5,YES
11177,22,1123,63141.21,Flipkart,ATM WITHDRAWAL,Singapore,Tablet,2026-04-21T22:10:59.000+05:30,YES,22,NO,4,YES
11278,20,1014,90328.26,Swiggy,UPI,India,Mobile,2026-05-05T16:58:40.000+05:30,YES,16,NO,5,NO
11872,81,1192,73259.33,Apple Store,CARD,Germany,Mobile,2026-04-23T10:54:04.000+05:30,YES,10,NO,4,YES
11938,29,1164,2558.42,Walmart,NET BANKING,UK,Mobile,2026-05-09T23:53:44.000+05:30,NO,23,NO,5,YES
12178,27,1073,22156.25,Amazon,CARD,Germany,ATM,2026-05-01T08:42:03.000+05:30,NO,8,NO,5,YES
12384,53,1083,19043.63,Swiggy,CARD,Singapore,Tablet,2026-04-22T02:19:21.000+05:30,NO,2,YES,4,YES
12400,26,1009,82821.32,Apple Store,ATM WITHDRAWAL,India,Tablet,2026-04-26T19:35:47.000+05:30,YES,19,NO,4,NO
12599,79,1169,64193.68,Walmart,CARD,Singapore,Laptop,2026-04-26T23:03:50.000+05:30,YES,23,NO,4,YES
12742,83,1188,87405.38,Netflix,CARD,India,ATM,2026-04-29T17:49:57.000+05:30,YES,17,NO,4,NO
13106,41,1138,65700.92,Netflix,CARD,USA,ATM,2026-05-08T22:44:23.000+05:30,YES,22,NO,5,YES
13180,50,1192,94402.31,Swiggy,CARD,USA,Mobile,2026-05-15T02:53:54.000+05:30,YES,2,YES,5,YES
13418,96,1122,61842.4,Walmart,NET BANKING,India,ATM,2026-04-26T03:40:43.000+05:30,YES,3,YES,4,NO
13525,93,1043,40839.01,Flipkart,NET BANKING,Germany,Mobile,2026-05-16T20:37:46.000+05:30,NO,20,NO,5,YES
14406,28,1002,32781.12,Flipkart,NET BANKING,USA,ATM,2026-05-15T06:38:45.000+05:30,NO,6,NO,5,YES
14960,26,1163,93556.3,Apple Store,ATM WITHDRAWAL,UK,Mobile,2026-04-18T21:50:45.000+05:30,YES,21,NO,4,YES
15427,79,1164,14987.41,Petrol Pump,CARD,USA,Tablet,2026-05-06T18:34:01.000+05:30,NO,18,NO,5,YES
16050,49,1133,31394.39,Netflix,CARD,Germany,Mobile,2026-05-13T20:15:14.000+05:30,NO,20,NO,5,YES
16193,27,1088,71569.6,Swiggy,ATM WITHDRAWAL,UK,Laptop,2026-04-18T17:39:40.000+05:30,YES,17,NO,4,YES
16428,5,1093,20248.13,Netflix,NET BANKING,India,Laptop,2026-05-14T05:53:05.000+05:30,NO,5,YES,5,NO
16505,63,1038,16075.45,Zomato,CARD,UK,ATM,2026-04-25T06:14:48.000+05:30,NO,6,NO,4,YES
16600,28,1056,733.81,Nike,UPI,UK,ATM,2026-05-06T19:33:47.000+05:30,NO,19,NO,5,YES
16665,5,1174,93267.23,Flipkart,UPI,Singapore,Laptop,2026-04-24T18:10:01.000+05:30,YES,18,NO,4,YES
17174,41,1047,89422.24,Apple Store,CARD,Germany,Mobile,2026-05-06T04:45:23.000+05:30,YES,4,YES,5,YES
17477,30,1191,49798.02,Swiggy,CARD,USA,Laptop,2026-04-24T03:35:30.000+05:30,NO,3,YES,4,YES
17823,10,1178,60151.15,Petrol Pump,CARD,Germany,Mobile,2026-05-07T12:25:20.000+05:30,YES,12,NO,5,YES
18184,26,1183,48172.38,Swiggy,CARD,Germany,Laptop,2026-05-01T08:59:47.000+05:30,NO,8,NO,5,YES
18354,61,1164,37266.21,Flipkart,CARD,Singapore,ATM,2026-04-24T06:24:23.000+05:30,NO,6,NO,4,YES
19047,72,1143,52546.64,Walmart,CARD,UK,Tablet,2026-05-15T13:03:39.000+05:30,YES,13,NO,5,YES
19145,80,1081,96542.57,Uber,NET BANKING,UK,Laptop,2026-05-15T15:21:26.000+05:30,YES,15,NO,5,YES
19450,59,1051,50584.06,Swiggy,ATM WITHDRAWAL,India,Mobile,2026-05-01T05:11:57.000+05:30,YES,5,YES,5,NO
10329,22,1065,3606.6,Zomato,ATM WITHDRAWAL,UK,ATM,2026-04-25T06:57:43.000+05:30,NO,6,NO,4,YES
10463,28,1151,20434.34,Uber,UPI,UK,Laptop,2026-05-15T04:21:47.000+05:30,NO,4,YES,5,YES
10734,31,1079,92609.66,Petrol Pump,CARD,UK,Mobile,2026-05-03T10:55:38.000+05:30,YES,10,NO,5,YES
10766,45,1128,1489.08,Netflix,UPI,Singapore,Mobile,2026-04-26T02:20:54.000+05:30,NO,2,YES,4,YES
10989,90,1068,27033.36,Netflix,NET BANKING,USA,Mobile,2026-05-10T16:39:53.000+05:30,NO,16,NO,5,YES
10994,62,1165,8708.98,Apple Store,ATM WITHDRAWAL,India,ATM,2026-05-15T05:06:25.000+05:30,NO,5,YES,5,NO
11616,38,1154,50132.39,Uber,CARD,Singapore,Tablet,2026-05-12T02:45:13.000+05:30,YES,2,YES,5,YES
11976,49,1017,91123.13,Apple Store,NET BANKING,USA,Tablet,2026-04-26T23:52:20.000+05:30,YES,23,NO,4,YES
12306,3,1115,27785.08,Apple Store,NET BANKING,Singapore,Tablet,2026-05-13T15:01:38.000+05:30,NO,15,NO,5,YES
12518,81,1072,54144.75,Swiggy,CARD,Germany,ATM,2026-04-26T20:47:09.000+05:30,YES,20,NO,4,YES
12767,83,1084,56099.08,Walmart,ATM WITHDRAWAL,USA,Mobile,2026-05-18T03:17:10.000+05:30,YES,3,YES,5,YES
12881,70,1093,75542.97,Amazon,CARD,Germany,Mobile,2026-05-15T10:35:50.000+05:30,YES,10,NO,5,YES
14775,93,1019,50302.66,Amazon,UPI,USA,Laptop,2026-05-01T07:10:27.000+05:30,YES,7,NO,5,YES
15219,29,1170,78529.7,Apple Store,UPI,India,Tablet,2026-04-22T00:43:04.000+05:30,YES,0,YES,4,NO
15846,55,1170,73389.91,Walmart,CARD,India,Mobile,2026-04-25T01:08:11.000+05:30,YES,1,YES,4,NO
16115,7,1170,49013.07,Uber,CARD,UK,ATM,2026-05-06T14:56:49.000+05:30,NO,14,NO,5,YES
16332,91,1030,29807.87,Walmart,ATM WITHDRAWAL,UK,Tablet,2026-05-15T22:45:13.000+05:30,NO,22,NO,5,YES
16384,70,1120,30975.54,Petrol Pump,CARD,USA,ATM,2026-05-12T16:56:34.000+05:30,NO,16,NO,5,YES
16549,96,1035,87201.64,Nike,NET BANKING,India,Tablet,2026-05-05T22:40:01.000+05:30,YES,22,NO,5,NO
16569,51,1124,56873.04,Swiggy,ATM WITHDRAWAL,Singapore,Laptop,2026-04-26T18:54:07.000+05:30,YES,18,NO,4,YES
16806,77,1080,27185.82,Petrol Pump,CARD,Singapore,ATM,2026-05-14T15:49:14.000+05:30,NO,15,NO,5,YES
16888,9,1123,76850.08,Uber,NET BANKING,India,Mobile,2026-05-14T23:23:23.000+05:30,YES,23,NO,5,NO
16990,56,1095,53597.19,Netflix,UPI,Germany,Laptop,2026-05-16T23:20:27.000+05:30,YES,23,NO,5,YES
17013,90,1172,69813.25,Uber,ATM WITHDRAWAL,UK,Laptop,2026-05-02T16:34:43.000+05:30,YES,16,NO,5,YES
17253,74,1032,37734.84,Nike,UPI,USA,Mobile,2026-04-26T12:31:22.000+05:30,NO,12,NO,4,YES
17444,48,1088,42099.62,Zomato,ATM WITHDRAWAL,Germany,Mobile,2026-04-25T01:13:41.000+05:30,NO,1,YES,4,YES
17533,71,1040,26900.46,Zomato,ATM WITHDRAWAL,Germany,Mobile,2026-04-26T05:09:15.000+05:30,NO,5,YES,4,YES
17849,12,1122,34090.11,Apple Store,CARD,UK,Laptop,2026-05-17T08:19:15.000+05:30,NO,8,NO,5,YES
18234,5,1047,25792.3,Walmart,ATM WITHDRAWAL,UK,Mobile,2026-05-07T11:19:59.000+05:30,NO,11,NO,5,YES
18267,96,1022,82678.52,Amazon,UPI,India,ATM,2026-04-30T18:55:17.000+05:30,YES,18,NO,4,NO
18761,71,1061,56109.37,Nike,NET BANKING,India,ATM,2026-04-22T19:58:08.000+05:30,YES,19,NO,4,NO
19094,52,1194,82712.96,Zomato,UPI,UK,Mobile,2026-04-19T22:26:49.000+05:30,YES,22,NO,4,YES
19313,86,1165,53988.8,Swiggy,ATM WITHDRAWAL,India,ATM,2026-05-12T19:10:01.000+05:30,YES,19,NO,5,NO
19525,85,1016,4521.2,Uber,NET BANKING,Singapore,Tablet,2026-05-07T07:27:21.000+05:30,NO,7,NO,5,YES
19631,34,1157,33519.08,Walmart,ATM WITHDRAWAL,USA,Tablet,2026-05-01T14:43:35.000+05:30,NO,14,NO,5,YES
10110,23,1007,80419.72,Uber,NET BANKING,Germany,Mobile,2026-05-09T11:28:46.000+05:30,YES,11,NO,5,YES
10341,64,1174,53490.47,Amazon,NET BANKING,Singapore,Laptop,2026-04-24T12:13:22.000+05:30,YES,12,NO,4,YES
10457,11,1034,11777.83,Walmart,UPI,Germany,Mobile,2026-05-11T16:37:23.000+05:30,NO,16,NO,5,YES
10558,62,1138,77855.71,Flipkart,UPI,Germany,Mobile,2026-05-14T13:56:07.000+05:30,YES,13,NO,5,YES
10830,80,1180,63449.73,Petrol Pump,NET BANKING,India,Tablet,2026-04-19T19:06:57.000+05:30,YES,19,NO,4,NO
11004,13,1088,28675.26,Amazon,NET BANKING,USA,Mobile,2026-05-01T16:03:59.000+05:30,NO,16,NO,5,YES
11202,11,1147,35672.53,Walmart,UPI,USA,Laptop,2026-05-13T08:42:26.000+05:30,NO,8,NO,5,YES
11789,74,1094,294.16,Petrol Pump,UPI,USA,Tablet,2026-04-21T09:08:34.000+05:30,NO,9,NO,4,YES
11806,93,1124,48126.4,Walmart,UPI,UK,Mobile,2026-04-25T00:28:24.000+05:30,NO,0,YES,4,YES
12209,76,1079,57821.15,Amazon,UPI,USA,ATM,2026-04-29T19:42:52.000+05:30,YES,19,NO,4,YES
12273,18,1183,25638.31,Nike,ATM WITHDRAWAL,India,ATM,2026-05-04T01:54:54.000+05:30,NO,1,YES,5,NO
12337,19,1045,55970.82,Uber,UPI,Germany,Laptop,2026-05-16T11:38:10.000+05:30,YES,11,NO,5,YES
12476,69,1028,15975.37,Walmart,UPI,Germany,Laptop,2026-04-27T14:06:50.000+05:30,NO,14,NO,4,YES
12543,77,1168,52296.86,Uber,NET BANKING,Germany,Tablet,2026-05-17T03:52:50.000+05:30,YES,3,YES,5,YES
12545,72,1008,61056.18,Walmart,CARD,USA,Mobile,2026-05-02T09:23:44.000+05:30,YES,9,NO,5,YES
12684,2,1056,47459.54,Nike,NET BANKING,UK,ATM,2026-05-02T10:01:10.000+05:30,NO,10,NO,5,YES
13138,2,1045,41600.05,Uber,ATM WITHDRAWAL,UK,ATM,2026-04-20T00:44:05.000+05:30,NO,0,YES,4,YES
14220,99,1052,4739.58,Zomato,UPI,USA,Laptop,2026-05-14T07:01:31.000+05:30,NO,7,NO,5,YES
15807,1,1105,95120.88,Uber,ATM WITHDRAWAL,Singapore,ATM,2026-05-02T04:21:12.000+05:30,YES,4,YES,5,YES
15811,7,1121,55232.4,Zomato,CARD,Germany,Mobile,2026-04-26T11:39:54.000+05:30,YES,11,NO,4,YES
16017,76,1133,23842.98,Walmart,ATM WITHDRAWAL,UK,Mobile,2026-05-06T04:21:42.000+05:30,NO,4,YES,5,YES
16856,37,1170,88924.32,Flipkart,ATM WITHDRAWAL,Singapore,ATM,2026-04-21T19:51:20.000+05:30,YES,19,NO,4,YES
17147,41,1099,5573.26,Netflix,UPI,USA,Mobile,2026-05-09T16:01:32.000+05:30,NO,16,NO,5,YES
17578,86,1052,89355.12,Zomato,NET BANKING,USA,ATM,2026-05-11T13:24:08.000+05:30,YES,13,NO,5,YES
17976,60,1107,2454.25,Nike,NET BANKING,USA,Mobile,2026-04-29T10:24:56.000+05:30,NO,10,NO,4,YES
18033,51,1139,62382.33,Flipkart,UPI,UK,Laptop,2026-05-02T13:20:54.000+05:30,YES,13,NO,5,YES
18338,46,1077,13879.49,Nike,NET BANKING,Germany,Laptop,2026-04-22T08:30:22.000+05:30,NO,8,NO,4,YES
18538,59,1055,16485.56,Walmart,NET BANKING,USA,Tablet,2026-05-08T21:13:57.000+05:30,NO,21,NO,5,YES
18605,16,1021,21039.52,Walmart,CARD,Singapore,Tablet,2026-05-06T16:25:49.000+05:30,NO,16,NO,5,YES
18916,35,1191,58406.3,Netflix,ATM WITHDRAWAL,Singapore,Laptop,2026-04-24T15:15:12.000+05:30,YES,15,NO,4,YES
19060,93,1040,59215.97,Uber,UPI,Singapore,Laptop,2026-05-14T17:18:21.000+05:30,YES,17,NO,5,YES
19150,64,1090,70113.9,Apple Store,ATM WITHDRAWAL,Germany,ATM,2026-05-01T06:25:32.000+05:30,YES,6,NO,5,YES
19202,44,1109,68639.53,Swiggy,UPI,UK,Tablet,2026-05-06T14:11:42.000+05:30,YES,14,NO,5,YES
10049,95,1140,15326.87,Zomato,UPI,USA,ATM,2026-05-04T21:51:08.000+05:30,NO,21,NO,5,YES
10283,83,1164,59735.01,Nike,ATM WITHDRAWAL,USA,Mobile,2026-05-02T20:19:38.000+05:30,YES,20,NO,5,YES
10350,77,1084,66694.31,Flipkart,ATM WITHDRAWAL,Germany,Laptop,2026-05-13T21:37:20.000+05:30,YES,21,NO,5,YES
10382,90,1187,87415.94,Amazon,UPI,USA,Tablet,2026-04-22T20:39:40.000+05:30,YES,20,NO,4,YES
10408,4,1155,13514.89,Zomato,ATM WITHDRAWAL,Singapore,Tablet,2026-04-27T10:35:26.000+05:30,NO,10,NO,4,YES
11165,76,1108,4341.3,Uber,ATM WITHDRAWAL,UK,ATM,2026-04-28T14:57:41.000+05:30,NO,14,NO,4,YES
11885,16,1049,99875.74,Netflix,UPI,Singapore,Mobile,2026-04-23T13:15:54.000+05:30,YES,13,NO,4,YES
11925,8,1126,77452.54,Swiggy,ATM WITHDRAWAL,USA,Tablet,2026-05-15T10:50:04.000+05:30,YES,10,NO,5,YES
11999,26,1001,50182.41,Walmart,CARD,Germany,Laptop,2026-04-24T21:14:11.000+05:30,YES,21,NO,4,YES
12047,63,1200,33237.03,Flipkart,UPI,Germany,Laptop,2026-04-29T01:14:05.000+05:30,NO,1,YES,4,YES
12176,64,1097,84589.17,Netflix,NET BANKING,Germany,Mobile,2026-05-04T21:29:32.000+05:30,YES,21,NO,5,YES
12310,83,1145,99112.86,Swiggy,UPI,USA,Mobile,2026-05-17T15:40:09.000+05:30,YES,15,NO,5,YES
12604,77,1033,17662.85,Amazon,NET BANKING,UK,ATM,2026-05-06T05:51:49.000+05:30,NO,5,YES,5,YES
12651,1,1071,6495.16,Zomato,UPI,Singapore,Mobile,2026-04-20T23:03:43.000+05:30,NO,23,NO,4,YES
12929,92,1176,21600.12,Flipkart,UPI,USA,ATM,2026-04-25T00:27:07.000+05:30,NO,0,YES,4,YES
13626,41,1118,85939.84,Apple Store,UPI,USA,Mobile,2026-05-03T22:06:42.000+05:30,YES,22,NO,5,YES
13718,90,1140,31572.24,Zomato,CARD,UK,ATM,2026-04-24T22:43:15.000+05:30,NO,22,NO,4,YES
14060,94,1030,89506.59,Zomato,CARD,UK,Mobile,2026-05-12T12:12:09.000+05:30,YES,12,NO,5,YES
14074,87,1047,92259.11,Amazon,NET BANKING,Singapore,ATM,2026-04-19T06:55:17.000+05:30,YES,6,NO,4,YES
14155,1,1018,15499.69,Swiggy,CARD,Germany,ATM,2026-05-16T00:22:23.000+05:30,NO,0,YES,5,YES
15501,49,1195,87252.47,Netflix,CARD,India,Mobile,2026-05-07T01:18:31.000+05:30,YES,1,YES,5,NO
15848,22,1057,91198.93,Flipkart,UPI,India,Laptop,2026-04-24T09:29:32.000+05:30,YES,9,NO,4,NO
16098,73,1168,12479.64,Netflix,ATM WITHDRAWAL,USA,ATM,2026-04-29T02:03:14.000+05:30,NO,2,YES,4,YES
16546,89,1096,22246.06,Netflix,CARD,UK,Mobile,2026-04-29T15:19:17.000+05:30,NO,15,NO,4,YES
17088,83,1035,26343.88,Uber,CARD,USA,Tablet,2026-05-08T12:24:40.000+05:30,NO,12,NO,5,YES
17286,16,1118,58999.15,Apple Store,ATM WITHDRAWAL,USA,Tablet,2026-04-20T14:15:15.000+05:30,YES,14,NO,4,YES
17564,80,1178,68990.99,Netflix,NET BANKING,India,Mobile,2026-04-29T04:26:17.000+05:30,YES,4,YES,4,NO
17766,3,1022,7776.27,Petrol Pump,NET BANKING,Germany,Laptop,2026-04-30T13:22:21.000+05:30,NO,13,NO,4,YES
17809,57,1032,11787.43,Amazon,NET BANKING,Germany,Tablet,2026-04-18T18:24:18.000+05:30,NO,18,NO,4,YES
18243,7,1086,61428.29,Apple Store,NET BANKING,UK,Laptop,2026-05-11T19:40:39.000+05:30,YES,19,NO,5,YES
19284,50,1029,90553.49,Nike,NET BANKING,India,Tablet,2026-04-20T17:03:10.000+05:30,YES,17,NO,4,NO
19328,12,1180,90295.63,Zomato,NET BANKING,UK,ATM,2026-05-13T10:44:32.000+05:30,YES,10,NO,5,YES
10129,91,1074,91006.03,Petrol Pump,NET BANKING,USA,ATM,2026-05-06T03:17:15.000+05:30,YES,3,YES,5,YES
10224,14,1176,92384.25,Apple Store,ATM WITHDRAWAL,UK,ATM,2026-05-07T16:07:21.000+05:30,YES,16,NO,5,YES
10496,77,1072,54930.05,Nike,NET BANKING,Germany,Tablet,2026-05-17T00:33:34.000+05:30,YES,0,YES,5,YES
10726,90,1184,31448.08,Nike,CARD,Germany,Tablet,2026-04-24T08:10:27.000+05:30,NO,8,NO,4,YES
10762,99,1127,98066.92,Apple Store,UPI,Germany,Mobile,2026-04-27T16:48:52.000+05:30,YES,16,NO,4,YES
11224,35,1020,25502.95,Petrol Pump,NET BANKING,USA,Laptop,2026-05-12T08:52:53.000+05:30,NO,8,NO,5,YES
11843,78,1142,18170.55,Netflix,UPI,UK,ATM,2026-05-17T17:22:54.000+05:30,NO,17,NO,5,YES
11847,15,1123,97254.79,Flipkart,ATM WITHDRAWAL,India,Tablet,2026-05-05T01:53:28.000+05:30,YES,1,YES,5,NO
12221,29,1058,21738.49,Zomato,CARD,UK,ATM,2026-04-24T11:33:56.000+05:30,NO,11,NO,4,YES
12488,9,1150,15731.46,Nike,ATM WITHDRAWAL,UK,Mobile,2026-05-02T07:41:16.000+05:30,NO,7,NO,5,YES
12583,47,1135,18684.15,Amazon,UPI,Germany,Tablet,2026-05-06T13:46:09.000+05:30,NO,13,NO,5,YES
12681,33,1043,95803.16,Swiggy,ATM WITHDRAWAL,USA,Tablet,2026-05-04T05:57:00.000+05:30,YES,5,YES,5,YES
12791,61,1108,57097.05,Swiggy,CARD,Germany,Tablet,2026-05-07T23:49:18.000+05:30,YES,23,NO,5,YES
12868,61,1158,76136.64,Amazon,UPI,Germany,Laptop,2026-04-29T05:10:11.000+05:30,YES,5,YES,4,YES
12927,65,1182,40686.51,Walmart,CARD,USA,Tablet,2026-05-03T06:30:34.000+05:30,NO,6,NO,5,YES
12992,67,1075,91681.09,Nike,ATM WITHDRAWAL,UK,ATM,2026-04-25T05:00:10.000+05:30,YES,5,YES,4,YES
13048,9,1151,32633.2,Apple Store,NET BANKING,UK,Mobile,2026-05-13T13:19:00.000+05:30,NO,13,NO,5,YES
13121,17,1092,70394.08,Petrol Pump,NET BANKING,USA,Mobile,2026-04-25T02:27:31.000+05:30,YES,2,YES,4,YES
13364,73,1024,49799.43,Nike,UPI,Singapore,ATM,2026-05-15T17:08:55.000+05:30,NO,17,NO,5,YES
13529,99,1111,10674.23,Apple Store,ATM WITHDRAWAL,Germany,ATM,2026-05-05T19:07:14.000+05:30,NO,19,NO,5,YES
14034,58,1123,64859.91,Swiggy,CARD,Singapore,Mobile,2026-05-05T03:38:46.000+05:30,YES,3,YES,5,YES
14349,99,1023,19041.07,Netflix,UPI,Singapore,Tablet,2026-05-09T01:06:41.000+05:30,NO,1,YES,5,YES
14364,51,1051,34422.24,Apple Store,UPI,Germany,Laptop,2026-04-25T15:54:59.000+05:30,NO,15,NO,4,YES
14706,38,1174,29325.31,Zomato,UPI,India,Tablet,2026-05-05T00:58:50.000+05:30,NO,0,YES,5,NO
14757,84,1148,3835.55,Apple Store,ATM WITHDRAWAL,USA,Mobile,2026-04-28T13:48:44.000+05:30,NO,13,NO,4,YES
14967,93,1198,51488.53,Flipkart,UPI,UK,Tablet,2026-05-18T07:01:22.000+05:30,YES,7,NO,5,YES
14986,79,1166,87091.45,Flipkart,NET BANKING,USA,Laptop,2026-04-30T07:44:51.000+05:30,YES,7,NO,4,YES
15059,53,1086,41388.26,Flipkart,CARD,UK,Mobile,2026-05-09T13:34:10.000+05:30,NO,13,NO,5,YES
15124,84,1135,45197.75,Walmart,NET BANKING,Singapore,Laptop,2026-05-08T14:12:38.000+05:30,NO,14,NO,5,YES
15251,28,1150,11668.19,Netflix,UPI,UK,ATM,2026-05-17T23:43:38.000+05:30,NO,23,NO,5,YES
15964,84,1043,8566.17,Apple Store,NET BANKING,Germany,Laptop,2026-05-04T02:11:56.000+05:30,NO,2,YES,5,YES
16287,83,1085,54676.51,Nike,CARD,Germany,ATM,2026-05-04T00:19:03.000+05:30,YES,0,YES,5,YES
16302,82,1021,9200.01,Apple Store,NET BANKING,Singapore,Mobile,2026-05-02T02:51:27.000+05:30,NO,2,YES,5,YES
16599,84,1020,96449.72,Petrol Pump,NET BANKING,UK,Mobile,2026-05-07T01:25:29.000+05:30,YES,1,YES,5,YES
16625,4,1103,86984.82,Netflix,ATM WITHDRAWAL,UK,Laptop,2026-04-29T03:04:31.000+05:30,YES,3,YES,4,YES
17050,37,1075,70881.73,Amazon,UPI,UK,Tablet,2026-05-12T17:08:22.000+05:30,YES,17,NO,5,YES
17283,10,1193,6127.41,Uber,ATM WITHDRAWAL,USA,Tablet,2026-04-23T05:27:17.000+05:30,NO,5,YES,4,YES
17388,15,1181,60260.11,Swiggy,NET BANKING,UK,Laptop,2026-05-14T03:32:31.000+05:30,YES,3,YES,5,YES
17466,30,1019,34036.78,Nike,UPI,Singapore,ATM,2026-05-11T06:08:49.000+05:30,NO,6,NO,5,YES
17927,95,1177,29405.46,Apple Store,CARD,Singapore,Laptop,2026-05-11T16:08:22.000+05:30,NO,16,NO,5,YES
17941,77,1161,96817.28,Walmart,UPI,UK,Laptop,2026-05-15T16:51:14.000+05:30,YES,16,NO,5,YES
18405,83,1020,64940.0,Amazon,ATM WITHDRAWAL,USA,ATM,2026-05-15T03:41:00.000+05:30,YES,3,YES,5,YES
18883,43,1129,46944.74,Walmart,NET BANKING,Germany,Laptop,2026-05-07T17:45:56.000+05:30,NO,17,NO,5,YES
19603,94,1121,59550.33,Zomato,CARD,India,Tablet,2026-05-15T13:00:16.000+05:30,YES,13,NO,5,NO
19672,52,1184,19248.38,Zomato,NET BANKING,Singapore,ATM,2026-05-04T01:42:07.000+05:30,NO,1,YES,5,YES
19894,37,1140,98275.92,Walmart,NET BANKING,UK,Mobile,2026-04-25T11:28:45.000+05:30,YES,11,NO,4,YES
19905,49,1190,94072.7,Nike,UPI,UK,Tablet,2026-05-18T03:24:45.000+05:30,YES,3,YES,5,YES
10121,66,1057,4595.49,Nike,ATM WITHDRAWAL,Germany,Tablet,2026-05-15T19:11:21.000+05:30,NO,19,NO,5,YES
10296,26,1069,41328.15,Walmart,UPI,UK,Laptop,2026-05-09T18:15:12.000+05:30,NO,18,NO,5,YES
10300,97,1032,34147.14,Walmart,UPI,Singapore,Tablet,2026-05-10T20:22:45.000+05:30,NO,20,NO,5,YES
10574,26,1100,70822.49,Walmart,NET BANKING,India,ATM,2026-05-02T06:14:37.000+05:30,YES,6,NO,5,NO
11190,79,1117,97623.14,Flipkart,UPI,UK,Tablet,2026-05-04T01:03:00.000+05:30,YES,1,YES,5,YES
11479,57,1139,43647.28,Flipkart,NET BANKING,USA,Tablet,2026-05-07T00:30:24.000+05:30,NO,0,YES,5,YES
11771,10,1048,97460.36,Swiggy,CARD,Singapore,Mobile,2026-05-09T08:59:44.000+05:30,YES,8,NO,5,YES
11902,81,1141,91394.94,Zomato,ATM WITHDRAWAL,UK,Laptop,2026-05-11T02:57:36.000+05:30,YES,2,YES,5,YES
12230,96,1103,65852.65,Netflix,NET BANKING,India,Laptop,2026-04-30T12:15:12.000+05:30,YES,12,NO,4,NO
12342,30,1189,17850.25,Apple Store,CARD,USA,Tablet,2026-04-25T20:43:53.000+05:30,NO,20,NO,4,YES
12547,24,1099,52221.84,Netflix,NET BANKING,USA,Tablet,2026-05-05T16:11:00.000+05:30,YES,16,NO,5,YES
12704,91,1198,51552.5,Apple Store,ATM WITHDRAWAL,UK,ATM,2026-05-16T23:48:54.000+05:30,YES,23,NO,5,YES
13769,76,1033,85464.49,Walmart,CARD,Germany,Tablet,2026-05-16T01:43:58.000+05:30,YES,1,YES,5,YES
13880,56,1171,68441.39,Flipkart,CARD,India,Tablet,2026-05-06T04:22:20.000+05:30,YES,4,YES,5,NO
14158,90,1028,23017.09,Swiggy,CARD,UK,Laptop,2026-04-22T04:43:10.000+05:30,NO,4,YES,4,YES
14534,98,1046,45975.04,Walmart,ATM WITHDRAWAL,USA,Laptop,2026-05-04T02:07:16.000+05:30,NO,2,YES,5,YES
14886,94,1119,13592.6,Zomato,NET BANKING,Germany,Mobile,2026-05-14T10:20:19.000+05:30,NO,10,NO,5,YES
15488,24,1128,4506.73,Netflix,NET BANKING,UK,ATM,2026-05-14T21:35:18.000+05:30,NO,21,NO,5,YES
15772,66,1074,48479.57,Nike,NET BANKING,Germany,Tablet,2026-05-07T03:42:37.000+05:30,NO,3,YES,5,YES
15938,51,1138,75792.41,Walmart,NET BANKING,Germany,Laptop,2026-04-27T16:30:01.000+05:30,YES,16,NO,4,YES
16155,82,1056,35538.95,Apple Store,ATM WITHDRAWAL,USA,Tablet,2026-05-02T12:13:41.000+05:30,NO,12,NO,5,YES
16354,18,1199,20929.32,Uber,CARD,Singapore,Mobile,2026-05-11T21:24:13.000+05:30,NO,21,NO,5,YES
16427,4,1160,54409.23,Netflix,NET BANKING,USA,ATM,2026-05-09T22:16:26.000+05:30,YES,22,NO,5,YES
16510,12,1080,97810.51,Nike,CARD,India,Laptop,2026-04-29T21:52:22.000+05:30,YES,21,NO,4,NO
17111,83,1072,28286.98,Nike,CARD,UK,ATM,2026-05-02T02:16:08.000+05:30,NO,2,YES,5,YES
17287,88,1148,69209.34,Petrol Pump,NET BANKING,UK,Laptop,2026-05-05T17:14:18.000+05:30,YES,17,NO,5,YES
17530,62,1115,68536.68,Flipkart,ATM WITHDRAWAL,Singapore,Laptop,2026-04-28T14:02:02.000+05:30,YES,14,NO,4,YES
17571,3,1195,33859.91,Uber,NET BANKING,Singapore,Tablet,2026-05-09T09:25:29.000+05:30,NO,9,NO,5,YES
18362,17,1062,98522.29,Nike,CARD,India,Laptop,2026-04-23T22:40:21.000+05:30,YES,22,NO,4,NO
18420,49,1091,69946.82,Amazon,NET BANKING,Germany,Tablet,2026-05-11T18:23:54.000+05:30,YES,18,NO,5,YES
18994,25,1106,890.65,Petrol Pump,ATM WITHDRAWAL,UK,Tablet,2026-04-19T08:44:06.000+05:30,NO,8,NO,4,YES
19049,73,1052,94543.56,Walmart,UPI,Germany,ATM,2026-05-06T19:36:56.000+05:30,YES,19,NO,5,YES
19387,5,1147,31731.0,Uber,ATM WITHDRAWAL,Singapore,Mobile,2026-04-21T22:25:03.000+05:30,NO,22,NO,4,YES
19549,31,1146,71640.41,Amazon,NET BANKING,Singapore,Tablet,2026-05-15T10:20:19.000+05:30,YES,10,NO,5,YES
10630,77,1075,39259.95,Swiggy,ATM WITHDRAWAL,Germany,Tablet,2026-04-24T15:59:38.000+05:30,NO,15,NO,4,YES
10640,65,1145,9092.66,Walmart,ATM WITHDRAWAL,UK,ATM,2026-05-05T22:28:03.000+05:30,NO,22,NO,5,YES
10856,6,1058,91696.51,Uber,CARD,Singapore,Tablet,2026-05-14T03:06:57.000+05:30,YES,3,YES,5,YES
10928,33,1137,73709.81,Nike,ATM WITHDRAWAL,India,ATM,2026-04-26T17:06:01.000+05:30,YES,17,NO,4,NO
11189,1,1169,80175.85,Petrol Pump,UPI,UK,Laptop,2026-04-25T20:59:13.000+05:30,YES,20,NO,4,YES
11415,84,1110,86647.4,Zomato,ATM WITHDRAWAL,Germany,Tablet,2026-05-06T08:39:19.000+05:30,YES,8,NO,5,YES
11535,11,1095,66124.41,Netflix,UPI,Germany,Laptop,2026-04-22T05:36:58.000+05:30,YES,5,YES,4,YES
11718,42,1077,8065.79,Swiggy,NET BANKING,UK,ATM,2026-05-07T07:55:44.000+05:30,NO,7,NO,5,YES
11804,41,1186,85590.64,Nike,ATM WITHDRAWAL,Germany,Mobile,2026-05-08T21:46:59.000+05:30,YES,21,NO,5,YES
11856,59,1145,55603.35,Netflix,NET BANKING,Germany,Tablet,2026-04-27T01:38:02.000+05:30,YES,1,YES,4,YES
11952,75,1077,26913.61,Petrol Pump,NET BANKING,Singapore,Mobile,2026-05-04T19:11:00.000+05:30,NO,19,NO,5,YES
12948,87,1006,23552.97,Apple Store,CARD,Singapore,Mobile,2026-05-03T11:57:14.000+05:30,NO,11,NO,5,YES
13451,65,1099,27298.06,Nike,UPI,USA,Tablet,2026-04-30T06:10:41.000+05:30,NO,6,NO,4,YES
13533,63,1002,8195.47,Apple Store,ATM WITHDRAWAL,UK,Tablet,2026-05-02T04:02:42.000+05:30,NO,4,YES,5,YES
13617,75,1172,70532.34,Uber,CARD,USA,Laptop,2026-05-01T07:08:09.000+05:30,YES,7,NO,5,YES
14254,98,1144,24978.36,Flipkart,NET BANKING,UK,Tablet,2026-05-09T19:30:41.000+05:30,NO,19,NO,5,YES
14258,95,1129,82595.34,Apple Store,UPI,Germany,Laptop,2026-05-15T06:29:49.000+05:30,YES,6,NO,5,YES
14871,57,1150,66318.88,Flipkart,ATM WITHDRAWAL,USA,Tablet,2026-05-01T04:39:15.000+05:30,YES,4,YES,5,YES
14949,78,1026,13985.79,Zomato,CARD,Singapore,Mobile,2026-05-13T10:27:12.000+05:30,NO,10,NO,5,YES
15266,82,1074,46164.21,Petrol Pump,UPI,USA,Mobile,2026-05-13T22:56:55.000+05:30,NO,22,NO,5,YES
15268,43,1156,14651.39,Nike,CARD,UK,Tablet,2026-05-12T00:49:33.000+05:30,NO,0,YES,5,YES
15274,69,1075,13774.19,Flipkart,NET BANKING,Germany,Mobile,2026-04-20T20:37:55.000+05:30,NO,20,NO,4,YES
15541,72,1012,45714.74,Amazon,CARD,UK,Tablet,2026-05-04T22:20:49.000+05:30,NO,22,NO,5,YES
15648,57,1107,18853.91,Swiggy,NET BANKING,Singapore,ATM,2026-05-15T17:27:26.000+05:30,NO,17,NO,5,YES
16495,53,1039,17541.2,Flipkart,UPI,USA,Mobile,2026-05-05T21:39:59.000+05:30,NO,21,NO,5,YES
17402,56,1022,79987.61,Zomato,CARD,UK,Tablet,2026-04-22T15:13:30.000+05:30,YES,15,NO,4,YES
17577,25,1078,90973.64,Uber,NET BANKING,Singapore,Laptop,2026-04-20T06:04:10.000+05:30,YES,6,NO,4,YES
17690,81,1187,35751.87,Zomato,UPI,USA,ATM,2026-05-01T14:02:35.000+05:30,NO,14,NO,5,YES
18141,62,1087,53127.47,Swiggy,UPI,USA,Laptop,2026-04-22T11:09:35.000+05:30,YES,11,NO,4,YES
18473,96,1110,16163.37,Walmart,UPI,Germany,Tablet,2026-05-11T19:16:50.000+05:30,NO,19,NO,5,YES
18515,47,1038,33184.66,Apple Store,ATM WITHDRAWAL,USA,ATM,2026-05-15T10:29:22.000+05:30,NO,10,NO,5,YES
18746,85,1048,70647.01,Petrol Pump,NET BANKING,USA,Tablet,2026-04-23T23:33:48.000+05:30,YES,23,NO,4,YES
19153,68,1197,53678.2,Netflix,UPI,Singapore,Mobile,2026-05-01T18:16:42.000+05:30,YES,18,NO,5,YES
19176,92,1106,22461.94,Nike,NET BANKING,Germany,Mobile,2026-05-03T01:03:20.000+05:30,NO,1,YES,5,YES
19466,60,1045,83667.26,Netflix,CARD,Singapore,Tablet,2026-05-09T23:20:32.000+05:30,YES,23,NO,5,YES
19509,41,1197,47376.18,Apple Store,ATM WITHDRAWAL,USA,ATM,2026-04-28T19:39:23.000+05:30,NO,19,NO,4,YES
19584,95,1164,30226.09,Netflix,ATM WITHDRAWAL,USA,ATM,2026-05-08T03:05:07.000+05:30,NO,3,YES,5,YES
19741,72,1009,4313.97,Apple Store,UPI,UK,Laptop,2026-05-07T23:10:29.000+05:30,NO,23,NO,5,YES
19893,75,1045,29860.45,Zomato,ATM WITHDRAWAL,Singapore,Laptop,2026-05-08T19:08:38.000+05:30,NO,19,NO,5,YES
10447,84,1055,90886.71,Nike,CARD,India,ATM,2026-05-01T17:00:41.000+05:30,YES,17,NO,5,NO
10474,75,1166,73208.96,Petrol Pump,CARD,UK,Mobile,2026-05-14T01:58:28.000+05:30,YES,1,YES,5,YES
10578,81,1196,21337.36,Amazon,UPI,UK,ATM,2026-04-29T21:59:01.000+05:30,NO,21,NO,4,YES
10615,73,1131,96028.61,Amazon,CARD,Singapore,Tablet,2026-05-02T00:04:24.000+05:30,YES,0,YES,5,YES
10784,73,1108,68608.07,Walmart,ATM WITHDRAWAL,UK,Mobile,2026-05-14T05:06:09.000+05:30,YES,5,YES,5,YES
11212,12,1182,47449.28,Amazon,ATM WITHDRAWAL,USA,Tablet,2026-05-13T18:15:50.000+05:30,NO,18,NO,5,YES
11377,82,1119,97605.17,Apple Store,UPI,India,ATM,2026-05-08T19:26:06.000+05:30,YES,19,NO,5,NO
11413,23,1187,36193.77,Zomato,ATM WITHDRAWAL,UK,ATM,2026-04-20T22:32:14.000+05:30,NO,22,NO,4,YES
11441,92,1081,60507.74,Apple Store,NET BANKING,UK,Mobile,2026-05-13T14:39:39.000+05:30,YES,14,NO,5,YES
12079,69,1016,27946.59,Nike,UPI,USA,ATM,2026-04-21T13:01:09.000+05:30,NO,13,NO,4,YES
12388,66,1187,74469.89,Netflix,CARD,India,Laptop,2026-04-24T15:35:16.000+05:30,YES,15,NO,4,NO
12435,26,1117,10074.14,Nike,CARD,UK,Laptop,2026-05-11T18:53:51.000+05:30,NO,18,NO,5,YES
12673,63,1152,35370.91,Apple Store,ATM WITHDRAWAL,USA,Laptop,2026-04-27T18:23:28.000+05:30,NO,18,NO,4,YES
13169,96,1139,69503.89,Apple Store,NET BANKING,India,ATM,2026-05-06T00:55:48.000+05:30,YES,0,YES,5,NO
13699,34,1173,4048.88,Uber,ATM WITHDRAWAL,Singapore,Mobile,2026-05-14T06:00:40.000+05:30,NO,6,NO,5,YES
13852,21,1106,14244.74,Uber,CARD,USA,Laptop,2026-05-10T00:56:34.000+05:30,NO,0,YES,5,YES
13911,8,1069,75968.07,Flipkart,CARD,USA,ATM,2026-05-05T18:12:12.000+05:30,YES,18,NO,5,YES
14072,69,1112,28314.43,Zomato,UPI,USA,Mobile,2026-05-05T05:49:54.000+05:30,NO,5,YES,5,YES
14280,93,1181,26136.47,Netflix,NET BANKING,USA,Mobile,2026-05-11T00:01:28.000+05:30,NO,0,YES,5,YES
14294,75,1018,74589.39,Amazon,ATM WITHDRAWAL,USA,Laptop,2026-04-21T01:02:33.000+05:30,YES,1,YES,4,YES
14396,59,1021,88165.71,Flipkart,CARD,UK,ATM,2026-05-07T22:06:53.000+05:30,YES,22,NO,5,YES
14957,86,1076,70599.01,Swiggy,ATM WITHDRAWAL,Germany,Laptop,2026-05-07T07:19:20.000+05:30,YES,7,NO,5,YES
15989,75,1101,66912.45,Netflix,NET BANKING,India,Tablet,2026-05-10T09:50:25.000+05:30,YES,9,NO,5,NO
16519,76,1163,97282.28,Walmart,CARD,Singapore,Laptop,2026-04-19T15:36:54.000+05:30,YES,15,NO,4,YES
16645,34,1059,26892.91,Petrol Pump,UPI,USA,Tablet,2026-04-21T09:40:35.000+05:30,NO,9,NO,4,YES
17128,8,1134,39241.71,Uber,ATM WITHDRAWAL,UK,ATM,2026-04-20T12:55:08.000+05:30,NO,12,NO,4,YES
17953,56,1165,59817.08,Walmart,CARD,Singapore,Mobile,2026-04-27T22:34:15.000+05:30,YES,22,NO,4,YES
18003,72,1087,2963.23,Petrol Pump,UPI,USA,Tablet,2026-05-01T06:37:09.000+05:30,NO,6,NO,5,YES
18112,22,1111,33847.92,Swiggy,UPI,Germany,Mobile,2026-04-20T09:01:45.000+05:30,NO,9,NO,4,YES
18133,69,1142,56405.68,Walmart,UPI,USA,Tablet,2026-04-22T19:39:45.000+05:30,YES,19,NO,4,YES
18600,83,1184,87901.92,Amazon,CARD,UK,Laptop,2026-04-28T18:56:25.000+05:30,YES,18,NO,4,YES
18609,13,1185,72935.3,Walmart,UPI,Germany,Mobile,2026-05-18T03:13:19.000+05:30,YES,3,YES,5,YES
18743,14,1154,65930.93,Nike,ATM WITHDRAWAL,UK,Tablet,2026-05-05T21:37:37.000+05:30,YES,21,NO,5,YES
18913,39,1125,88803.83,Flipkart,UPI,USA,Mobile,2026-04-24T15:05:43.000+05:30,YES,15,NO,4,YES
18922,8,1139,75580.81,Walmart,ATM WITHDRAWAL,UK,ATM,2026-05-17T11:23:15.000+05:30,YES,11,NO,5,YES
19064,15,1019,71039.9,Petrol Pump,ATM WITHDRAWAL,Singapore,Mobile,2026-05-03T20:42:23.000+05:30,YES,20,NO,5,YES
10022,90,1020,50966.28,Amazon,CARD,UK,Mobile,2026-04-30T02:30:07.000+05:30,YES,2,YES,4,YES
10233,53,1071,7529.58,Nike,UPI,Singapore,Laptop,2026-05-03T06:38:18.000+05:30,NO,6,NO,5,YES
10552,28,1191,41302.09,Uber,CARD,Singapore,Tablet,2026-05-09T10:27:15.000+05:30,NO,10,NO,5,YES
10657,82,1168,74735.32,Zomato,UPI,USA,Laptop,2026-05-17T17:06:01.000+05:30,YES,17,NO,5,YES
11420,10,1060,11029.55,Netflix,CARD,UK,Tablet,2026-05-06T13:28:30.000+05:30,NO,13,NO,5,YES
11811,68,1039,37860.42,Swiggy,UPI,Singapore,Mobile,2026-05-11T07:41:39.000+05:30,NO,7,NO,5,YES
11903,68,1081,47575.91,Petrol Pump,CARD,USA,Mobile,2026-05-01T00:21:23.000+05:30,NO,0,YES,5,YES
11935,65,1093,88054.48,Swiggy,NET BANKING,India,Mobile,2026-05-04T14:16:57.000+05:30,YES,14,NO,5,NO
12502,13,1060,96716.55,Uber,UPI,Singapore,Laptop,2026-05-07T22:33:00.000+05:30,YES,22,NO,5,YES
12935,59,1008,20435.8,Amazon,ATM WITHDRAWAL,USA,Tablet,2026-05-05T06:10:20.000+05:30,NO,6,NO,5,YES
14094,66,1111,21216.17,Swiggy,UPI,UK,Tablet,2026-05-14T08:25:36.000+05:30,NO,8,NO,5,YES
14937,38,1125,99248.6,Zomato,UPI,India,Tablet,2026-04-23T03:28:21.000+05:30,YES,3,YES,4,NO
15026,66,1007,57801.05,Apple Store,CARD,USA,Tablet,2026-04-27T02:16:13.000+05:30,YES,2,YES,4,YES
15292,17,1132,81757.7,Swiggy,NET BANKING,Singapore,Tablet,2026-05-03T14:30:52.000+05:30,YES,14,NO,5,YES
15953,55,1043,14827.61,Petrol Pump,UPI,USA,Laptop,2026-05-12T01:19:31.000+05:30,NO,1,YES,5,YES
16404,88,1047,56625.79,Flipkart,UPI,Singapore,Mobile,2026-05-12T13:21:19.000+05:30,YES,13,NO,5,YES
16874,36,1078,79289.3,Apple Store,UPI,Singapore,ATM,2026-05-16T08:52:42.000+05:30,YES,8,NO,5,YES
16959,64,1181,80728.76,Petrol Pump,ATM WITHDRAWAL,Singapore,Mobile,2026-04-20T08:09:32.000+05:30,YES,8,NO,4,YES
16973,54,1075,59706.82,Netflix,ATM WITHDRAWAL,USA,Laptop,2026-04-29T15:22:54.000+05:30,YES,15,NO,4,YES
17433,60,1119,72172.15,Zomato,UPI,UK,Laptop,2026-05-15T09:25:22.000+05:30,YES,9,NO,5,YES
17696,60,1080,27186.74,Petrol Pump,UPI,Singapore,ATM,2026-04-28T06:32:30.000+05:30,NO,6,NO,4,YES
18398,12,1196,86292.77,Nike,CARD,UK,Mobile,2026-05-07T15:26:40.000+05:30,YES,15,NO,5,YES
19143,48,1070,17301.58,Nike,ATM WITHDRAWAL,UK,Tablet,2026-05-12T19:17:23.000+05:30,NO,19,NO,5,YES
19546,65,1027,5449.86,Amazon,NET BANKING,Singapore,Laptop,2026-04-22T01:30:13.000+05:30,NO,1,YES,4,YES
19598,71,1088,51778.75,Swiggy,UPI,Germany,ATM,2026-05-17T00:51:35.000+05:30,YES,0,YES,5,YES
19747,9,1006,73590.53,Nike,NET BANKING,India,ATM,2026-04-28T13:26:21.000+05:30,YES,13,NO,4,NO
10703,68,1117,47031.62,Uber,ATM WITHDRAWAL,Germany,Tablet,2026-05-01T17:40:34.000+05:30,NO,17,NO,5,YES
10740,27,1073,87334.06,Apple Store,UPI,Germany,Laptop,2026-05-12T21:55:30.000+05:30,YES,21,NO,5,YES
11028,62,1111,90634.39,Petrol Pump,NET BANKING,India,Laptop,2026-05-05T22:40:04.000+05:30,YES,22,NO,5,NO
11192,75,1200,63258.06,Zomato,NET BANKING,Singapore,Tablet,2026-04-29T03:57:11.000+05:30,YES,3,YES,4,YES
11243,100,1116,90701.26,Flipkart,UPI,India,Mobile,2026-04-25T03:32:35.000+05:30,YES,3,YES,4,NO
11253,31,1103,645.99,Petrol Pump,UPI,USA,ATM,2026-05-01T15:38:26.000+05:30,NO,15,NO,5,YES
11260,61,1152,41256.83,Nike,NET BANKING,UK,Mobile,2026-05-05T13:13:15.000+05:30,NO,13,NO,5,YES
11458,97,1058,49575.32,Petrol Pump,UPI,UK,Tablet,2026-05-14T01:30:53.000+05:30,NO,1,YES,5,YES
11509,18,1096,31565.49,Walmart,ATM WITHDRAWAL,Germany,ATM,2026-04-21T03:02:31.000+05:30,NO,3,YES,4,YES
11567,73,1015,68627.61,Walmart,NET BANKING,Germany,Mobile,2026-05-16T10:22:51.000+05:30,YES,10,NO,5,YES
11699,21,1146,61414.11,Flipkart,NET BANKING,USA,ATM,2026-04-23T04:09:56.000+05:30,YES,4,YES,4,YES
11713,2,1185,66604.95,Walmart,UPI,USA,Tablet,2026-05-10T14:32:39.000+05:30,YES,14,NO,5,YES
11948,26,1018,67415.13,Nike,CARD,Singapore,ATM,2026-05-01T18:30:13.000+05:30,YES,18,NO,5,YES
12364,1,1098,62513.4,Netflix,CARD,India,Tablet,2026-04-19T02:12:02.000+05:30,YES,2,YES,4,NO
12723,39,1133,58819.86,Nike,ATM WITHDRAWAL,USA,Laptop,2026-04-25T03:52:06.000+05:30,YES,3,YES,4,YES
13376,41,1143,79442.51,Walmart,NET BANKING,Germany,Mobile,2026-04-29T01:37:08.000+05:30,YES,1,YES,4,YES
13425,17,1003,4842.98,Walmart,CARD,Germany,ATM,2026-05-01T06:10:08.000+05:30,NO,6,NO,5,YES
13717,41,1129,5123.21,Netflix,CARD,UK,Laptop,2026-05-11T08:30:30.000+05:30,NO,8,NO,5,YES
13767,72,1006,4256.37,Flipkart,NET BANKING,USA,Tablet,2026-04-20T20:39:11.000+05:30,NO,20,NO,4,YES
14040,57,1143,19722.8,Petrol Pump,UPI,UK,Mobile,2026-05-11T01:22:56.000+05:30,NO,1,YES,5,YES
15238,49,1196,89173.24,Netflix,CARD,USA,Laptop,2026-04-24T12:42:18.000+05:30,YES,12,NO,4,YES
15296,58,1069,44148.73,Nike,UPI,UK,Tablet,2026-04-19T09:03:23.000+05:30,NO,9,NO,4,YES
15496,64,1058,76743.81,Nike,NET BANKING,Singapore,Laptop,2026-05-05T18:55:17.000+05:30,YES,18,NO,5,YES
15896,17,1034,96570.31,Netflix,NET BANKING,Germany,Laptop,2026-04-24T19:45:29.000+05:30,YES,19,NO,4,YES
16274,61,1103,94328.85,Swiggy,UPI,Germany,ATM,2026-04-18T19:37:13.000+05:30,YES,19,NO,4,YES
16529,43,1190,65774.69,Walmart,ATM WITHDRAWAL,UK,Laptop,2026-05-01T11:33:03.000+05:30,YES,11,NO,5,YES
16807,89,1113,94960.76,Swiggy,CARD,India,Laptop,2026-05-17T18:55:20.000+05:30,YES,18,NO,5,NO
16961,25,1169,41258.15,Nike,ATM WITHDRAWAL,Singapore,Tablet,2026-05-17T05:13:20.000+05:30,NO,5,YES,5,YES
17347,96,1151,75552.3,Apple Store,UPI,Germany,ATM,2026-05-04T11:50:46.000+05:30,YES,11,NO,5,YES
17868,18,1171,18570.74,Amazon,CARD,USA,Laptop,2026-04-21T21:10:12.000+05:30,NO,21,NO,4,YES
18750,19,1087,9173.71,Zomato,NET BANKING,UK,Tablet,2026-04-26T23:05:03.000+05:30,NO,23,NO,4,YES
19518,28,1195,97989.87,Apple Store,ATM WITHDRAWAL,India,Mobile,2026-04-28T08:16:19.000+05:30,YES,8,NO,4,NO
10183,99,1009,83292.28,Netflix,ATM WITHDRAWAL,UK,Laptop,2026-04-24T07:10:00.000+05:30,YES,7,NO,4,YES
10249,5,1195,30149.85,Petrol Pump,ATM WITHDRAWAL,USA,Tablet,2026-05-14T14:28:40.000+05:30,NO,14,NO,5,YES
10270,78,1096,71675.9,Zomato,UPI,India,ATM,2026-05-13T04:11:42.000+05:30,YES,4,YES,5,NO
10524,81,1100,74474.64,Flipkart,NET BANKING,USA,Tablet,2026-05-17T10:13:20.000+05:30,YES,10,NO,5,YES
10526,61,1117,52200.76,Walmart,UPI,USA,Tablet,2026-05-10T11:44:05.000+05:30,YES,11,NO,5,YES
10599,18,1008,90587.72,Walmart,CARD,UK,Laptop,2026-05-10T02:36:18.000+05:30,YES,2,YES,5,YES
11021,32,1049,8730.51,Petrol Pump,ATM WITHDRAWAL,Singapore,ATM,2026-04-22T18:23:47.000+05:30,NO,18,NO,4,YES
11305,69,1173,23468.9,Nike,NET BANKING,Germany,Tablet,2026-04-25T04:25:55.000+05:30,NO,4,YES,4,YES
11908,99,1009,54985.49,Uber,NET BANKING,Germany,Mobile,2026-04-21T07:16:48.000+05:30,YES,7,NO,4,YES
12147,69,1019,23119.68,Uber,CARD,Singapore,Tablet,2026-04-20T10:02:33.000+05:30,NO,10,NO,4,YES
12558,79,1161,36664.02,Walmart,NET BANKING,Germany,Laptop,2026-05-01T20:30:29.000+05:30,NO,20,NO,5,YES
12769,20,1126,4768.62,Amazon,ATM WITHDRAWAL,USA,Mobile,2026-05-05T13:42:02.000+05:30,NO,13,NO,5,YES
12817,20,1037,11699.13,Zomato,NET BANKING,USA,Mobile,2026-05-04T20:19:09.000+05:30,NO,20,NO,5,YES
13210,60,1013,24542.99,Zomato,NET BANKING,UK,ATM,2026-04-22T00:55:15.000+05:30,NO,0,YES,4,YES
14085,99,1072,81194.17,Flipkart,NET BANKING,Germany,Mobile,2026-04-25T03:57:07.000+05:30,YES,3,YES,4,YES
14400,23,1076,92425.96,Flipkart,UPI,Singapore,Tablet,2026-04-27T03:27:22.000+05:30,YES,3,YES,4,YES
14472,61,1152,68781.47,Apple Store,NET BANKING,India,Mobile,2026-04-24T22:50:57.000+05:30,YES,22,NO,4,NO
14773,51,1025,85480.32,Zomato,ATM WITHDRAWAL,UK,Mobile,2026-04-28T03:32:34.000+05:30,YES,3,YES,4,YES
15188,11,1045,26524.23,Netflix,NET BANKING,Singapore,ATM,2026-04-27T19:13:58.000+05:30,NO,19,NO,4,YES
15566,50,1009,7319.18,Flipkart,ATM WITHDRAWAL,Singapore,Tablet,2026-05-08T14:51:17.000+05:30,NO,14,NO,5,YES
15742,8,1024,82319.81,Uber,ATM WITHDRAWAL,USA,Laptop,2026-05-12T11:09:52.000+05:30,YES,11,NO,5,YES
16433,39,1137,84333.83,Swiggy,CARD,India,Tablet,2026-05-17T06:31:52.000+05:30,YES,6,NO,5,NO
16545,84,1137,78081.49,Amazon,NET BANKING,UK,ATM,2026-05-09T22:08:11.000+05:30,YES,22,NO,5,YES
17004,82,1033,11061.12,Walmart,NET BANKING,Singapore,Tablet,2026-04-28T03:15:20.000+05:30,NO,3,YES,4,YES
17265,95,1187,89979.76,Petrol Pump,ATM WITHDRAWAL,USA,Laptop,2026-04-28T16:42:38.000+05:30,YES,16,NO,4,YES
17440,18,1046,90117.38,Amazon,NET BANKING,USA,Tablet,2026-05-18T14:13:48.000+05:30,YES,14,NO,5,YES
17499,55,1065,6488.27,Netflix,ATM WITHDRAWAL,UK,Mobile,2026-05-13T13:06:30.000+05:30,NO,13,NO,5,YES
17765,74,1143,52355.67,Netflix,UPI,UK,Laptop,2026-05-05T16:43:54.000+05:30,YES,16,NO,5,YES
17827,44,1187,59841.78,Flipkart,NET BANKING,Singapore,Tablet,2026-04-23T10:40:51.000+05:30,YES,10,NO,4,YES
17887,59,1121,26600.56,Uber,NET BANKING,Singapore,Tablet,2026-05-14T01:42:40.000+05:30,NO,1,YES,5,YES
18268,73,1181,19565.49,Zomato,ATM WITHDRAWAL,Germany,Tablet,2026-04-30T14:39:58.000+05:30,NO,14,NO,4,YES
18304,14,1103,4033.9,Petrol Pump,ATM WITHDRAWAL,USA,Mobile,2026-05-01T11:16:51.000+05:30,NO,11,NO,5,YES
18525,87,1033,72172.87,Swiggy,UPI,Germany,ATM,2026-05-15T13:08:12.000+05:30,YES,13,NO,5,YES
18699,8,1148,5723.0,Nike,UPI,Germany,Tablet,2026-05-15T02:43:36.000+05:30,NO,2,YES,5,YES
19067,70,1082,58558.39,Amazon,ATM WITHDRAWAL,UK,Tablet,2026-04-24T09:04:47.000+05:30,YES,9,NO,4,YES
19240,20,1042,60741.76,Amazon,CARD,USA,Laptop,2026-05-04T11:24:24.000+05:30,YES,11,NO,5,YES
19283,42,1114,36688.75,Walmart,CARD,Singapore,Mobile,2026-04-25T17:59:54.000+05:30,NO,17,NO,4,YES
19451,68,1107,96830.97,Flipkart,UPI,UK,Mobile,2026-04-29T12:12:47.000+05:30,YES,12,NO,4,YES
19917,24,1111,36836.92,Petrol Pump,NET BANKING,Singapore,Laptop,2026-05-12T15:01:07.000+05:30,NO,15,NO,5,YES
10668,64,1091,59239.08,Swiggy,ATM WITHDRAWAL,USA,Mobile,2026-05-03T22:52:23.000+05:30,YES,22,NO,5,YES
12503,28,1200,87209.95,Uber,ATM WITHDRAWAL,UK,Laptop,2026-04-19T18:28:17.000+05:30,YES,18,NO,4,YES
13051,10,1184,57827.76,Petrol Pump,CARD,India,Tablet,2026-05-16T12:16:27.000+05:30,YES,12,NO,5,NO
13092,59,1050,92258.05,Amazon,ATM WITHDRAWAL,Singapore,Mobile,2026-05-04T13:14:18.000+05:30,YES,13,NO,5,YES
13300,16,1071,6018.08,Walmart,UPI,Singapore,Mobile,2026-04-20T07:17:26.000+05:30,NO,7,NO,4,YES
13360,25,1016,4597.82,Petrol Pump,UPI,Singapore,ATM,2026-05-04T11:05:04.000+05:30,NO,11,NO,5,YES
13636,23,1107,85294.35,Zomato,CARD,USA,Tablet,2026-05-16T02:01:07.000+05:30,YES,2,YES,5,YES
13954,53,1174,51314.94,Flipkart,CARD,Singapore,Tablet,2026-04-23T00:16:20.000+05:30,YES,0,YES,4,YES
14202,64,1025,80072.36,Flipkart,UPI,Germany,Tablet,2026-05-11T05:43:03.000+05:30,YES,5,YES,5,YES
14512,23,1198,68060.26,Flipkart,UPI,USA,Mobile,2026-05-17T14:37:11.000+05:30,YES,14,NO,5,YES
14778,39,1121,57517.47,Uber,UPI,Germany,Laptop,2026-04-30T07:38:49.000+05:30,YES,7,NO,4,YES
14880,56,1195,85712.02,Zomato,CARD,Singapore,Mobile,2026-05-16T10:22:38.000+05:30,YES,10,NO,5,YES
15213,65,1026,36992.96,Netflix,ATM WITHDRAWAL,Germany,Mobile,2026-04-30T07:38:37.000+05:30,NO,7,NO,4,YES
15262,27,1066,7049.66,Nike,NET BANKING,USA,ATM,2026-04-27T17:55:19.000+05:30,NO,17,NO,4,YES
15611,81,1016,27554.1,Nike,NET BANKING,USA,Mobile,2026-05-16T15:25:31.000+05:30,NO,15,NO,5,YES
15941,94,1169,13873.24,Swiggy,NET BANKING,India,Mobile,2026-05-05T04:00:26.000+05:30,NO,4,YES,5,NO
16133,79,1112,43034.39,Amazon,UPI,Germany,Mobile,2026-04-27T20:50:59.000+05:30,NO,20,NO,4,YES
16424,18,1076,98573.16,Netflix,ATM WITHDRAWAL,Singapore,Mobile,2026-04-26T11:59:13.000+05:30,YES,11,NO,4,YES
16466,41,1196,65469.58,Flipkart,ATM WITHDRAWAL,Singapore,Laptop,2026-05-11T01:47:36.000+05:30,YES,1,YES,5,YES
16759,36,1112,84159.88,Petrol Pump,ATM WITHDRAWAL,Germany,Tablet,2026-05-01T03:30:26.000+05:30,YES,3,YES,5,YES
17496,29,1196,64966.26,Nike,NET BANKING,USA,Tablet,2026-04-23T18:23:42.000+05:30,YES,18,NO,4,YES
17641,24,1169,91356.9,Apple Store,UPI,Singapore,Laptop,2026-04-26T22:37:41.000+05:30,YES,22,NO,4,YES
17942,23,1128,49017.56,Swiggy,NET BANKING,UK,Laptop,2026-04-22T16:42:06.000+05:30,NO,16,NO,4,YES
18025,80,1052,21551.39,Walmart,NET BANKING,Germany,ATM,2026-05-02T21:58:19.000+05:30,NO,21,NO,5,YES
18728,82,1089,24778.05,Netflix,NET BANKING,UK,Tablet,2026-04-30T09:13:30.000+05:30,NO,9,NO,4,YES
19037,26,1053,38742.28,Zomato,CARD,USA,Tablet,2026-05-06T11:10:26.000+05:30,NO,11,NO,5,YES
19638,51,1136,2330.47,Apple Store,NET BANKING,Germany,Laptop,2026-05-10T03:27:21.000+05:30,NO,3,YES,5,YES
19873,35,1082,25362.44,Amazon,UPI,Germany,ATM,2026-05-02T23:02:19.000+05:30,NO,23,NO,5,YES
10153,41,1167,94386.72,Walmart,ATM WITHDRAWAL,Singapore,Tablet,2026-05-03T23:28:05.000+05:30,YES,23,NO,5,YES
10265,84,1142,68712.65,Nike,NET BANKING,Germany,ATM,2026-04-26T19:40:02.000+05:30,YES,19,NO,4,YES
11003,14,1036,70133.42,Apple Store,NET BANKING,UK,Laptop,2026-05-04T13:31:40.000+05:30,YES,13,NO,5,YES
11625,87,1074,36207.53,Amazon,NET BANKING,India,ATM,2026-05-12T02:10:32.000+05:30,NO,2,YES,5,NO
11671,30,1056,99116.28,Apple Store,CARD,Germany,Laptop,2026-05-08T18:12:48.000+05:30,YES,18,NO,5,YES
12028,83,1147,88754.3,Zomato,NET BANKING,India,Mobile,2026-04-28T00:36:34.000+05:30,YES,0,YES,4,NO
12737,67,1138,95304.74,Apple Store,ATM WITHDRAWAL,Singapore,ATM,2026-04-22T06:34:36.000+05:30,YES,6,NO,4,YES
13194,18,1056,21057.21,Amazon,CARD,USA,Laptop,2026-05-02T04:21:23.000+05:30,NO,4,YES,5,YES
13468,20,1043,81962.72,Flipkart,UPI,Singapore,ATM,2026-05-13T14:47:34.000+05:30,YES,14,NO,5,YES
13629,38,1112,71218.82,Nike,NET BANKING,Germany,Tablet,2026-04-27T22:42:13.000+05:30,YES,22,NO,4,YES
14008,91,1096,41160.38,Petrol Pump,NET BANKING,Singapore,Laptop,2026-04-19T10:09:55.000+05:30,NO,10,NO,4,YES
14078,57,1160,88282.71,Netflix,ATM WITHDRAWAL,India,Tablet,2026-04-28T09:38:43.000+05:30,YES,9,NO,4,NO
14272,35,1134,58115.81,Swiggy,NET BANKING,India,Tablet,2026-04-23T11:19:51.000+05:30,YES,11,NO,4,NO
14273,56,1057,61211.52,Swiggy,ATM WITHDRAWAL,USA,ATM,2026-05-09T05:43:08.000+05:30,YES,5,YES,5,YES
14311,51,1004,94244.48,Amazon,UPI,USA,Tablet,2026-05-09T00:35:09.000+05:30,YES,0,YES,5,YES
14615,1,1023,93806.72,Uber,ATM WITHDRAWAL,UK,Tablet,2026-04-30T17:12:55.000+05:30,YES,17,NO,4,YES
14784,25,1009,17490.66,Walmart,ATM WITHDRAWAL,USA,Mobile,2026-04-22T05:45:03.000+05:30,NO,5,YES,4,YES
14925,85,1016,60344.66,Swiggy,UPI,UK,Laptop,2026-04-23T09:59:35.000+05:30,YES,9,NO,4,YES
15913,20,1119,16779.21,Petrol Pump,CARD,USA,Tablet,2026-05-05T20:47:20.000+05:30,NO,20,NO,5,YES
16146,32,1168,6038.43,Petrol Pump,NET BANKING,India,Tablet,2026-05-13T01:00:09.000+05:30,NO,1,YES,5,NO
16217,20,1091,92018.72,Flipkart,NET BANKING,Singapore,Laptop,2026-04-27T23:59:11.000+05:30,YES,23,NO,4,YES
16267,2,1084,25317.4,Amazon,NET BANKING,UK,Laptop,2026-04-24T06:57:26.000+05:30,NO,6,NO,4,YES
16676,6,1040,58819.14,Zomato,CARD,USA,ATM,2026-05-15T21:08:53.000+05:30,YES,21,NO,5,YES
16968,3,1151,76386.71,Flipkart,UPI,USA,Laptop,2026-05-10T21:03:04.000+05:30,YES,21,NO,5,YES
17136,27,1059,67355.43,Flipkart,NET BANKING,USA,Mobile,2026-04-23T00:24:44.000+05:30,YES,0,YES,4,YES
17282,38,1176,60003.23,Netflix,ATM WITHDRAWAL,India,ATM,2026-04-18T23:30:09.000+05:30,YES,23,NO,4,NO
17356,69,1130,818.76,Zomato,CARD,Germany,Laptop,2026-04-20T07:07:48.000+05:30,NO,7,NO,4,YES
17572,14,1016,3184.79,Zomato,CARD,UK,ATM,2026-04-26T06:41:14.000+05:30,NO,6,NO,4,YES
17655,30,1156,92551.16,Petrol Pump,UPI,UK,ATM,2026-04-20T16:23:28.000+05:30,YES,16,NO,4,YES
17907,76,1142,47502.75,Zomato,UPI,India,Mobile,2026-05-10T03:51:04.000+05:30,NO,3,YES,5,NO
18065,14,1138,45341.06,Amazon,UPI,Singapore,Mobile,2026-04-23T08:14:47.000+05:30,NO,8,NO,4,YES
18174,91,1184,8154.32,Apple Store,CARD,Singapore,ATM,2026-05-08T10:49:29.000+05:30,NO,10,NO,5,YES
18656,66,1198,16250.23,Nike,UPI,USA,Tablet,2026-04-28T05:03:32.000+05:30,NO,5,YES,4,YES
19272,98,1096,68617.99,Flipkart,ATM WITHDRAWAL,Germany,Tablet,2026-04-29T14:36:55.000+05:30,YES,14,NO,4,YES
19693,23,1005,21648.05,Swiggy,NET BANKING,Singapore,Laptop,2026-05-06T13:36:26.000+05:30,NO,13,NO,5,YES
19700,75,1134,19451.86,Apple Store,NET BANKING,Singapore,ATM,2026-05-08T07:18:19.000+05:30,NO,7,NO,5,YES
19862,29,1139,30817.83,Swiggy,ATM WITHDRAWAL,USA,Mobile,2026-04-20T16:37:20.000+05:30,NO,16,NO,4,YES
19932,55,1133,81292.12,Nike,ATM WITHDRAWAL,USA,ATM,2026-04-21T10:51:58.000+05:30,YES,10,NO,4,YES
18535,16,1169,62795.68,Netflix,ATM WITHDRAWAL,India,Tablet,2026-04-19T18:05:36.000+05:30,YES,18,NO,4,NO
10120,55,1007,19748.39,Flipkart,CARD,India,Tablet,2026-05-02T01:12:53.000+05:30,NO,1,YES,5,NO
10209,57,1031,92577.71,Walmart,CARD,India,Tablet,2026-05-06T04:53:34.000+05:30,YES,4,YES,5,NO
10280,31,1149,67907.25,Uber,NET BANKING,India,Tablet,2026-05-11T17:53:17.000+05:30,YES,17,NO,5,NO
10323,86,1138,26014.17,Zomato,NET BANKING,India,Mobile,2026-05-12T03:28:25.000+05:30,NO,3,YES,5,NO
10719,16,1053,96646.78,Amazon,NET BANKING,Germany,Mobile,2026-05-16T16:43:22.000+05:30,YES,16,NO,5,YES
10735,62,1005,91675.34,Apple Store,ATM WITHDRAWAL,India,ATM,2026-05-14T04:30:19.000+05:30,YES,4,YES,5,NO
11323,60,1151,24319.75,Flipkart,ATM WITHDRAWAL,UK,ATM,2026-05-06T16:48:25.000+05:30,NO,16,NO,5,YES
11452,54,1106,87636.74,Amazon,NET BANKING,USA,Mobile,2026-05-05T04:34:54.000+05:30,YES,4,YES,5,YES
13737,50,1038,38955.76,Amazon,NET BANKING,Germany,Tablet,2026-05-17T06:25:45.000+05:30,NO,6,NO,5,YES
13751,6,1096,29009.6,Swiggy,UPI,Singapore,Laptop,2026-05-17T18:44:54.000+05:30,NO,18,NO,5,YES
13884,39,1100,2013.29,Walmart,NET BANKING,India,Tablet,2026-04-30T01:04:02.000+05:30,NO,1,YES,4,NO
14747,75,1180,76527.74,Zomato,ATM WITHDRAWAL,Singapore,Laptop,2026-05-17T00:36:03.000+05:30,YES,0,YES,5,YES
15115,58,1129,82402.2,Walmart,NET BANKING,India,ATM,2026-04-30T11:42:56.000+05:30,YES,11,NO,4,NO
16638,36,1164,79944.44,Amazon,UPI,Singapore,ATM,2026-05-08T09:01:00.000+05:30,YES,9,NO,5,YES
16669,30,1141,24510.74,Nike,UPI,UK,ATM,2026-04-19T09:04:17.000+05:30,NO,9,NO,4,YES
16853,91,1198,59487.35,Walmart,ATM WITHDRAWAL,UK,Tablet,2026-05-16T20:31:57.000+05:30,YES,20,NO,5,YES
17035,36,1134,57798.54,Amazon,CARD,UK,Laptop,2026-04-26T23:39:06.000+05:30,YES,23,NO,4,YES
17151,75,1078,59890.0,Apple Store,ATM WITHDRAWAL,USA,Mobile,2026-05-01T11:21:57.000+05:30,YES,11,NO,5,YES
17228,78,1106,77146.5,Zomato,CARD,India,Tablet,2026-05-08T18:06:21.000+05:30,YES,18,NO,5,NO
17263,42,1033,5356.74,Uber,CARD,UK,Laptop,2026-05-15T05:43:46.000+05:30,NO,5,YES,5,YES
17957,86,1011,14834.39,Flipkart,NET BANKING,UK,ATM,2026-04-25T10:39:06.000+05:30,NO,10,NO,4,YES
18539,70,1161,11045.31,Walmart,NET BANKING,USA,ATM,2026-04-22T23:57:45.000+05:30,NO,23,NO,4,YES
18735,89,1172,67366.63,Nike,CARD,UK,ATM,2026-04-25T02:44:18.000+05:30,YES,2,YES,4,YES
18893,93,1178,86804.64,Uber,CARD,UK,Laptop,2026-04-23T18:25:42.000+05:30,YES,18,NO,4,YES
19068,25,1144,16411.12,Petrol Pump,NET BANKING,Singapore,Mobile,2026-04-21T09:20:11.000+05:30,NO,9,NO,4,YES
19201,9,1159,24569.24,Apple Store,CARD,UK,Laptop,2026-05-10T20:17:55.000+05:30,NO,20,NO,5,YES
19439,85,1031,78032.77,Netflix,CARD,Singapore,Tablet,2026-05-11T01:33:52.000+05:30,YES,1,YES,5,YES
19729,8,1019,94533.54,Walmart,NET BANKING,USA,Mobile,2026-05-14T11:38:06.000+05:30,YES,11,NO,5,YES
19735,39,1096,86817.26,Petrol Pump,CARD,USA,ATM,2026-05-02T17:44:20.000+05:30,YES,17,NO,5,YES
10941,90,1164,105.61,Netflix,NET BANKING,Germany,Tablet,2026-05-11T16:44:24.000+05:30,NO,16,NO,5,YES
11156,83,1126,90563.19,Netflix,ATM WITHDRAWAL,Germany,Tablet,2026-04-30T03:59:29.000+05:30,YES,3,YES,4,YES
11350,90,1053,44441.08,Uber,NET BANKING,UK,Mobile,2026-05-08T08:02:14.000+05:30,NO,8,NO,5,YES
11552,2,1082,69143.7,Apple Store,ATM WITHDRAWAL,India,Mobile,2026-05-11T22:58:02.000+05:30,YES,22,NO,5,NO
12052,54,1086,49838.95,Amazon,CARD,UK,Mobile,2026-05-01T20:00:00.000+05:30,NO,20,NO,5,YES
12250,49,1129,32309.95,Walmart,UPI,Germany,Mobile,2026-05-09T00:48:50.000+05:30,NO,0,YES,5,YES
12649,32,1025,90426.62,Apple Store,CARD,UK,Tablet,2026-05-18T07:43:07.000+05:30,YES,7,NO,5,YES
12985,24,1076,32453.45,Walmart,CARD,Germany,Mobile,2026-05-15T02:56:47.000+05:30,NO,2,YES,5,YES
13043,88,1173,35207.29,Swiggy,UPI,UK,ATM,2026-04-24T15:40:27.000+05:30,NO,15,NO,4,YES
13167,58,1110,13817.55,Apple Store,UPI,Germany,Mobile,2026-05-01T07:06:57.000+05:30,NO,7,NO,5,YES
13304,5,1195,60994.56,Swiggy,ATM WITHDRAWAL,Germany,Laptop,2026-04-18T22:43:01.000+05:30,YES,22,NO,4,YES
13653,39,1046,47108.66,Walmart,NET BANKING,UK,Tablet,2026-05-03T10:40:42.000+05:30,NO,10,NO,5,YES
14044,54,1104,68238.99,Nike,NET BANKING,Germany,Laptop,2026-05-16T06:11:18.000+05:30,YES,6,NO,5,YES
15051,88,1055,7209.48,Zomato,CARD,UK,Tablet,2026-05-08T01:28:56.000+05:30,NO,1,YES,5,YES
15290,31,1136,3516.29,Netflix,UPI,Singapore,Tablet,2026-04-23T13:40:36.000+05:30,NO,13,NO,4,YES
15796,88,1121,70653.62,Apple Store,ATM WITHDRAWAL,USA,ATM,2026-05-15T09:15:50.000+05:30,YES,9,NO,5,YES
15851,94,1198,41617.75,Nike,NET BANKING,Singapore,Tablet,2026-05-15T00:41:10.000+05:30,NO,0,YES,5,YES
16368,46,1031,4794.57,Swiggy,NET BANKING,UK,Laptop,2026-05-03T18:19:30.000+05:30,NO,18,NO,5,YES
16514,76,1066,94926.18,Apple Store,UPI,USA,Mobile,2026-05-08T18:27:43.000+05:30,YES,18,NO,5,YES
17081,69,1012,40276.35,Petrol Pump,NET BANKING,India,Tablet,2026-05-10T00:34:57.000+05:30,NO,0,YES,5,NO
17176,89,1123,51196.52,Flipkart,UPI,Germany,ATM,2026-05-01T23:37:40.000+05:30,YES,23,NO,5,YES
17192,78,1015,15633.62,Uber,UPI,Singapore,Tablet,2026-04-29T13:56:46.000+05:30,NO,13,NO,4,YES
17318,31,1179,91920.81,Uber,UPI,Germany,ATM,2026-05-12T03:22:05.000+05:30,YES,3,YES,5,YES
17702,86,1131,59706.81,Uber,UPI,India,Mobile,2026-05-04T06:33:29.000+05:30,YES,6,NO,5,NO
17901,8,1174,19377.33,Nike,ATM WITHDRAWAL,Singapore,Tablet,2026-05-09T19:10:59.000+05:30,NO,19,NO,5,YES
18186,92,1043,14457.87,Swiggy,ATM WITHDRAWAL,Germany,ATM,2026-05-10T08:47:00.000+05:30,NO,8,NO,5,YES
18547,26,1062,33776.0,Netflix,UPI,UK,Tablet,2026-05-09T08:06:36.000+05:30,NO,8,NO,5,YES
18705,37,1032,63567.62,Zomato,ATM WITHDRAWAL,India,Mobile,2026-05-02T22:47:33.000+05:30,YES,22,NO,5,NO
18942,59,1161,59489.44,Flipkart,ATM WITHDRAWAL,UK,Mobile,2026-05-10T06:43:01.000+05:30,YES,6,NO,5,YES
19329,71,1055,43045.41,Apple Store,UPI,USA,ATM,2026-04-21T22:12:09.000+05:30,NO,22,NO,4,YES
19397,40,1048,37246.66,Flipkart,NET BANKING,UK,ATM,2026-04-22T07:36:07.000+05:30,NO,7,NO,4,YES
19795,75,1022,28428.64,Walmart,UPI,USA,Tablet,2026-04-20T07:36:23.000+05:30,NO,7,NO,4,YES
19882,19,1006,37923.83,Apple Store,UPI,Singapore,Mobile,2026-05-10T22:53:39.000+05:30,NO,22,NO,5,YES
11297,8,1145,20486.98,Apple Store,UPI,UK,Tablet,2026-05-17T15:49:03.000+05:30,NO,15,NO,5,YES
11403,21,1171,74752.11,Swiggy,ATM WITHDRAWAL,USA,Mobile,2026-05-18T08:48:12.000+05:30,YES,8,NO,5,YES
11701,32,1056,65800.12,Netflix,ATM WITHDRAWAL,UK,ATM,2026-05-05T17:20:22.000+05:30,YES,17,NO,5,YES
12104,43,1061,44807.5,Walmart,CARD,India,Laptop,2026-04-19T05:32:57.000+05:30,NO,5,YES,4,NO
12379,88,1040,97018.45,Zomato,UPI,India,ATM,2026-04-22T20:50:04.000+05:30,YES,20,NO,4,NO
12762,15,1089,50436.86,Nike,ATM WITHDRAWAL,India,Tablet,2026-04-28T23:44:41.000+05:30,YES,23,NO,4,NO
13404,95,1015,78912.93,Walmart,NET BANKING,Germany,ATM,2026-05-07T11:27:36.000+05:30,YES,11,NO,5,YES
13509,74,1175,90730.21,Zomato,UPI,UK,Mobile,2026-05-08T02:59:37.000+05:30,YES,2,YES,5,YES
13600,42,1073,44100.34,Walmart,ATM WITHDRAWAL,Singapore,ATM,2026-04-29T03:05:45.000+05:30,NO,3,YES,4,YES
13874,74,1067,40791.04,Swiggy,UPI,UK,Tablet,2026-05-03T18:13:44.000+05:30,NO,18,NO,5,YES
14141,40,1081,27924.66,Zomato,ATM WITHDRAWAL,Singapore,Laptop,2026-04-22T14:30:34.000+05:30,NO,14,NO,4,YES
14188,73,1147,7720.69,Swiggy,CARD,UK,Laptop,2026-04-23T15:30:09.000+05:30,NO,15,NO,4,YES
14644,58,1119,54480.8,Uber,NET BANKING,UK,Mobile,2026-05-16T16:19:21.000+05:30,YES,16,NO,5,YES
14915,52,1030,83279.3,Petrol Pump,CARD,USA,Mobile,2026-05-01T13:08:08.000+05:30,YES,13,NO,5,YES
15134,90,1054,23039.34,Flipkart,ATM WITHDRAWAL,Singapore,Tablet,2026-04-25T04:35:22.000+05:30,NO,4,YES,4,YES
15748,30,1139,41381.42,Petrol Pump,ATM WITHDRAWAL,Germany,ATM,2026-05-14T11:31:54.000+05:30,NO,11,NO,5,YES
15965,61,1089,63583.4,Netflix,NET BANKING,UK,Mobile,2026-04-21T03:36:48.000+05:30,YES,3,YES,4,YES
16144,9,1067,18292.92,Walmart,CARD,UK,ATM,2026-05-14T01:25:56.000+05:30,NO,1,YES,5,YES
16322,21,1088,9977.98,Swiggy,CARD,Germany,Laptop,2026-05-10T06:58:30.000+05:30,NO,6,NO,5,YES
16793,92,1158,89745.61,Uber,CARD,Germany,Mobile,2026-05-07T22:51:01.000+05:30,YES,22,NO,5,YES
16978,32,1196,66030.04,Walmart,NET BANKING,Singapore,ATM,2026-05-01T14:05:45.000+05:30,YES,14,NO,5,YES
17430,51,1181,67330.72,Swiggy,NET BANKING,USA,ATM,2026-04-25T01:27:56.000+05:30,YES,1,YES,4,YES
17596,37,1078,14877.52,Nike,ATM WITHDRAWAL,Germany,ATM,2026-05-01T19:12:00.000+05:30,NO,19,NO,5,YES
17638,38,1084,95054.19,Walmart,NET BANKING,Singapore,Laptop,2026-04-20T15:53:12.000+05:30,YES,15,NO,4,YES
18015,73,1095,90327.85,Petrol Pump,NET BANKING,UK,ATM,2026-05-14T01:39:56.000+05:30,YES,1,YES,5,YES
18193,86,1150,84273.54,Uber,ATM WITHDRAWAL,Singapore,Mobile,2026-05-08T06:32:11.000+05:30,YES,6,NO,5,YES
18432,56,1100,48456.44,Petrol Pump,ATM WITHDRAWAL,Singapore,Mobile,2026-04-22T11:06:50.000+05:30,NO,11,NO,4,YES
19104,93,1014,84290.1,Apple Store,UPI,UK,Tablet,2026-04-29T08:08:37.000+05:30,YES,8,NO,4,YES
19268,78,1130,62848.24,Walmart,UPI,USA,Mobile,2026-05-15T12:43:29.000+05:30,YES,12,NO,5,YES
19718,44,1087,62967.25,Swiggy,ATM WITHDRAWAL,UK,Tablet,2026-04-24T01:18:57.000+05:30,YES,1,YES,4,YES
19849,45,1194,4397.22,Amazon,NET BANKING,UK,Tablet,2026-05-16T02:42:29.000+05:30,NO,2,YES,5,YES
19929,82,1090,15756.14,Nike,NET BANKING,UK,Mobile,2026-05-08T00:26:30.000+05:30,NO,0,YES,5,YES
10413,21,1093,23409.4,Swiggy,ATM WITHDRAWAL,Singapore,Laptop,2026-04-26T08:40:14.000+05:30,NO,8,NO,4,YES
10897,53,1183,51991.6,Flipkart,ATM WITHDRAWAL,USA,ATM,2026-05-13T18:35:30.000+05:30,YES,18,NO,5,YES
11101,90,1078,87725.25,Apple Store,NET BANKING,UK,Mobile,2026-05-11T19:29:58.000+05:30,YES,19,NO,5,YES
11219,14,1025,52957.62,Netflix,NET BANKING,India,Tablet,2026-04-24T03:00:44.000+05:30,YES,3,YES,4,NO
11401,68,1059,49432.93,Zomato,ATM WITHDRAWAL,USA,ATM,2026-04-23T01:17:17.000+05:30,NO,1,YES,4,YES
11433,73,1032,32985.12,Petrol Pump,UPI,Germany,Tablet,2026-05-13T14:18:57.000+05:30,NO,14,NO,5,YES
11594,37,1086,83626.15,Walmart,CARD,USA,Laptop,2026-05-05T02:49:17.000+05:30,YES,2,YES,5,YES
11606,17,1034,34952.57,Swiggy,ATM WITHDRAWAL,UK,Mobile,2026-04-26T10:18:23.000+05:30,NO,10,NO,4,YES
11619,24,1106,93092.97,Nike,CARD,USA,Tablet,2026-04-28T08:59:37.000+05:30,YES,8,NO,4,YES
12081,42,1163,24743.79,Swiggy,CARD,India,Mobile,2026-04-27T04:39:46.000+05:30,NO,4,YES,4,NO
12603,71,1074,97558.87,Swiggy,CARD,India,Laptop,2026-04-21T04:25:06.000+05:30,YES,4,YES,4,NO
12973,69,1023,81841.06,Walmart,ATM WITHDRAWAL,UK,Tablet,2026-05-17T21:57:12.000+05:30,YES,21,NO,5,YES
13398,54,1096,88404.47,Zomato,UPI,USA,Laptop,2026-04-22T11:12:36.000+05:30,YES,11,NO,4,YES
13423,67,1155,86654.96,Apple Store,NET BANKING,UK,ATM,2026-04-26T02:33:10.000+05:30,YES,2,YES,4,YES
13437,79,1123,76181.73,Flipkart,CARD,Singapore,Mobile,2026-04-26T11:03:03.000+05:30,YES,11,NO,4,YES
13458,57,1099,54068.03,Petrol Pump,CARD,Singapore,ATM,2026-05-11T21:42:38.000+05:30,YES,21,NO,5,YES
13645,17,1055,66751.83,Amazon,CARD,India,ATM,2026-05-02T14:03:18.000+05:30,YES,14,NO,5,NO
13678,21,1068,61284.82,Netflix,CARD,Singapore,Laptop,2026-04-21T02:30:06.000+05:30,YES,2,YES,4,YES
13747,46,1200,39199.38,Swiggy,UPI,Germany,Laptop,2026-04-30T20:07:32.000+05:30,NO,20,NO,4,YES
14718,33,1039,83450.97,Swiggy,UPI,USA,Tablet,2026-04-26T19:39:44.000+05:30,YES,19,NO,4,YES
14826,70,1185,12686.72,Uber,CARD,Germany,Laptop,2026-04-19T22:24:53.000+05:30,NO,22,NO,4,YES
15391,79,1013,8775.38,Swiggy,ATM WITHDRAWAL,Germany,Tablet,2026-05-12T22:48:52.000+05:30,NO,22,NO,5,YES
15457,65,1130,9551.29,Uber,NET BANKING,Singapore,Mobile,2026-05-11T23:17:40.000+05:30,NO,23,NO,5,YES
15878,68,1164,99440.34,Walmart,ATM WITHDRAWAL,USA,ATM,2026-05-10T13:44:40.000+05:30,YES,13,NO,5,YES
16677,36,1021,24180.83,Swiggy,CARD,Singapore,ATM,2026-04-28T07:05:44.000+05:30,NO,7,NO,4,YES
17107,37,1022,24850.2,Apple Store,UPI,UK,Laptop,2026-05-02T07:54:18.000+05:30,NO,7,NO,5,YES
17523,62,1037,38011.67,Amazon,CARD,Germany,Tablet,2026-04-24T06:02:32.000+05:30,NO,6,NO,4,YES
17661,96,1077,3251.55,Nike,UPI,USA,Tablet,2026-05-12T08:53:03.000+05:30,NO,8,NO,5,YES
17719,37,1124,37361.23,Uber,UPI,UK,ATM,2026-05-15T01:04:21.000+05:30,NO,1,YES,5,YES
18276,100,1165,53907.88,Uber,NET BANKING,USA,Tablet,2026-04-28T02:23:00.000+05:30,YES,2,YES,4,YES
18284,71,1198,70940.05,Petrol Pump,ATM WITHDRAWAL,India,ATM,2026-05-01T02:49:44.000+05:30,YES,2,YES,5,NO
18703,29,1063,73893.42,Uber,CARD,USA,Laptop,2026-05-03T06:15:34.000+05:30,YES,6,NO,5,YES
18739,78,1056,37622.58,Flipkart,CARD,UK,Laptop,2026-05-13T12:27:28.000+05:30,NO,12,NO,5,YES
18996,69,1081,80695.13,Swiggy,NET BANKING,Singapore,Tablet,2026-04-20T23:54:35.000+05:30,YES,23,NO,4,YES
19121,91,1154,96200.95,Apple Store,NET BANKING,India,Laptop,2026-05-03T00:24:07.000+05:30,YES,0,YES,5,NO
19250,22,1054,43813.18,Apple Store,NET BANKING,Germany,Tablet,2026-05-12T07:59:39.000+05:30,NO,7,NO,5,YES
19500,32,1193,94800.72,Zomato,CARD,Singapore,Laptop,2026-04-26T06:38:59.000+05:30,YES,6,NO,4,YES
19581,45,1155,54783.75,Zomato,ATM WITHDRAWAL,USA,Mobile,2026-05-03T07:09:28.000+05:30,YES,7,NO,5,YES
19615,25,1067,1841.39,Zomato,CARD,USA,Tablet,2026-05-12T12:11:31.000+05:30,NO,12,NO,5,YES
10669,27,1158,15205.95,Flipkart,CARD,Singapore,Tablet,2026-04-22T06:40:23.000+05:30,NO,6,NO,4,YES
10786,41,1095,13108.73,Uber,NET BANKING,Singapore,ATM,2026-05-02T05:40:38.000+05:30,NO,5,YES,5,YES
10946,95,1085,97793.61,Swiggy,NET BANKING,India,Tablet,2026-05-01T19:03:37.000+05:30,YES,19,NO,5,NO
10999,45,1013,2678.48,Flipkart,CARD,Singapore,Mobile,2026-05-02T07:06:48.000+05:30,NO,7,NO,5,YES
11274,15,1020,63557.96,Zomato,ATM WITHDRAWAL,Singapore,ATM,2026-04-24T08:14:14.000+05:30,YES,8,NO,4,YES
11551,50,1033,37431.8,Swiggy,NET BANKING,India,Laptop,2026-04-21T05:52:48.000+05:30,NO,5,YES,4,NO
12087,39,1138,74883.08,Apple Store,NET BANKING,USA,Laptop,2026-05-03T12:59:32.000+05:30,YES,12,NO,5,YES
12475,36,1076,73962.34,Amazon,ATM WITHDRAWAL,UK,ATM,2026-05-09T18:45:03.000+05:30,YES,18,NO,5,YES
13193,71,1148,66383.59,Netflix,CARD,Singapore,Laptop,2026-05-07T10:22:58.000+05:30,YES,10,NO,5,YES
13396,12,1192,32770.48,Apple Store,CARD,Singapore,ATM,2026-04-23T00:50:49.000+05:30,NO,0,YES,4,YES
13461,66,1097,62406.82,Flipkart,NET BANKING,Germany,Tablet,2026-05-15T13:28:58.000+05:30,YES,13,NO,5,YES
13725,30,1176,23853.6,Swiggy,ATM WITHDRAWAL,UK,ATM,2026-05-02T01:14:55.000+05:30,NO,1,YES,5,YES
13803,86,1017,49520.18,Nike,NET BANKING,Germany,Mobile,2026-05-06T02:28:17.000+05:30,NO,2,YES,5,YES
14000,13,1040,45338.76,Walmart,CARD,Germany,Tablet,2026-05-03T07:38:05.000+05:30,NO,7,NO,5,YES
14329,68,1035,83335.51,Apple Store,NET BANKING,UK,ATM,2026-05-16T16:00:44.000+05:30,YES,16,NO,5,YES
14668,24,1102,27721.7,Amazon,ATM WITHDRAWAL,Singapore,Tablet,2026-04-26T04:13:37.000+05:30,NO,4,YES,4,YES
14717,7,1072,81567.76,Nike,NET BANKING,Singapore,Tablet,2026-05-14T13:16:33.000+05:30,YES,13,NO,5,YES
15588,96,1101,38554.39,Amazon,ATM WITHDRAWAL,Germany,Mobile,2026-05-18T02:10:34.000+05:30,NO,2,YES,5,YES
15752,5,1120,91470.62,Swiggy,NET BANKING,Germany,Tablet,2026-05-12T04:46:55.000+05:30,YES,4,YES,5,YES
15921,90,1001,92888.01,Swiggy,NET BANKING,India,ATM,2026-05-11T03:16:18.000+05:30,YES,3,YES,5,NO
16681,41,1152,99483.12,Amazon,UPI,Germany,Laptop,2026-04-26T12:51:27.000+05:30,YES,12,NO,4,YES
17219,31,1116,82262.6,Apple Store,ATM WITHDRAWAL,Singapore,Mobile,2026-04-18T22:28:01.000+05:30,YES,22,NO,4,YES
17962,10,1055,27317.65,Nike,ATM WITHDRAWAL,USA,Tablet,2026-05-07T05:53:55.000+05:30,NO,5,YES,5,YES
18196,59,1047,91813.93,Swiggy,UPI,Germany,Mobile,2026-05-09T17:59:15.000+05:30,YES,17,NO,5,YES
18388,66,1161,94379.0,Amazon,NET BANKING,Singapore,Mobile,2026-04-27T22:25:41.000+05:30,YES,22,NO,4,YES
18927,94,1042,92037.8,Swiggy,CARD,Germany,Laptop,2026-04-25T09:48:35.000+05:30,YES,9,NO,4,YES
19717,15,1104,14879.61,Amazon,UPI,UK,Mobile,2026-04-24T14:03:50.000+05:30,NO,14,NO,4,YES
19750,44,1140,10283.6,Zomato,NET BANKING,USA,Laptop,2026-05-17T16:50:01.000+05:30,NO,16,NO,5,YES
19807,68,1034,9565.23,Nike,NET BANKING,USA,ATM,2026-04-27T21:17:07.000+05:30,NO,21,NO,4,YES
19902,18,1166,63486.57,Walmart,CARD,Germany,Tablet,2026-04-30T12:25:48.000+05:30,YES,12,NO,4,YES
10090,46,1092,66916.81,Uber,NET BANKING,Singapore,ATM,2026-04-23T12:55:10.000+05:30,YES,12,NO,4,YES
10193,29,1076,33517.5,Zomato,UPI,Germany,Tablet,2026-05-03T05:48:27.000+05:30,NO,5,YES,5,YES
11424,81,1128,88360.05,Walmart,CARD,USA,Laptop,2026-04-24T22:42:31.000+05:30,YES,22,NO,4,YES
11518,39,1107,23018.0,Apple Store,CARD,Germany,Laptop,2026-04-20T02:18:22.000+05:30,NO,2,YES,4,YES
11895,6,1090,85208.76,Flipkart,ATM WITHDRAWAL,Singapore,ATM,2026-04-27T07:23:21.000+05:30,YES,7,NO,4,YES
12127,31,1026,53870.02,Netflix,UPI,UK,Mobile,2026-04-24T23:28:52.000+05:30,YES,23,NO,4,YES
12141,27,1040,96382.37,Petrol Pump,UPI,USA,Mobile,2026-05-11T00:22:45.000+05:30,YES,0,YES,5,YES
12156,33,1127,44038.87,Amazon,CARD,Singapore,ATM,2026-04-24T20:10:31.000+05:30,NO,20,NO,4,YES
12324,42,1077,83130.64,Nike,NET BANKING,UK,Laptop,2026-05-15T23:27:56.000+05:30,YES,23,NO,5,YES
13202,55,1032,26100.14,Walmart,UPI,USA,Laptop,2026-05-14T04:53:40.000+05:30,NO,4,YES,5,YES
13298,91,1009,3037.64,Netflix,ATM WITHDRAWAL,Singapore,Mobile,2026-04-23T11:21:02.000+05:30,NO,11,NO,4,YES
13570,1,1077,76784.46,Walmart,CARD,UK,ATM,2026-05-05T22:25:21.000+05:30,YES,22,NO,5,YES
13594,67,1183,87014.11,Swiggy,NET BANKING,Singapore,ATM,2026-05-10T08:24:24.000+05:30,YES,8,NO,5,YES
13709,18,1010,56051.29,Swiggy,NET BANKING,UK,Laptop,2026-05-13T14:00:13.000+05:30,YES,14,NO,5,YES
14305,24,1026,17154.73,Flipkart,NET BANKING,USA,ATM,2026-05-07T02:15:10.000+05:30,NO,2,YES,5,YES
14306,35,1066,82394.86,Zomato,ATM WITHDRAWAL,UK,Mobile,2026-05-05T05:37:41.000+05:30,YES,5,YES,5,YES
14467,7,1188,38001.6,Petrol Pump,ATM WITHDRAWAL,India,ATM,2026-05-16T05:54:55.000+05:30,NO,5,YES,5,NO
14804,24,1138,31355.07,Zomato,NET BANKING,Germany,Laptop,2026-04-19T12:17:30.000+05:30,NO,12,NO,4,YES
15642,34,1151,21271.77,Netflix,UPI,USA,Tablet,2026-05-16T05:22:05.000+05:30,NO,5,YES,5,YES
15687,61,1028,2205.48,Amazon,UPI,USA,ATM,2026-05-16T00:15:36.000+05:30,NO,0,YES,5,YES
16204,72,1187,25547.57,Walmart,ATM WITHDRAWAL,UK,Mobile,2026-04-23T19:35:45.000+05:30,NO,19,NO,4,YES
16391,46,1148,2519.49,Flipkart,NET BANKING,Singapore,Mobile,2026-05-16T20:08:02.000+05:30,NO,20,NO,5,YES
17021,25,1126,82757.99,Netflix,UPI,USA,ATM,2026-05-03T22:31:27.000+05:30,YES,22,NO,5,YES
17457,45,1183,85011.28,Walmart,CARD,UK,ATM,2026-04-22T02:13:08.000+05:30,YES,2,YES,4,YES
18032,2,1131,5697.78,Flipkart,UPI,UK,Mobile,2026-04-18T17:06:47.000+05:30,NO,17,NO,4,YES
18139,63,1025,92322.54,Amazon,CARD,UK,Laptop,2026-04-18T16:27:07.000+05:30,YES,16,NO,4,YES
18235,50,1183,73367.14,Zomato,UPI,UK,Laptop,2026-04-27T16:23:28.000+05:30,YES,16,NO,4,YES
18252,62,1051,45927.51,Swiggy,CARD,Germany,Tablet,2026-05-04T18:59:39.000+05:30,NO,18,NO,5,YES
18271,34,1147,88895.57,Swiggy,ATM WITHDRAWAL,USA,ATM,2026-04-26T11:07:13.000+05:30,YES,11,NO,4,YES
18683,68,1070,97903.11,Zomato,ATM WITHDRAWAL,UK,ATM,2026-04-21T02:05:46.000+05:30,YES,2,YES,4,YES
19111,7,1183,64107.85,Swiggy,UPI,USA,Mobile,2026-05-14T19:52:17.000+05:30,YES,19,NO,5,YES
19342,83,1182,68631.5,Netflix,UPI,UK,Mobile,2026-04-19T15:40:10.000+05:30,YES,15,NO,4,YES
19496,58,1016,62887.39,Walmart,UPI,Germany,Mobile,2026-05-03T14:27:28.000+05:30,YES,14,NO,5,YES
19781,10,1151,78834.32,Amazon,NET BANKING,Germany,ATM,2026-05-04T05:31:19.000+05:30,YES,5,YES,5,YES
19928,35,1043,96806.57,Petrol Pump,UPI,Germany,Mobile,2026-04-28T15:31:29.000+05:30,YES,15,NO,4,YES
19956,20,1021,70970.67,Uber,NET BANKING,UK,Laptop,2026-05-05T09:52:07.000+05:30,YES,9,NO,5,YES
19965,74,1114,99349.98,Walmart,ATM WITHDRAWAL,USA,Tablet,2026-05-11T00:03:15.000+05:30,YES,0,YES,5,YES
19993,98,1188,42561.86,Apple Store,ATM WITHDRAWAL,USA,Mobile,2026-05-12T01:33:56.000+05:30,NO,1,YES,5,YES
14134,24,1154,98752.4,Walmart,ATM WITHDRAWAL,Germany,Mobile,2026-04-23T13:33:24.000+05:30,YES,13,NO,4,YES
10302,51,1112,62847.15,Swiggy,CARD,UK,Tablet,2026-05-01T00:51:30.000+05:30,YES,0,YES,5,YES
10454,91,1063,27506.53,Uber,CARD,India,Mobile,2026-04-22T03:55:16.000+05:30,NO,3,YES,4,NO
11237,86,1189,34657.47,Nike,UPI,Germany,Tablet,2026-05-12T22:05:33.000+05:30,NO,22,NO,5,YES
12527,49,1139,75496.15,Netflix,NET BANKING,Germany,Laptop,2026-04-20T14:51:24.000+05:30,YES,14,NO,4,YES
12556,85,1130,75335.45,Uber,UPI,UK,Tablet,2026-04-23T04:35:02.000+05:30,YES,4,YES,4,YES
12595,81,1138,77905.39,Swiggy,ATM WITHDRAWAL,UK,Mobile,2026-05-05T05:57:19.000+05:30,YES,5,YES,5,YES
12778,58,1132,48130.88,Netflix,NET BANKING,USA,Mobile,2026-04-19T04:52:29.000+05:30,NO,4,YES,4,YES
12824,67,1088,75024.55,Uber,NET BANKING,Singapore,Mobile,2026-05-05T20:35:38.000+05:30,YES,20,NO,5,YES
12826,85,1077,95674.1,Zomato,NET BANKING,Germany,Tablet,2026-04-23T00:52:41.000+05:30,YES,0,YES,4,YES
12942,84,1046,23296.81,Uber,CARD,Germany,Mobile,2026-04-26T23:47:59.000+05:30,NO,23,NO,4,YES
13182,45,1093,99064.43,Apple Store,NET BANKING,Germany,ATM,2026-04-22T19:16:48.000+05:30,YES,19,NO,4,YES
13817,11,1036,47384.97,Petrol Pump,NET BANKING,UK,ATM,2026-05-13T13:08:02.000+05:30,NO,13,NO,5,YES
14554,69,1113,93159.27,Petrol Pump,NET BANKING,USA,Tablet,2026-04-21T18:14:46.000+05:30,YES,18,NO,4,YES
14678,65,1161,96606.72,Apple Store,CARD,USA,Tablet,2026-04-27T09:34:10.000+05:30,YES,9,NO,4,YES
14731,3,1081,57483.23,Nike,NET BANKING,India,Tablet,2026-04-24T00:09:00.000+05:30,YES,0,YES,4,NO
14984,74,1155,28269.13,Flipkart,NET BANKING,Singapore,Mobile,2026-05-05T19:12:18.000+05:30,NO,19,NO,5,YES
15653,80,1064,49318.12,Nike,ATM WITHDRAWAL,Germany,Tablet,2026-05-13T12:33:10.000+05:30,NO,12,NO,5,YES
15789,61,1141,84812.66,Netflix,NET BANKING,UK,Tablet,2026-05-04T04:38:33.000+05:30,YES,4,YES,5,YES
16222,96,1106,93721.33,Netflix,ATM WITHDRAWAL,UK,Tablet,2026-05-08T18:29:50.000+05:30,YES,18,NO,5,YES
16799,57,1097,86577.73,Nike,NET BANKING,USA,ATM,2026-05-18T03:44:52.000+05:30,YES,3,YES,5,YES
17044,58,1139,61800.53,Netflix,ATM WITHDRAWAL,Germany,ATM,2026-05-06T16:58:16.000+05:30,YES,16,NO,5,YES
17587,94,1007,39439.19,Zomato,NET BANKING,USA,ATM,2026-04-20T04:25:52.000+05:30,NO,4,YES,4,YES
17657,92,1014,90657.79,Walmart,CARD,India,Laptop,2026-04-29T22:44:47.000+05:30,YES,22,NO,4,NO
17882,87,1163,64460.63,Zomato,UPI,UK,Mobile,2026-05-02T13:46:26.000+05:30,YES,13,NO,5,YES
17954,85,1011,47690.65,Nike,CARD,USA,Tablet,2026-04-24T12:38:44.000+05:30,NO,12,NO,4,YES
18220,20,1096,8472.22,Walmart,NET BANKING,USA,Mobile,2026-04-29T15:59:34.000+05:30,NO,15,NO,4,YES
18910,43,1118,48861.71,Walmart,ATM WITHDRAWAL,Germany,ATM,2026-04-21T23:38:11.000+05:30,NO,23,NO,4,YES
19090,4,1012,15591.53,Netflix,UPI,UK,Laptop,2026-04-22T10:46:00.000+05:30,NO,10,NO,4,YES
19731,42,1045,2993.04,Apple Store,CARD,Singapore,Mobile,2026-05-06T21:59:18.000+05:30,NO,21,NO,5,YES
10083,30,1183,72552.58,Petrol Pump,CARD,UK,Laptop,2026-05-12T02:51:07.000+05:30,YES,2,YES,5,YES
10609,33,1058,517.65,Amazon,NET BANKING,Singapore,ATM,2026-05-17T23:55:02.000+05:30,NO,23,NO,5,YES
10795,79,1167,48438.7,Zomato,ATM WITHDRAWAL,Germany,ATM,2026-04-29T17:51:24.000+05:30,NO,17,NO,4,YES
10820,6,1040,50459.4,Petrol Pump,CARD,USA,Tablet,2026-04-30T13:49:30.000+05:30,YES,13,NO,4,YES
11119,95,1156,41542.97,Walmart,NET BANKING,Singapore,ATM,2026-04-19T20:19:50.000+05:30,NO,20,NO,4,YES
11490,11,1019,79526.93,Netflix,ATM WITHDRAWAL,Germany,Laptop,2026-05-09T23:04:20.000+05:30,YES,23,NO,5,YES
11550,15,1076,7672.53,Zomato,NET BANKING,UK,Mobile,2026-05-03T23:06:16.000+05:30,NO,23,NO,5,YES
11821,34,1050,62937.29,Uber,NET BANKING,Germany,Laptop,2026-05-10T03:34:32.000+05:30,YES,3,YES,5,YES
12017,10,1013,63659.83,Amazon,CARD,India,Laptop,2026-05-04T10:45:39.000+05:30,YES,10,NO,5,NO
12030,68,1088,98255.63,Apple Store,CARD,Singapore,Mobile,2026-04-19T09:14:57.000+05:30,YES,9,NO,4,YES
12113,28,1108,22848.38,Amazon,UPI,Singapore,Tablet,2026-05-13T11:39:28.000+05:30,NO,11,NO,5,YES
12332,34,1046,64276.94,Zomato,NET BANKING,India,ATM,2026-04-26T04:12:50.000+05:30,YES,4,YES,4,NO
12616,8,1032,51750.02,Apple Store,UPI,Singapore,Mobile,2026-04-23T21:38:14.000+05:30,YES,21,NO,4,YES
13148,90,1141,37873.89,Petrol Pump,CARD,USA,Laptop,2026-05-09T16:39:48.000+05:30,NO,16,NO,5,YES
13235,91,1081,78253.1,Petrol Pump,UPI,UK,Mobile,2026-04-21T11:27:23.000+05:30,YES,11,NO,4,YES
13879,82,1070,36441.17,Flipkart,ATM WITHDRAWAL,USA,ATM,2026-05-06T12:57:25.000+05:30,NO,12,NO,5,YES
13910,44,1009,94870.87,Swiggy,UPI,USA,ATM,2026-05-12T12:18:20.000+05:30,YES,12,NO,5,YES
14028,60,1143,25573.19,Swiggy,UPI,USA,Tablet,2026-05-05T20:06:38.000+05:30,NO,20,NO,5,YES
14420,18,1156,23271.64,Petrol Pump,ATM WITHDRAWAL,Singapore,Laptop,2026-05-15T03:04:26.000+05:30,NO,3,YES,5,YES
14462,50,1138,33230.04,Petrol Pump,ATM WITHDRAWAL,UK,Mobile,2026-05-13T13:11:02.000+05:30,NO,13,NO,5,YES
14589,18,1182,76325.28,Swiggy,NET BANKING,India,Laptop,2026-04-29T08:17:50.000+05:30,YES,8,NO,4,NO
14738,15,1115,89090.25,Netflix,ATM WITHDRAWAL,Germany,Laptop,2026-05-02T06:53:26.000+05:30,YES,6,NO,5,YES
14965,46,1077,12142.98,Uber,NET BANKING,Germany,Mobile,2026-05-05T04:09:46.000+05:30,NO,4,YES,5,YES
15357,88,1078,46183.9,Nike,UPI,Germany,Laptop,2026-05-13T09:20:45.000+05:30,NO,9,NO,5,YES
15804,87,1089,3950.85,Apple Store,UPI,Germany,ATM,2026-05-14T02:34:57.000+05:30,NO,2,YES,5,YES
16619,97,1113,20342.76,Nike,UPI,UK,Laptop,2026-05-12T00:36:11.000+05:30,NO,0,YES,5,YES
16693,2,1087,1984.13,Uber,UPI,Germany,Laptop,2026-05-09T04:16:33.000+05:30,NO,4,YES,5,YES
17163,71,1184,99504.48,Netflix,ATM WITHDRAWAL,Singapore,Mobile,2026-05-09T08:18:54.000+05:30,YES,8,NO,5,YES
17261,42,1017,16424.62,Flipkart,NET BANKING,Germany,Tablet,2026-05-06T03:22:00.000+05:30,NO,3,YES,5,YES
17383,38,1086,57706.08,Nike,NET BANKING,UK,ATM,2026-05-15T23:53:42.000+05:30,YES,23,NO,5,YES
17881,7,1177,69870.75,Nike,ATM WITHDRAWAL,Singapore,ATM,2026-04-29T22:08:07.000+05:30,YES,22,NO,4,YES
17945,35,1187,44752.64,Walmart,CARD,UK,Laptop,2026-05-17T04:03:34.000+05:30,NO,4,YES,5,YES
18028,39,1047,90605.48,Amazon,ATM WITHDRAWAL,USA,ATM,2026-05-15T20:01:54.000+05:30,YES,20,NO,5,YES
18429,97,1176,31434.68,Petrol Pump,NET BANKING,Germany,ATM,2026-05-02T03:35:03.000+05:30,NO,3,YES,5,YES
19038,52,1078,4301.97,Netflix,UPI,USA,Mobile,2026-05-11T16:11:37.000+05:30,NO,16,NO,5,YES
19256,21,1136,24231.44,Amazon,UPI,Germany,ATM,2026-04-27T03:05:51.000+05:30,NO,3,YES,4,YES
19852,29,1037,2227.39,Walmart,UPI,USA,Mobile,2026-05-03T06:28:16.000+05:30,NO,6,NO,5,YES
19878,20,1036,57679.61,Netflix,NET BANKING,India,ATM,2026-05-07T10:33:58.000+05:30,YES,10,NO,5,NO
10206,12,1067,88501.8,Amazon,CARD,Germany,ATM,2026-04-22T09:00:54.000+05:30,YES,9,NO,4,YES
10645,9,1047,42576.08,Flipkart,CARD,Germany,Tablet,2026-05-16T00:04:24.000+05:30,NO,0,YES,5,YES
11182,25,1102,10552.46,Flipkart,CARD,UK,Mobile,2026-04-27T07:14:12.000+05:30,NO,7,NO,4,YES
11544,97,1002,78855.33,Amazon,CARD,India,Mobile,2026-04-23T13:27:04.000+05:30,YES,13,NO,4,NO
11601,36,1073,68965.46,Amazon,UPI,Singapore,Tablet,2026-04-25T07:54:58.000+05:30,YES,7,NO,4,YES
11966,91,1197,30377.96,Walmart,ATM WITHDRAWAL,Germany,ATM,2026-05-09T10:39:45.000+05:30,NO,10,NO,5,YES
12089,60,1077,50480.37,Petrol Pump,CARD,Germany,Mobile,2026-05-16T17:45:18.000+05:30,YES,17,NO,5,YES
12343,42,1063,33290.28,Netflix,ATM WITHDRAWAL,UK,Mobile,2026-05-09T07:51:33.000+05:30,NO,7,NO,5,YES
12382,73,1170,25661.77,Flipkart,ATM WITHDRAWAL,UK,ATM,2026-04-26T23:43:52.000+05:30,NO,23,NO,4,YES
12660,2,1177,69612.27,Zomato,NET BANKING,UK,ATM,2026-04-22T10:27:35.000+05:30,YES,10,NO,4,YES
13090,12,1099,86396.91,Amazon,UPI,Germany,Mobile,2026-05-08T06:52:25.000+05:30,YES,6,NO,5,YES
13095,87,1020,25633.13,Walmart,NET BANKING,Singapore,Laptop,2026-05-16T19:09:32.000+05:30,NO,19,NO,5,YES
13372,15,1072,38382.96,Amazon,ATM WITHDRAWAL,Singapore,ATM,2026-04-26T20:34:12.000+05:30,NO,20,NO,4,YES
13531,73,1115,81542.0,Flipkart,CARD,USA,ATM,2026-05-08T19:18:25.000+05:30,YES,19,NO,5,YES
14075,26,1061,91052.71,Zomato,CARD,UK,Tablet,2026-05-10T21:19:42.000+05:30,YES,21,NO,5,YES
14105,60,1013,34116.05,Walmart,NET BANKING,Germany,Mobile,2026-05-17T06:11:14.000+05:30,NO,6,NO,5,YES
14259,36,1185,87034.91,Flipkart,ATM WITHDRAWAL,Singapore,ATM,2026-05-16T21:47:13.000+05:30,YES,21,NO,5,YES
14321,97,1069,59471.73,Nike,NET BANKING,USA,ATM,2026-04-30T14:34:50.000+05:30,YES,14,NO,4,YES
15212,16,1029,15404.68,Flipkart,NET BANKING,Germany,Laptop,2026-05-10T08:27:29.000+05:30,NO,8,NO,5,YES
15677,7,1031,70798.07,Zomato,CARD,Singapore,Laptop,2026-05-05T01:11:16.000+05:30,YES,1,YES,5,YES
16037,30,1125,18342.61,Flipkart,UPI,USA,Mobile,2026-05-16T19:26:22.000+05:30,NO,19,NO,5,YES
16247,93,1156,39204.62,Flipkart,CARD,UK,Laptop,2026-05-07T21:12:00.000+05:30,NO,21,NO,5,YES
16262,39,1014,74161.32,Uber,ATM WITHDRAWAL,India,ATM,2026-05-09T14:45:28.000+05:30,YES,14,NO,5,NO
16382,64,1002,357.55,Walmart,NET BANKING,USA,ATM,2026-04-24T16:44:40.000+05:30,NO,16,NO,4,YES
17064,34,1135,68254.36,Zomato,UPI,Germany,Laptop,2026-05-16T10:23:27.000+05:30,YES,10,NO,5,YES
17187,57,1102,24025.26,Uber,ATM WITHDRAWAL,Singapore,Laptop,2026-05-07T08:19:32.000+05:30,NO,8,NO,5,YES
17372,40,1050,85636.38,Amazon,UPI,UK,Mobile,2026-04-25T22:17:44.000+05:30,YES,22,NO,4,YES
17615,64,1096,56033.96,Netflix,ATM WITHDRAWAL,India,Mobile,2026-05-07T02:37:08.000+05:30,YES,2,YES,5,NO
18143,39,1076,32226.38,Walmart,UPI,Germany,Laptop,2026-04-27T01:53:15.000+05:30,NO,1,YES,4,YES
18419,67,1057,65665.21,Netflix,CARD,USA,Mobile,2026-05-14T12:01:26.000+05:30,YES,12,NO,5,YES
18540,76,1101,85171.11,Nike,NET BANKING,Singapore,Mobile,2026-05-05T18:11:24.000+05:30,YES,18,NO,5,YES
18812,14,1169,32678.97,Uber,NET BANKING,Singapore,Laptop,2026-05-08T17:53:32.000+05:30,NO,17,NO,5,YES
19122,23,1023,21463.91,Walmart,CARD,India,ATM,2026-04-20T05:16:23.000+05:30,NO,5,YES,4,NO
10011,7,1170,36517.24,Flipkart,ATM WITHDRAWAL,Germany,Mobile,2026-04-28T19:20:36.000+05:30,NO,19,NO,4,YES
10023,97,1080,82846.66,Walmart,CARD,India,ATM,2026-05-07T12:20:58.000+05:30,YES,12,NO,5,NO
10064,67,1190,85761.79,Amazon,NET BANKING,India,Laptop,2026-04-23T21:14:32.000+05:30,YES,21,NO,4,NO
10148,88,1048,30330.99,Uber,NET BANKING,UK,Tablet,2026-05-03T18:03:19.000+05:30,NO,18,NO,5,YES
10176,41,1189,52064.93,Zomato,NET BANKING,India,Laptop,2026-04-28T11:23:23.000+05:30,YES,11,NO,4,NO
10404,1,1092,43265.87,Zomato,NET BANKING,USA,ATM,2026-04-19T12:15:11.000+05:30,NO,12,NO,4,YES
10482,55,1064,55532.69,Walmart,UPI,India,ATM,2026-04-27T12:35:06.000+05:30,YES,12,NO,4,NO
10986,70,1135,98273.66,Nike,CARD,UK,Laptop,2026-05-09T23:53:36.000+05:30,YES,23,NO,5,YES
11037,76,1190,80484.33,Apple Store,NET BANKING,USA,ATM,2026-04-24T16:57:05.000+05:30,YES,16,NO,4,YES
11206,90,1162,21970.23,Walmart,ATM WITHDRAWAL,USA,ATM,2026-05-16T01:55:00.000+05:30,NO,1,YES,5,YES
11264,33,1062,12641.68,Apple Store,ATM WITHDRAWAL,Singapore,Laptop,2026-05-11T04:27:34.000+05:30,NO,4,YES,5,YES
11266,16,1059,16347.11,Walmart,CARD,Germany,Laptop,2026-04-20T14:58:01.000+05:30,NO,14,NO,4,YES
11371,83,1059,66582.37,Nike,NET BANKING,Germany,Tablet,2026-05-11T11:02:22.000+05:30,YES,11,NO,5,YES
11418,91,1150,21963.66,Uber,NET BANKING,India,Mobile,2026-04-20T05:02:39.000+05:30,NO,5,YES,4,NO
12073,36,1034,76979.82,Walmart,UPI,UK,Tablet,2026-04-19T08:38:54.000+05:30,YES,8,NO,4,YES
12088,94,1124,61240.12,Petrol Pump,ATM WITHDRAWAL,Germany,Laptop,2026-05-10T02:59:41.000+05:30,YES,2,YES,5,YES
12428,81,1187,36184.97,Walmart,CARD,UK,ATM,2026-04-25T03:12:58.000+05:30,NO,3,YES,4,YES
14178,51,1126,53889.26,Nike,NET BANKING,Germany,Mobile,2026-05-18T08:05:29.000+05:30,YES,8,NO,5,YES
14482,24,1131,51949.74,Petrol Pump,CARD,India,Laptop,2026-05-18T03:36:40.000+05:30,YES,3,YES,5,NO
15185,85,1077,43577.57,Petrol Pump,UPI,UK,Laptop,2026-04-19T07:38:00.000+05:30,NO,7,NO,4,YES
15798,47,1161,53044.58,Apple Store,NET BANKING,UK,Tablet,2026-04-22T04:38:23.000+05:30,YES,4,YES,4,YES
15971,89,1176,68899.19,Apple Store,UPI,India,Tablet,2026-05-07T19:36:32.000+05:30,YES,19,NO,5,NO
15994,66,1001,36017.19,Apple Store,NET BANKING,Singapore,Mobile,2026-05-11T11:23:17.000+05:30,NO,11,NO,5,YES
16094,99,1139,11079.08,Walmart,ATM WITHDRAWAL,UK,ATM,2026-04-21T15:25:19.000+05:30,NO,15,NO,4,YES
16100,12,1053,33693.54,Zomato,NET BANKING,UK,Tablet,2026-04-20T08:21:14.000+05:30,NO,8,NO,4,YES
16465,29,1058,11289.11,Petrol Pump,ATM WITHDRAWAL,UK,ATM,2026-05-01T19:33:50.000+05:30,NO,19,NO,5,YES
16733,80,1091,22084.66,Apple Store,ATM WITHDRAWAL,UK,Mobile,2026-04-21T16:51:52.000+05:30,NO,16,NO,4,YES
16842,31,1133,91091.97,Swiggy,NET BANKING,USA,ATM,2026-05-18T12:44:45.000+05:30,YES,12,NO,5,YES
16865,71,1164,29900.83,Apple Store,NET BANKING,Singapore,Laptop,2026-05-12T13:27:11.000+05:30,NO,13,NO,5,YES
16869,32,1026,70762.22,Swiggy,CARD,USA,Laptop,2026-05-15T17:41:00.000+05:30,YES,17,NO,5,YES
18147,72,1108,34907.59,Netflix,ATM WITHDRAWAL,UK,Mobile,2026-05-03T07:39:45.000+05:30,NO,7,NO,5,YES
18227,76,1036,93363.01,Swiggy,ATM WITHDRAWAL,Singapore,ATM,2026-05-08T14:38:06.000+05:30,YES,14,NO,5,YES
19051,8,1007,51162.97,Uber,CARD,India,Tablet,2026-04-21T03:07:33.000+05:30,YES,3,YES,4,NO
19059,57,1188,58808.98,Zomato,NET BANKING,UK,Mobile,2026-05-11T14:10:55.000+05:30,YES,14,NO,5,YES
19414,29,1168,25535.07,Apple Store,UPI,UK,Tablet,2026-05-06T11:54:59.000+05:30,NO,11,NO,5,YES
19702,37,1036,13501.56,Swiggy,CARD,UK,ATM,2026-04-29T22:28:27.000+05:30,NO,22,NO,4,YES
19937,2,1198,4725.13,Flipkart,ATM WITHDRAWAL,Germany,Mobile,2026-04-30T16:51:44.000+05:30,NO,16,NO,4,YES
10028,21,1190,67585.16,Amazon,CARD,UK,Mobile,2026-04-19T10:16:09.000+05:30,YES,10,NO,4,YES
10184,66,1054,55240.52,Swiggy,NET BANKING,UK,Mobile,2026-05-06T12:55:30.000+05:30,YES,12,NO,5,YES
10332,49,1019,55181.99,Swiggy,ATM WITHDRAWAL,USA,Tablet,2026-04-25T17:30:39.000+05:30,YES,17,NO,4,YES
10733,18,1052,29970.96,Walmart,UPI,India,Tablet,2026-05-16T01:12:22.000+05:30,NO,1,YES,5,NO
10825,53,1105,30950.43,Flipkart,UPI,Germany,Laptop,2026-05-08T06:01:28.000+05:30,NO,6,NO,5,YES
11661,83,1102,78432.6,Amazon,NET BANKING,Singapore,Mobile,2026-05-08T05:31:05.000+05:30,YES,5,YES,5,YES
11687,5,1003,15686.63,Flipkart,ATM WITHDRAWAL,UK,Mobile,2026-05-12T20:42:18.000+05:30,NO,20,NO,5,YES
11786,61,1185,34374.21,Petrol Pump,UPI,USA,Laptop,2026-05-02T11:53:13.000+05:30,NO,11,NO,5,YES
11897,37,1105,49504.78,Amazon,NET BANKING,Germany,ATM,2026-05-17T15:16:55.000+05:30,NO,15,NO,5,YES
12032,14,1045,71985.62,Flipkart,ATM WITHDRAWAL,Singapore,ATM,2026-05-14T00:59:49.000+05:30,YES,0,YES,5,YES
12572,40,1127,22080.06,Walmart,ATM WITHDRAWAL,Singapore,Laptop,2026-04-30T23:10:55.000+05:30,NO,23,NO,4,YES
13805,86,1197,79353.72,Zomato,CARD,India,Mobile,2026-04-20T00:40:35.000+05:30,YES,0,YES,4,NO
13855,35,1040,41744.01,Nike,NET BANKING,USA,ATM,2026-05-11T05:01:23.000+05:30,NO,5,YES,5,YES
13959,65,1155,21817.95,Swiggy,UPI,USA,ATM,2026-05-01T04:27:16.000+05:30,NO,4,YES,5,YES
14198,28,1130,31246.38,Swiggy,UPI,USA,Mobile,2026-05-17T16:07:23.000+05:30,NO,16,NO,5,YES
14235,31,1076,83139.97,Swiggy,NET BANKING,India,Mobile,2026-04-27T20:53:49.000+05:30,YES,20,NO,4,NO
14313,4,1180,51251.92,Amazon,CARD,UK,ATM,2026-04-20T13:47:52.000+05:30,YES,13,NO,4,YES
14521,58,1012,70704.28,Petrol Pump,NET BANKING,Singapore,Tablet,2026-04-24T01:51:24.000+05:30,YES,1,YES,4,YES
15433,68,1181,664.11,Flipkart,NET BANKING,USA,Laptop,2026-05-08T16:04:18.000+05:30,NO,16,NO,5,YES
15507,62,1169,36068.35,Uber,ATM WITHDRAWAL,UK,ATM,2026-04-23T17:16:05.000+05:30,NO,17,NO,4,YES
15739,64,1125,20597.8,Swiggy,ATM WITHDRAWAL,Singapore,Mobile,2026-04-22T18:19:00.000+05:30,NO,18,NO,4,YES
16244,85,1097,39287.34,Apple Store,UPI,UK,ATM,2026-05-13T15:36:27.000+05:30,NO,15,NO,5,YES
16279,81,1154,69803.03,Walmart,ATM WITHDRAWAL,UK,Tablet,2026-04-24T15:58:12.000+05:30,YES,15,NO,4,YES
16581,10,1177,23299.28,Zomato,ATM WITHDRAWAL,UK,Mobile,2026-05-01T05:59:06.000+05:30,NO,5,YES,5,YES
16637,76,1125,59258.77,Uber,CARD,UK,Tablet,2026-04-21T20:04:27.000+05:30,YES,20,NO,4,YES
16911,25,1198,63351.33,Flipkart,ATM WITHDRAWAL,USA,ATM,2026-04-22T06:22:51.000+05:30,YES,6,NO,4,YES
16954,7,1059,44517.82,Netflix,CARD,USA,Mobile,2026-05-09T22:45:48.000+05:30,NO,22,NO,5,YES
16965,77,1132,63839.03,Zomato,UPI,India,ATM,2026-04-23T22:24:43.000+05:30,YES,22,NO,4,NO
17032,59,1177,7196.3,Amazon,ATM WITHDRAWAL,India,Mobile,2026-05-15T00:01:40.000+05:30,NO,0,YES,5,NO
17353,41,1069,76348.03,Zomato,UPI,UK,Tablet,2026-05-08T21:39:54.000+05:30,YES,21,NO,5,YES
18038,100,1087,91450.1,Amazon,UPI,USA,Laptop,2026-05-04T02:22:35.000+05:30,YES,2,YES,5,YES
18616,87,1027,46638.28,Netflix,UPI,India,Tablet,2026-05-08T01:43:11.000+05:30,NO,1,YES,5,NO
18784,91,1143,46694.58,Amazon,CARD,USA,Laptop,2026-05-07T20:06:20.000+05:30,NO,20,NO,5,YES
19212,98,1165,13126.75,Walmart,NET BANKING,USA,Laptop,2026-05-08T01:29:45.000+05:30,NO,1,YES,5,YES
19744,11,1054,77241.8,Apple Store,CARD,UK,Mobile,2026-05-05T10:31:39.000+05:30,YES,10,NO,5,YES
10629,9,1062,26396.4,Apple Store,UPI,Germany,Tablet,2026-05-16T03:27:14.000+05:30,NO,3,YES,5,YES
10884,94,1018,83148.92,Zomato,ATM WITHDRAWAL,Germany,ATM,2026-05-01T10:58:16.000+05:30,YES,10,NO,5,YES
11116,42,1042,75363.64,Petrol Pump,CARD,Germany,Mobile,2026-05-08T20:28:37.000+05:30,YES,20,NO,5,YES
11581,85,1108,21104.09,Zomato,ATM WITHDRAWAL,Germany,ATM,2026-04-27T01:47:56.000+05:30,NO,1,YES,4,YES
12210,86,1145,91929.93,Petrol Pump,ATM WITHDRAWAL,UK,Tablet,2026-04-28T10:38:54.000+05:30,YES,10,NO,4,YES
12426,30,1136,64185.85,Nike,NET BANKING,UK,ATM,2026-05-14T03:55:24.000+05:30,YES,3,YES,5,YES
12911,72,1184,5242.15,Swiggy,CARD,UK,ATM,2026-04-30T15:49:12.000+05:30,NO,15,NO,4,YES
13198,48,1035,46413.96,Flipkart,UPI,India,ATM,2026-05-09T05:34:58.000+05:30,NO,5,YES,5,NO
13269,86,1185,77068.61,Nike,ATM WITHDRAWAL,Singapore,Mobile,2026-04-28T20:40:50.000+05:30,YES,20,NO,4,YES
13362,90,1052,38458.07,Amazon,NET BANKING,Singapore,ATM,2026-04-30T07:32:57.000+05:30,NO,7,NO,4,YES
13440,52,1057,30747.87,Uber,CARD,Germany,Tablet,2026-05-01T14:32:51.000+05:30,NO,14,NO,5,YES
13508,37,1109,37735.98,Amazon,NET BANKING,Germany,Mobile,2026-04-21T11:48:47.000+05:30,NO,11,NO,4,YES
13800,12,1065,79867.91,Netflix,ATM WITHDRAWAL,Singapore,Mobile,2026-04-21T05:06:49.000+05:30,YES,5,YES,4,YES
13851,8,1046,26375.64,Apple Store,NET BANKING,Germany,Mobile,2026-04-20T17:12:14.000+05:30,NO,17,NO,4,YES
13974,14,1116,22272.45,Zomato,NET BANKING,Singapore,ATM,2026-04-29T06:28:26.000+05:30,NO,6,NO,4,YES
14465,31,1132,41913.42,Uber,CARD,Singapore,Laptop,2026-04-18T17:11:51.000+05:30,NO,17,NO,4,YES
14583,29,1070,2716.8,Walmart,NET BANKING,Singapore,Mobile,2026-05-01T15:26:53.000+05:30,NO,15,NO,5,YES
14603,13,1129,22063.87,Zomato,CARD,UK,ATM,2026-05-04T18:32:52.000+05:30,NO,18,NO,5,YES
14629,79,1129,9331.37,Nike,UPI,India,Tablet,2026-05-02T02:00:51.000+05:30,NO,2,YES,5,NO
14783,67,1161,89159.73,Petrol Pump,UPI,Germany,ATM,2026-05-01T22:44:29.000+05:30,YES,22,NO,5,YES
15163,65,1052,57878.04,Nike,CARD,UK,Tablet,2026-05-02T16:25:36.000+05:30,YES,16,NO,5,YES
15753,75,1166,13808.55,Apple Store,CARD,Germany,Mobile,2026-05-12T11:49:57.000+05:30,NO,11,NO,5,YES
15830,37,1091,90433.21,Uber,UPI,Germany,Laptop,2026-04-28T21:10:02.000+05:30,YES,21,NO,4,YES
15911,16,1159,74813.01,Swiggy,UPI,UK,Mobile,2026-05-17T00:43:22.000+05:30,YES,0,YES,5,YES
15963,52,1155,64200.19,Zomato,NET BANKING,Germany,Tablet,2026-05-12T13:29:10.000+05:30,YES,13,NO,5,YES
15978,61,1171,5373.24,Flipkart,UPI,UK,Mobile,2026-05-17T07:46:42.000+05:30,NO,7,NO,5,YES
16362,78,1141,49934.3,Walmart,CARD,Singapore,Laptop,2026-04-22T16:41:51.000+05:30,NO,16,NO,4,YES
16381,89,1055,59520.93,Netflix,UPI,Singapore,Mobile,2026-04-24T17:47:58.000+05:30,YES,17,NO,4,YES
16456,9,1106,73949.88,Netflix,UPI,USA,Mobile,2026-05-16T05:44:42.000+05:30,YES,5,YES,5,YES
16928,42,1102,70387.7,Amazon,UPI,Singapore,Laptop,2026-04-21T13:43:46.000+05:30,YES,13,NO,4,YES
16943,77,1175,59389.6,Flipkart,UPI,Singapore,Tablet,2026-05-09T13:27:33.000+05:30,YES,13,NO,5,YES
16983,42,1132,68426.57,Uber,CARD,Singapore,Tablet,2026-05-17T00:15:18.000+05:30,YES,0,YES,5,YES
17150,73,1190,90728.62,Netflix,ATM WITHDRAWAL,India,Mobile,2026-05-11T01:15:41.000+05:30,YES,1,YES,5,NO
17179,29,1070,76145.56,Flipkart,ATM WITHDRAWAL,India,Laptop,2026-05-13T01:50:03.000+05:30,YES,1,YES,5,NO
17284,21,1046,65587.61,Flipkart,ATM WITHDRAWAL,Singapore,ATM,2026-04-24T23:51:04.000+05:30,YES,23,NO,4,YES
17526,81,1060,1377.84,Uber,NET BANKING,USA,Tablet,2026-05-01T20:19:42.000+05:30,NO,20,NO,5,YES
18057,98,1040,5795.53,Petrol Pump,ATM WITHDRAWAL,Singapore,Tablet,2026-05-02T20:08:01.000+05:30,NO,20,NO,5,YES
18733,37,1110,84311.82,Apple Store,ATM WITHDRAWAL,India,Mobile,2026-05-08T14:47:17.000+05:30,YES,14,NO,5,NO
18851,9,1097,32414.8,Apple Store,UPI,USA,Tablet,2026-05-11T00:28:48.000+05:30,NO,0,YES,5,YES
18979,37,1086,68635.7,Uber,NET BANKING,UK,ATM,2026-04-28T16:00:07.000+05:30,YES,16,NO,4,YES
19035,20,1007,13842.72,Zomato,NET BANKING,UK,ATM,2026-05-12T11:38:37.000+05:30,NO,11,NO,5,YES
19557,80,1135,32433.32,Walmart,NET BANKING,India,Laptop,2026-05-16T00:17:00.000+05:30,NO,0,YES,5,NO
19625,45,1021,55052.53,Netflix,ATM WITHDRAWAL,Singapore,Laptop,2026-05-15T21:02:26.000+05:30,YES,21,NO,5,YES
19971,20,1100,27055.68,Netflix,CARD,Germany,ATM,2026-05-11T18:56:59.000+05:30,NO,18,NO,5,YES
10019,64,1169,21720.2,Walmart,CARD,Germany,Mobile,2026-05-13T11:59:58.000+05:30,NO,11,NO,5,YES
10769,17,1179,5054.64,Apple Store,ATM WITHDRAWAL,Germany,ATM,2026-04-24T22:40:15.000+05:30,NO,22,NO,4,YES
10860,17,1167,65381.05,Swiggy,NET BANKING,USA,Mobile,2026-05-11T05:28:32.000+05:30,YES,5,YES,5,YES
11304,90,1084,87846.66,Nike,NET BANKING,USA,ATM,2026-05-08T21:04:45.000+05:30,YES,21,NO,5,YES
11780,82,1011,14412.78,Zomato,NET BANKING,Germany,Tablet,2026-05-11T22:46:53.000+05:30,NO,22,NO,5,YES
12978,42,1087,6019.47,Apple Store,ATM WITHDRAWAL,UK,Tablet,2026-04-19T14:50:41.000+05:30,NO,14,NO,4,YES
13103,70,1042,99129.57,Netflix,NET BANKING,Germany,Mobile,2026-05-03T11:09:04.000+05:30,YES,11,NO,5,YES
13125,71,1044,87448.46,Walmart,UPI,Singapore,Mobile,2026-05-13T18:31:19.000+05:30,YES,18,NO,5,YES
13270,18,1088,63774.31,Swiggy,ATM WITHDRAWAL,USA,Mobile,2026-04-26T15:55:54.000+05:30,YES,15,NO,4,YES
13308,62,1073,76453.69,Petrol Pump,ATM WITHDRAWAL,India,Tablet,2026-04-30T11:45:51.000+05:30,YES,11,NO,4,NO
13873,67,1190,35849.17,Amazon,UPI,Germany,ATM,2026-05-14T16:17:55.000+05:30,NO,16,NO,5,YES
13948,35,1130,89998.73,Zomato,UPI,India,Mobile,2026-04-19T05:56:02.000+05:30,YES,5,YES,4,NO
13966,6,1002,55474.03,Flipkart,NET BANKING,India,ATM,2026-05-12T01:58:13.000+05:30,YES,1,YES,5,NO
14214,68,1146,92628.29,Zomato,UPI,USA,Laptop,2026-04-22T15:22:05.000+05:30,YES,15,NO,4,YES
14269,80,1081,32690.1,Uber,NET BANKING,UK,ATM,2026-04-28T02:26:13.000+05:30,NO,2,YES,4,YES
14361,99,1142,60032.79,Amazon,NET BANKING,Singapore,ATM,2026-05-02T17:31:34.000+05:30,YES,17,NO,5,YES
14632,76,1050,82134.43,Amazon,UPI,UK,Mobile,2026-04-21T12:15:41.000+05:30,YES,12,NO,4,YES
15007,3,1032,2383.12,Petrol Pump,NET BANKING,Germany,ATM,2026-05-01T16:15:17.000+05:30,NO,16,NO,5,YES
15329,43,1106,66835.64,Amazon,UPI,USA,Mobile,2026-04-21T18:24:50.000+05:30,YES,18,NO,4,YES
15854,12,1088,52901.93,Nike,ATM WITHDRAWAL,India,Mobile,2026-04-29T01:05:49.000+05:30,YES,1,YES,4,NO
16080,66,1035,14666.48,Zomato,ATM WITHDRAWAL,Germany,Tablet,2026-04-29T06:49:07.000+05:30,NO,6,NO,4,YES
16205,61,1112,64562.77,Swiggy,ATM WITHDRAWAL,UK,Tablet,2026-04-24T04:08:59.000+05:30,YES,4,YES,4,YES
16312,77,1088,6106.71,Uber,ATM WITHDRAWAL,India,ATM,2026-04-24T05:38:11.000+05:30,NO,5,YES,4,NO
16984,75,1109,34111.69,Uber,UPI,UK,Laptop,2026-04-20T18:31:03.000+05:30,NO,18,NO,4,YES
17406,8,1082,87304.44,Zomato,ATM WITHDRAWAL,USA,Laptop,2026-05-08T20:38:01.000+05:30,YES,20,NO,5,YES
18125,13,1152,47515.16,Netflix,ATM WITHDRAWAL,USA,Tablet,2026-05-13T20:20:20.000+05:30,NO,20,NO,5,YES
18156,53,1042,91970.29,Amazon,CARD,UK,Laptop,2026-05-05T17:12:49.000+05:30,YES,17,NO,5,YES
18488,43,1005,62805.58,Flipkart,UPI,Germany,Tablet,2026-04-21T09:34:38.000+05:30,YES,9,NO,4,YES
18501,27,1137,73232.55,Amazon,NET BANKING,USA,Laptop,2026-04-27T23:34:21.000+05:30,YES,23,NO,4,YES
18759,15,1087,82442.96,Flipkart,NET BANKING,Germany,ATM,2026-05-16T07:43:02.000+05:30,YES,7,NO,5,YES
18896,92,1024,76730.43,Uber,CARD,Singapore,Mobile,2026-05-09T15:07:52.000+05:30,YES,15,NO,5,YES
18932,29,1152,88727.65,Walmart,CARD,UK,Tablet,2026-05-04T11:32:34.000+05:30,YES,11,NO,5,YES
18963,79,1106,28897.91,Zomato,UPI,USA,ATM,2026-05-06T12:42:48.000+05:30,NO,12,NO,5,YES
19057,24,1162,35764.23,Zomato,UPI,UK,Mobile,2026-05-14T18:28:06.000+05:30,NO,18,NO,5,YES
19186,75,1121,18512.13,Amazon,ATM WITHDRAWAL,USA,Laptop,2026-05-12T01:30:31.000+05:30,NO,1,YES,5,YES
19263,91,1139,15894.42,Nike,UPI,Germany,Laptop,2026-05-16T04:02:53.000+05:30,NO,4,YES,5,YES
10024,33,1065,86580.38,Walmart,UPI,Singapore,Laptop,2026-05-10T17:17:23.000+05:30,YES,17,NO,5,YES
10359,10,1197,76103.81,Walmart,ATM WITHDRAWAL,UK,ATM,2026-05-02T07:18:19.000+05:30,YES,7,NO,5,YES
10541,5,1167,59478.77,Amazon,NET BANKING,Singapore,Mobile,2026-05-12T07:44:51.000+05:30,YES,7,NO,5,YES
10675,82,1089,82997.84,Amazon,NET BANKING,USA,ATM,2026-04-28T18:17:55.000+05:30,YES,18,NO,4,YES
10813,55,1003,18987.73,Nike,UPI,Singapore,ATM,2026-04-27T00:47:50.000+05:30,NO,0,YES,4,YES
11299,73,1198,41533.02,Flipkart,ATM WITHDRAWAL,Singapore,Mobile,2026-05-09T14:51:05.000+05:30,NO,14,NO,5,YES
11860,17,1155,53635.0,Petrol Pump,NET BANKING,UK,Laptop,2026-04-28T17:18:09.000+05:30,YES,17,NO,4,YES
12339,60,1153,34098.53,Walmart,NET BANKING,USA,Tablet,2026-04-21T14:17:24.000+05:30,NO,14,NO,4,YES
12481,7,1077,55141.1,Flipkart,NET BANKING,UK,Laptop,2026-05-10T04:25:43.000+05:30,YES,4,YES,5,YES
14173,14,1143,97249.17,Nike,ATM WITHDRAWAL,Germany,Laptop,2026-05-10T11:41:56.000+05:30,YES,11,NO,5,YES
14460,78,1012,91519.25,Flipkart,NET BANKING,UK,Tablet,2026-04-23T09:28:20.000+05:30,YES,9,NO,4,YES
15390,68,1106,1818.07,Petrol Pump,NET BANKING,USA,Laptop,2026-05-06T05:13:00.000+05:30,NO,5,YES,5,YES
15495,60,1085,49995.96,Flipkart,UPI,Singapore,ATM,2026-05-03T04:59:34.000+05:30,NO,4,YES,5,YES
15784,63,1113,80526.09,Nike,NET BANKING,UK,ATM,2026-04-21T06:37:19.000+05:30,YES,6,NO,4,YES
15837,58,1040,85356.4,Amazon,NET BANKING,USA,Tablet,2026-05-10T06:27:06.000+05:30,YES,6,NO,5,YES
17069,28,1097,36277.27,Netflix,CARD,UK,Laptop,2026-04-24T04:23:59.000+05:30,NO,4,YES,4,YES
17212,70,1169,64465.8,Nike,NET BANKING,India,ATM,2026-05-02T21:33:59.000+05:30,YES,21,NO,5,NO
17369,76,1123,58395.47,Swiggy,UPI,Germany,Laptop,2026-05-02T17:47:32.000+05:30,YES,17,NO,5,YES
17462,61,1096,13194.78,Petrol Pump,ATM WITHDRAWAL,UK,ATM,2026-05-18T11:06:43.000+05:30,NO,11,NO,5,YES
17717,2,1058,47770.36,Amazon,UPI,Singapore,Tablet,2026-05-14T17:19:56.000+05:30,NO,17,NO,5,YES
17785,5,1174,6957.44,Amazon,ATM WITHDRAWAL,India,ATM,2026-05-03T05:37:12.000+05:30,NO,5,YES,5,NO
18734,38,1109,96296.17,Petrol Pump,NET BANKING,Germany,ATM,2026-04-19T13:20:30.000+05:30,YES,13,NO,4,YES
18935,80,1029,51319.85,Nike,CARD,UK,Mobile,2026-04-21T16:52:21.000+05:30,YES,16,NO,4,YES
19399,29,1195,55549.91,Zomato,UPI,India,Mobile,2026-04-20T08:42:56.000+05:30,YES,8,NO,4,NO
19770,1,1085,52429.04,Petrol Pump,ATM WITHDRAWAL,Singapore,Tablet,2026-04-30T00:01:13.000+05:30,YES,0,YES,4,YES
10068,46,1046,96125.69,Apple Store,UPI,Singapore,Mobile,2026-04-26T23:19:23.000+05:30,YES,23,NO,4,YES
10118,52,1060,75386.11,Apple Store,UPI,Germany,Tablet,2026-04-29T04:35:44.000+05:30,YES,4,YES,4,YES
10250,1,1101,55802.69,Walmart,UPI,UK,Tablet,2026-04-23T11:45:06.000+05:30,YES,11,NO,4,YES
10353,77,1027,16361.57,Apple Store,UPI,India,Mobile,2026-05-17T01:18:20.000+05:30,NO,1,YES,5,NO
10469,77,1117,29723.1,Amazon,UPI,Germany,Mobile,2026-05-09T05:44:07.000+05:30,NO,5,YES,5,YES
10937,74,1144,86354.09,Apple Store,NET BANKING,USA,Laptop,2026-05-15T14:45:36.000+05:30,YES,14,NO,5,YES
11102,56,1063,31123.38,Nike,NET BANKING,USA,Mobile,2026-05-06T01:35:29.000+05:30,NO,1,YES,5,YES
11257,8,1148,47175.78,Nike,NET BANKING,Germany,ATM,2026-04-29T05:28:32.000+05:30,NO,5,YES,4,YES
11539,93,1122,22837.32,Netflix,ATM WITHDRAWAL,India,Tablet,2026-05-10T05:37:06.000+05:30,NO,5,YES,5,NO
12093,70,1091,36665.51,Flipkart,NET BANKING,Germany,Laptop,2026-05-08T16:29:18.000+05:30,NO,16,NO,5,YES
12187,89,1127,17461.15,Amazon,UPI,Germany,Laptop,2026-04-22T10:52:52.000+05:30,NO,10,NO,4,YES
12463,22,1018,22105.7,Amazon,ATM WITHDRAWAL,UK,ATM,2026-04-21T01:50:21.000+05:30,NO,1,YES,4,YES
12554,84,1093,62281.76,Netflix,CARD,Singapore,Tablet,2026-05-10T13:59:25.000+05:30,YES,13,NO,5,YES
12999,12,1025,30744.61,Zomato,UPI,Singapore,Tablet,2026-05-14T08:18:23.000+05:30,NO,8,NO,5,YES
13288,45,1078,82552.37,Zomato,CARD,India,Laptop,2026-05-06T16:00:43.000+05:30,YES,16,NO,5,NO
13427,12,1026,54517.49,Zomato,ATM WITHDRAWAL,Singapore,Laptop,2026-04-26T18:37:06.000+05:30,YES,18,NO,4,YES
13520,81,1134,90131.59,Petrol Pump,CARD,Singapore,Laptop,2026-04-30T21:58:54.000+05:30,YES,21,NO,4,YES
13670,73,1045,70299.69,Apple Store,UPI,Singapore,ATM,2026-05-18T04:44:46.000+05:30,YES,4,YES,5,YES
14125,23,1148,99818.18,Amazon,CARD,UK,ATM,2026-05-01T18:09:08.000+05:30,YES,18,NO,5,YES
14698,26,1018,79318.63,Swiggy,ATM WITHDRAWAL,Germany,ATM,2026-04-29T05:16:22.000+05:30,YES,5,YES,4,YES
14856,42,1139,60219.41,Nike,CARD,Germany,ATM,2026-05-16T07:54:30.000+05:30,YES,7,NO,5,YES
14993,7,1138,72862.18,Netflix,NET BANKING,UK,Laptop,2026-05-13T23:53:06.000+05:30,YES,23,NO,5,YES
15008,36,1025,87778.26,Nike,UPI,India,ATM,2026-05-14T14:00:04.000+05:30,YES,14,NO,5,NO
15256,55,1051,53771.49,Swiggy,ATM WITHDRAWAL,Germany,Laptop,2026-04-25T03:17:05.000+05:30,YES,3,YES,4,YES
15318,58,1011,45506.4,Flipkart,CARD,USA,Tablet,2026-05-03T00:51:23.000+05:30,NO,0,YES,5,YES
15806,93,1073,56100.12,Zomato,NET BANKING,Germany,Laptop,2026-04-23T06:09:48.000+05:30,YES,6,NO,4,YES
16110,21,1199,10387.82,Swiggy,ATM WITHDRAWAL,Singapore,Mobile,2026-04-20T14:10:41.000+05:30,NO,14,NO,4,YES
16299,62,1163,15391.66,Nike,NET BANKING,USA,Tablet,2026-05-16T16:16:50.000+05:30,NO,16,NO,5,YES
16442,83,1007,73572.23,Zomato,CARD,India,Mobile,2026-05-07T07:44:46.000+05:30,YES,7,NO,5,NO
16731,50,1011,54024.15,Netflix,CARD,UK,Tablet,2026-05-18T07:58:09.000+05:30,YES,7,NO,5,YES
17378,41,1126,64927.76,Petrol Pump,UPI,USA,ATM,2026-04-30T10:38:33.000+05:30,YES,10,NO,4,YES
17401,64,1093,24977.46,Petrol Pump,CARD,Singapore,Tablet,2026-04-26T03:30:20.000+05:30,NO,3,YES,4,YES
17691,73,1048,14121.28,Zomato,ATM WITHDRAWAL,Singapore,Tablet,2026-05-08T06:07:04.000+05:30,NO,6,NO,5,YES
17854,19,1028,50546.36,Nike,ATM WITHDRAWAL,Germany,Laptop,2026-04-20T22:21:59.000+05:30,YES,22,NO,4,YES
18207,68,1093,5608.34,Uber,UPI,Germany,Mobile,2026-05-13T17:18:04.000+05:30,NO,17,NO,5,YES
18560,69,1141,22281.94,Apple Store,ATM WITHDRAWAL,Germany,Mobile,2026-04-20T06:44:37.000+05:30,NO,6,NO,4,YES
19385,49,1077,28282.04,Apple Store,NET BANKING,USA,Laptop,2026-04-21T15:56:52.000+05:30,NO,15,NO,4,YES
19661,1,1069,13702.85,Netflix,CARD,Singapore,ATM,2026-04-22T18:13:00.000+05:30,NO,18,NO,4,YES
19769,37,1124,94198.15,Uber,ATM WITHDRAWAL,USA,Mobile,2026-04-30T16:02:21.000+05:30,YES,16,NO,4,YES
19872,39,1102,22452.07,Netflix,UPI,Germany,Mobile,2026-05-06T18:32:42.000+05:30,NO,18,NO,5,YES
10127,35,1139,42753.62,Amazon,NET BANKING,USA,ATM,2026-04-27T04:53:30.000+05:30,NO,4,YES,4,YES
10866,57,1130,35388.14,Apple Store,NET BANKING,Singapore,Tablet,2026-04-24T16:47:55.000+05:30,NO,16,NO,4,YES
10952,34,1123,80977.47,Uber,ATM WITHDRAWAL,Singapore,Laptop,2026-04-22T16:56:39.000+05:30,YES,16,NO,4,YES
10998,91,1176,95150.72,Nike,NET BANKING,Germany,Laptop,2026-05-17T10:55:44.000+05:30,YES,10,NO,5,YES
12330,42,1147,62083.09,Swiggy,UPI,USA,Mobile,2026-05-15T08:16:13.000+05:30,YES,8,NO,5,YES
12495,44,1054,46055.37,Swiggy,NET BANKING,UK,Mobile,2026-05-10T18:24:24.000+05:30,NO,18,NO,5,YES
12580,82,1082,91997.64,Apple Store,ATM WITHDRAWAL,USA,ATM,2026-05-03T18:37:07.000+05:30,YES,18,NO,5,YES
12729,48,1037,69005.06,Nike,NET BANKING,Germany,Mobile,2026-05-02T11:43:13.000+05:30,YES,11,NO,5,YES
12763,71,1146,61010.49,Apple Store,NET BANKING,Singapore,ATM,2026-04-20T12:48:35.000+05:30,YES,12,NO,4,YES
12945,8,1040,65703.3,Swiggy,UPI,Singapore,Laptop,2026-04-20T03:51:12.000+05:30,YES,3,YES,4,YES
13305,3,1104,78950.72,Flipkart,UPI,Singapore,Laptop,2026-04-24T01:48:10.000+05:30,YES,1,YES,4,YES
13486,67,1023,21152.54,Petrol Pump,NET BANKING,UK,Tablet,2026-04-18T21:08:24.000+05:30,NO,21,NO,4,YES
13549,74,1118,75518.67,Swiggy,CARD,Germany,Tablet,2026-05-08T01:29:06.000+05:30,YES,1,YES,5,YES
14126,3,1033,15997.63,Swiggy,NET BANKING,UK,ATM,2026-04-30T16:33:00.000+05:30,NO,16,NO,4,YES
14439,82,1038,63636.73,Petrol Pump,ATM WITHDRAWAL,UK,Laptop,2026-05-17T19:55:25.000+05:30,YES,19,NO,5,YES
14591,47,1028,53027.87,Uber,NET BANKING,Germany,ATM,2026-05-12T18:44:30.000+05:30,YES,18,NO,5,YES
14969,21,1200,39533.21,Uber,CARD,Singapore,ATM,2026-05-13T08:17:15.000+05:30,NO,8,NO,5,YES
15107,11,1041,37267.94,Swiggy,NET BANKING,USA,Tablet,2026-04-30T05:12:23.000+05:30,NO,5,YES,4,YES
15244,87,1163,85768.07,Zomato,ATM WITHDRAWAL,India,Tablet,2026-04-19T09:55:01.000+05:30,YES,9,NO,4,NO
15446,87,1035,19945.36,Flipkart,ATM WITHDRAWAL,UK,ATM,2026-05-01T02:06:54.000+05:30,NO,2,YES,5,YES
15644,97,1171,64604.36,Nike,CARD,Singapore,Mobile,2026-04-27T18:43:44.000+05:30,YES,18,NO,4,YES
15952,80,1119,84183.1,Apple Store,CARD,India,Mobile,2026-04-23T19:14:55.000+05:30,YES,19,NO,4,NO
16033,50,1005,98448.19,Nike,UPI,Germany,Mobile,2026-05-15T11:53:22.000+05:30,YES,11,NO,5,YES
16248,56,1022,93152.13,Nike,NET BANKING,India,Laptop,2026-05-06T20:02:44.000+05:30,YES,20,NO,5,NO
16286,5,1054,10008.2,Petrol Pump,UPI,USA,Tablet,2026-05-17T15:08:31.000+05:30,NO,15,NO,5,YES
16485,18,1141,62634.61,Apple Store,ATM WITHDRAWAL,USA,ATM,2026-05-13T13:49:15.000+05:30,YES,13,NO,5,YES
16630,91,1106,5459.57,Flipkart,CARD,Singapore,ATM,2026-04-23T01:56:48.000+05:30,NO,1,YES,4,YES
16658,77,1047,36467.67,Walmart,ATM WITHDRAWAL,USA,Mobile,2026-05-16T21:42:50.000+05:30,NO,21,NO,5,YES
16872,44,1075,53792.72,Flipkart,ATM WITHDRAWAL,USA,Laptop,2026-04-21T09:18:26.000+05:30,YES,9,NO,4,YES
17087,91,1151,31721.53,Walmart,CARD,Singapore,Mobile,2026-04-23T02:37:36.000+05:30,NO,2,YES,4,YES
17556,57,1098,66443.97,Apple Store,ATM WITHDRAWAL,UK,Tablet,2026-04-20T10:16:20.000+05:30,YES,10,NO,4,YES
17570,92,1146,14047.07,Swiggy,ATM WITHDRAWAL,UK,Tablet,2026-04-25T00:09:50.000+05:30,NO,0,YES,4,YES
17588,89,1079,75903.08,Amazon,ATM WITHDRAWAL,Germany,Tablet,2026-05-15T16:46:18.000+05:30,YES,16,NO,5,YES
17620,41,1090,93839.43,Petrol Pump,ATM WITHDRAWAL,Singapore,Tablet,2026-04-23T04:30:44.000+05:30,YES,4,YES,4,YES
17759,23,1093,39281.93,Swiggy,UPI,UK,Mobile,2026-04-26T03:54:41.000+05:30,NO,3,YES,4,YES
17828,45,1191,40824.53,Apple Store,NET BANKING,USA,Mobile,2026-05-11T15:09:56.000+05:30,NO,15,NO,5,YES
18223,47,1096,34182.28,Flipkart,CARD,UK,Mobile,2026-04-28T21:04:36.000+05:30,NO,21,NO,4,YES
18322,30,1146,93761.38,Flipkart,ATM WITHDRAWAL,UK,ATM,2026-05-05T13:42:09.000+05:30,YES,13,NO,5,YES
18805,49,1179,31773.27,Zomato,UPI,Singapore,Mobile,2026-04-21T09:17:36.000+05:30,NO,9,NO,4,YES
19015,48,1178,60375.3,Swiggy,ATM WITHDRAWAL,Singapore,Mobile,2026-04-26T07:13:53.000+05:30,YES,7,NO,4,YES
19265,77,1128,59753.36,Amazon,ATM WITHDRAWAL,Germany,ATM,2026-05-14T13:55:10.000+05:30,YES,13,NO,5,YES
19571,10,1011,35221.98,Walmart,CARD,UK,Laptop,2026-04-25T04:35:19.000+05:30,NO,4,YES,4,YES
19675,43,1022,85848.92,Petrol Pump,CARD,Germany,ATM,2026-05-10T15:51:51.000+05:30,YES,15,NO,5,YES
10295,76,1153,93753.16,Uber,CARD,India,ATM,2026-05-13T14:55:14.000+05:30,YES,14,NO,5,NO
10314,97,1147,1371.24,Apple Store,ATM WITHDRAWAL,UK,ATM,2026-05-15T14:11:08.000+05:30,NO,14,NO,5,YES
10376,53,1151,55792.05,Swiggy,ATM WITHDRAWAL,Singapore,ATM,2026-04-25T18:11:56.000+05:30,YES,18,NO,4,YES
10394,4,1089,74304.96,Walmart,ATM WITHDRAWAL,UK,Tablet,2026-05-08T13:40:56.000+05:30,YES,13,NO,5,YES
10920,50,1190,43164.85,Amazon,ATM WITHDRAWAL,Singapore,ATM,2026-05-12T05:09:50.000+05:30,NO,5,YES,5,YES
11155,22,1044,98433.86,Netflix,NET BANKING,Singapore,Tablet,2026-05-15T17:26:00.000+05:30,YES,17,NO,5,YES
11578,86,1001,41443.24,Nike,UPI,Germany,Laptop,2026-04-30T12:00:03.000+05:30,NO,12,NO,4,YES
11705,74,1029,82506.93,Walmart,UPI,India,Laptop,2026-05-16T18:14:52.000+05:30,YES,18,NO,5,NO
11795,87,1048,97699.35,Netflix,CARD,India,ATM,2026-05-07T07:18:04.000+05:30,YES,7,NO,5,NO
11797,51,1119,2600.03,Apple Store,CARD,Germany,ATM,2026-05-12T03:14:12.000+05:30,NO,3,YES,5,YES
11924,18,1126,19903.5,Nike,ATM WITHDRAWAL,Singapore,ATM,2026-05-15T07:01:08.000+05:30,NO,7,NO,5,YES
12096,19,1083,58105.41,Flipkart,ATM WITHDRAWAL,Germany,ATM,2026-05-09T04:59:13.000+05:30,YES,4,YES,5,YES
12293,91,1023,24974.07,Flipkart,CARD,Germany,ATM,2026-04-21T12:31:31.000+05:30,NO,12,NO,4,YES
12479,73,1046,46596.73,Uber,ATM WITHDRAWAL,UK,Mobile,2026-04-19T02:00:15.000+05:30,NO,2,YES,4,YES
12516,11,1055,62342.67,Swiggy,ATM WITHDRAWAL,Singapore,Laptop,2026-04-28T15:05:35.000+05:30,YES,15,NO,4,YES
12781,71,1068,23134.03,Swiggy,NET BANKING,USA,Laptop,2026-05-11T09:44:07.000+05:30,NO,9,NO,5,YES
12814,60,1159,72599.91,Apple Store,CARD,Singapore,Laptop,2026-04-27T03:09:37.000+05:30,YES,3,YES,4,YES
13402,36,1168,76218.31,Uber,ATM WITHDRAWAL,UK,Laptop,2026-05-06T15:06:37.000+05:30,YES,15,NO,5,YES
13422,99,1144,20515.24,Apple Store,UPI,Germany,Laptop,2026-05-02T08:43:13.000+05:30,NO,8,NO,5,YES
13435,94,1019,9597.25,Nike,UPI,USA,Tablet,2026-05-03T20:52:26.000+05:30,NO,20,NO,5,YES
13480,75,1076,26449.06,Flipkart,UPI,Germany,Mobile,2026-04-19T10:54:15.000+05:30,NO,10,NO,4,YES
13515,34,1171,2803.15,Netflix,NET BANKING,USA,Laptop,2026-05-07T20:17:01.000+05:30,NO,20,NO,5,YES
13532,67,1166,33955.06,Uber,ATM WITHDRAWAL,UK,Laptop,2026-04-28T06:16:13.000+05:30,NO,6,NO,4,YES
13744,43,1131,92610.8,Netflix,NET BANKING,Germany,Tablet,2026-05-06T00:54:57.000+05:30,YES,0,YES,5,YES
13754,8,1141,99028.88,Netflix,NET BANKING,Singapore,Tablet,2026-05-03T01:41:36.000+05:30,YES,1,YES,5,YES
13812,14,1103,88374.74,Apple Store,NET BANKING,Germany,Mobile,2026-05-03T06:10:21.000+05:30,YES,6,NO,5,YES
13990,31,1175,61087.91,Zomato,ATM WITHDRAWAL,USA,Laptop,2026-04-26T00:59:05.000+05:30,YES,0,YES,4,YES
14227,36,1127,97025.75,Nike,UPI,USA,Mobile,2026-05-01T05:24:30.000+05:30,YES,5,YES,5,YES
14241,6,1160,64611.3,Uber,UPI,Singapore,Laptop,2026-05-01T19:58:38.000+05:30,YES,19,NO,5,YES
14358,87,1177,23244.7,Swiggy,ATM WITHDRAWAL,UK,Mobile,2026-04-27T04:57:04.000+05:30,NO,4,YES,4,YES
14383,90,1080,56248.54,Nike,CARD,UK,Mobile,2026-05-18T14:30:32.000+05:30,YES,14,NO,5,YES
14608,21,1079,3001.51,Walmart,NET BANKING,UK,Mobile,2026-05-01T02:51:07.000+05:30,NO,2,YES,5,YES
14865,15,1102,16398.61,Apple Store,CARD,USA,Laptop,2026-04-20T01:49:35.000+05:30,NO,1,YES,4,YES
15338,59,1044,24663.34,Netflix,NET BANKING,UK,Laptop,2026-05-14T13:54:48.000+05:30,NO,13,NO,5,YES
15366,7,1096,83926.76,Swiggy,UPI,Singapore,Laptop,2026-04-26T10:04:45.000+05:30,YES,10,NO,4,YES
15395,28,1029,29635.68,Nike,ATM WITHDRAWAL,Germany,Tablet,2026-05-13T08:34:37.000+05:30,NO,8,NO,5,YES
15865,62,1123,69187.69,Nike,CARD,Germany,Mobile,2026-05-12T17:23:18.000+05:30,YES,17,NO,5,YES
15893,69,1095,85028.85,Nike,ATM WITHDRAWAL,Singapore,Mobile,2026-05-02T01:55:24.000+05:30,YES,1,YES,5,YES
15918,44,1023,71048.52,Walmart,UPI,UK,Tablet,2026-05-04T13:30:25.000+05:30,YES,13,NO,5,YES
16346,13,1101,90116.98,Nike,CARD,Singapore,Tablet,2026-05-06T20:38:22.000+05:30,YES,20,NO,5,YES
16533,7,1071,67123.36,Amazon,UPI,UK,ATM,2026-05-08T15:47:58.000+05:30,YES,15,NO,5,YES
16657,16,1064,76322.94,Petrol Pump,CARD,India,ATM,2026-04-21T22:59:42.000+05:30,YES,22,NO,4,NO
16722,14,1088,19749.77,Apple Store,NET BANKING,USA,Tablet,2026-04-21T11:27:04.000+05:30,NO,11,NO,4,YES
16889,47,1093,69575.64,Swiggy,CARD,UK,Mobile,2026-05-15T23:56:22.000+05:30,YES,23,NO,5,YES
16989,2,1017,47503.98,Uber,CARD,UK,Mobile,2026-04-28T21:45:05.000+05:30,NO,21,NO,4,YES
17036,65,1140,96165.24,Apple Store,CARD,Germany,ATM,2026-04-30T00:50:57.000+05:30,YES,0,YES,4,YES
17294,95,1162,70463.21,Walmart,NET BANKING,UK,Tablet,2026-05-12T04:23:19.000+05:30,YES,4,YES,5,YES
18063,64,1123,2309.24,Walmart,NET BANKING,India,ATM,2026-05-14T05:10:06.000+05:30,NO,5,YES,5,NO
18146,98,1007,82027.43,Nike,ATM WITHDRAWAL,Germany,Mobile,2026-05-01T20:54:14.000+05:30,YES,20,NO,5,YES
18157,60,1095,49852.64,Flipkart,NET BANKING,Singapore,Tablet,2026-04-30T19:11:48.000+05:30,NO,19,NO,4,YES
18321,28,1140,52360.57,Petrol Pump,NET BANKING,Singapore,Tablet,2026-04-23T14:54:58.000+05:30,YES,14,NO,4,YES
18762,39,1078,34880.1,Zomato,ATM WITHDRAWAL,UK,Laptop,2026-05-10T13:33:37.000+05:30,NO,13,NO,5,YES
18907,68,1187,29639.51,Petrol Pump,NET BANKING,Germany,Tablet,2026-05-06T02:52:47.000+05:30,NO,2,YES,5,YES
18938,60,1197,41893.48,Uber,ATM WITHDRAWAL,Singapore,Laptop,2026-05-10T14:33:30.000+05:30,NO,14,NO,5,YES
19188,17,1025,51892.88,Apple Store,UPI,Germany,Tablet,2026-05-02T13:03:31.000+05:30,YES,13,NO,5,YES
19266,3,1091,25596.58,Netflix,CARD,UK,ATM,2026-05-06T19:37:23.000+05:30,NO,19,NO,5,YES
19680,87,1119,18207.18,Netflix,CARD,Singapore,Tablet,2026-05-17T15:19:03.000+05:30,NO,15,NO,5,YES
10006,43,1076,56608.72,Swiggy,CARD,UK,Laptop,2026-04-24T21:38:35.000+05:30,YES,21,NO,4,YES
10045,49,1153,66251.96,Flipkart,CARD,Germany,Laptop,2026-05-07T12:12:12.000+05:30,YES,12,NO,5,YES
10146,46,1145,28464.96,Petrol Pump,ATM WITHDRAWAL,UK,Mobile,2026-05-17T05:06:19.000+05:30,NO,5,YES,5,YES
10178,60,1132,72068.2,Walmart,UPI,Germany,Laptop,2026-05-01T05:12:19.000+05:30,YES,5,YES,5,YES
10495,86,1191,7519.1,Uber,NET BANKING,Singapore,Laptop,2026-04-22T10:00:36.000+05:30,NO,10,NO,4,YES
10523,67,1050,14052.72,Walmart,UPI,USA,Tablet,2026-04-19T21:39:18.000+05:30,NO,21,NO,4,YES
10913,24,1035,40701.49,Zomato,CARD,UK,ATM,2026-05-05T16:55:12.000+05:30,NO,16,NO,5,YES
11097,61,1132,57953.98,Apple Store,UPI,USA,Tablet,2026-05-07T09:17:58.000+05:30,YES,9,NO,5,YES
11597,91,1182,33401.95,Apple Store,ATM WITHDRAWAL,India,Laptop,2026-04-30T02:27:54.000+05:30,NO,2,YES,4,NO
11855,57,1127,87120.82,Petrol Pump,UPI,India,Tablet,2026-04-21T18:12:08.000+05:30,YES,18,NO,4,NO
13239,46,1018,61124.28,Apple Store,NET BANKING,India,Laptop,2026-05-17T05:19:39.000+05:30,YES,5,YES,5,NO
13566,77,1136,6977.68,Swiggy,CARD,Singapore,Tablet,2026-04-27T16:45:59.000+05:30,NO,16,NO,4,YES
13772,14,1162,87874.3,Amazon,ATM WITHDRAWAL,Singapore,Laptop,2026-04-24T05:16:53.000+05:30,YES,5,YES,4,YES
14089,70,1029,63171.14,Flipkart,NET BANKING,UK,ATM,2026-05-09T05:09:27.000+05:30,YES,5,YES,5,YES
14326,56,1111,18163.36,Netflix,CARD,Singapore,Mobile,2026-05-14T12:53:57.000+05:30,NO,12,NO,5,YES
14384,76,1174,26037.11,Zomato,NET BANKING,UK,Laptop,2026-05-17T13:14:38.000+05:30,NO,13,NO,5,YES
14990,57,1198,67501.88,Netflix,UPI,Germany,Mobile,2026-05-07T00:07:08.000+05:30,YES,0,YES,5,YES
15069,58,1094,39838.14,Amazon,CARD,UK,ATM,2026-04-21T12:49:20.000+05:30,NO,12,NO,4,YES
15091,51,1073,17234.96,Amazon,UPI,Germany,Tablet,2026-05-13T19:56:31.000+05:30,NO,19,NO,5,YES
15252,74,1078,32298.88,Nike,UPI,USA,Tablet,2026-05-06T22:48:09.000+05:30,NO,22,NO,5,YES
15708,40,1192,78471.28,Netflix,CARD,India,Tablet,2026-05-05T19:14:28.000+05:30,YES,19,NO,5,NO
16180,58,1117,69528.53,Swiggy,CARD,USA,Tablet,2026-05-12T22:29:35.000+05:30,YES,22,NO,5,YES
17006,9,1096,76403.78,Swiggy,CARD,India,Mobile,2026-04-27T05:36:24.000+05:30,YES,5,YES,4,NO
17527,84,1028,18782.61,Flipkart,UPI,Germany,ATM,2026-04-28T01:16:50.000+05:30,NO,1,YES,4,YES
17626,37,1045,50313.17,Flipkart,UPI,Singapore,ATM,2026-04-29T16:18:36.000+05:30,YES,16,NO,4,YES
17728,59,1173,88827.4,Netflix,ATM WITHDRAWAL,UK,ATM,2026-04-25T21:10:56.000+05:30,YES,21,NO,4,YES
17844,76,1047,79321.18,Netflix,UPI,UK,ATM,2026-05-11T03:03:42.000+05:30,YES,3,YES,5,YES
18348,64,1083,61944.75,Uber,CARD,Singapore,Laptop,2026-05-01T12:06:37.000+05:30,YES,12,NO,5,YES
18704,45,1112,6502.77,Nike,ATM WITHDRAWAL,USA,Laptop,2026-04-22T03:38:19.000+05:30,NO,3,YES,4,YES
18747,94,1015,7162.84,Swiggy,NET BANKING,Germany,Laptop,2026-05-08T08:48:04.000+05:30,NO,8,NO,5,YES
18820,10,1001,45912.69,Netflix,NET BANKING,India,Laptop,2026-04-30T05:29:22.000+05:30,NO,5,YES,4,NO
18877,72,1004,76178.58,Netflix,UPI,Singapore,ATM,2026-05-14T14:05:30.000+05:30,YES,14,NO,5,YES
19106,52,1116,29112.84,Netflix,ATM WITHDRAWAL,USA,Tablet,2026-05-04T18:09:01.000+05:30,NO,18,NO,5,YES
19326,27,1116,17184.82,Flipkart,UPI,Germany,Laptop,2026-04-23T04:58:11.000+05:30,NO,4,YES,4,YES
19650,81,1001,35302.39,Amazon,ATM WITHDRAWAL,USA,Tablet,2026-05-16T21:33:12.000+05:30,NO,21,NO,5,YES
19663,82,1184,6288.47,Zomato,NET BANKING,UK,Tablet,2026-05-02T04:49:40.000+05:30,NO,4,YES,5,YES
19808,37,1159,78398.77,Petrol Pump,NET BANKING,India,Mobile,2026-04-21T21:48:58.000+05:30,YES,21,NO,4,NO
10066,35,1173,83157.27,Nike,UPI,USA,ATM,2026-04-20T07:19:35.000+05:30,YES,7,NO,4,YES
10497,77,1127,47659.62,Nike,CARD,Singapore,Mobile,2026-04-30T15:15:03.000+05:30,NO,15,NO,4,YES
10500,59,1059,64496.63,Amazon,CARD,USA,ATM,2026-05-14T21:58:08.000+05:30,YES,21,NO,5,YES
10644,39,1179,63033.16,Netflix,UPI,Singapore,Laptop,2026-05-18T07:02:52.000+05:30,YES,7,NO,5,YES
10939,50,1012,86434.61,Swiggy,NET BANKING,Singapore,Laptop,2026-04-28T09:30:40.000+05:30,YES,9,NO,4,YES
11180,21,1126,94367.95,Netflix,CARD,Singapore,Mobile,2026-04-30T07:40:12.000+05:30,YES,7,NO,4,YES
11368,37,1180,68403.38,Apple Store,UPI,Germany,Tablet,2026-04-25T11:29:49.000+05:30,YES,11,NO,4,YES
11731,15,1132,98684.27,Zomato,UPI,Germany,Tablet,2026-05-01T04:29:08.000+05:30,YES,4,YES,5,YES
11813,13,1103,85288.37,Zomato,NET BANKING,Germany,Tablet,2026-04-24T14:26:14.000+05:30,YES,14,NO,4,YES
12074,86,1031,46206.53,Zomato,NET BANKING,Singapore,Laptop,2026-04-19T11:24:39.000+05:30,NO,11,NO,4,YES
12430,22,1165,78826.81,Petrol Pump,NET BANKING,USA,Mobile,2026-05-11T22:45:40.000+05:30,YES,22,NO,5,YES
12636,94,1060,54263.31,Flipkart,UPI,India,Mobile,2026-05-01T02:37:43.000+05:30,YES,2,YES,5,NO
12844,85,1170,88517.1,Walmart,UPI,USA,Mobile,2026-05-02T22:59:22.000+05:30,YES,22,NO,5,YES
13163,15,1150,77056.12,Walmart,NET BANKING,USA,ATM,2026-05-03T17:21:19.000+05:30,YES,17,NO,5,YES
14374,30,1095,31037.52,Petrol Pump,NET BANKING,UK,ATM,2026-04-26T06:06:24.000+05:30,NO,6,NO,4,YES
14806,77,1107,70413.2,Amazon,UPI,Singapore,ATM,2026-05-16T22:23:34.000+05:30,YES,22,NO,5,YES
14963,81,1066,28682.23,Zomato,ATM WITHDRAWAL,Germany,Tablet,2026-04-20T07:11:08.000+05:30,NO,7,NO,4,YES
15074,72,1129,550.28,Swiggy,NET BANKING,USA,Tablet,2026-04-19T10:51:08.000+05:30,NO,10,NO,4,YES
15306,16,1119,65588.65,Walmart,ATM WITHDRAWAL,Singapore,Tablet,2026-04-27T13:27:31.000+05:30,YES,13,NO,4,YES
15694,82,1176,1501.3,Uber,UPI,Germany,Tablet,2026-05-08T09:38:55.000+05:30,NO,9,NO,5,YES
15757,53,1041,4927.76,Uber,UPI,UK,Tablet,2026-05-03T10:50:19.000+05:30,NO,10,NO,5,YES
15980,90,1159,67940.64,Petrol Pump,CARD,Singapore,Tablet,2026-05-13T04:01:47.000+05:30,YES,4,YES,5,YES
16085,27,1003,17006.97,Swiggy,UPI,USA,Mobile,2026-05-03T11:43:01.000+05:30,NO,11,NO,5,YES
16539,34,1120,70616.05,Flipkart,NET BANKING,India,Mobile,2026-05-09T15:31:14.000+05:30,YES,15,NO,5,NO
16772,86,1050,10499.03,Uber,NET BANKING,UK,Mobile,2026-04-19T03:10:13.000+05:30,NO,3,YES,4,YES
16839,93,1128,10256.33,Amazon,ATM WITHDRAWAL,USA,Mobile,2026-05-10T14:46:14.000+05:30,NO,14,NO,5,YES
17101,57,1155,5584.86,Zomato,CARD,India,Tablet,2026-05-13T02:17:48.000+05:30,NO,2,YES,5,NO
17122,99,1083,25621.02,Uber,ATM WITHDRAWAL,Germany,Laptop,2026-05-18T07:35:53.000+05:30,NO,7,NO,5,YES
17741,74,1087,58139.69,Nike,NET BANKING,Singapore,Tablet,2026-05-09T07:24:48.000+05:30,YES,7,NO,5,YES
19198,68,1137,71227.15,Apple Store,NET BANKING,Singapore,ATM,2026-05-13T17:40:47.000+05:30,YES,17,NO,5,YES
19276,52,1056,61667.14,Zomato,ATM WITHDRAWAL,Germany,ATM,2026-05-09T16:01:22.000+05:30,YES,16,NO,5,YES
19298,17,1117,54733.55,Netflix,NET BANKING,Germany,ATM,2026-05-01T04:22:55.000+05:30,YES,4,YES,5,YES
19367,24,1122,69200.01,Walmart,ATM WITHDRAWAL,Germany,Tablet,2026-05-13T02:05:00.000+05:30,YES,2,YES,5,YES
19819,42,1081,85476.08,Amazon,CARD,USA,Mobile,2026-05-17T22:59:02.000+05:30,YES,22,NO,5,YES
19980,30,1089,9019.27,Zomato,NET BANKING,Germany,Tablet,2026-04-21T07:22:08.000+05:30,NO,7,NO,4,YES
10007,34,1044,94204.59,Nike,NET BANKING,UK,Mobile,2026-05-07T08:22:18.000+05:30,YES,8,NO,5,YES
10163,87,1006,97367.85,Apple Store,NET BANKING,India,Tablet,2026-04-20T02:54:13.000+05:30,YES,2,YES,4,NO
10334,23,1138,99331.94,Swiggy,ATM WITHDRAWAL,Germany,Tablet,2026-04-20T03:04:20.000+05:30,YES,3,YES,4,YES
10638,29,1080,92803.29,Flipkart,NET BANKING,Singapore,Laptop,2026-05-04T04:08:26.000+05:30,YES,4,YES,5,YES
10901,95,1105,82459.89,Petrol Pump,ATM WITHDRAWAL,Singapore,Tablet,2026-04-21T15:03:12.000+05:30,YES,15,NO,4,YES
10916,30,1002,15378.19,Amazon,CARD,USA,Mobile,2026-04-27T11:36:29.000+05:30,NO,11,NO,4,YES
10940,14,1099,24801.83,Uber,ATM WITHDRAWAL,UK,Laptop,2026-04-24T15:55:49.000+05:30,NO,15,NO,4,YES
11463,39,1068,82392.82,Flipkart,ATM WITHDRAWAL,Germany,ATM,2026-05-12T17:06:20.000+05:30,YES,17,NO,5,YES
11520,9,1180,51569.9,Nike,UPI,USA,Tablet,2026-04-23T04:30:34.000+05:30,YES,4,YES,4,YES
11589,72,1164,1212.78,Zomato,NET BANKING,Singapore,Mobile,2026-04-22T02:37:23.000+05:30,NO,2,YES,4,YES
11667,77,1024,80424.77,Flipkart,ATM WITHDRAWAL,India,Tablet,2026-05-18T04:43:11.000+05:30,YES,4,YES,5,NO
11710,64,1120,94339.23,Walmart,ATM WITHDRAWAL,Singapore,ATM,2026-05-16T04:20:21.000+05:30,YES,4,YES,5,YES
11787,13,1184,21024.97,Swiggy,ATM WITHDRAWAL,USA,Laptop,2026-04-25T07:37:39.000+05:30,NO,7,NO,4,YES
11865,54,1184,9852.28,Flipkart,UPI,Singapore,Tablet,2026-05-11T09:18:25.000+05:30,NO,9,NO,5,YES
11889,78,1170,53039.21,Uber,CARD,India,Laptop,2026-05-17T20:45:10.000+05:30,YES,20,NO,5,NO
11905,23,1172,96911.49,Zomato,UPI,Singapore,Mobile,2026-05-09T16:54:57.000+05:30,YES,16,NO,5,YES
12007,75,1028,78928.75,Netflix,ATM WITHDRAWAL,Singapore,Tablet,2026-04-26T12:08:12.000+05:30,YES,12,NO,4,YES
12182,3,1192,52722.52,Apple Store,ATM WITHDRAWAL,Germany,ATM,2026-05-02T19:08:52.000+05:30,YES,19,NO,5,YES
12377,82,1013,45584.22,Walmart,UPI,Germany,ATM,2026-05-15T15:11:21.000+05:30,NO,15,NO,5,YES
12441,53,1148,80078.38,Uber,CARD,UK,Mobile,2026-05-16T00:27:34.000+05:30,YES,0,YES,5,YES
12639,39,1166,80201.19,Amazon,NET BANKING,Singapore,ATM,2026-05-17T02:24:55.000+05:30,YES,2,YES,5,YES
12694,61,1147,23589.29,Uber,NET BANKING,Singapore,Laptop,2026-04-19T08:27:57.000+05:30,NO,8,NO,4,YES
12709,82,1069,83596.48,Nike,CARD,Germany,Mobile,2026-05-03T23:21:02.000+05:30,YES,23,NO,5,YES
12920,44,1086,28142.59,Petrol Pump,NET BANKING,UK,Mobile,2026-05-10T03:30:55.000+05:30,NO,3,YES,5,YES
13050,70,1176,22213.35,Walmart,UPI,Singapore,Tablet,2026-05-01T07:18:00.000+05:30,NO,7,NO,5,YES
13062,88,1044,88877.65,Netflix,NET BANKING,Singapore,ATM,2026-05-16T04:52:07.000+05:30,YES,4,YES,5,YES
13070,54,1181,9346.97,Netflix,NET BANKING,UK,Tablet,2026-05-10T03:56:37.000+05:30,NO,3,YES,5,YES
14376,83,1069,61254.17,Netflix,CARD,Singapore,Laptop,2026-05-14T14:17:26.000+05:30,YES,14,NO,5,YES
14569,28,1051,62226.83,Zomato,ATM WITHDRAWAL,Singapore,ATM,2026-05-14T17:19:11.000+05:30,YES,17,NO,5,YES
14794,36,1027,89040.43,Walmart,CARD,India,Mobile,2026-05-11T20:49:32.000+05:30,YES,20,NO,5,NO
14855,85,1197,54658.83,Swiggy,NET BANKING,UK,ATM,2026-05-01T11:08:42.000+05:30,YES,11,NO,5,YES
15161,75,1185,25760.57,Zomato,UPI,India,Mobile,2026-04-20T05:41:18.000+05:30,NO,5,YES,4,NO
15288,20,1033,44030.53,Walmart,CARD,UK,ATM,2026-05-04T00:24:02.000+05:30,NO,0,YES,5,YES
15441,81,1187,60328.04,Petrol Pump,CARD,India,Mobile,2026-04-23T15:23:25.000+05:30,YES,15,NO,4,NO
15919,45,1165,83158.96,Petrol Pump,CARD,Germany,ATM,2026-05-07T01:26:36.000+05:30,YES,1,YES,5,YES
16592,77,1183,25436.11,Netflix,CARD,Germany,Tablet,2026-05-14T08:10:13.000+05:30,NO,8,NO,5,YES
16913,82,1127,34622.45,Nike,ATM WITHDRAWAL,UK,Tablet,2026-04-25T01:04:55.000+05:30,NO,1,YES,4,YES
17097,71,1156,80667.65,Amazon,CARD,India,ATM,2026-05-11T18:10:35.000+05:30,YES,18,NO,5,NO
17427,87,1145,51751.32,Apple Store,NET BANKING,India,Mobile,2026-05-09T16:07:37.000+05:30,YES,16,NO,5,NO
17516,7,1087,24080.03,Netflix,CARD,Singapore,Tablet,2026-04-21T04:27:08.000+05:30,NO,4,YES,4,YES
18224,17,1108,29385.44,Nike,UPI,Germany,Tablet,2026-04-26T19:03:09.000+05:30,NO,19,NO,4,YES
18264,60,1132,80453.14,Uber,UPI,UK,Tablet,2026-05-08T20:56:15.000+05:30,YES,20,NO,5,YES
18283,80,1080,9159.44,Flipkart,CARD,Germany,Laptop,2026-04-29T09:03:48.000+05:30,NO,9,NO,4,YES
19160,87,1176,60658.38,Amazon,ATM WITHDRAWAL,Germany,Tablet,2026-04-28T14:17:20.000+05:30,YES,14,NO,4,YES
19626,38,1148,79002.88,Swiggy,NET BANKING,Germany,Tablet,2026-04-19T10:28:01.000+05:30,YES,10,NO,4,YES
19828,19,1133,7803.6,Zomato,ATM WITHDRAWAL,USA,Tablet,2026-05-06T10:00:21.000+05:30,NO,10,NO,5,YES
19865,44,1025,14366.63,Uber,UPI,UK,Tablet,2026-05-09T14:53:09.000+05:30,NO,14,NO,5,YES
19955,69,1109,25207.12,Nike,ATM WITHDRAWAL,USA,Laptop,2026-04-27T09:43:27.000+05:30,NO,9,NO,4,YES
19008,67,1195,85147.96,Apple Store,UPI,India,ATM,2026-04-20T21:01:31.000+05:30,YES,21,NO,4,NO
10285,22,1060,73850.67,Netflix,ATM WITHDRAWAL,Germany,Mobile,2026-04-20T19:39:16.000+05:30,YES,19,NO,4,YES
10417,68,1032,48761.42,Nike,NET BANKING,Singapore,Mobile,2026-04-24T07:12:57.000+05:30,NO,7,NO,4,YES
10533,66,1164,22097.76,Netflix,UPI,USA,Laptop,2026-04-27T04:41:42.000+05:30,NO,4,YES,4,YES
11884,87,1195,57653.22,Swiggy,CARD,Singapore,ATM,2026-05-08T17:06:37.000+05:30,YES,17,NO,5,YES
12294,15,1082,28443.79,Petrol Pump,CARD,Germany,Mobile,2026-05-11T02:45:33.000+05:30,NO,2,YES,5,YES
13746,67,1136,99416.82,Petrol Pump,CARD,India,Tablet,2026-04-23T18:01:24.000+05:30,YES,18,NO,4,NO
13906,97,1106,81820.32,Petrol Pump,CARD,Germany,Laptop,2026-05-05T22:08:14.000+05:30,YES,22,NO,5,YES
13922,6,1029,51099.02,Nike,NET BANKING,Singapore,Laptop,2026-05-03T04:28:12.000+05:30,YES,4,YES,5,YES
14117,59,1177,89400.36,Petrol Pump,CARD,India,Laptop,2026-05-11T22:59:29.000+05:30,YES,22,NO,5,NO
14176,77,1012,60458.47,Walmart,CARD,India,ATM,2026-05-06T05:43:58.000+05:30,YES,5,YES,5,NO
14180,68,1186,59077.72,Petrol Pump,UPI,India,Tablet,2026-05-05T16:01:49.000+05:30,YES,16,NO,5,NO
14398,67,1160,48816.38,Swiggy,ATM WITHDRAWAL,Germany,Mobile,2026-05-09T15:24:09.000+05:30,NO,15,NO,5,YES
14497,74,1006,43156.03,Swiggy,ATM WITHDRAWAL,UK,Laptop,2026-05-18T12:45:13.000+05:30,NO,12,NO,5,YES
14532,44,1143,92386.4,Netflix,ATM WITHDRAWAL,Germany,Laptop,2026-04-20T05:23:50.000+05:30,YES,5,YES,4,YES
15062,79,1015,7430.91,Apple Store,ATM WITHDRAWAL,Germany,ATM,2026-05-04T22:58:59.000+05:30,NO,22,NO,5,YES
15201,88,1093,22644.38,Flipkart,UPI,Germany,ATM,2026-04-23T01:17:46.000+05:30,NO,1,YES,4,YES
15233,20,1127,91267.82,Nike,CARD,Singapore,ATM,2026-05-03T17:52:46.000+05:30,YES,17,NO,5,YES
15504,6,1117,90536.59,Zomato,NET BANKING,UK,ATM,2026-04-21T15:16:35.000+05:30,YES,15,NO,4,YES
15547,81,1046,51102.55,Nike,CARD,Germany,Mobile,2026-05-07T00:35:00.000+05:30,YES,0,YES,5,YES
15780,83,1038,98312.15,Uber,ATM WITHDRAWAL,India,ATM,2026-05-04T02:40:25.000+05:30,YES,2,YES,5,NO
16041,24,1113,66472.16,Petrol Pump,UPI,UK,Mobile,2026-05-04T08:19:03.000+05:30,YES,8,NO,5,YES
16051,18,1026,12547.89,Amazon,ATM WITHDRAWAL,Singapore,Mobile,2026-04-19T11:29:12.000+05:30,NO,11,NO,4,YES
16374,77,1100,47577.48,Amazon,CARD,USA,Laptop,2026-04-20T14:26:41.000+05:30,NO,14,NO,4,YES
17109,96,1038,57387.12,Flipkart,NET BANKING,Singapore,Tablet,2026-05-03T13:14:06.000+05:30,YES,13,NO,5,YES
17148,43,1077,4402.37,Amazon,NET BANKING,UK,ATM,2026-05-13T05:42:10.000+05:30,NO,5,YES,5,YES
17234,92,1061,52271.42,Apple Store,CARD,Germany,Tablet,2026-04-21T12:05:32.000+05:30,YES,12,NO,4,YES
17418,68,1062,91948.99,Apple Store,NET BANKING,Singapore,Laptop,2026-04-29T21:04:28.000+05:30,YES,21,NO,4,YES
17922,2,1183,14813.65,Flipkart,ATM WITHDRAWAL,UK,Laptop,2026-05-06T03:01:15.000+05:30,NO,3,YES,5,YES
17968,81,1175,48034.9,Flipkart,UPI,India,ATM,2026-04-28T05:56:14.000+05:30,NO,5,YES,4,NO
18189,80,1131,67529.47,Uber,ATM WITHDRAWAL,Singapore,Tablet,2026-05-15T13:11:30.000+05:30,YES,13,NO,5,YES
18484,18,1119,37636.81,Amazon,NET BANKING,Singapore,Laptop,2026-05-03T07:18:17.000+05:30,NO,7,NO,5,YES
18763,25,1079,86473.68,Petrol Pump,NET BANKING,Germany,Mobile,2026-05-13T11:45:11.000+05:30,YES,11,NO,5,YES
19045,98,1167,4480.14,Amazon,UPI,Germany,Tablet,2026-05-14T07:59:49.000+05:30,NO,7,NO,5,YES
19289,36,1140,1316.58,Swiggy,NET BANKING,UK,Mobile,2026-05-05T14:29:02.000+05:30,NO,14,NO,5,YES
10207,78,1093,14239.81,Swiggy,ATM WITHDRAWAL,USA,Mobile,2026-05-17T20:29:46.000+05:30,NO,20,NO,5,YES
10367,3,1095,72914.75,Nike,CARD,Singapore,Mobile,2026-05-06T04:36:45.000+05:30,YES,4,YES,5,YES
10445,80,1001,57993.21,Zomato,CARD,USA,Tablet,2026-05-13T06:32:56.000+05:30,YES,6,NO,5,YES
11211,77,1119,42031.53,Uber,NET BANKING,Germany,ATM,2026-05-16T23:29:25.000+05:30,NO,23,NO,5,YES
11280,2,1105,71735.71,Amazon,ATM WITHDRAWAL,USA,ATM,2026-04-22T07:23:35.000+05:30,YES,7,NO,4,YES
11468,97,1125,31394.8,Amazon,NET BANKING,UK,Laptop,2026-04-29T09:39:55.000+05:30,NO,9,NO,4,YES
11754,88,1152,61050.26,Apple Store,NET BANKING,Germany,Tablet,2026-05-09T00:09:12.000+05:30,YES,0,YES,5,YES
12267,75,1185,89748.23,Amazon,CARD,USA,ATM,2026-05-08T11:17:49.000+05:30,YES,11,NO,5,YES
13020,88,1178,35880.64,Amazon,NET BANKING,Singapore,Laptop,2026-05-14T06:28:07.000+05:30,NO,6,NO,5,YES
13055,73,1113,79339.8,Zomato,ATM WITHDRAWAL,India,Laptop,2026-05-06T10:40:12.000+05:30,YES,10,NO,5,NO
13131,7,1068,5638.81,Nike,ATM WITHDRAWAL,USA,Laptop,2026-04-22T16:17:43.000+05:30,NO,16,NO,4,YES
13267,89,1011,17157.38,Netflix,NET BANKING,USA,Laptop,2026-04-25T19:28:16.000+05:30,NO,19,NO,4,YES
13355,67,1107,514.94,Swiggy,UPI,Germany,Tablet,2026-05-14T04:47:35.000+05:30,NO,4,YES,5,YES
13550,25,1098,28892.76,Netflix,UPI,Germany,Mobile,2026-05-08T12:58:23.000+05:30,NO,12,NO,5,YES
13773,40,1035,36630.72,Apple Store,UPI,Singapore,Mobile,2026-05-16T08:44:03.000+05:30,NO,8,NO,5,YES
13933,83,1100,23428.98,Zomato,NET BANKING,UK,ATM,2026-05-16T01:28:37.000+05:30,NO,1,YES,5,YES
13938,73,1073,48690.14,Petrol Pump,CARD,Singapore,ATM,2026-04-27T07:35:44.000+05:30,NO,7,NO,4,YES
14823,35,1182,44592.7,Flipkart,ATM WITHDRAWAL,Singapore,ATM,2026-05-03T08:22:30.000+05:30,NO,8,NO,5,YES
14940,43,1014,85900.7,Zomato,ATM WITHDRAWAL,UK,Tablet,2026-05-16T20:22:42.000+05:30,YES,20,NO,5,YES
15087,75,1135,98652.6,Apple Store,NET BANKING,Singapore,Laptop,2026-05-04T14:54:50.000+05:30,YES,14,NO,5,YES
15176,10,1130,20830.9,Swiggy,NET BANKING,Singapore,Mobile,2026-05-02T13:59:10.000+05:30,NO,13,NO,5,YES
15320,60,1167,22893.01,Flipkart,ATM WITHDRAWAL,India,Laptop,2026-05-14T04:07:22.000+05:30,NO,4,YES,5,NO
15555,81,1186,10753.77,Petrol Pump,CARD,Singapore,Tablet,2026-04-24T19:06:13.000+05:30,NO,19,NO,4,YES
15557,2,1115,1693.41,Walmart,CARD,USA,ATM,2026-05-04T03:35:34.000+05:30,NO,3,YES,5,YES
16399,46,1072,5572.13,Flipkart,NET BANKING,USA,Mobile,2026-05-16T20:13:02.000+05:30,NO,20,NO,5,YES
17280,42,1041,37917.56,Amazon,NET BANKING,UK,Tablet,2026-05-12T05:59:41.000+05:30,NO,5,YES,5,YES
17777,52,1172,61313.33,Flipkart,CARD,Germany,Tablet,2026-05-04T07:54:14.000+05:30,YES,7,NO,5,YES
18167,43,1003,64147.73,Petrol Pump,NET BANKING,UK,Mobile,2026-05-15T20:57:35.000+05:30,YES,20,NO,5,YES
18250,20,1085,88875.73,Swiggy,CARD,India,ATM,2026-05-17T22:35:11.000+05:30,YES,22,NO,5,NO
18931,80,1058,43075.6,Amazon,NET BANKING,UK,ATM,2026-05-02T18:18:47.000+05:30,NO,18,NO,5,YES
19005,39,1081,19899.4,Petrol Pump,UPI,Germany,Mobile,2026-04-29T09:32:24.000+05:30,NO,9,NO,4,YES
19343,100,1120,86831.42,Amazon,ATM WITHDRAWAL,India,Laptop,2026-05-18T01:40:03.000+05:30,YES,1,YES,5,NO
19775,80,1128,22735.83,Swiggy,NET BANKING,Singapore,Laptop,2026-05-14T04:54:31.000+05:30,NO,4,YES,5,YES
19825,36,1007,37092.56,Netflix,NET BANKING,UK,ATM,2026-05-17T00:46:20.000+05:30,NO,0,YES,5,YES
10038,57,1092,71160.73,Apple Store,ATM WITHDRAWAL,USA,Laptop,2026-04-27T21:08:20.000+05:30,YES,21,NO,4,YES
10319,5,1195,77347.18,Uber,ATM WITHDRAWAL,India,Laptop,2026-05-06T01:40:06.000+05:30,YES,1,YES,5,NO
10494,15,1143,5001.07,Netflix,CARD,Singapore,Laptop,2026-05-05T20:13:26.000+05:30,NO,20,NO,5,YES
10572,60,1016,62796.78,Nike,ATM WITHDRAWAL,USA,ATM,2026-04-29T12:17:54.000+05:30,YES,12,NO,4,YES
10674,11,1057,24329.68,Swiggy,NET BANKING,UK,Mobile,2026-04-23T23:32:54.000+05:30,NO,23,NO,4,YES
11078,64,1060,99286.58,Walmart,ATM WITHDRAWAL,Germany,Laptop,2026-05-04T23:46:52.000+05:30,YES,23,NO,5,YES
11445,32,1178,45983.17,Amazon,CARD,USA,Laptop,2026-04-29T16:17:22.000+05:30,NO,16,NO,4,YES
11609,8,1006,97467.6,Flipkart,NET BANKING,Germany,Laptop,2026-05-03T09:18:38.000+05:30,YES,9,NO,5,YES
11669,70,1164,79046.96,Uber,CARD,UK,Tablet,2026-05-10T08:48:23.000+05:30,YES,8,NO,5,YES
11829,57,1051,85409.65,Amazon,NET BANKING,Singapore,Mobile,2026-04-19T16:00:29.000+05:30,YES,16,NO,4,YES
12068,89,1042,22856.23,Nike,UPI,Germany,ATM,2026-05-16T20:32:08.000+05:30,NO,20,NO,5,YES
12304,52,1076,3512.37,Walmart,CARD,UK,Laptop,2026-04-27T01:33:43.000+05:30,NO,1,YES,4,YES
12918,37,1186,96717.26,Amazon,UPI,Germany,Mobile,2026-04-26T05:29:04.000+05:30,YES,5,YES,4,YES
13173,89,1115,64210.72,Amazon,NET BANKING,India,Mobile,2026-04-23T11:18:55.000+05:30,YES,11,NO,4,NO
13227,3,1140,28269.49,Swiggy,CARD,Singapore,Tablet,2026-05-12T05:15:42.000+05:30,NO,5,YES,5,YES
13825,30,1073,14538.26,Flipkart,NET BANKING,Singapore,Laptop,2026-04-20T06:35:41.000+05:30,NO,6,NO,4,YES
13840,24,1104,6068.45,Swiggy,NET BANKING,Singapore,Mobile,2026-04-19T04:53:53.000+05:30,NO,4,YES,4,YES
14095,88,1070,70985.22,Walmart,UPI,Germany,ATM,2026-05-12T08:48:34.000+05:30,YES,8,NO,5,YES
14495,57,1097,29189.75,Netflix,ATM WITHDRAWAL,Germany,ATM,2026-05-11T19:51:13.000+05:30,NO,19,NO,5,YES
14643,75,1146,64968.7,Amazon,UPI,Germany,Mobile,2026-05-11T08:31:10.000+05:30,YES,8,NO,5,YES
14687,82,1156,3148.57,Swiggy,UPI,UK,Laptop,2026-04-29T09:54:26.000+05:30,NO,9,NO,4,YES
14883,51,1142,12875.64,Flipkart,NET BANKING,Singapore,Laptop,2026-04-23T13:54:35.000+05:30,NO,13,NO,4,YES
15311,87,1128,23294.08,Petrol Pump,ATM WITHDRAWAL,USA,Laptop,2026-05-14T04:13:55.000+05:30,NO,4,YES,5,YES
15537,97,1064,81005.14,Zomato,CARD,India,Mobile,2026-04-28T12:16:15.000+05:30,YES,12,NO,4,NO
15614,33,1043,1624.49,Swiggy,NET BANKING,Singapore,Tablet,2026-05-13T23:57:35.000+05:30,NO,23,NO,5,YES
15749,64,1009,1187.77,Apple Store,CARD,USA,ATM,2026-05-02T21:52:02.000+05:30,NO,21,NO,5,YES
16109,15,1109,70151.25,Zomato,ATM WITHDRAWAL,UK,Mobile,2026-05-09T09:25:19.000+05:30,YES,9,NO,5,YES
16847,87,1161,98764.64,Netflix,ATM WITHDRAWAL,India,Laptop,2026-05-06T09:20:28.000+05:30,YES,9,NO,5,NO
16945,90,1151,61360.38,Nike,UPI,Germany,Tablet,2026-05-12T14:27:19.000+05:30,YES,14,NO,5,YES
16992,60,1150,65290.39,Apple Store,NET BANKING,UK,Mobile,2026-04-26T00:41:53.000+05:30,YES,0,YES,4,YES
17120,40,1189,22107.52,Flipkart,NET BANKING,Germany,Mobile,2026-05-05T14:11:23.000+05:30,NO,14,NO,5,YES
17185,22,1077,11351.9,Nike,UPI,USA,ATM,2026-05-13T13:10:27.000+05:30,NO,13,NO,5,YES
17451,9,1172,54147.46,Flipkart,ATM WITHDRAWAL,Singapore,ATM,2026-04-21T15:01:20.000+05:30,YES,15,NO,4,YES
17476,23,1001,37865.44,Walmart,UPI,UK,Tablet,2026-05-09T11:53:35.000+05:30,NO,11,NO,5,YES
17479,11,1139,67279.65,Netflix,UPI,India,ATM,2026-04-20T15:17:22.000+05:30,YES,15,NO,4,NO
17576,74,1044,95355.02,Flipkart,UPI,Singapore,Tablet,2026-04-29T21:52:44.000+05:30,YES,21,NO,4,YES
17695,83,1102,64418.74,Flipkart,ATM WITHDRAWAL,Germany,Laptop,2026-04-21T06:55:32.000+05:30,YES,6,NO,4,YES
17813,54,1150,57465.76,Netflix,CARD,Germany,Mobile,2026-04-20T07:56:49.000+05:30,YES,7,NO,4,YES
17978,7,1026,39476.35,Nike,UPI,Germany,Tablet,2026-04-30T10:55:10.000+05:30,NO,10,NO,4,YES
19255,56,1061,54111.39,Nike,ATM WITHDRAWAL,USA,Laptop,2026-05-11T09:07:13.000+05:30,YES,9,NO,5,YES
19580,59,1150,98307.52,Apple Store,NET BANKING,Germany,Laptop,2026-05-01T03:58:23.000+05:30,YES,3,YES,5,YES
10108,4,1094,22001.85,Uber,NET BANKING,UK,ATM,2026-05-14T02:55:39.000+05:30,NO,2,YES,5,YES
10418,56,1103,90911.58,Petrol Pump,NET BANKING,USA,ATM,2026-04-19T21:59:11.000+05:30,YES,21,NO,4,YES
10579,4,1033,95841.71,Apple Store,CARD,UK,Laptop,2026-05-15T20:05:02.000+05:30,YES,20,NO,5,YES
10868,83,1112,71755.53,Zomato,NET BANKING,India,Tablet,2026-04-22T21:20:48.000+05:30,YES,21,NO,4,NO
10949,56,1182,38812.44,Uber,ATM WITHDRAWAL,India,Laptop,2026-04-19T00:15:14.000+05:30,NO,0,YES,4,NO
11245,3,1058,83674.16,Uber,UPI,UK,Tablet,2026-04-30T13:15:50.000+05:30,YES,13,NO,4,YES
11248,74,1060,28146.94,Uber,CARD,UK,Tablet,2026-04-26T16:06:15.000+05:30,NO,16,NO,4,YES
11400,27,1030,57102.28,Petrol Pump,ATM WITHDRAWAL,India,ATM,2026-05-11T08:41:16.000+05:30,YES,8,NO,5,NO
11614,51,1153,45766.86,Netflix,CARD,Singapore,Mobile,2026-05-15T05:56:28.000+05:30,NO,5,YES,5,YES
11706,48,1008,6279.53,Amazon,UPI,UK,Laptop,2026-04-22T10:41:49.000+05:30,NO,10,NO,4,YES
11841,93,1191,25772.21,Walmart,NET BANKING,Germany,Mobile,2026-04-22T20:49:18.000+05:30,NO,20,NO,4,YES
12148,30,1127,84253.6,Zomato,UPI,Singapore,ATM,2026-05-17T07:24:20.000+05:30,YES,7,NO,5,YES
12246,67,1005,45057.22,Uber,CARD,UK,Tablet,2026-05-08T06:12:58.000+05:30,NO,6,NO,5,YES
12389,74,1098,32519.13,Amazon,ATM WITHDRAWAL,UK,ATM,2026-05-11T11:03:41.000+05:30,NO,11,NO,5,YES
12732,2,1136,55514.23,Uber,UPI,Singapore,Tablet,2026-05-12T22:27:08.000+05:30,YES,22,NO,5,YES
12733,30,1033,75890.49,Amazon,ATM WITHDRAWAL,India,Tablet,2026-04-25T06:25:44.000+05:30,YES,6,NO,4,NO
13145,85,1185,28530.31,Netflix,NET BANKING,UK,Laptop,2026-05-10T16:58:12.000+05:30,NO,16,NO,5,YES
13530,4,1132,13152.39,Amazon,UPI,Singapore,Laptop,2026-04-23T13:57:25.000+05:30,NO,13,NO,4,YES
13796,85,1129,3074.54,Swiggy,ATM WITHDRAWAL,Germany,ATM,2026-05-06T11:52:05.000+05:30,NO,11,NO,5,YES
13916,92,1006,95619.91,Nike,ATM WITHDRAWAL,Singapore,Tablet,2026-05-15T20:09:38.000+05:30,YES,20,NO,5,YES
13943,50,1092,90984.21,Uber,UPI,Germany,Laptop,2026-05-08T00:39:16.000+05:30,YES,0,YES,5,YES
14067,59,1151,15471.34,Nike,UPI,UK,ATM,2026-05-17T15:34:22.000+05:30,NO,15,NO,5,YES
14343,30,1162,18857.69,Flipkart,UPI,Singapore,Laptop,2026-05-18T05:15:02.000+05:30,NO,5,YES,5,YES
14369,16,1056,57026.72,Zomato,NET BANKING,India,Tablet,2026-05-14T18:31:18.000+05:30,YES,18,NO,5,NO
14924,81,1138,49354.47,Apple Store,ATM WITHDRAWAL,USA,Tablet,2026-04-30T05:55:22.000+05:30,NO,5,YES,4,YES
14951,67,1050,30110.51,Flipkart,NET BANKING,USA,Tablet,2026-05-05T16:02:59.000+05:30,NO,16,NO,5,YES
15195,39,1031,56204.32,Uber,NET BANKING,UK,Mobile,2026-04-23T19:31:19.000+05:30,YES,19,NO,4,YES
15242,18,1078,15744.71,Zomato,CARD,UK,Laptop,2026-05-01T23:03:11.000+05:30,NO,23,NO,5,YES
15358,64,1141,82857.32,Petrol Pump,NET BANKING,UK,Laptop,2026-05-13T09:13:25.000+05:30,YES,9,NO,5,YES
15475,17,1056,52762.28,Apple Store,ATM WITHDRAWAL,UK,Laptop,2026-05-01T07:59:29.000+05:30,YES,7,NO,5,YES
15485,29,1001,93194.02,Amazon,UPI,UK,Tablet,2026-04-26T05:18:00.000+05:30,YES,5,YES,4,YES
15502,25,1043,54175.78,Swiggy,ATM WITHDRAWAL,USA,Mobile,2026-05-03T11:20:52.000+05:30,YES,11,NO,5,YES
16379,50,1101,74268.11,Walmart,CARD,Singapore,Laptop,2026-04-19T04:56:01.000+05:30,YES,4,YES,4,YES
16440,42,1077,38110.05,Nike,CARD,Singapore,ATM,2026-04-25T02:02:15.000+05:30,NO,2,YES,4,YES
17492,24,1019,77793.99,Walmart,ATM WITHDRAWAL,UK,Tablet,2026-04-27T04:14:27.000+05:30,YES,4,YES,4,YES
17757,7,1099,75254.77,Amazon,UPI,USA,Laptop,2026-05-08T20:40:36.000+05:30,YES,20,NO,5,YES
17776,6,1127,71533.42,Flipkart,UPI,Singapore,Laptop,2026-05-04T02:50:09.000+05:30,YES,2,YES,5,YES
17918,96,1105,8148.13,Uber,NET BANKING,UK,Tablet,2026-04-20T15:14:24.000+05:30,NO,15,NO,4,YES
18010,30,1054,30936.69,Petrol Pump,CARD,Singapore,Tablet,2026-05-12T20:35:50.000+05:30,NO,20,NO,5,YES
18029,53,1123,81700.7,Petrol Pump,CARD,Singapore,ATM,2026-05-02T09:32:53.000+05:30,YES,9,NO,5,YES
18211,38,1143,27209.77,Flipkart,NET BANKING,USA,Mobile,2026-04-21T15:39:03.000+05:30,NO,15,NO,4,YES
18623,98,1137,60679.32,Petrol Pump,CARD,Germany,ATM,2026-05-13T14:27:28.000+05:30,YES,14,NO,5,YES
18702,12,1099,94620.81,Walmart,CARD,USA,Tablet,2026-05-02T00:31:12.000+05:30,YES,0,YES,5,YES
19554,7,1020,90587.07,Amazon,NET BANKING,India,Mobile,2026-04-24T07:18:39.000+05:30,YES,7,NO,4,NO
19813,85,1028,85031.14,Nike,ATM WITHDRAWAL,Germany,Mobile,2026-04-24T18:17:16.000+05:30,YES,18,NO,4,YES
10226,81,1162,59563.85,Apple Store,UPI,Germany,ATM,2026-05-05T02:00:37.000+05:30,YES,2,YES,5,YES
10327,46,1108,91449.89,Swiggy,NET BANKING,Singapore,Mobile,2026-05-08T15:09:35.000+05:30,YES,15,NO,5,YES
10395,44,1130,96609.69,Zomato,CARD,UK,ATM,2026-05-12T11:10:50.000+05:30,YES,11,NO,5,YES
11502,58,1103,33722.34,Zomato,CARD,UK,ATM,2026-05-13T02:46:23.000+05:30,NO,2,YES,5,YES
11547,23,1048,14966.11,Swiggy,ATM WITHDRAWAL,India,Tablet,2026-05-18T02:28:02.000+05:30,NO,2,YES,5,NO
11978,19,1159,72855.85,Walmart,CARD,Singapore,Mobile,2026-05-15T01:31:25.000+05:30,YES,1,YES,5,YES
12078,94,1055,31237.83,Nike,CARD,Singapore,ATM,2026-05-11T02:40:39.000+05:30,NO,2,YES,5,YES
12085,88,1167,95533.32,Apple Store,ATM WITHDRAWAL,USA,Tablet,2026-05-04T22:12:28.000+05:30,YES,22,NO,5,YES
12137,88,1011,59608.57,Flipkart,ATM WITHDRAWAL,USA,Tablet,2026-04-26T12:27:25.000+05:30,YES,12,NO,4,YES
12205,20,1134,41113.35,Uber,CARD,UK,ATM,2026-04-22T14:55:22.000+05:30,NO,14,NO,4,YES
12254,51,1025,8298.55,Petrol Pump,UPI,Germany,Tablet,2026-04-23T20:50:35.000+05:30,NO,20,NO,4,YES
12398,15,1166,10512.55,Walmart,CARD,UK,ATM,2026-04-25T16:03:30.000+05:30,NO,16,NO,4,YES
13456,20,1039,25025.66,Nike,UPI,UK,ATM,2026-04-30T03:11:31.000+05:30,NO,3,YES,4,YES
13905,5,1090,17350.39,Petrol Pump,UPI,USA,ATM,2026-05-16T20:17:01.000+05:30,NO,20,NO,5,YES
14118,87,1007,11726.63,Nike,CARD,UK,Laptop,2026-05-12T00:06:08.000+05:30,NO,0,YES,5,YES
14286,15,1098,40947.71,Petrol Pump,NET BANKING,UK,Laptop,2026-04-21T11:40:53.000+05:30,NO,11,NO,4,YES
14296,95,1149,92006.36,Nike,CARD,Germany,Laptop,2026-04-26T06:19:19.000+05:30,YES,6,NO,4,YES
14466,51,1046,64278.66,Swiggy,NET BANKING,UK,Mobile,2026-05-11T05:36:18.000+05:30,YES,5,YES,5,YES
14619,48,1107,60757.95,Swiggy,CARD,USA,Tablet,2026-05-16T15:49:09.000+05:30,YES,15,NO,5,YES
14642,73,1064,87421.34,Nike,NET BANKING,India,Laptop,2026-05-04T18:23:50.000+05:30,YES,18,NO,5,NO
15187,64,1083,74085.61,Amazon,UPI,India,Laptop,2026-05-02T22:15:06.000+05:30,YES,22,NO,5,NO
15235,46,1053,76316.76,Petrol Pump,NET BANKING,Germany,ATM,2026-05-03T10:49:15.000+05:30,YES,10,NO,5,YES
15279,53,1079,81394.6,Flipkart,ATM WITHDRAWAL,Germany,Laptop,2026-05-07T09:09:24.000+05:30,YES,9,NO,5,YES
15437,47,1026,50378.99,Swiggy,NET BANKING,Germany,Mobile,2026-04-21T00:03:29.000+05:30,YES,0,YES,4,YES
16011,3,1190,56417.22,Petrol Pump,ATM WITHDRAWAL,Germany,Tablet,2026-04-24T11:52:38.000+05:30,YES,11,NO,4,YES
16019,78,1121,58128.39,Petrol Pump,ATM WITHDRAWAL,India,Laptop,2026-04-22T18:54:49.000+05:30,YES,18,NO,4,NO
16730,69,1190,95983.54,Nike,CARD,Germany,Laptop,2026-04-23T00:13:14.000+05:30,YES,0,YES,4,YES
16957,38,1124,21972.38,Flipkart,ATM WITHDRAWAL,Germany,Tablet,2026-05-07T04:49:02.000+05:30,NO,4,YES,5,YES
17341,75,1073,55613.22,Flipkart,NET BANKING,USA,ATM,2026-04-30T12:04:06.000+05:30,YES,12,NO,4,YES
17448,16,1163,18825.11,Zomato,CARD,UK,ATM,2026-04-21T11:23:37.000+05:30,NO,11,NO,4,YES
17604,2,1101,27621.53,Netflix,CARD,Germany,Laptop,2026-05-06T07:40:06.000+05:30,NO,7,NO,5,YES
17878,6,1173,8668.33,Walmart,UPI,Singapore,Mobile,2026-05-09T11:38:21.000+05:30,NO,11,NO,5,YES
18013,90,1041,46550.28,Apple Store,ATM WITHDRAWAL,Singapore,Tablet,2026-04-21T14:11:54.000+05:30,NO,14,NO,4,YES
18169,42,1184,13513.81,Walmart,UPI,Singapore,Laptop,2026-04-18T23:24:40.000+05:30,NO,23,NO,4,YES
18279,41,1044,84290.83,Zomato,ATM WITHDRAWAL,Singapore,Laptop,2026-05-07T17:49:07.000+05:30,YES,17,NO,5,YES
18612,37,1158,76674.31,Flipkart,CARD,USA,Mobile,2026-04-23T03:08:50.000+05:30,YES,3,YES,4,YES
18956,17,1101,83325.45,Swiggy,NET BANKING,Singapore,Mobile,2026-05-07T23:58:13.000+05:30,YES,23,NO,5,YES
19072,56,1115,63647.16,Walmart,NET BANKING,Singapore,ATM,2026-05-03T03:18:47.000+05:30,YES,3,YES,5,YES
19335,30,1124,59224.46,Uber,NET BANKING,USA,ATM,2026-05-10T00:13:48.000+05:30,YES,0,YES,5,YES
19362,10,1131,98765.1,Petrol Pump,ATM WITHDRAWAL,Singapore,Laptop,2026-05-07T08:04:35.000+05:30,YES,8,NO,5,YES
19371,5,1105,3689.01,Swiggy,UPI,Germany,Mobile,2026-05-08T06:10:00.000+05:30,NO,6,NO,5,YES
19426,89,1094,30804.1,Apple Store,UPI,Singapore,Laptop,2026-05-05T22:36:08.000+05:30,NO,22,NO,5,YES
19786,18,1179,55824.69,Walmart,UPI,UK,ATM,2026-04-22T07:01:52.000+05:30,YES,7,NO,4,YES
19830,99,1057,48537.85,Netflix,CARD,USA,ATM,2026-04-25T23:07:27.000+05:30,NO,23,NO,4,YES
10461,9,1166,20939.75,Apple Store,CARD,UK,Laptop,2026-05-12T12:37:42.000+05:30,NO,12,NO,5,YES
10499,21,1003,82045.32,Petrol Pump,UPI,USA,Laptop,2026-04-29T03:54:38.000+05:30,YES,3,YES,4,YES
10508,72,1097,82425.66,Swiggy,ATM WITHDRAWAL,USA,Mobile,2026-05-02T03:18:34.000+05:30,YES,3,YES,5,YES
10865,98,1010,73149.02,Apple Store,NET BANKING,USA,Mobile,2026-04-23T00:12:05.000+05:30,YES,0,YES,4,YES
10961,45,1042,78328.91,Zomato,NET BANKING,India,Tablet,2026-05-05T19:52:39.000+05:30,YES,19,NO,5,NO
11016,83,1058,85770.85,Walmart,CARD,Singapore,Tablet,2026-05-07T19:08:07.000+05:30,YES,19,NO,5,YES
11058,27,1065,54729.25,Walmart,CARD,Germany,ATM,2026-04-30T13:56:15.000+05:30,YES,13,NO,4,YES
11457,82,1056,56998.88,Flipkart,NET BANKING,Germany,Laptop,2026-04-29T19:29:24.000+05:30,YES,19,NO,4,YES
11501,40,1020,3147.04,Petrol Pump,NET BANKING,USA,ATM,2026-05-03T16:56:45.000+05:30,NO,16,NO,5,YES
12125,3,1198,23440.22,Walmart,ATM WITHDRAWAL,Germany,Mobile,2026-04-19T03:40:41.000+05:30,NO,3,YES,4,YES
12469,81,1015,90956.04,Flipkart,CARD,USA,Laptop,2026-05-08T01:25:18.000+05:30,YES,1,YES,5,YES
12586,57,1119,80172.08,Netflix,ATM WITHDRAWAL,India,Tablet,2026-05-14T01:27:27.000+05:30,YES,1,YES,5,NO
12720,71,1186,82365.3,Zomato,CARD,Singapore,ATM,2026-04-20T16:30:33.000+05:30,YES,16,NO,4,YES
13367,49,1162,51151.45,Flipkart,ATM WITHDRAWAL,UK,Laptop,2026-05-08T14:59:19.000+05:30,YES,14,NO,5,YES
13599,31,1103,42464.31,Netflix,CARD,Singapore,Tablet,2026-04-30T08:06:33.000+05:30,NO,8,NO,4,YES
13793,1,1158,51146.67,Uber,ATM WITHDRAWAL,Germany,Laptop,2026-05-08T06:55:05.000+05:30,YES,6,NO,5,YES
13956,61,1149,76953.44,Swiggy,CARD,India,Mobile,2026-04-30T00:00:21.000+05:30,YES,0,YES,4,NO
14131,16,1161,29174.15,Petrol Pump,UPI,USA,Tablet,2026-04-22T13:44:39.000+05:30,NO,13,NO,4,YES
14197,22,1180,54406.13,Swiggy,CARD,Singapore,Mobile,2026-05-11T13:01:09.000+05:30,YES,13,NO,5,YES
14381,87,1048,80261.47,Swiggy,NET BANKING,USA,Tablet,2026-05-04T09:03:27.000+05:30,YES,9,NO,5,YES
14438,3,1122,98057.41,Flipkart,CARD,Singapore,Mobile,2026-05-12T13:52:56.000+05:30,YES,13,NO,5,YES
14556,88,1166,81623.04,Flipkart,NET BANKING,Germany,Laptop,2026-04-23T09:20:52.000+05:30,YES,9,NO,4,YES
14723,52,1147,77896.61,Zomato,CARD,USA,Mobile,2026-05-07T06:15:21.000+05:30,YES,6,NO,5,YES
15678,1,1159,24760.26,Nike,ATM WITHDRAWAL,Singapore,ATM,2026-04-29T05:21:27.000+05:30,NO,5,YES,4,YES
15850,55,1156,10117.1,Zomato,UPI,India,Tablet,2026-05-02T02:45:28.000+05:30,NO,2,YES,5,NO
16366,44,1056,4658.68,Amazon,UPI,Germany,Tablet,2026-05-13T01:41:32.000+05:30,NO,1,YES,5,YES
16438,81,1029,95867.95,Apple Store,NET BANKING,USA,ATM,2026-05-18T11:42:31.000+05:30,YES,11,NO,5,YES
16647,62,1083,55082.97,Swiggy,CARD,India,Laptop,2026-05-09T23:40:40.000+05:30,YES,23,NO,5,NO
16748,49,1106,10286.71,Zomato,CARD,Germany,Laptop,2026-04-29T10:10:39.000+05:30,NO,10,NO,4,YES
16785,82,1069,35228.9,Amazon,ATM WITHDRAWAL,Germany,ATM,2026-04-23T11:41:21.000+05:30,NO,11,NO,4,YES
17264,55,1068,9810.62,Netflix,ATM WITHDRAWAL,USA,ATM,2026-04-26T21:14:32.000+05:30,NO,21,NO,4,YES
17915,28,1104,97917.42,Walmart,NET BANKING,India,ATM,2026-05-18T04:49:32.000+05:30,YES,4,YES,5,NO
18036,96,1188,11449.86,Nike,NET BANKING,Singapore,Tablet,2026-04-25T12:28:17.000+05:30,NO,12,NO,4,YES
18449,87,1110,33504.34,Amazon,CARD,UK,Laptop,2026-04-22T10:23:13.000+05:30,NO,10,NO,4,YES
18492,72,1100,30826.38,Flipkart,ATM WITHDRAWAL,Germany,ATM,2026-05-11T04:18:16.000+05:30,NO,4,YES,5,YES
18981,69,1069,97536.75,Flipkart,NET BANKING,USA,Mobile,2026-04-24T18:08:52.000+05:30,YES,18,NO,4,YES
19012,13,1143,73615.04,Apple Store,ATM WITHDRAWAL,UK,Laptop,2026-05-15T03:36:36.000+05:30,YES,3,YES,5,YES
19228,88,1102,43866.13,Netflix,ATM WITHDRAWAL,UK,Mobile,2026-05-05T05:25:42.000+05:30,NO,5,YES,5,YES
19372,20,1152,1115.75,Petrol Pump,ATM WITHDRAWAL,UK,ATM,2026-05-16T01:42:37.000+05:30,NO,1,YES,5,YES
19848,100,1073,22633.11,Uber,CARD,USA,Mobile,2026-04-28T13:30:47.000+05:30,NO,13,NO,4,YES
19918,3,1100,9304.27,Flipkart,ATM WITHDRAWAL,Singapore,Mobile,2026-05-01T14:40:04.000+05:30,NO,14,NO,5,YES
10216,41,1172,82411.16,Walmart,ATM WITHDRAWAL,USA,Tablet,2026-04-21T12:27:12.000+05:30,YES,12,NO,4,YES
10516,60,1197,70625.77,Flipkart,ATM WITHDRAWAL,UK,Mobile,2026-04-24T13:05:55.000+05:30,YES,13,NO,4,YES
10957,10,1081,86776.63,Nike,NET BANKING,Singapore,ATM,2026-05-15T12:23:11.000+05:30,YES,12,NO,5,YES
11358,58,1047,26573.27,Petrol Pump,NET BANKING,USA,Mobile,2026-04-25T14:46:28.000+05:30,NO,14,NO,4,YES
11421,76,1153,41534.64,Flipkart,UPI,Germany,Laptop,2026-05-15T14:27:22.000+05:30,NO,14,NO,5,YES
11580,37,1176,84436.18,Flipkart,NET BANKING,Germany,Laptop,2026-04-30T03:03:31.000+05:30,YES,3,YES,4,YES
11982,53,1135,4872.39,Swiggy,CARD,USA,Tablet,2026-05-06T02:38:55.000+05:30,NO,2,YES,5,YES
12062,40,1192,48234.72,Apple Store,UPI,USA,ATM,2026-05-14T19:13:02.000+05:30,NO,19,NO,5,YES
12142,75,1169,89379.85,Petrol Pump,NET BANKING,Singapore,Mobile,2026-04-25T20:44:43.000+05:30,YES,20,NO,4,YES
12473,43,1131,21163.89,Zomato,ATM WITHDRAWAL,USA,Tablet,2026-05-12T11:20:31.000+05:30,NO,11,NO,5,YES
12643,55,1084,53391.3,Uber,NET BANKING,Germany,ATM,2026-05-07T15:58:31.000+05:30,YES,15,NO,5,YES
12683,31,1039,88780.01,Flipkart,ATM WITHDRAWAL,UK,Tablet,2026-04-26T19:34:13.000+05:30,YES,19,NO,4,YES
12843,27,1163,47837.81,Petrol Pump,NET BANKING,Germany,ATM,2026-05-18T03:00:49.000+05:30,NO,3,YES,5,YES
12996,87,1162,94818.68,Swiggy,ATM WITHDRAWAL,Singapore,Laptop,2026-04-29T13:30:52.000+05:30,YES,13,NO,4,YES
13078,78,1122,82429.05,Nike,UPI,Germany,ATM,2026-05-18T14:57:43.000+05:30,YES,14,NO,5,YES
13419,66,1085,46609.65,Petrol Pump,UPI,UK,Mobile,2026-05-17T08:12:58.000+05:30,NO,8,NO,5,YES
13537,88,1020,14925.44,Walmart,ATM WITHDRAWAL,UK,Tablet,2026-05-13T07:22:09.000+05:30,NO,7,NO,5,YES
13807,29,1125,32997.44,Swiggy,CARD,Singapore,ATM,2026-04-27T03:05:48.000+05:30,NO,3,YES,4,YES
13978,56,1029,17122.37,Uber,NET BANKING,USA,Laptop,2026-05-12T06:55:58.000+05:30,NO,6,NO,5,YES
14310,70,1003,17367.27,Petrol Pump,ATM WITHDRAWAL,Singapore,Mobile,2026-05-08T18:29:19.000+05:30,NO,18,NO,5,YES
14363,65,1048,57002.0,Uber,NET BANKING,Germany,Tablet,2026-05-06T19:48:05.000+05:30,YES,19,NO,5,YES
14476,15,1038,56309.62,Netflix,CARD,Germany,ATM,2026-05-15T20:08:18.000+05:30,YES,20,NO,5,YES
14486,100,1002,39730.74,Netflix,CARD,USA,Mobile,2026-04-23T04:30:20.000+05:30,NO,4,YES,4,YES
14810,18,1077,37604.76,Zomato,UPI,UK,Tablet,2026-04-28T14:59:33.000+05:30,NO,14,NO,4,YES
14847,14,1183,71733.96,Apple Store,CARD,Germany,Laptop,2026-04-21T15:42:36.000+05:30,YES,15,NO,4,YES
14920,50,1143,52269.7,Uber,UPI,India,Laptop,2026-05-14T01:01:07.000+05:30,YES,1,YES,5,NO
15206,9,1128,92091.55,Uber,UPI,USA,Mobile,2026-05-06T00:01:09.000+05:30,YES,0,YES,5,YES
15474,72,1090,78961.18,Flipkart,NET BANKING,USA,Mobile,2026-05-07T06:22:22.000+05:30,YES,6,NO,5,YES
15901,26,1161,26508.6,Uber,ATM WITHDRAWAL,Singapore,ATM,2026-04-29T23:35:42.000+05:30,NO,23,NO,4,YES
16183,12,1051,58897.74,Swiggy,NET BANKING,India,Mobile,2026-05-06T21:14:10.000+05:30,YES,21,NO,5,NO
17252,89,1190,9373.77,Zomato,CARD,Singapore,Tablet,2026-05-08T04:21:18.000+05:30,NO,4,YES,5,YES
17357,70,1001,49824.11,Swiggy,ATM WITHDRAWAL,USA,Tablet,2026-04-21T21:21:30.000+05:30,NO,21,NO,4,YES
17637,17,1107,87148.42,Petrol Pump,CARD,UK,ATM,2026-05-05T09:00:09.000+05:30,YES,9,NO,5,YES
17721,52,1039,53506.3,Swiggy,CARD,UK,Tablet,2026-04-21T17:23:39.000+05:30,YES,17,NO,4,YES
17743,99,1066,84799.3,Petrol Pump,UPI,UK,Laptop,2026-05-01T02:38:38.000+05:30,YES,2,YES,5,YES
17895,76,1005,16286.07,Netflix,ATM WITHDRAWAL,USA,Tablet,2026-04-29T22:43:55.000+05:30,NO,22,NO,4,YES
18608,42,1148,6222.48,Flipkart,ATM WITHDRAWAL,USA,Mobile,2026-04-20T10:52:44.000+05:30,NO,10,NO,4,YES
19086,41,1135,82868.69,Netflix,CARD,Germany,Laptop,2026-05-05T02:16:20.000+05:30,YES,2,YES,5,YES
19349,41,1078,75674.33,Apple Store,CARD,UK,Tablet,2026-04-24T23:52:10.000+05:30,YES,23,NO,4,YES
10554,50,1163,81209.11,Swiggy,NET BANKING,USA,Mobile,2026-04-24T02:33:19.000+05:30,YES,2,YES,4,YES
11148,4,1168,10937.01,Zomato,UPI,Singapore,ATM,2026-05-17T08:52:53.000+05:30,NO,8,NO,5,YES
11174,48,1127,93294.8,Amazon,ATM WITHDRAWAL,Singapore,Mobile,2026-05-16T19:41:37.000+05:30,YES,19,NO,5,YES
11491,57,1132,52120.1,Apple Store,UPI,Germany,Tablet,2026-05-02T23:40:52.000+05:30,YES,23,NO,5,YES
11810,94,1094,48306.41,Zomato,ATM WITHDRAWAL,Germany,ATM,2026-04-21T08:02:00.000+05:30,NO,8,NO,4,YES
12680,71,1122,89341.0,Netflix,UPI,India,Mobile,2026-05-11T12:45:46.000+05:30,YES,12,NO,5,NO
13139,20,1041,46615.03,Uber,ATM WITHDRAWAL,UK,Tablet,2026-05-10T05:57:24.000+05:30,NO,5,YES,5,YES
13788,45,1127,60967.15,Amazon,ATM WITHDRAWAL,UK,Laptop,2026-05-11T16:16:07.000+05:30,YES,16,NO,5,YES
13802,7,1163,55480.27,Flipkart,ATM WITHDRAWAL,USA,Mobile,2026-04-20T14:36:09.000+05:30,YES,14,NO,4,YES
13885,43,1104,67166.74,Swiggy,CARD,Germany,ATM,2026-04-26T17:13:27.000+05:30,YES,17,NO,4,YES
14070,11,1173,41729.32,Swiggy,ATM WITHDRAWAL,Singapore,ATM,2026-05-04T19:25:48.000+05:30,NO,19,NO,5,YES
14081,27,1045,53237.67,Apple Store,CARD,UK,Tablet,2026-05-15T17:52:00.000+05:30,YES,17,NO,5,YES
14230,25,1088,99887.55,Zomato,NET BANKING,USA,Mobile,2026-05-03T11:55:18.000+05:30,YES,11,NO,5,YES
14274,75,1150,78023.47,Flipkart,NET BANKING,India,ATM,2026-04-18T21:14:37.000+05:30,YES,21,NO,4,NO
14448,64,1187,74801.3,Netflix,NET BANKING,UK,ATM,2026-05-17T15:02:56.000+05:30,YES,15,NO,5,YES
14595,55,1017,5857.17,Apple Store,CARD,India,Laptop,2026-04-29T01:54:27.000+05:30,NO,1,YES,4,NO
14675,95,1009,43497.54,Walmart,UPI,Germany,ATM,2026-04-24T04:57:12.000+05:30,NO,4,YES,4,YES
14941,32,1179,21635.25,Amazon,ATM WITHDRAWAL,Germany,Mobile,2026-05-06T19:14:24.000+05:30,NO,19,NO,5,YES
14966,5,1055,51374.01,Swiggy,UPI,UK,Laptop,2026-04-20T08:45:43.000+05:30,YES,8,NO,4,YES
15914,49,1037,37562.04,Walmart,ATM WITHDRAWAL,Germany,ATM,2026-05-03T05:29:28.000+05:30,NO,5,YES,5,YES
16348,43,1198,99956.03,Zomato,CARD,UK,ATM,2026-04-28T00:05:14.000+05:30,YES,0,YES,4,YES
16518,8,1020,78866.58,Uber,NET BANKING,Germany,Laptop,2026-05-05T17:34:00.000+05:30,YES,17,NO,5,YES
16925,75,1122,29585.68,Amazon,CARD,USA,Tablet,2026-05-13T13:43:23.000+05:30,NO,13,NO,5,YES
17076,76,1067,97544.73,Petrol Pump,ATM WITHDRAWAL,USA,Laptop,2026-05-12T08:58:31.000+05:30,YES,8,NO,5,YES
17416,64,1069,17746.21,Zomato,CARD,USA,Laptop,2026-05-14T07:18:56.000+05:30,NO,7,NO,5,YES
18087,65,1077,87870.6,Amazon,ATM WITHDRAWAL,USA,Laptop,2026-05-06T05:08:01.000+05:30,YES,5,YES,5,YES
18118,32,1039,92280.05,Apple Store,CARD,Singapore,Tablet,2026-05-07T23:20:02.000+05:30,YES,23,NO,5,YES
18298,13,1109,93684.39,Uber,CARD,UK,ATM,2026-04-30T08:48:42.000+05:30,YES,8,NO,4,YES
18369,5,1012,42255.88,Swiggy,ATM WITHDRAWAL,UK,Tablet,2026-04-27T21:22:57.000+05:30,NO,21,NO,4,YES
18882,46,1038,45991.58,Zomato,CARD,UK,Laptop,2026-05-18T12:31:43.000+05:30,NO,12,NO,5,YES
19400,29,1012,78125.6,Nike,CARD,UK,Mobile,2026-04-26T14:08:39.000+05:30,YES,14,NO,4,YES
19465,51,1168,93684.11,Uber,CARD,India,Laptop,2026-04-21T17:53:18.000+05:30,YES,17,NO,4,NO
19582,33,1062,91869.7,Nike,UPI,Germany,ATM,2026-05-17T23:38:05.000+05:30,YES,23,NO,5,YES
19804,62,1114,94652.26,Uber,ATM WITHDRAWAL,UK,ATM,2026-04-27T11:37:46.000+05:30,YES,11,NO,4,YES
19817,74,1002,77862.28,Walmart,NET BANKING,Singapore,Tablet,2026-05-13T23:33:53.000+05:30,YES,23,NO,5,YES
19978,26,1169,65225.77,Amazon,ATM WITHDRAWAL,India,Laptop,2026-04-29T21:11:01.000+05:30,YES,21,NO,4,NO
10188,98,1044,69204.67,Apple Store,CARD,India,Tablet,2026-05-08T09:16:11.000+05:30,YES,9,NO,5,NO
10560,90,1157,4221.56,Swiggy,ATM WITHDRAWAL,UK,Tablet,2026-04-18T17:50:57.000+05:30,NO,17,NO,4,YES
10617,10,1123,65149.69,Netflix,CARD,Singapore,Laptop,2026-04-26T04:05:09.000+05:30,YES,4,YES,4,YES
11449,55,1061,36584.76,Petrol Pump,ATM WITHDRAWAL,Germany,Mobile,2026-05-13T21:19:20.000+05:30,NO,21,NO,5,YES
11527,10,1164,38406.24,Swiggy,ATM WITHDRAWAL,Singapore,ATM,2026-04-27T01:08:07.000+05:30,NO,1,YES,4,YES
12413,44,1103,95723.34,Apple Store,CARD,UK,ATM,2026-05-10T07:57:15.000+05:30,YES,7,NO,5,YES
12576,82,1001,82205.31,Apple Store,CARD,USA,Mobile,2026-05-18T15:23:25.000+05:30,YES,15,NO,5,YES
12635,2,1188,42588.3,Flipkart,NET BANKING,Singapore,ATM,2026-04-30T21:43:22.000+05:30,NO,21,NO,4,YES
12954,85,1094,5120.08,Nike,ATM WITHDRAWAL,Singapore,Mobile,2026-04-20T22:15:56.000+05:30,NO,22,NO,4,YES
13120,81,1162,19028.23,Nike,ATM WITHDRAWAL,Germany,Tablet,2026-04-25T01:14:26.000+05:30,NO,1,YES,4,YES
13166,16,1156,38174.47,Zomato,NET BANKING,UK,ATM,2026-05-05T15:53:34.000+05:30,NO,15,NO,5,YES
13268,12,1060,2816.59,Nike,ATM WITHDRAWAL,Singapore,Mobile,2026-04-28T06:10:27.000+05:30,NO,6,NO,4,YES
13279,36,1160,12745.32,Petrol Pump,NET BANKING,India,Mobile,2026-04-22T05:35:15.000+05:30,NO,5,YES,4,NO
13334,98,1025,20159.22,Apple Store,UPI,Germany,Tablet,2026-05-15T19:38:49.000+05:30,NO,19,NO,5,YES
13648,80,1104,55248.92,Nike,NET BANKING,UK,Tablet,2026-04-30T18:31:50.000+05:30,YES,18,NO,4,YES
13659,37,1157,51040.33,Walmart,UPI,India,Mobile,2026-04-29T23:51:31.000+05:30,YES,23,NO,4,NO
13664,97,1058,64923.02,Zomato,NET BANKING,Germany,ATM,2026-05-15T18:37:48.000+05:30,YES,18,NO,5,YES
13868,63,1140,56664.19,Netflix,CARD,India,Tablet,2026-04-29T16:41:44.000+05:30,YES,16,NO,4,NO
14136,21,1117,16129.35,Zomato,CARD,Germany,Mobile,2026-05-17T01:10:05.000+05:30,NO,1,YES,5,YES
14430,61,1007,20686.28,Amazon,UPI,Germany,Laptop,2026-05-10T16:38:05.000+05:30,NO,16,NO,5,YES
14612,46,1117,87300.83,Swiggy,NET BANKING,Singapore,Tablet,2026-05-07T12:59:47.000+05:30,YES,12,NO,5,YES
15652,16,1164,93391.71,Amazon,CARD,UK,ATM,2026-04-18T21:10:05.000+05:30,YES,21,NO,4,YES
15692,17,1008,15156.28,Uber,CARD,UK,Mobile,2026-04-19T18:15:09.000+05:30,NO,18,NO,4,YES
16326,18,1034,63728.49,Apple Store,UPI,UK,Tablet,2026-04-20T17:32:41.000+05:30,YES,17,NO,4,YES
16610,53,1198,83524.51,Swiggy,NET BANKING,USA,Mobile,2026-04-28T16:56:18.000+05:30,YES,16,NO,4,YES
16623,44,1137,30337.15,Walmart,ATM WITHDRAWAL,USA,ATM,2026-05-04T18:30:38.000+05:30,NO,18,NO,5,YES
16628,24,1021,46805.97,Apple Store,UPI,Germany,Mobile,2026-04-25T11:42:56.000+05:30,NO,11,NO,4,YES
17908,20,1038,82281.72,Flipkart,UPI,Singapore,Mobile,2026-05-07T19:33:44.000+05:30,YES,19,NO,5,YES
18090,40,1046,83112.06,Nike,CARD,USA,Laptop,2026-04-22T21:27:12.000+05:30,YES,21,NO,4,YES
18166,16,1060,51363.03,Zomato,ATM WITHDRAWAL,UK,Laptop,2026-04-29T22:31:17.000+05:30,YES,22,NO,4,YES
18489,96,1123,98329.75,Zomato,UPI,UK,ATM,2026-05-07T10:15:18.000+05:30,YES,10,NO,5,YES
18937,89,1116,68241.11,Walmart,UPI,Singapore,Laptop,2026-05-12T08:49:16.000+05:30,YES,8,NO,5,YES
19007,99,1148,51439.22,Zomato,NET BANKING,Germany,Mobile,2026-05-14T09:00:59.000+05:30,YES,9,NO,5,YES
19099,52,1104,88760.32,Amazon,ATM WITHDRAWAL,India,Tablet,2026-04-22T19:16:42.000+05:30,YES,19,NO,4,NO
19407,84,1124,33732.15,Netflix,UPI,Germany,ATM,2026-05-18T04:26:06.000+05:30,NO,4,YES,5,YES
19662,83,1132,66603.28,Flipkart,NET BANKING,UK,ATM,2026-04-25T10:06:26.000+05:30,YES,10,NO,4,YES
19883,74,1125,84900.17,Zomato,ATM WITHDRAWAL,USA,ATM,2026-04-30T22:25:54.000+05:30,YES,22,NO,4,YES
19884,83,1062,53630.01,Nike,UPI,USA,Tablet,2026-04-29T08:12:36.000+05:30,YES,8,NO,4,YES
10349,17,1101,2595.78,Zomato,ATM WITHDRAWAL,Singapore,Mobile,2026-04-27T05:12:12.000+05:30,NO,5,YES,4,YES
10383,71,1086,99169.7,Apple Store,NET BANKING,USA,Mobile,2026-04-28T03:05:48.000+05:30,YES,3,YES,4,YES
11014,25,1006,63455.87,Nike,NET BANKING,UK,Laptop,2026-05-09T13:48:32.000+05:30,YES,13,NO,5,YES
11599,3,1081,62981.51,Amazon,UPI,Germany,Laptop,2026-05-06T14:14:34.000+05:30,YES,14,NO,5,YES
11969,86,1050,10878.81,Petrol Pump,NET BANKING,Germany,Tablet,2026-05-01T16:16:08.000+05:30,NO,16,NO,5,YES
12038,50,1131,20351.38,Amazon,NET BANKING,Germany,Tablet,2026-04-30T04:47:14.000+05:30,NO,4,YES,4,YES
12315,22,1065,69693.29,Amazon,NET BANKING,Singapore,Tablet,2026-04-29T22:31:01.000+05:30,YES,22,NO,4,YES
12362,16,1099,61814.29,Apple Store,UPI,India,Tablet,2026-05-06T17:37:55.000+05:30,YES,17,NO,5,NO
12383,79,1133,91956.72,Netflix,UPI,Singapore,Tablet,2026-05-12T06:51:11.000+05:30,YES,6,NO,5,YES
12483,72,1194,6725.67,Swiggy,UPI,Germany,Mobile,2026-04-27T21:49:36.000+05:30,NO,21,NO,4,YES
12711,93,1128,64467.8,Zomato,UPI,UK,Mobile,2026-05-05T18:40:20.000+05:30,YES,18,NO,5,YES
12989,77,1181,81348.18,Flipkart,ATM WITHDRAWAL,Singapore,Tablet,2026-05-15T01:27:44.000+05:30,YES,1,YES,5,YES
13112,50,1080,21187.63,Amazon,CARD,UK,ATM,2026-04-23T03:22:16.000+05:30,NO,3,YES,4,YES
13823,58,1161,85862.95,Uber,ATM WITHDRAWAL,Singapore,Tablet,2026-04-28T17:47:14.000+05:30,YES,17,NO,4,YES
13837,57,1093,81589.5,Swiggy,CARD,UK,ATM,2026-04-29T12:56:58.000+05:30,YES,12,NO,4,YES
14276,83,1027,74739.5,Petrol Pump,NET BANKING,USA,Tablet,2026-04-25T11:21:04.000+05:30,YES,11,NO,4,YES
14956,34,1183,97136.51,Uber,NET BANKING,Germany,Tablet,2026-05-08T05:35:29.000+05:30,YES,5,YES,5,YES
15085,79,1029,61935.66,Uber,UPI,Singapore,Tablet,2026-04-26T20:35:32.000+05:30,YES,20,NO,4,YES
15157,33,1181,77888.95,Walmart,UPI,Singapore,Mobile,2026-05-07T14:27:42.000+05:30,YES,14,NO,5,YES
15199,48,1008,41227.52,Netflix,UPI,UK,Mobile,2026-04-25T22:47:00.000+05:30,NO,22,NO,4,YES
15447,93,1106,14004.55,Uber,UPI,Germany,ATM,2026-05-18T15:47:33.000+05:30,NO,15,NO,5,YES
15672,92,1032,93841.45,Flipkart,CARD,Singapore,Tablet,2026-05-06T09:20:29.000+05:30,YES,9,NO,5,YES
15894,85,1041,41769.07,Amazon,ATM WITHDRAWAL,USA,Laptop,2026-05-01T06:58:38.000+05:30,NO,6,NO,5,YES
15895,10,1039,99816.98,Zomato,CARD,Singapore,ATM,2026-05-13T11:38:50.000+05:30,YES,11,NO,5,YES
16007,17,1178,46428.96,Zomato,ATM WITHDRAWAL,UK,ATM,2026-05-09T18:36:29.000+05:30,NO,18,NO,5,YES
16238,68,1131,51735.12,Petrol Pump,ATM WITHDRAWAL,Singapore,Tablet,2026-05-07T03:08:12.000+05:30,YES,3,YES,5,YES
16499,70,1168,94377.97,Flipkart,ATM WITHDRAWAL,UK,Tablet,2026-05-05T01:36:27.000+05:30,YES,1,YES,5,YES
16787,83,1133,82995.23,Nike,NET BANKING,India,Laptop,2026-05-04T13:22:57.000+05:30,YES,13,NO,5,NO
16841,91,1122,18892.05,Walmart,ATM WITHDRAWAL,Singapore,Tablet,2026-04-30T04:14:07.000+05:30,NO,4,YES,4,YES
17188,61,1012,17519.33,Apple Store,CARD,Germany,Mobile,2026-05-16T11:52:09.000+05:30,NO,11,NO,5,YES
17463,8,1151,93072.44,Zomato,UPI,UK,Laptop,2026-05-18T02:41:22.000+05:30,YES,2,YES,5,YES
18111,66,1067,92193.89,Petrol Pump,ATM WITHDRAWAL,UK,ATM,2026-04-27T11:50:46.000+05:30,YES,11,NO,4,YES
19062,45,1033,41135.36,Zomato,CARD,Germany,Tablet,2026-04-19T08:20:57.000+05:30,NO,8,NO,4,YES
19146,64,1178,17244.54,Swiggy,UPI,Germany,ATM,2026-05-01T01:56:45.000+05:30,NO,1,YES,5,YES
19294,52,1066,42160.57,Swiggy,ATM WITHDRAWAL,USA,ATM,2026-04-28T11:33:51.000+05:30,NO,11,NO,4,YES
19413,45,1075,96419.75,Nike,NET BANKING,Singapore,Laptop,2026-04-27T11:44:47.000+05:30,YES,11,NO,4,YES
19640,19,1150,72732.97,Uber,ATM WITHDRAWAL,Singapore,ATM,2026-05-03T00:04:28.000+05:30,YES,0,YES,5,YES
10152,79,1111,67342.68,Swiggy,ATM WITHDRAWAL,Singapore,Mobile,2026-04-27T07:29:51.000+05:30,YES,7,NO,4,YES
10351,13,1159,6779.39,Netflix,CARD,USA,Mobile,2026-05-13T17:39:21.000+05:30,NO,17,NO,5,YES
10506,23,1040,11097.59,Swiggy,ATM WITHDRAWAL,Singapore,ATM,2026-05-17T19:37:59.000+05:30,NO,19,NO,5,YES
11250,25,1125,41847.84,Nike,NET BANKING,USA,Mobile,2026-05-03T12:18:03.000+05:30,NO,12,NO,5,YES
11783,17,1160,996.98,Amazon,NET BANKING,Singapore,ATM,2026-04-19T17:30:51.000+05:30,NO,17,NO,4,YES
12200,56,1056,70052.55,Swiggy,ATM WITHDRAWAL,USA,Laptop,2026-05-10T10:34:26.000+05:30,YES,10,NO,5,YES
12630,80,1200,92922.7,Amazon,CARD,USA,ATM,2026-05-03T00:12:27.000+05:30,YES,0,YES,5,YES
12671,42,1065,50433.62,Walmart,CARD,Germany,ATM,2026-05-02T23:06:19.000+05:30,YES,23,NO,5,YES
12946,25,1120,52094.16,Walmart,UPI,Singapore,Laptop,2026-05-17T15:32:50.000+05:30,YES,15,NO,5,YES
13069,41,1144,80195.42,Nike,NET BANKING,Germany,Tablet,2026-04-30T13:53:23.000+05:30,YES,13,NO,4,YES
13201,80,1184,53389.75,Nike,UPI,UK,ATM,2026-05-09T20:51:20.000+05:30,YES,20,NO,5,YES
13441,79,1075,92150.6,Uber,ATM WITHDRAWAL,India,Laptop,2026-04-24T10:20:30.000+05:30,YES,10,NO,4,NO
13872,11,1046,90813.17,Netflix,CARD,UK,Tablet,2026-05-14T15:46:55.000+05:30,YES,15,NO,5,YES
13890,55,1114,26268.87,Netflix,NET BANKING,UK,Laptop,2026-04-25T12:54:02.000+05:30,NO,12,NO,4,YES
14593,28,1085,59482.69,Apple Store,ATM WITHDRAWAL,USA,Tablet,2026-04-18T20:58:32.000+05:30,YES,20,NO,4,YES
14844,77,1009,35192.75,Flipkart,NET BANKING,Singapore,Tablet,2026-05-17T09:42:26.000+05:30,NO,9,NO,5,YES
14898,20,1168,46669.68,Walmart,UPI,UK,Tablet,2026-04-28T23:21:45.000+05:30,NO,23,NO,4,YES
15118,44,1068,50676.75,Apple Store,UPI,Singapore,Laptop,2026-05-10T23:32:55.000+05:30,YES,23,NO,5,YES
15237,30,1030,71656.54,Nike,UPI,Singapore,Mobile,2026-05-07T23:00:17.000+05:30,YES,23,NO,5,YES
15443,55,1056,53843.1,Walmart,CARD,India,ATM,2026-04-22T00:38:59.000+05:30,YES,0,YES,4,NO
15479,15,1056,2436.61,Amazon,NET BANKING,UK,Laptop,2026-05-14T02:24:05.000+05:30,NO,2,YES,5,YES
15688,5,1150,65883.99,Zomato,UPI,Singapore,Mobile,2026-05-07T13:45:15.000+05:30,YES,13,NO,5,YES
16035,9,1013,90366.04,Petrol Pump,UPI,UK,Laptop,2026-04-27T05:20:09.000+05:30,YES,5,YES,4,YES
16170,76,1192,9242.1,Apple Store,NET BANKING,India,Tablet,2026-05-10T01:48:57.000+05:30,NO,1,YES,5,NO
16508,19,1106,43759.92,Walmart,UPI,USA,Tablet,2026-04-21T01:45:36.000+05:30,NO,1,YES,4,YES
16555,56,1010,37294.89,Petrol Pump,CARD,UK,Tablet,2026-04-27T09:56:21.000+05:30,NO,9,NO,4,YES
16790,87,1092,68841.95,Flipkart,UPI,Germany,Laptop,2026-05-13T07:23:28.000+05:30,YES,7,NO,5,YES
17561,34,1012,63677.62,Zomato,UPI,USA,ATM,2026-04-28T09:01:16.000+05:30,YES,9,NO,4,YES
17574,74,1184,68074.96,Nike,NET BANKING,India,Mobile,2026-04-19T12:06:49.000+05:30,YES,12,NO,4,NO
17605,76,1185,39277.43,Apple Store,CARD,USA,ATM,2026-04-28T12:10:38.000+05:30,NO,12,NO,4,YES
18259,81,1141,39881.32,Flipkart,ATM WITHDRAWAL,Singapore,Tablet,2026-05-07T15:12:18.000+05:30,NO,15,NO,5,YES
18294,88,1022,20977.06,Nike,ATM WITHDRAWAL,Singapore,Mobile,2026-05-11T08:04:02.000+05:30,NO,8,NO,5,YES
18376,94,1095,28085.37,Zomato,NET BANKING,USA,Mobile,2026-05-12T08:07:43.000+05:30,NO,8,NO,5,YES
18610,80,1022,48385.93,Uber,UPI,Singapore,Mobile,2026-05-16T00:09:22.000+05:30,NO,0,YES,5,YES
18654,32,1180,81756.4,Zomato,UPI,UK,Laptop,2026-05-08T00:09:50.000+05:30,YES,0,YES,5,YES
19502,12,1114,33260.05,Apple Store,CARD,UK,Mobile,2026-05-18T07:08:04.000+05:30,NO,7,NO,5,YES
19669,54,1014,62452.71,Zomato,UPI,USA,Laptop,2026-05-15T16:58:57.000+05:30,YES,16,NO,5,YES
19892,68,1169,32242.53,Walmart,NET BANKING,Germany,Mobile,2026-04-23T23:39:22.000+05:30,NO,23,NO,4,YES
19915,26,1013,83765.94,Uber,NET BANKING,UK,ATM,2026-04-30T09:18:34.000+05:30,YES,9,NO,4,YES
10377,71,1138,59535.55,Flipkart,NET BANKING,Germany,Mobile,2026-05-16T12:17:25.000+05:30,YES,12,NO,5,YES
10440,50,1126,41760.56,Nike,UPI,Germany,ATM,2026-05-01T19:06:11.000+05:30,NO,19,NO,5,YES
10715,39,1102,42526.47,Flipkart,UPI,Singapore,Laptop,2026-05-08T11:24:22.000+05:30,NO,11,NO,5,YES
10816,63,1103,17240.86,Apple Store,CARD,UK,Tablet,2026-05-02T02:10:10.000+05:30,NO,2,YES,5,YES
10836,2,1138,5658.37,Swiggy,CARD,Singapore,Tablet,2026-04-29T20:45:55.000+05:30,NO,20,NO,4,YES
10910,22,1007,70342.55,Apple Store,ATM WITHDRAWAL,India,ATM,2026-04-27T05:55:13.000+05:30,YES,5,YES,4,NO
10988,47,1108,22539.13,Amazon,UPI,Singapore,Laptop,2026-05-11T19:17:08.000+05:30,NO,19,NO,5,YES
11067,100,1031,12501.72,Walmart,ATM WITHDRAWAL,UK,Tablet,2026-05-17T11:58:25.000+05:30,NO,11,NO,5,YES
11834,22,1180,46364.48,Uber,NET BANKING,India,Mobile,2026-05-13T00:27:47.000+05:30,NO,0,YES,5,NO
11869,99,1153,20886.27,Flipkart,CARD,UK,ATM,2026-05-16T19:06:54.000+05:30,NO,19,NO,5,YES
11901,52,1015,32832.34,Netflix,ATM WITHDRAWAL,USA,Tablet,2026-05-15T18:52:49.000+05:30,NO,18,NO,5,YES
11912,45,1031,38333.79,Apple Store,CARD,India,ATM,2026-04-27T05:28:36.000+05:30,NO,5,YES,4,NO
12303,89,1140,88377.1,Netflix,UPI,Germany,Laptop,2026-05-09T22:52:10.000+05:30,YES,22,NO,5,YES
12880,55,1198,53303.08,Amazon,CARD,India,Mobile,2026-04-30T13:03:13.000+05:30,YES,13,NO,4,NO
13282,65,1145,43006.46,Nike,UPI,Singapore,Mobile,2026-05-14T12:03:30.000+05:30,NO,12,NO,5,YES
13317,80,1027,66579.76,Netflix,ATM WITHDRAWAL,UK,ATM,2026-05-03T13:51:12.000+05:30,YES,13,NO,5,YES
13720,81,1102,15986.9,Swiggy,UPI,Singapore,Laptop,2026-05-02T02:10:42.000+05:30,NO,2,YES,5,YES
14316,98,1042,42977.68,Nike,UPI,USA,Tablet,2026-05-16T10:56:26.000+05:30,NO,10,NO,5,YES
14436,78,1111,51024.36,Apple Store,NET BANKING,India,Laptop,2026-04-30T09:00:41.000+05:30,YES,9,NO,4,NO
14487,95,1070,59822.13,Amazon,NET BANKING,USA,ATM,2026-05-17T02:06:37.000+05:30,YES,2,YES,5,YES
14952,48,1167,69208.99,Amazon,NET BANKING,UK,Laptop,2026-04-22T03:19:12.000+05:30,YES,3,YES,4,YES
14999,61,1090,83705.71,Walmart,ATM WITHDRAWAL,UK,Mobile,2026-04-28T11:20:15.000+05:30,YES,11,NO,4,YES
15452,24,1129,90544.0,Nike,NET BANKING,USA,Mobile,2026-05-10T17:34:30.000+05:30,YES,17,NO,5,YES
15521,84,1049,83890.5,Walmart,ATM WITHDRAWAL,Singapore,Tablet,2026-05-05T14:09:54.000+05:30,YES,14,NO,5,YES
15759,1,1075,74011.91,Petrol Pump,NET BANKING,Germany,Laptop,2026-05-16T02:12:15.000+05:30,YES,2,YES,5,YES
16283,70,1173,39283.66,Amazon,NET BANKING,USA,Laptop,2026-04-26T09:29:08.000+05:30,NO,9,NO,4,YES
16443,21,1070,16547.32,Walmart,NET BANKING,Germany,Mobile,2026-05-11T01:34:51.000+05:30,NO,1,YES,5,YES
16574,7,1169,65219.07,Flipkart,NET BANKING,India,Mobile,2026-05-10T00:49:51.000+05:30,YES,0,YES,5,NO
16651,83,1019,20034.25,Amazon,ATM WITHDRAWAL,Singapore,Tablet,2026-04-26T02:41:14.000+05:30,NO,2,YES,4,YES
16664,28,1069,76515.73,Swiggy,NET BANKING,Germany,Laptop,2026-05-14T14:28:26.000+05:30,YES,14,NO,5,YES
16949,49,1013,76234.82,Nike,UPI,Singapore,Mobile,2026-04-23T21:14:03.000+05:30,YES,21,NO,4,YES
17191,2,1031,75426.64,Nike,UPI,Germany,Tablet,2026-04-27T21:18:18.000+05:30,YES,21,NO,4,YES
17295,91,1051,59893.65,Flipkart,UPI,UK,Mobile,2026-05-10T08:22:18.000+05:30,YES,8,NO,5,YES
17309,2,1150,88599.16,Swiggy,NET BANKING,Singapore,ATM,2026-05-06T15:20:04.000+05:30,YES,15,NO,5,YES
17367,87,1157,68448.08,Amazon,NET BANKING,UK,Mobile,2026-04-29T17:14:29.000+05:30,YES,17,NO,4,YES
17399,82,1011,62577.58,Apple Store,ATM WITHDRAWAL,USA,Mobile,2026-04-18T19:13:23.000+05:30,YES,19,NO,4,YES
17898,31,1107,79570.53,Zomato,CARD,Germany,Tablet,2026-05-04T23:37:09.000+05:30,YES,23,NO,5,YES
17950,80,1134,60885.96,Uber,NET BANKING,India,ATM,2026-04-18T17:17:44.000+05:30,YES,17,NO,4,NO
18001,62,1091,27410.62,Nike,UPI,UK,ATM,2026-04-25T12:43:47.000+05:30,NO,12,NO,4,YES
18306,8,1048,89187.44,Amazon,UPI,USA,Tablet,2026-04-19T13:58:51.000+05:30,YES,13,NO,4,YES
18676,83,1146,91257.06,Zomato,CARD,India,ATM,2026-04-27T11:09:04.000+05:30,YES,11,NO,4,NO
19030,93,1167,8458.57,Amazon,CARD,USA,Laptop,2026-05-14T07:40:56.000+05:30,NO,7,NO,5,YES
19039,53,1166,66661.58,Amazon,UPI,UK,ATM,2026-05-17T03:41:55.000+05:30,YES,3,YES,5,YES
10202,4,1131,53909.59,Apple Store,CARD,Germany,Laptop,2026-04-29T03:35:42.000+05:30,YES,3,YES,4,YES
10271,73,1147,44783.96,Uber,UPI,USA,Tablet,2026-05-12T02:00:44.000+05:30,NO,2,YES,5,YES
10279,67,1032,8075.15,Walmart,CARD,Germany,ATM,2026-05-15T13:30:51.000+05:30,NO,13,NO,5,YES
10343,85,1184,62135.28,Amazon,ATM WITHDRAWAL,Germany,Tablet,2026-04-22T07:37:15.000+05:30,YES,7,NO,4,YES
10584,33,1072,54164.5,Swiggy,ATM WITHDRAWAL,UK,Laptop,2026-05-15T17:09:59.000+05:30,YES,17,NO,5,YES
10601,50,1182,38347.3,Uber,NET BANKING,Germany,Laptop,2026-05-10T17:30:05.000+05:30,NO,17,NO,5,YES
10749,15,1017,6145.35,Zomato,NET BANKING,Singapore,Mobile,2026-04-23T14:23:32.000+05:30,NO,14,NO,4,YES
10797,64,1011,70228.05,Zomato,ATM WITHDRAWAL,India,Tablet,2026-04-25T10:09:04.000+05:30,YES,10,NO,4,NO
11074,85,1040,65332.07,Petrol Pump,UPI,UK,ATM,2026-04-25T02:10:39.000+05:30,YES,2,YES,4,YES
11128,46,1038,82626.65,Uber,ATM WITHDRAWAL,UK,ATM,2026-05-04T20:24:58.000+05:30,YES,20,NO,5,YES
11147,53,1186,12065.53,Uber,ATM WITHDRAWAL,UK,Tablet,2026-05-09T00:44:56.000+05:30,NO,0,YES,5,YES
11778,13,1022,62112.49,Nike,NET BANKING,Singapore,Mobile,2026-04-27T14:16:09.000+05:30,YES,14,NO,4,YES
11959,94,1183,98022.56,Netflix,UPI,UK,ATM,2026-05-09T03:29:50.000+05:30,YES,3,YES,5,YES
12637,46,1086,45026.91,Petrol Pump,UPI,USA,Laptop,2026-05-17T01:25:04.000+05:30,NO,1,YES,5,YES
13493,62,1197,96195.53,Amazon,UPI,India,Mobile,2026-05-04T14:58:43.000+05:30,YES,14,NO,5,NO
13551,39,1091,31402.39,Petrol Pump,CARD,UK,Tablet,2026-05-09T22:00:43.000+05:30,NO,22,NO,5,YES
14015,37,1148,62101.7,Zomato,CARD,Singapore,ATM,2026-05-11T19:43:22.000+05:30,YES,19,NO,5,YES
14548,39,1164,81076.88,Swiggy,UPI,USA,Laptop,2026-05-02T14:07:08.000+05:30,YES,14,NO,5,YES
15126,18,1126,56267.3,Zomato,UPI,Germany,Tablet,2026-04-19T17:08:40.000+05:30,YES,17,NO,4,YES
15223,19,1151,53592.79,Petrol Pump,UPI,UK,ATM,2026-05-08T20:07:46.000+05:30,YES,20,NO,5,YES
15372,23,1194,1048.13,Netflix,NET BANKING,Singapore,Tablet,2026-05-12T17:20:46.000+05:30,NO,17,NO,5,YES
15629,23,1200,48251.83,Apple Store,CARD,UK,Tablet,2026-05-06T13:36:09.000+05:30,NO,13,NO,5,YES
15633,55,1161,97762.25,Swiggy,UPI,India,Mobile,2026-04-19T20:22:55.000+05:30,YES,20,NO,4,NO
15722,86,1055,43908.36,Zomato,ATM WITHDRAWAL,UK,ATM,2026-05-03T20:20:30.000+05:30,NO,20,NO,5,YES
16188,42,1137,6975.93,Netflix,CARD,USA,ATM,2026-05-04T21:55:41.000+05:30,NO,21,NO,5,YES
16298,66,1176,76546.0,Apple Store,ATM WITHDRAWAL,USA,ATM,2026-05-14T19:02:00.000+05:30,YES,19,NO,5,YES
16329,28,1043,50182.85,Flipkart,CARD,USA,Mobile,2026-05-08T12:04:43.000+05:30,YES,12,NO,5,YES
16500,74,1099,60886.26,Flipkart,CARD,India,ATM,2026-05-06T07:27:06.000+05:30,YES,7,NO,5,NO
17505,75,1140,7211.61,Walmart,UPI,USA,Mobile,2026-04-26T01:08:48.000+05:30,NO,1,YES,4,YES
17724,70,1172,22716.6,Flipkart,CARD,UK,Tablet,2026-04-24T11:10:14.000+05:30,NO,11,NO,4,YES
17814,35,1113,92886.59,Petrol Pump,CARD,Singapore,Laptop,2026-05-06T10:03:55.000+05:30,YES,10,NO,5,YES
18093,67,1030,58095.92,Uber,ATM WITHDRAWAL,Germany,ATM,2026-04-25T13:48:39.000+05:30,YES,13,NO,4,YES
18695,94,1072,17253.66,Flipkart,NET BANKING,UK,Tablet,2026-04-25T23:10:49.000+05:30,NO,23,NO,4,YES
18960,64,1037,65986.4,Zomato,UPI,UK,Mobile,2026-04-29T17:44:17.000+05:30,YES,17,NO,4,YES
19333,10,1062,666.29,Zomato,ATM WITHDRAWAL,USA,Mobile,2026-04-26T21:54:19.000+05:30,NO,21,NO,4,YES
10476,10,1068,63547.99,Flipkart,ATM WITHDRAWAL,India,ATM,2026-04-25T05:47:04.000+05:30,YES,5,YES,4,NO
11579,57,1068,72049.25,Walmart,ATM WITHDRAWAL,India,ATM,2026-04-21T01:34:31.000+05:30,YES,1,YES,4,NO
12011,80,1144,94228.89,Apple Store,UPI,India,Tablet,2026-05-16T21:46:17.000+05:30,YES,21,NO,5,NO
12051,49,1017,26515.24,Uber,ATM WITHDRAWAL,UK,Tablet,2026-05-02T02:50:13.000+05:30,NO,2,YES,5,YES
12472,47,1090,43534.57,Netflix,NET BANKING,Germany,Mobile,2026-04-19T16:46:07.000+05:30,NO,16,NO,4,YES
12667,74,1155,52382.76,Petrol Pump,NET BANKING,India,Laptop,2026-05-03T06:01:02.000+05:30,YES,6,NO,5,NO
12672,65,1108,31123.44,Flipkart,NET BANKING,UK,ATM,2026-04-22T00:49:47.000+05:30,NO,0,YES,4,YES
13022,36,1080,39180.76,Apple Store,ATM WITHDRAWAL,UK,Tablet,2026-04-26T10:45:43.000+05:30,NO,10,NO,4,YES
13135,32,1157,32709.03,Walmart,NET BANKING,Singapore,Mobile,2026-05-04T04:27:06.000+05:30,NO,4,YES,5,YES
13152,86,1049,97513.03,Flipkart,NET BANKING,USA,Laptop,2026-04-22T08:20:59.000+05:30,YES,8,NO,4,YES
14667,67,1032,6373.36,Walmart,ATM WITHDRAWAL,India,Mobile,2026-04-26T05:23:52.000+05:30,NO,5,YES,4,NO
14739,63,1152,90849.45,Zomato,UPI,USA,ATM,2026-04-19T03:36:46.000+05:30,YES,3,YES,4,YES
14786,95,1118,30308.79,Zomato,UPI,Singapore,Tablet,2026-05-10T18:22:55.000+05:30,NO,18,NO,5,YES
14792,48,1187,70541.74,Walmart,CARD,Germany,Tablet,2026-04-23T11:55:55.000+05:30,YES,11,NO,4,YES
14879,96,1058,3038.5,Flipkart,CARD,UK,Mobile,2026-04-30T15:21:17.000+05:30,NO,15,NO,4,YES
15416,38,1146,49862.5,Walmart,NET BANKING,Germany,ATM,2026-04-26T13:39:45.000+05:30,NO,13,NO,4,YES
15505,34,1111,46871.72,Netflix,UPI,UK,Tablet,2026-05-07T13:16:29.000+05:30,NO,13,NO,5,YES
15531,78,1083,79795.65,Swiggy,UPI,Germany,Tablet,2026-05-17T19:53:02.000+05:30,YES,19,NO,5,YES
16002,85,1053,29850.42,Swiggy,ATM WITHDRAWAL,Germany,ATM,2026-05-16T07:17:19.000+05:30,NO,7,NO,5,YES
16147,44,1101,5891.87,Swiggy,NET BANKING,USA,Mobile,2026-04-30T17:40:27.000+05:30,NO,17,NO,4,YES
16493,84,1113,88139.05,Uber,CARD,UK,Laptop,2026-05-07T21:16:42.000+05:30,YES,21,NO,5,YES
16556,36,1039,72158.76,Netflix,NET BANKING,India,Tablet,2026-05-01T15:03:51.000+05:30,YES,15,NO,5,NO
16653,46,1123,98091.56,Swiggy,ATM WITHDRAWAL,USA,Laptop,2026-05-16T21:09:37.000+05:30,YES,21,NO,5,YES
16791,83,1064,97093.07,Uber,CARD,UK,Tablet,2026-05-11T22:21:59.000+05:30,YES,22,NO,5,YES
17799,83,1198,81519.84,Flipkart,UPI,UK,Mobile,2026-05-17T22:41:22.000+05:30,YES,22,NO,5,YES
18199,44,1082,70499.54,Walmart,UPI,UK,Laptop,2026-04-28T23:44:35.000+05:30,YES,23,NO,4,YES
18217,25,1080,96398.81,Swiggy,ATM WITHDRAWAL,Singapore,Mobile,2026-05-02T15:38:33.000+05:30,YES,15,NO,5,YES
18816,46,1018,30342.86,Walmart,UPI,UK,Mobile,2026-05-17T16:46:08.000+05:30,NO,16,NO,5,YES
18818,74,1043,24996.48,Netflix,ATM WITHDRAWAL,UK,Laptop,2026-05-05T20:19:49.000+05:30,NO,20,NO,5,YES
19084,71,1103,34986.7,Swiggy,ATM WITHDRAWAL,USA,ATM,2026-04-20T10:24:00.000+05:30,NO,10,NO,4,YES
19110,49,1049,39914.38,Nike,ATM WITHDRAWAL,Singapore,ATM,2026-04-28T14:00:07.000+05:30,NO,14,NO,4,YES
19214,30,1044,64771.1,Netflix,UPI,Singapore,Laptop,2026-04-25T21:42:00.000+05:30,YES,21,NO,4,YES
19627,34,1130,83210.29,Netflix,CARD,India,Laptop,2026-05-18T10:10:04.000+05:30,YES,10,NO,5,NO
19945,3,1048,83046.66,Netflix,UPI,Germany,Tablet,2026-05-09T02:45:32.000+05:30,YES,2,YES,5,YES
19986,55,1002,77460.92,Swiggy,ATM WITHDRAWAL,Germany,ATM,2026-05-02T11:51:56.000+05:30,YES,11,NO,5,YES
15335,57,1103,52105.12,Apple Store,CARD,Singapore,Mobile,2026-04-27T02:35:06.000+05:30,YES,2,YES,4,YES
10074,79,1024,85738.98,Petrol Pump,UPI,Singapore,Laptop,2026-05-14T04:46:31.000+05:30,YES,4,YES,5,YES
11333,74,1166,56983.83,Uber,CARD,USA,Tablet,2026-05-09T10:18:58.000+05:30,YES,10,NO,5,YES
11666,74,1153,53832.89,Petrol Pump,ATM WITHDRAWAL,Germany,ATM,2026-04-21T19:28:00.000+05:30,YES,19,NO,4,YES
11827,17,1119,44164.63,Flipkart,CARD,Germany,ATM,2026-04-28T09:22:35.000+05:30,NO,9,NO,4,YES
12507,5,1133,70899.2,Netflix,CARD,India,Mobile,2026-04-23T11:32:10.000+05:30,YES,11,NO,4,NO
13017,35,1171,74967.8,Walmart,NET BANKING,UK,Mobile,2026-04-19T20:58:06.000+05:30,YES,20,NO,4,YES
14285,51,1016,63778.73,Petrol Pump,NET BANKING,UK,ATM,2026-04-28T07:10:13.000+05:30,YES,7,NO,4,YES
14394,49,1136,78589.41,Petrol Pump,UPI,Singapore,ATM,2026-04-22T19:25:41.000+05:30,YES,19,NO,4,YES
14564,56,1126,83004.34,Petrol Pump,ATM WITHDRAWAL,Germany,Tablet,2026-04-26T13:14:23.000+05:30,YES,13,NO,4,YES
14700,27,1155,74551.18,Uber,CARD,Germany,Tablet,2026-04-30T03:05:59.000+05:30,YES,3,YES,4,YES
14715,40,1048,20995.19,Uber,CARD,Singapore,Mobile,2026-04-25T06:28:28.000+05:30,NO,6,NO,4,YES
14828,65,1001,84386.77,Swiggy,ATM WITHDRAWAL,USA,ATM,2026-04-26T21:21:41.000+05:30,YES,21,NO,4,YES
15017,13,1197,63898.56,Netflix,ATM WITHDRAWAL,UK,ATM,2026-05-18T10:28:19.000+05:30,YES,10,NO,5,YES
15714,97,1067,5611.47,Uber,NET BANKING,Germany,Laptop,2026-05-08T19:10:01.000+05:30,NO,19,NO,5,YES
15962,64,1175,63665.96,Walmart,CARD,UK,Tablet,2026-05-01T18:31:43.000+05:30,YES,18,NO,5,YES
16245,1,1042,38334.4,Apple Store,ATM WITHDRAWAL,Singapore,Mobile,2026-05-12T07:24:32.000+05:30,NO,7,NO,5,YES
16526,43,1087,6972.76,Nike,UPI,Singapore,Tablet,2026-04-23T17:23:27.000+05:30,NO,17,NO,4,YES
16611,32,1103,73516.43,Nike,ATM WITHDRAWAL,UK,Mobile,2026-05-16T22:18:57.000+05:30,YES,22,NO,5,YES
16652,6,1035,85316.58,Netflix,NET BANKING,Singapore,Laptop,2026-04-29T19:20:26.000+05:30,YES,19,NO,4,YES
16863,15,1079,63481.44,Uber,CARD,Singapore,Tablet,2026-04-23T10:23:30.000+05:30,YES,10,NO,4,YES
16939,51,1088,21504.16,Amazon,UPI,Singapore,Tablet,2026-04-28T03:04:44.000+05:30,NO,3,YES,4,YES
17458,83,1014,49139.38,Zomato,UPI,Germany,Mobile,2026-05-18T05:23:22.000+05:30,NO,5,YES,5,YES
17778,61,1109,67945.42,Swiggy,NET BANKING,USA,Mobile,2026-05-13T23:43:28.000+05:30,YES,23,NO,5,YES
18058,37,1187,75340.01,Zomato,CARD,USA,Tablet,2026-05-14T01:55:44.000+05:30,YES,1,YES,5,YES
18131,78,1110,81646.15,Walmart,CARD,USA,Laptop,2026-04-24T04:14:03.000+05:30,YES,4,YES,4,YES
18181,91,1148,34593.39,Zomato,NET BANKING,Germany,Laptop,2026-04-30T07:51:16.000+05:30,NO,7,NO,4,YES
18450,88,1059,85094.08,Walmart,NET BANKING,India,Tablet,2026-04-25T03:32:04.000+05:30,YES,3,YES,4,NO
18513,63,1155,90866.09,Uber,ATM WITHDRAWAL,Germany,Mobile,2026-04-28T05:06:39.000+05:30,YES,5,YES,4,YES
18732,10,1003,91670.27,Apple Store,UPI,USA,Tablet,2026-04-29T06:36:12.000+05:30,YES,6,NO,4,YES
19157,7,1150,71344.07,Apple Store,CARD,Singapore,Laptop,2026-05-18T01:37:12.000+05:30,YES,1,YES,5,YES
19576,5,1158,9265.27,Amazon,ATM WITHDRAWAL,USA,Tablet,2026-05-05T22:05:27.000+05:30,NO,22,NO,5,YES
19758,72,1138,85734.23,Zomato,CARD,India,ATM,2026-04-22T05:00:16.000+05:30,YES,5,YES,4,NO
16461,13,1101,31452.24,Nike,CARD,USA,ATM,2026-04-21T19:15:59.000+05:30,NO,19,NO,4,YES
10143,25,1011,95137.35,Apple Store,UPI,India,Laptop,2026-04-22T21:48:39.000+05:30,YES,21,NO,4,NO
10220,68,1142,70187.04,Uber,UPI,India,Laptop,2026-04-18T18:11:19.000+05:30,YES,18,NO,4,NO
10338,63,1094,83638.26,Amazon,ATM WITHDRAWAL,USA,Tablet,2026-05-03T23:11:16.000+05:30,YES,23,NO,5,YES
10846,16,1200,31677.32,Amazon,ATM WITHDRAWAL,UK,ATM,2026-04-30T04:50:35.000+05:30,NO,4,YES,4,YES
11056,26,1055,90589.69,Swiggy,UPI,USA,Laptop,2026-05-09T05:30:50.000+05:30,YES,5,YES,5,YES
11159,41,1014,58377.32,Petrol Pump,UPI,Germany,Mobile,2026-04-19T05:22:32.000+05:30,YES,5,YES,4,YES
11474,43,1181,28091.74,Zomato,NET BANKING,Singapore,Tablet,2026-05-12T22:03:03.000+05:30,NO,22,NO,5,YES
11588,49,1132,65096.29,Flipkart,CARD,UK,ATM,2026-04-25T22:21:03.000+05:30,YES,22,NO,4,YES
11679,77,1034,93556.28,Netflix,NET BANKING,UK,Tablet,2026-04-22T02:01:05.000+05:30,YES,2,YES,4,YES
11873,82,1191,95821.76,Flipkart,NET BANKING,Germany,Tablet,2026-05-03T00:55:46.000+05:30,YES,0,YES,5,YES
12107,22,1117,83512.84,Amazon,CARD,Singapore,ATM,2026-04-27T07:27:32.000+05:30,YES,7,NO,4,YES
12132,55,1049,32046.06,Nike,NET BANKING,India,Mobile,2026-04-22T03:14:29.000+05:30,NO,3,YES,4,NO
12163,26,1110,81065.32,Amazon,UPI,India,Tablet,2026-04-29T20:40:23.000+05:30,YES,20,NO,4,NO
12661,66,1180,80420.78,Flipkart,NET BANKING,USA,Laptop,2026-05-13T18:20:21.000+05:30,YES,18,NO,5,YES
12668,14,1054,88851.07,Swiggy,ATM WITHDRAWAL,Singapore,ATM,2026-05-01T13:19:20.000+05:30,YES,13,NO,5,YES
13088,42,1099,85837.07,Uber,NET BANKING,Singapore,Laptop,2026-05-12T07:40:41.000+05:30,YES,7,NO,5,YES
13578,49,1107,13228.5,Uber,NET BANKING,UK,Laptop,2026-05-03T00:49:03.000+05:30,NO,0,YES,5,YES
13799,60,1122,21455.01,Apple Store,ATM WITHDRAWAL,India,Tablet,2026-04-28T00:16:43.000+05:30,NO,0,YES,4,NO
13875,54,1048,98716.18,Nike,ATM WITHDRAWAL,Germany,Mobile,2026-05-01T22:37:38.000+05:30,YES,22,NO,5,YES
14238,27,1030,53456.31,Petrol Pump,CARD,India,Tablet,2026-05-13T19:25:54.000+05:30,YES,19,NO,5,NO
14434,5,1015,20415.16,Zomato,CARD,UK,Tablet,2026-04-28T16:19:20.000+05:30,NO,16,NO,4,YES
14611,63,1098,79464.23,Netflix,UPI,USA,Laptop,2026-05-17T16:43:48.000+05:30,YES,16,NO,5,YES
14987,81,1053,96717.78,Flipkart,CARD,Singapore,Tablet,2026-05-17T18:06:36.000+05:30,YES,18,NO,5,YES
15054,62,1051,97498.88,Apple Store,UPI,UK,Tablet,2026-05-06T01:30:04.000+05:30,YES,1,YES,5,YES
15466,10,1107,20648.99,Swiggy,UPI,USA,Tablet,2026-04-27T12:39:38.000+05:30,NO,12,NO,4,YES
15666,5,1104,6741.65,Nike,UPI,UK,Tablet,2026-04-29T12:18:54.000+05:30,NO,12,NO,4,YES
15838,61,1179,38592.62,Walmart,NET BANKING,India,Laptop,2026-05-15T00:46:52.000+05:30,NO,0,YES,5,NO
16105,90,1189,12750.43,Swiggy,CARD,USA,ATM,2026-04-26T04:51:36.000+05:30,NO,4,YES,4,YES
16125,84,1053,25267.08,Zomato,ATM WITHDRAWAL,Germany,Laptop,2026-05-02T14:27:05.000+05:30,NO,14,NO,5,YES
16281,93,1084,61932.82,Swiggy,NET BANKING,India,Mobile,2026-05-16T13:51:51.000+05:30,YES,13,NO,5,NO
16573,58,1040,83881.42,Walmart,CARD,India,Mobile,2026-04-23T14:28:33.000+05:30,YES,14,NO,4,NO
16711,41,1032,61788.41,Swiggy,ATM WITHDRAWAL,USA,Laptop,2026-04-27T20:55:46.000+05:30,YES,20,NO,4,YES
16773,2,1141,63669.73,Walmart,UPI,India,Tablet,2026-04-24T01:03:40.000+05:30,YES,1,YES,4,NO
17162,44,1094,50287.49,Walmart,ATM WITHDRAWAL,Singapore,ATM,2026-04-22T12:29:20.000+05:30,YES,12,NO,4,YES
17518,5,1091,50682.34,Amazon,UPI,USA,ATM,2026-04-26T03:52:22.000+05:30,YES,3,YES,4,YES
17547,96,1132,24632.67,Zomato,UPI,Singapore,Tablet,2026-05-02T07:38:29.000+05:30,NO,7,NO,5,YES
17970,34,1037,82590.9,Apple Store,UPI,UK,Tablet,2026-05-02T09:38:24.000+05:30,YES,9,NO,5,YES
17983,33,1065,80588.82,Amazon,CARD,Singapore,ATM,2026-04-28T11:12:01.000+05:30,YES,11,NO,4,YES
18106,14,1170,6357.57,Netflix,UPI,Germany,ATM,2026-04-18T16:35:16.000+05:30,NO,16,NO,4,YES
18287,62,1055,59317.59,Petrol Pump,UPI,Germany,ATM,2026-04-29T03:00:27.000+05:30,YES,3,YES,4,YES
18307,40,1062,5177.76,Petrol Pump,ATM WITHDRAWAL,UK,Tablet,2026-04-23T00:48:00.000+05:30,NO,0,YES,4,YES
18550,70,1111,55258.4,Uber,UPI,Singapore,Laptop,2026-05-02T10:18:16.000+05:30,YES,10,NO,5,YES
18644,76,1149,3244.72,Zomato,CARD,UK,Laptop,2026-05-16T13:50:43.000+05:30,NO,13,NO,5,YES
18858,65,1145,4774.05,Nike,ATM WITHDRAWAL,Germany,Laptop,2026-04-20T04:51:40.000+05:30,NO,4,YES,4,YES
18866,94,1092,28560.77,Amazon,NET BANKING,UK,ATM,2026-04-21T04:01:24.000+05:30,NO,4,YES,4,YES
18976,44,1164,27970.92,Petrol Pump,CARD,USA,ATM,2026-04-21T16:32:23.000+05:30,NO,16,NO,4,YES
19306,71,1167,80511.42,Swiggy,ATM WITHDRAWAL,Germany,Mobile,2026-05-02T17:41:48.000+05:30,YES,17,NO,5,YES
19704,47,1154,96176.27,Walmart,UPI,India,ATM,2026-04-28T21:38:03.000+05:30,YES,21,NO,4,NO
10043,76,1083,32839.28,Petrol Pump,CARD,USA,ATM,2026-04-29T12:16:18.000+05:30,NO,12,NO,4,YES
10548,14,1060,34109.94,Flipkart,ATM WITHDRAWAL,India,Tablet,2026-05-15T05:56:08.000+05:30,NO,5,YES,5,NO
10577,42,1179,66560.69,Uber,CARD,USA,Laptop,2026-05-11T00:34:36.000+05:30,YES,0,YES,5,YES
10625,54,1077,79597.55,Walmart,ATM WITHDRAWAL,India,Tablet,2026-05-03T20:15:42.000+05:30,YES,20,NO,5,NO
10788,67,1048,71040.96,Zomato,ATM WITHDRAWAL,India,Mobile,2026-04-28T12:32:03.000+05:30,YES,12,NO,4,NO
10871,1,1023,85449.44,Amazon,NET BANKING,India,Tablet,2026-04-30T09:09:52.000+05:30,YES,9,NO,4,NO
11032,26,1171,51548.65,Uber,UPI,Germany,Tablet,2026-05-03T00:13:38.000+05:30,YES,0,YES,5,YES
11285,89,1097,19786.62,Amazon,UPI,USA,ATM,2026-05-06T18:40:56.000+05:30,NO,18,NO,5,YES
11707,71,1090,54126.54,Apple Store,CARD,USA,ATM,2026-05-13T20:11:50.000+05:30,YES,20,NO,5,YES
11793,48,1021,72429.11,Petrol Pump,NET BANKING,Germany,Tablet,2026-05-13T20:24:09.000+05:30,YES,20,NO,5,YES
13000,18,1060,43698.93,Flipkart,UPI,UK,Laptop,2026-04-23T23:58:28.000+05:30,NO,23,NO,4,YES
13108,73,1022,10842.62,Netflix,CARD,Germany,Laptop,2026-05-01T23:52:29.000+05:30,NO,23,NO,5,YES
13111,48,1075,78207.0,Walmart,ATM WITHDRAWAL,Germany,Mobile,2026-05-05T19:38:07.000+05:30,YES,19,NO,5,YES
13207,18,1175,71236.86,Zomato,ATM WITHDRAWAL,Singapore,Tablet,2026-05-07T17:16:30.000+05:30,YES,17,NO,5,YES
13254,73,1155,85043.98,Uber,CARD,India,Tablet,2026-05-06T02:08:01.000+05:30,YES,2,YES,5,NO
13294,100,1066,62393.46,Apple Store,UPI,Singapore,Mobile,2026-05-05T07:56:41.000+05:30,YES,7,NO,5,YES
13352,27,1070,83855.17,Amazon,NET BANKING,Germany,Laptop,2026-05-08T12:30:48.000+05:30,YES,12,NO,5,YES
14167,39,1125,50018.86,Netflix,NET BANKING,Singapore,Laptop,2026-05-13T20:44:45.000+05:30,YES,20,NO,5,YES
14663,67,1084,57677.68,Amazon,UPI,Germany,Mobile,2026-05-16T21:30:04.000+05:30,YES,21,NO,5,YES
14681,53,1130,19904.04,Walmart,CARD,UK,Tablet,2026-04-23T19:13:04.000+05:30,NO,19,NO,4,YES
14754,11,1187,53128.2,Walmart,NET BANKING,Germany,Mobile,2026-05-16T06:09:04.000+05:30,YES,6,NO,5,YES
14885,40,1191,36694.8,Apple Store,NET BANKING,Singapore,Mobile,2026-04-30T01:31:27.000+05:30,NO,1,YES,4,YES
15127,13,1011,79156.21,Apple Store,CARD,UK,ATM,2026-05-18T14:16:42.000+05:30,YES,14,NO,5,YES
15393,10,1066,25679.65,Flipkart,CARD,USA,Mobile,2026-05-06T09:55:18.000+05:30,NO,9,NO,5,YES
15551,58,1054,87990.83,Swiggy,CARD,USA,Mobile,2026-05-02T03:33:29.000+05:30,YES,3,YES,5,YES
15558,36,1198,60771.96,Zomato,UPI,Germany,Tablet,2026-05-15T08:41:28.000+05:30,YES,8,NO,5,YES
15571,41,1087,83382.82,Swiggy,UPI,UK,ATM,2026-05-09T21:30:11.000+05:30,YES,21,NO,5,YES
15818,56,1135,53393.43,Nike,CARD,USA,Laptop,2026-04-26T15:11:18.000+05:30,YES,15,NO,4,YES
16253,47,1078,68797.3,Netflix,ATM WITHDRAWAL,Germany,Tablet,2026-04-27T22:00:31.000+05:30,YES,22,NO,4,YES
17784,20,1136,95604.75,Nike,ATM WITHDRAWAL,UK,Mobile,2026-04-27T01:01:35.000+05:30,YES,1,YES,4,YES
18144,51,1127,28171.58,Petrol Pump,NET BANKING,Singapore,Mobile,2026-04-30T05:05:12.000+05:30,NO,5,YES,4,YES
18203,63,1029,68572.47,Nike,UPI,Singapore,Mobile,2026-05-12T15:44:07.000+05:30,YES,15,NO,5,YES
18490,70,1054,17181.11,Walmart,UPI,Singapore,Mobile,2026-05-05T15:29:21.000+05:30,NO,15,NO,5,YES
18889,28,1091,84099.73,Walmart,NET BANKING,Singapore,Laptop,2026-04-28T16:09:54.000+05:30,YES,16,NO,4,YES
19016,75,1065,22801.76,Swiggy,UPI,Germany,Tablet,2026-05-02T20:01:31.000+05:30,NO,20,NO,5,YES
19403,83,1162,18803.07,Apple Store,NET BANKING,India,ATM,2026-05-05T04:52:59.000+05:30,NO,4,YES,5,NO
19446,100,1186,79554.82,Netflix,UPI,India,ATM,2026-05-17T03:41:12.000+05:30,YES,3,YES,5,NO
19805,93,1004,8987.08,Apple Store,NET BANKING,USA,ATM,2026-05-04T06:56:49.000+05:30,NO,6,NO,5,YES
19850,41,1196,96794.42,Walmart,NET BANKING,India,ATM,2026-04-28T08:35:09.000+05:30,YES,8,NO,4,NO
10211,96,1042,1291.37,Zomato,ATM WITHDRAWAL,USA,ATM,2026-05-04T16:50:03.000+05:30,NO,16,NO,5,YES
10340,84,1030,23818.46,Amazon,ATM WITHDRAWAL,Singapore,Tablet,2026-05-05T00:49:12.000+05:30,NO,0,YES,5,YES
10344,82,1049,88070.9,Petrol Pump,NET BANKING,India,Laptop,2026-04-20T10:21:19.000+05:30,YES,10,NO,4,NO
10392,71,1042,60671.62,Walmart,UPI,India,Tablet,2026-04-27T22:18:28.000+05:30,YES,22,NO,4,NO
10676,56,1091,66651.14,Flipkart,NET BANKING,USA,Laptop,2026-04-28T19:56:50.000+05:30,YES,19,NO,4,YES
10697,95,1063,64346.78,Walmart,UPI,UK,Laptop,2026-05-17T07:47:29.000+05:30,YES,7,NO,5,YES
10895,15,1103,73379.13,Zomato,ATM WITHDRAWAL,Germany,ATM,2026-05-12T19:17:23.000+05:30,YES,19,NO,5,YES
10969,67,1055,71992.49,Zomato,ATM WITHDRAWAL,UK,ATM,2026-05-06T08:21:28.000+05:30,YES,8,NO,5,YES
11126,37,1088,43474.32,Netflix,NET BANKING,Singapore,Laptop,2026-05-17T02:17:47.000+05:30,NO,2,YES,5,YES
11319,81,1064,36516.08,Amazon,ATM WITHDRAWAL,Germany,Tablet,2026-05-08T11:52:28.000+05:30,NO,11,NO,5,YES
11347,56,1157,63715.63,Swiggy,CARD,Singapore,ATM,2026-05-11T03:26:46.000+05:30,YES,3,YES,5,YES
11538,68,1079,30031.11,Petrol Pump,CARD,USA,Tablet,2026-05-10T00:04:33.000+05:30,NO,0,YES,5,YES
11602,59,1078,64802.24,Swiggy,CARD,India,Tablet,2026-05-11T08:11:48.000+05:30,YES,8,NO,5,NO
11691,81,1006,65376.84,Flipkart,UPI,Germany,Mobile,2026-05-05T15:45:37.000+05:30,YES,15,NO,5,YES
11777,100,1166,25754.25,Uber,CARD,USA,ATM,2026-05-09T02:21:51.000+05:30,NO,2,YES,5,YES
11822,97,1009,57770.02,Flipkart,ATM WITHDRAWAL,India,ATM,2026-04-29T05:05:42.000+05:30,YES,5,YES,4,NO
11837,56,1025,81034.74,Netflix,ATM WITHDRAWAL,UK,Tablet,2026-04-20T16:12:58.000+05:30,YES,16,NO,4,YES
12026,50,1006,40133.88,Flipkart,NET BANKING,Singapore,ATM,2026-04-21T02:38:56.000+05:30,NO,2,YES,4,YES
12027,38,1005,93150.12,Walmart,CARD,India,Laptop,2026-05-06T01:46:42.000+05:30,YES,1,YES,5,NO
12454,11,1104,61270.86,Apple Store,UPI,UK,Tablet,2026-05-16T09:29:40.000+05:30,YES,9,NO,5,YES
12884,32,1163,72962.14,Walmart,NET BANKING,Germany,Laptop,2026-05-13T03:53:53.000+05:30,YES,3,YES,5,YES
12962,35,1017,50462.29,Netflix,CARD,India,Laptop,2026-05-09T02:18:30.000+05:30,YES,2,YES,5,NO
13363,29,1131,40985.25,Nike,NET BANKING,UK,ATM,2026-04-18T17:13:16.000+05:30,NO,17,NO,4,YES
13478,39,1178,49326.14,Amazon,ATM WITHDRAWAL,UK,ATM,2026-05-12T11:26:54.000+05:30,NO,11,NO,5,YES
14168,8,1188,21558.27,Uber,ATM WITHDRAWAL,Singapore,Laptop,2026-04-24T04:38:10.000+05:30,NO,4,YES,4,YES
14450,25,1092,13976.9,Uber,CARD,Singapore,ATM,2026-05-07T23:12:28.000+05:30,NO,23,NO,5,YES
14634,97,1093,21609.9,Netflix,ATM WITHDRAWAL,India,Tablet,2026-04-24T05:19:24.000+05:30,NO,5,YES,4,NO
15473,30,1126,49502.05,Walmart,CARD,USA,ATM,2026-05-10T19:41:20.000+05:30,NO,19,NO,5,YES
15944,61,1120,98443.26,Netflix,CARD,UK,Tablet,2026-04-19T03:50:50.000+05:30,YES,3,YES,4,YES
15956,13,1169,83881.65,Swiggy,UPI,UK,ATM,2026-04-29T02:59:20.000+05:30,YES,2,YES,4,YES
16423,26,1004,64236.06,Netflix,UPI,India,Tablet,2026-05-12T15:06:15.000+05:30,YES,15,NO,5,NO
16667,42,1129,40179.98,Apple Store,UPI,USA,Tablet,2026-05-07T02:28:35.000+05:30,NO,2,YES,5,YES
16891,92,1110,55129.41,Zomato,UPI,Singapore,ATM,2026-05-17T18:32:48.000+05:30,YES,18,NO,5,YES
17512,35,1114,34411.54,Netflix,CARD,Singapore,Tablet,2026-04-20T02:02:50.000+05:30,NO,2,YES,4,YES
17729,52,1052,22384.94,Petrol Pump,ATM WITHDRAWAL,USA,Tablet,2026-05-11T17:14:37.000+05:30,NO,17,NO,5,YES
18386,71,1005,9798.3,Petrol Pump,UPI,Germany,Tablet,2026-05-01T07:13:27.000+05:30,NO,7,NO,5,YES
18721,55,1034,78194.14,Walmart,UPI,Singapore,Laptop,2026-05-04T03:19:00.000+05:30,YES,3,YES,5,YES
18959,72,1127,67403.71,Uber,UPI,UK,Tablet,2026-04-23T23:46:40.000+05:30,YES,23,NO,4,YES
19320,50,1159,2527.09,Swiggy,ATM WITHDRAWAL,Singapore,Tablet,2026-04-29T12:46:11.000+05:30,NO,12,NO,4,YES
19540,2,1125,3448.29,Amazon,UPI,Germany,Tablet,2026-05-09T00:43:40.000+05:30,NO,0,YES,5,YES
19562,68,1051,22322.64,Amazon,ATM WITHDRAWAL,Germany,Tablet,2026-05-15T05:59:28.000+05:30,NO,5,YES,5,YES
10005,30,1083,7139.56,Petrol Pump,UPI,Singapore,ATM,2026-05-13T12:32:15.000+05:30,NO,12,NO,5,YES
10553,94,1169,6380.14,Nike,ATM WITHDRAWAL,Germany,ATM,2026-05-02T16:21:58.000+05:30,NO,16,NO,5,YES
11047,20,1136,90821.92,Petrol Pump,ATM WITHDRAWAL,Singapore,Laptop,2026-04-29T05:42:09.000+05:30,YES,5,YES,4,YES
11108,37,1067,84534.47,Petrol Pump,NET BANKING,India,Laptop,2026-04-30T08:11:42.000+05:30,YES,8,NO,4,NO
11446,4,1153,93142.62,Nike,CARD,Singapore,Mobile,2026-04-26T12:28:25.000+05:30,YES,12,NO,4,YES
11675,38,1102,75131.7,Uber,ATM WITHDRAWAL,USA,ATM,2026-04-23T10:38:48.000+05:30,YES,10,NO,4,YES
11772,12,1096,24643.01,Petrol Pump,NET BANKING,Singapore,Mobile,2026-04-23T04:21:15.000+05:30,NO,4,YES,4,YES
12579,50,1198,50513.91,Nike,ATM WITHDRAWAL,USA,ATM,2026-04-22T14:06:43.000+05:30,YES,14,NO,4,YES
12830,61,1017,24141.68,Swiggy,ATM WITHDRAWAL,Germany,ATM,2026-04-22T06:38:32.000+05:30,NO,6,NO,4,YES
13114,66,1184,51771.84,Amazon,UPI,USA,Laptop,2026-05-05T01:46:12.000+05:30,YES,1,YES,5,YES
13175,81,1132,59835.17,Apple Store,UPI,Germany,Mobile,2026-05-02T00:58:06.000+05:30,YES,0,YES,5,YES
13241,39,1083,58616.05,Apple Store,ATM WITHDRAWAL,Germany,Laptop,2026-04-24T14:45:20.000+05:30,YES,14,NO,4,YES
13507,78,1082,20013.86,Petrol Pump,NET BANKING,UK,Tablet,2026-05-06T20:57:48.000+05:30,NO,20,NO,5,YES
13658,39,1191,63649.81,Nike,UPI,India,ATM,2026-05-05T19:01:53.000+05:30,YES,19,NO,5,NO
14036,71,1042,19810.19,Zomato,NET BANKING,Germany,Mobile,2026-05-09T08:52:45.000+05:30,NO,8,NO,5,YES
14377,47,1101,66650.28,Apple Store,ATM WITHDRAWAL,UK,Laptop,2026-05-12T23:40:34.000+05:30,YES,23,NO,5,YES
14597,31,1066,80028.31,Flipkart,CARD,UK,Laptop,2026-05-18T09:48:21.000+05:30,YES,9,NO,5,YES
14672,78,1173,7390.42,Walmart,UPI,Singapore,Mobile,2026-05-06T14:33:16.000+05:30,NO,14,NO,5,YES
15192,45,1185,1459.78,Swiggy,CARD,Germany,Tablet,2026-05-10T13:18:58.000+05:30,NO,13,NO,5,YES
15221,69,1071,76636.85,Flipkart,ATM WITHDRAWAL,UK,Mobile,2026-04-26T22:09:55.000+05:30,YES,22,NO,4,YES
15313,27,1051,48655.83,Swiggy,NET BANKING,USA,Mobile,2026-04-30T04:56:45.000+05:30,NO,4,YES,4,YES
15535,41,1100,57213.01,Apple Store,ATM WITHDRAWAL,India,Mobile,2026-04-25T13:33:08.000+05:30,YES,13,NO,4,NO
15764,90,1035,14749.01,Uber,CARD,UK,Mobile,2026-04-29T12:34:26.000+05:30,NO,12,NO,4,YES
16201,59,1178,90179.53,Amazon,UPI,Germany,ATM,2026-04-29T09:05:52.000+05:30,YES,9,NO,4,YES
16437,27,1169,38738.25,Uber,UPI,Singapore,Tablet,2026-05-07T13:16:20.000+05:30,NO,13,NO,5,YES
16449,86,1089,39580.51,Nike,UPI,UK,Mobile,2026-05-15T02:12:34.000+05:30,NO,2,YES,5,YES
16580,37,1199,57210.55,Nike,CARD,UK,Laptop,2026-04-20T06:39:23.000+05:30,YES,6,NO,4,YES
16764,17,1112,14542.79,Nike,UPI,USA,Laptop,2026-05-05T01:52:57.000+05:30,NO,1,YES,5,YES
17065,53,1196,84271.88,Walmart,ATM WITHDRAWAL,India,Tablet,2026-05-12T20:08:41.000+05:30,YES,20,NO,5,NO
18068,40,1040,69932.08,Apple Store,ATM WITHDRAWAL,India,Tablet,2026-05-15T12:57:02.000+05:30,YES,12,NO,5,NO
18110,65,1135,86055.57,Uber,UPI,Germany,Laptop,2026-05-13T22:09:43.000+05:30,YES,22,NO,5,YES
18130,88,1034,67287.94,Flipkart,CARD,Singapore,ATM,2026-05-16T02:32:52.000+05:30,YES,2,YES,5,YES
18198,21,1043,62909.88,Zomato,NET BANKING,UK,ATM,2026-05-07T18:06:24.000+05:30,YES,18,NO,5,YES
18385,70,1173,4456.39,Apple Store,ATM WITHDRAWAL,UK,ATM,2026-05-11T04:01:21.000+05:30,NO,4,YES,5,YES
18397,100,1144,82319.15,Zomato,CARD,USA,Laptop,2026-05-15T02:08:53.000+05:30,YES,2,YES,5,YES
18572,37,1105,32426.66,Nike,NET BANKING,Germany,Laptop,2026-04-27T20:12:53.000+05:30,NO,20,NO,4,YES
18620,53,1127,49431.33,Uber,ATM WITHDRAWAL,UK,ATM,2026-05-07T10:09:25.000+05:30,NO,10,NO,5,YES
18860,43,1196,41603.88,Flipkart,ATM WITHDRAWAL,USA,Mobile,2026-05-09T20:10:04.000+05:30,NO,20,NO,5,YES
18906,86,1089,89620.4,Nike,NET BANKING,USA,Laptop,2026-04-25T16:19:20.000+05:30,YES,16,NO,4,YES
19300,31,1091,98277.45,Apple Store,UPI,India,ATM,2026-05-06T21:44:22.000+05:30,YES,21,NO,5,NO
19691,96,1194,83209.87,Swiggy,UPI,India,Mobile,2026-05-05T04:36:31.000+05:30,YES,4,YES,5,NO
19780,67,1044,42780.33,Flipkart,NET BANKING,Singapore,Laptop,2026-05-18T02:20:35.000+05:30,NO,2,YES,5,YES
10149,68,1126,60926.24,Amazon,ATM WITHDRAWAL,UK,Laptop,2026-04-19T23:43:14.000+05:30,YES,23,NO,4,YES
10758,49,1130,44539.92,Apple Store,CARD,Singapore,Tablet,2026-04-19T14:47:07.000+05:30,NO,14,NO,4,YES
11283,29,1027,53062.37,Amazon,CARD,USA,Mobile,2026-05-13T03:35:00.000+05:30,YES,3,YES,5,YES
11817,24,1128,51588.94,Swiggy,NET BANKING,India,Laptop,2026-04-19T07:48:15.000+05:30,YES,7,NO,4,NO
11867,71,1069,49347.63,Uber,ATM WITHDRAWAL,Singapore,Mobile,2026-05-11T11:05:48.000+05:30,NO,11,NO,5,YES
12395,14,1063,28479.54,Petrol Pump,CARD,Singapore,Laptop,2026-05-14T18:58:34.000+05:30,NO,18,NO,5,YES
12443,42,1047,23925.97,Zomato,UPI,Germany,Laptop,2026-05-13T21:25:24.000+05:30,NO,21,NO,5,YES
12584,43,1002,72957.02,Swiggy,CARD,USA,ATM,2026-05-06T10:20:26.000+05:30,YES,10,NO,5,YES
12893,46,1009,2366.96,Walmart,UPI,UK,ATM,2026-05-09T05:56:41.000+05:30,NO,5,YES,5,YES
13072,5,1103,25185.1,Amazon,NET BANKING,USA,ATM,2026-05-09T00:22:16.000+05:30,NO,0,YES,5,YES
13212,45,1094,9659.94,Zomato,NET BANKING,UK,Laptop,2026-04-22T23:58:36.000+05:30,NO,23,NO,4,YES
13234,22,1186,54528.65,Apple Store,NET BANKING,Singapore,Mobile,2026-05-15T16:44:17.000+05:30,YES,16,NO,5,YES
13411,37,1039,34762.88,Netflix,CARD,Germany,Tablet,2026-04-21T18:02:53.000+05:30,NO,18,NO,4,YES
13897,29,1002,98036.61,Netflix,NET BANKING,Germany,Tablet,2026-05-15T14:32:26.000+05:30,YES,14,NO,5,YES
14527,58,1050,43840.57,Walmart,NET BANKING,UK,Laptop,2026-05-11T07:30:07.000+05:30,NO,7,NO,5,YES
14540,44,1135,55280.73,Flipkart,CARD,USA,Laptop,2026-05-13T06:38:29.000+05:30,YES,6,NO,5,YES
14544,11,1102,75488.48,Zomato,UPI,India,Mobile,2026-04-19T03:13:40.000+05:30,YES,3,YES,4,NO
14637,31,1011,28243.26,Swiggy,CARD,UK,Tablet,2026-05-10T01:10:57.000+05:30,NO,1,YES,5,YES
14656,53,1148,60959.24,Swiggy,NET BANKING,Germany,Mobile,2026-05-15T14:17:47.000+05:30,YES,14,NO,5,YES
14919,6,1184,61387.36,Netflix,ATM WITHDRAWAL,Germany,Tablet,2026-05-16T05:10:29.000+05:30,YES,5,YES,5,YES
14959,5,1102,84214.5,Netflix,NET BANKING,Singapore,Mobile,2026-04-19T05:47:19.000+05:30,YES,5,YES,4,YES
15745,21,1138,74037.33,Walmart,CARD,Germany,Mobile,2026-05-03T05:24:12.000+05:30,YES,5,YES,5,YES
16206,21,1065,26009.28,Petrol Pump,CARD,Germany,ATM,2026-04-20T16:23:26.000+05:30,NO,16,NO,4,YES
16272,91,1029,36723.28,Flipkart,UPI,UK,ATM,2026-04-26T15:04:44.000+05:30,NO,15,NO,4,YES
16318,79,1026,78257.66,Swiggy,CARD,Singapore,Tablet,2026-04-24T20:52:13.000+05:30,YES,20,NO,4,YES
16459,87,1181,97251.21,Amazon,NET BANKING,Germany,Tablet,2026-05-05T02:43:14.000+05:30,YES,2,YES,5,YES
16641,98,1035,31840.44,Apple Store,ATM WITHDRAWAL,UK,Mobile,2026-04-30T15:16:28.000+05:30,NO,15,NO,4,YES
16776,29,1137,94992.99,Flipkart,CARD,USA,Tablet,2026-05-12T17:02:53.000+05:30,YES,17,NO,5,YES
17060,17,1047,37338.13,Zomato,NET BANKING,India,ATM,2026-05-11T00:15:03.000+05:30,NO,0,YES,5,NO
17218,56,1162,98607.61,Netflix,ATM WITHDRAWAL,USA,Laptop,2026-05-09T17:34:30.000+05:30,YES,17,NO,5,YES
17354,30,1107,94116.0,Amazon,ATM WITHDRAWAL,UK,ATM,2026-05-01T21:09:13.000+05:30,YES,21,NO,5,YES
17675,39,1130,95755.6,Netflix,NET BANKING,Germany,ATM,2026-05-13T04:08:51.000+05:30,YES,4,YES,5,YES
18236,88,1113,97141.46,Walmart,NET BANKING,UK,ATM,2026-05-12T23:15:32.000+05:30,YES,23,NO,5,YES
18317,82,1176,46228.78,Uber,UPI,Germany,ATM,2026-05-06T16:00:08.000+05:30,NO,16,NO,5,YES
18577,85,1194,78833.59,Walmart,CARD,Germany,Tablet,2026-05-12T20:39:06.000+05:30,YES,20,NO,5,YES
18776,67,1180,49973.93,Apple Store,UPI,UK,Laptop,2026-05-15T09:04:06.000+05:30,NO,9,NO,5,YES
19308,5,1168,33645.97,Amazon,UPI,UK,Tablet,2026-05-07T01:03:51.000+05:30,NO,1,YES,5,YES
19424,75,1164,1264.25,Netflix,NET BANKING,Singapore,Tablet,2026-05-11T00:35:58.000+05:30,NO,0,YES,5,YES
19686,97,1186,80214.4,Flipkart,CARD,India,Laptop,2026-04-28T19:56:45.000+05:30,YES,19,NO,4,NO
19739,7,1166,33072.5,Nike,UPI,Germany,Tablet,2026-05-11T18:16:35.000+05:30,NO,18,NO,5,YES
19885,76,1069,43662.09,Amazon,NET BANKING,Singapore,Laptop,2026-04-22T09:06:47.000+05:30,NO,9,NO,4,YES
19998,91,1051,26801.91,Apple Store,NET BANKING,UK,Mobile,2026-05-04T10:10:59.000+05:30,NO,10,NO,5,YES
10790,5,1124,21640.23,Swiggy,CARD,Germany,ATM,2026-05-13T19:34:44.000+05:30,NO,19,NO,5,YES
10889,93,1147,61924.81,Uber,UPI,UK,Mobile,2026-05-06T04:34:31.000+05:30,YES,4,YES,5,YES
11931,44,1197,94653.97,Netflix,NET BANKING,UK,ATM,2026-05-14T01:10:43.000+05:30,YES,1,YES,5,YES
12392,33,1149,39587.06,Amazon,NET BANKING,Germany,Mobile,2026-04-22T20:21:04.000+05:30,NO,20,NO,4,YES
13498,93,1076,2939.96,Zomato,ATM WITHDRAWAL,Germany,ATM,2026-05-13T09:16:48.000+05:30,NO,9,NO,5,YES
13634,4,1191,78091.79,Swiggy,NET BANKING,USA,ATM,2026-05-07T19:28:29.000+05:30,YES,19,NO,5,YES
14211,36,1154,39091.92,Zomato,CARD,Singapore,Mobile,2026-04-25T23:17:22.000+05:30,NO,23,NO,4,YES
14427,41,1048,34067.85,Petrol Pump,ATM WITHDRAWAL,UK,Laptop,2026-05-17T02:31:58.000+05:30,NO,2,YES,5,YES
14457,58,1094,51181.43,Nike,UPI,Singapore,Mobile,2026-05-08T20:45:59.000+05:30,YES,20,NO,5,YES
14478,37,1086,91116.98,Flipkart,NET BANKING,India,Mobile,2026-05-05T01:22:56.000+05:30,YES,1,YES,5,NO
15419,95,1064,91156.58,Uber,ATM WITHDRAWAL,India,Laptop,2026-05-07T07:41:37.000+05:30,YES,7,NO,5,NO
15436,66,1037,19927.76,Swiggy,UPI,USA,Mobile,2026-04-22T16:03:21.000+05:30,NO,16,NO,4,YES
15760,67,1176,9886.71,Flipkart,ATM WITHDRAWAL,Singapore,Tablet,2026-05-09T14:04:43.000+05:30,NO,14,NO,5,YES
15979,12,1096,12274.47,Netflix,ATM WITHDRAWAL,India,Laptop,2026-04-30T02:16:57.000+05:30,NO,2,YES,4,NO
16021,14,1078,66907.69,Uber,UPI,USA,Laptop,2026-05-09T10:55:16.000+05:30,YES,10,NO,5,YES
16195,95,1041,26708.29,Walmart,ATM WITHDRAWAL,UK,Laptop,2026-04-25T17:31:30.000+05:30,NO,17,NO,4,YES
16270,20,1087,25456.43,Nike,NET BANKING,USA,ATM,2026-04-27T20:55:51.000+05:30,NO,20,NO,4,YES
16418,11,1132,58468.4,Zomato,UPI,UK,Laptop,2026-05-08T21:46:16.000+05:30,YES,21,NO,5,YES
16444,87,1010,8078.92,Nike,CARD,UK,ATM,2026-05-17T18:07:01.000+05:30,NO,18,NO,5,YES
16940,46,1162,58606.92,Swiggy,UPI,UK,Mobile,2026-04-23T09:35:43.000+05:30,YES,9,NO,4,YES
17302,12,1131,74690.08,Uber,ATM WITHDRAWAL,USA,Laptop,2026-05-04T15:16:07.000+05:30,YES,15,NO,5,YES
17385,58,1109,90030.35,Walmart,NET BANKING,Germany,Laptop,2026-04-24T22:40:47.000+05:30,YES,22,NO,4,YES
17519,36,1036,63658.55,Zomato,ATM WITHDRAWAL,USA,ATM,2026-04-30T08:47:01.000+05:30,YES,8,NO,4,YES
17532,15,1120,75056.75,Flipkart,ATM WITHDRAWAL,Singapore,Laptop,2026-05-05T11:22:12.000+05:30,YES,11,NO,5,YES
17826,60,1011,49003.71,Zomato,NET BANKING,UK,ATM,2026-04-30T12:23:43.000+05:30,NO,12,NO,4,YES
17892,29,1105,26453.27,Nike,NET BANKING,Germany,ATM,2026-05-06T01:16:55.000+05:30,NO,1,YES,5,YES
17977,64,1048,94687.77,Apple Store,CARD,UK,ATM,2026-04-26T22:20:11.000+05:30,YES,22,NO,4,YES
18701,72,1070,51694.04,Zomato,ATM WITHDRAWAL,UK,ATM,2026-04-28T14:18:57.000+05:30,YES,14,NO,4,YES
19187,41,1146,12801.97,Petrol Pump,NET BANKING,USA,Laptop,2026-04-29T00:05:06.000+05:30,NO,0,YES,4,YES
19327,90,1028,82277.4,Walmart,UPI,India,ATM,2026-05-10T02:55:43.000+05:30,YES,2,YES,5,NO
19341,45,1020,64385.09,Flipkart,NET BANKING,India,ATM,2026-05-08T11:44:03.000+05:30,YES,11,NO,5,NO
19492,15,1118,28579.7,Zomato,NET BANKING,UK,Tablet,2026-05-13T10:36:33.000+05:30,NO,10,NO,5,YES
10147,23,1014,63820.22,Amazon,NET BANKING,UK,Mobile,2026-04-19T21:17:32.000+05:30,YES,21,NO,4,YES
10402,15,1178,45116.37,Swiggy,NET BANKING,USA,Tablet,2026-04-24T18:14:25.000+05:30,NO,18,NO,4,YES
10503,32,1014,6079.25,Walmart,UPI,Germany,Laptop,2026-05-08T08:13:55.000+05:30,NO,8,NO,5,YES
11055,24,1068,16116.83,Zomato,CARD,Germany,ATM,2026-04-20T21:20:15.000+05:30,NO,21,NO,4,YES
11265,42,1153,29725.94,Netflix,ATM WITHDRAWAL,Singapore,Laptop,2026-04-22T19:44:28.000+05:30,NO,19,NO,4,YES
11526,38,1092,28708.35,Walmart,UPI,Singapore,Tablet,2026-05-17T07:23:18.000+05:30,NO,7,NO,5,YES
11653,32,1091,29329.63,Amazon,UPI,UK,ATM,2026-05-11T22:11:48.000+05:30,NO,22,NO,5,YES
11960,53,1071,94974.31,Walmart,NET BANKING,Singapore,ATM,2026-05-15T00:44:02.000+05:30,YES,0,YES,5,YES
12687,33,1100,34509.81,Petrol Pump,UPI,Singapore,Tablet,2026-04-28T16:21:48.000+05:30,NO,16,NO,4,YES
13519,61,1072,88386.94,Nike,ATM WITHDRAWAL,UK,Tablet,2026-04-20T02:23:03.000+05:30,YES,2,YES,4,YES
13716,59,1095,12801.69,Flipkart,NET BANKING,Singapore,ATM,2026-05-10T21:31:00.000+05:30,NO,21,NO,5,YES
13785,17,1038,16017.73,Zomato,UPI,India,Tablet,2026-05-12T04:26:57.000+05:30,NO,4,YES,5,NO
13971,28,1043,51647.73,Swiggy,ATM WITHDRAWAL,Germany,Laptop,2026-05-17T06:20:34.000+05:30,YES,6,NO,5,YES
14032,47,1184,68211.81,Uber,CARD,Germany,Laptop,2026-05-01T20:14:28.000+05:30,YES,20,NO,5,YES
14122,16,1032,99577.02,Netflix,CARD,Singapore,ATM,2026-05-02T05:41:31.000+05:30,YES,5,YES,5,YES
14397,38,1050,11092.34,Uber,UPI,Singapore,Tablet,2026-05-05T14:09:33.000+05:30,NO,14,NO,5,YES
14440,39,1108,46335.13,Apple Store,ATM WITHDRAWAL,UK,Laptop,2026-04-30T03:12:44.000+05:30,NO,3,YES,4,YES
14468,44,1033,16676.55,Apple Store,UPI,Germany,Mobile,2026-04-28T03:01:19.000+05:30,NO,3,YES,4,YES
14513,94,1187,78272.21,Netflix,UPI,UK,ATM,2026-04-26T11:13:49.000+05:30,YES,11,NO,4,YES
14560,100,1121,70857.4,Nike,UPI,Singapore,Mobile,2026-05-07T13:03:21.000+05:30,YES,13,NO,5,YES
14697,84,1132,35572.45,Nike,UPI,UK,Laptop,2026-04-26T20:44:04.000+05:30,NO,20,NO,4,YES
14811,78,1043,97586.76,Uber,UPI,Singapore,Mobile,2026-05-16T15:24:39.000+05:30,YES,15,NO,5,YES
15207,82,1181,26160.07,Flipkart,CARD,Singapore,Laptop,2026-05-17T07:39:10.000+05:30,NO,7,NO,5,YES
15269,31,1032,40758.94,Amazon,UPI,USA,Mobile,2026-05-18T00:46:41.000+05:30,NO,0,YES,5,YES
15605,28,1151,83140.89,Nike,NET BANKING,India,Mobile,2026-04-22T00:21:54.000+05:30,YES,0,YES,4,NO
15624,20,1034,42073.1,Flipkart,CARD,Singapore,Laptop,2026-05-03T13:23:43.000+05:30,NO,13,NO,5,YES
15703,60,1075,51340.71,Flipkart,UPI,Singapore,Tablet,2026-04-25T04:20:27.000+05:30,YES,4,YES,4,YES
15939,6,1174,67546.21,Apple Store,NET BANKING,Germany,ATM,2026-04-26T06:09:47.000+05:30,YES,6,NO,4,YES
16407,79,1038,93244.7,Swiggy,CARD,Germany,Tablet,2026-05-05T21:24:34.000+05:30,YES,21,NO,5,YES
16543,54,1170,59634.56,Petrol Pump,CARD,India,Laptop,2026-05-02T15:17:50.000+05:30,YES,15,NO,5,NO
16716,84,1044,95351.67,Petrol Pump,UPI,UK,Mobile,2026-04-24T14:18:07.000+05:30,YES,14,NO,4,YES
16780,59,1190,79697.61,Netflix,CARD,India,Laptop,2026-05-13T01:50:00.000+05:30,YES,1,YES,5,NO
16809,49,1129,87927.82,Swiggy,CARD,USA,ATM,2026-05-11T18:23:54.000+05:30,YES,18,NO,5,YES
16828,5,1123,82088.49,Walmart,CARD,UK,Tablet,2026-05-09T18:20:18.000+05:30,YES,18,NO,5,YES
16879,55,1060,81199.43,Nike,UPI,India,Laptop,2026-05-17T20:33:01.000+05:30,YES,20,NO,5,NO
16883,22,1086,58432.99,Amazon,ATM WITHDRAWAL,India,ATM,2026-05-10T06:26:36.000+05:30,YES,6,NO,5,NO
17061,50,1167,71366.83,Amazon,ATM WITHDRAWAL,Singapore,Tablet,2026-04-28T11:12:12.000+05:30,YES,11,NO,4,YES
17737,16,1091,40670.67,Zomato,ATM WITHDRAWAL,Singapore,Laptop,2026-04-27T16:00:47.000+05:30,NO,16,NO,4,YES
18075,15,1196,6476.48,Petrol Pump,NET BANKING,UK,Laptop,2026-05-09T06:33:45.000+05:30,NO,6,NO,5,YES
18393,25,1030,41357.43,Uber,UPI,UK,Tablet,2026-05-07T16:22:44.000+05:30,NO,16,NO,5,YES
18650,57,1055,89478.55,Uber,ATM WITHDRAWAL,India,Tablet,2026-04-20T07:07:34.000+05:30,YES,7,NO,4,NO
19003,33,1178,63942.61,Apple Store,ATM WITHDRAWAL,India,Laptop,2026-04-23T15:21:47.000+05:30,YES,15,NO,4,NO
19032,43,1180,5269.47,Flipkart,CARD,India,Mobile,2026-05-03T02:33:06.000+05:30,NO,2,YES,5,NO
19258,15,1146,89164.58,Netflix,NET BANKING,Germany,Laptop,2026-04-29T02:12:54.000+05:30,YES,2,YES,4,YES
19624,19,1133,83296.21,Walmart,CARD,UK,Mobile,2026-05-09T06:59:32.000+05:30,YES,6,NO,5,YES
19768,6,1009,55773.25,Netflix,CARD,USA,ATM,2026-04-30T06:04:17.000+05:30,YES,6,NO,4,YES
19938,45,1099,40733.98,Amazon,UPI,Singapore,Tablet,2026-04-29T06:18:17.000+05:30,NO,6,NO,4,YES
10058,46,1082,48486.18,Netflix,ATM WITHDRAWAL,USA,Laptop,2026-05-07T21:47:13.000+05:30,NO,21,NO,5,YES
10171,73,1164,58825.18,Amazon,UPI,India,Laptop,2026-05-08T09:40:45.000+05:30,YES,9,NO,5,NO
10484,48,1082,50460.36,Petrol Pump,UPI,UK,Mobile,2026-04-27T00:19:04.000+05:30,YES,0,YES,4,YES
10677,87,1106,56722.94,Flipkart,UPI,India,Tablet,2026-04-23T07:20:10.000+05:30,YES,7,NO,4,NO
10993,1,1039,67696.77,Zomato,NET BANKING,UK,Laptop,2026-04-30T02:46:16.000+05:30,YES,2,YES,4,YES
11001,78,1175,46408.81,Petrol Pump,CARD,Germany,Mobile,2026-05-08T12:04:40.000+05:30,NO,12,NO,5,YES
11757,51,1198,25293.39,Petrol Pump,UPI,Singapore,Laptop,2026-04-19T19:11:43.000+05:30,NO,19,NO,4,YES
12283,50,1006,43195.23,Zomato,NET BANKING,Germany,Mobile,2026-05-09T07:44:08.000+05:30,NO,7,NO,5,YES
12301,46,1158,70317.2,Walmart,ATM WITHDRAWAL,India,Mobile,2026-05-18T03:06:02.000+05:30,YES,3,YES,5,NO
12386,43,1085,78911.48,Swiggy,UPI,UK,Tablet,2026-04-22T17:29:20.000+05:30,YES,17,NO,4,YES
12522,35,1129,73869.59,Amazon,UPI,USA,ATM,2026-04-29T06:59:35.000+05:30,YES,6,NO,4,YES
12570,54,1127,52841.26,Zomato,CARD,USA,Laptop,2026-05-03T04:13:47.000+05:30,YES,4,YES,5,YES
12993,71,1162,5449.32,Nike,NET BANKING,UK,Tablet,2026-05-12T12:30:59.000+05:30,NO,12,NO,5,YES
13037,74,1157,19075.34,Uber,CARD,Singapore,Tablet,2026-05-05T22:47:02.000+05:30,NO,22,NO,5,YES
13504,83,1031,14102.47,Petrol Pump,NET BANKING,USA,ATM,2026-05-13T16:48:59.000+05:30,NO,16,NO,5,YES
14017,13,1168,12990.64,Nike,ATM WITHDRAWAL,Singapore,Tablet,2026-05-17T01:09:53.000+05:30,NO,1,YES,5,YES
14205,75,1052,27627.13,Walmart,ATM WITHDRAWAL,India,Tablet,2026-05-02T03:34:07.000+05:30,NO,3,YES,5,NO
14265,79,1126,70092.9,Netflix,NET BANKING,India,Mobile,2026-05-03T11:37:27.000+05:30,YES,11,NO,5,NO
14429,29,1049,23207.86,Apple Store,CARD,Germany,Mobile,2026-04-22T07:19:09.000+05:30,NO,7,NO,4,YES
14501,39,1181,42049.68,Amazon,ATM WITHDRAWAL,Germany,Tablet,2026-04-22T08:42:17.000+05:30,NO,8,NO,4,YES
14761,3,1178,62639.49,Nike,ATM WITHDRAWAL,India,Mobile,2026-04-23T16:10:44.000+05:30,YES,16,NO,4,NO
14864,83,1198,27783.98,Petrol Pump,ATM WITHDRAWAL,UK,Laptop,2026-04-29T19:03:47.000+05:30,NO,19,NO,4,YES
14902,94,1085,94929.67,Swiggy,ATM WITHDRAWAL,UK,ATM,2026-04-30T20:10:22.000+05:30,YES,20,NO,4,YES
14923,93,1044,84645.63,Amazon,ATM WITHDRAWAL,Singapore,Mobile,2026-05-02T06:26:18.000+05:30,YES,6,NO,5,YES
15482,33,1141,74240.06,Zomato,NET BANKING,India,Mobile,2026-05-17T19:55:52.000+05:30,YES,19,NO,5,NO
15775,79,1090,33229.12,Flipkart,NET BANKING,USA,Laptop,2026-04-23T07:47:31.000+05:30,NO,7,NO,4,YES
15799,83,1067,66381.23,Flipkart,UPI,Singapore,ATM,2026-05-07T22:34:19.000+05:30,YES,22,NO,5,YES
15819,3,1050,99183.57,Swiggy,NET BANKING,India,Laptop,2026-05-04T06:51:37.000+05:30,YES,6,NO,5,NO
15903,6,1025,77350.29,Swiggy,UPI,Germany,Laptop,2026-05-03T01:11:21.000+05:30,YES,1,YES,5,YES
16275,13,1011,88315.35,Netflix,ATM WITHDRAWAL,USA,ATM,2026-05-01T14:02:16.000+05:30,YES,14,NO,5,YES
16288,25,1026,95834.5,Apple Store,ATM WITHDRAWAL,Singapore,Mobile,2026-04-28T05:17:21.000+05:30,YES,5,YES,4,YES
16320,84,1037,9991.61,Flipkart,NET BANKING,India,Tablet,2026-04-30T00:51:44.000+05:30,NO,0,YES,4,NO
16584,17,1053,31418.13,Flipkart,NET BANKING,Singapore,Laptop,2026-05-05T11:36:37.000+05:30,NO,11,NO,5,YES
17223,75,1095,74125.68,Amazon,UPI,India,ATM,2026-05-01T08:57:17.000+05:30,YES,8,NO,5,NO
18132,16,1174,72654.45,Swiggy,ATM WITHDRAWAL,Singapore,Tablet,2026-05-01T08:21:51.000+05:30,YES,8,NO,5,YES
18357,24,1117,36478.4,Apple Store,ATM WITHDRAWAL,UK,ATM,2026-04-27T08:53:03.000+05:30,NO,8,NO,4,YES
18529,6,1085,70457.84,Netflix,NET BANKING,Germany,Mobile,2026-05-01T11:08:02.000+05:30,YES,11,NO,5,YES
18993,96,1076,58355.65,Nike,ATM WITHDRAWAL,Germany,Mobile,2026-04-24T18:25:58.000+05:30,YES,18,NO,4,YES
19014,44,1060,14559.23,Nike,CARD,India,ATM,2026-05-05T03:21:12.000+05:30,NO,3,YES,5,NO
19319,41,1123,99422.81,Nike,CARD,Singapore,Tablet,2026-04-27T21:35:29.000+05:30,YES,21,NO,4,YES
19382,66,1087,52758.21,Zomato,ATM WITHDRAWAL,Germany,Laptop,2026-04-24T10:10:41.000+05:30,YES,10,NO,4,YES
19715,82,1074,32587.16,Petrol Pump,ATM WITHDRAWAL,USA,Tablet,2026-04-27T13:27:12.000+05:30,NO,13,NO,4,YES
19977,94,1127,34649.52,Flipkart,ATM WITHDRAWAL,Singapore,Mobile,2026-04-23T02:41:09.000+05:30,NO,2,YES,4,YES
10324,25,1120,85614.76,Petrol Pump,NET BANKING,USA,ATM,2026-05-14T18:42:07.000+05:30,YES,18,NO,5,YES
10442,34,1154,25706.52,Zomato,NET BANKING,USA,ATM,2026-04-30T05:46:12.000+05:30,NO,5,YES,4,YES
10643,98,1160,53398.32,Amazon,UPI,UK,Mobile,2026-05-03T13:33:43.000+05:30,YES,13,NO,5,YES
11052,4,1019,67655.41,Netflix,NET BANKING,USA,ATM,2026-05-03T06:30:40.000+05:30,YES,6,NO,5,YES
11277,79,1102,64969.42,Apple Store,ATM WITHDRAWAL,Singapore,Tablet,2026-05-05T08:05:11.000+05:30,YES,8,NO,5,YES
11390,85,1074,70142.0,Nike,UPI,Singapore,ATM,2026-05-16T10:36:33.000+05:30,YES,10,NO,5,YES
11428,85,1017,29803.47,Netflix,CARD,UK,ATM,2026-05-01T18:14:31.000+05:30,NO,18,NO,5,YES
11607,92,1048,43829.58,Apple Store,UPI,UK,Mobile,2026-04-26T09:39:44.000+05:30,NO,9,NO,4,YES
11961,96,1159,19514.29,Apple Store,ATM WITHDRAWAL,USA,Tablet,2026-05-03T09:52:55.000+05:30,NO,9,NO,5,YES
12774,78,1034,3971.84,Petrol Pump,CARD,USA,ATM,2026-05-09T03:09:27.000+05:30,NO,3,YES,5,YES
13117,44,1168,44557.2,Netflix,NET BANKING,Singapore,ATM,2026-05-05T13:28:46.000+05:30,NO,13,NO,5,YES
13673,27,1065,81953.38,Uber,UPI,India,ATM,2026-05-02T10:53:09.000+05:30,YES,10,NO,5,NO
13996,77,1041,31408.52,Walmart,NET BANKING,USA,Mobile,2026-05-08T19:11:11.000+05:30,NO,19,NO,5,YES
14024,23,1039,82760.1,Petrol Pump,ATM WITHDRAWAL,Germany,Laptop,2026-04-20T02:48:20.000+05:30,YES,2,YES,4,YES
14289,11,1108,11187.83,Nike,ATM WITHDRAWAL,USA,ATM,2026-05-02T05:24:11.000+05:30,NO,5,YES,5,YES
14386,78,1155,22339.12,Zomato,UPI,Singapore,ATM,2026-05-16T05:34:17.000+05:30,NO,5,YES,5,YES
14574,5,1015,99215.66,Petrol Pump,ATM WITHDRAWAL,Germany,ATM,2026-05-07T18:36:45.000+05:30,YES,18,NO,5,YES
14813,62,1031,88842.36,Nike,UPI,UK,Laptop,2026-04-25T01:51:25.000+05:30,YES,1,YES,4,YES
15125,63,1175,64345.92,Apple Store,ATM WITHDRAWAL,Germany,Laptop,2026-04-19T16:53:06.000+05:30,YES,16,NO,4,YES
15294,50,1171,14857.21,Flipkart,UPI,Singapore,Mobile,2026-05-09T08:23:18.000+05:30,NO,8,NO,5,YES
15718,41,1154,79622.36,Nike,CARD,India,ATM,2026-04-21T02:51:36.000+05:30,YES,2,YES,4,NO
16232,98,1088,52595.01,Zomato,UPI,USA,ATM,2026-05-02T11:14:15.000+05:30,YES,11,NO,5,YES
16297,63,1067,26043.49,Netflix,ATM WITHDRAWAL,Singapore,ATM,2026-05-08T13:10:51.000+05:30,NO,13,NO,5,YES
16474,56,1038,14548.67,Apple Store,ATM WITHDRAWAL,UK,Laptop,2026-05-16T20:45:10.000+05:30,NO,20,NO,5,YES
16824,55,1032,34281.13,Petrol Pump,NET BANKING,Singapore,ATM,2026-04-25T11:32:59.000+05:30,NO,11,NO,4,YES
16993,51,1103,22053.3,Apple Store,UPI,UK,Laptop,2026-05-13T13:15:08.000+05:30,NO,13,NO,5,YES
17031,78,1168,71771.55,Flipkart,ATM WITHDRAWAL,Singapore,Mobile,2026-05-10T23:33:55.000+05:30,YES,23,NO,5,YES
17096,36,1017,65434.59,Amazon,NET BANKING,Singapore,Mobile,2026-05-06T20:26:35.000+05:30,YES,20,NO,5,YES
17584,12,1167,17520.25,Zomato,ATM WITHDRAWAL,Germany,Laptop,2026-05-08T02:45:44.000+05:30,NO,2,YES,5,YES
17634,8,1107,75265.1,Walmart,ATM WITHDRAWAL,USA,Tablet,2026-04-20T13:44:15.000+05:30,YES,13,NO,4,YES
17920,30,1142,87040.05,Uber,NET BANKING,Singapore,Tablet,2026-05-01T22:03:42.000+05:30,YES,22,NO,5,YES
17990,41,1144,49906.76,Apple Store,CARD,UK,Tablet,2026-05-12T06:58:33.000+05:30,NO,6,NO,5,YES
17992,39,1135,85510.67,Walmart,UPI,India,ATM,2026-05-14T10:22:21.000+05:30,YES,10,NO,5,NO
18073,69,1101,90243.11,Petrol Pump,CARD,Germany,ATM,2026-05-03T17:19:47.000+05:30,YES,17,NO,5,YES
18331,19,1125,86509.59,Netflix,CARD,USA,Tablet,2026-04-28T08:35:00.000+05:30,YES,8,NO,4,YES
18769,5,1009,21159.65,Netflix,CARD,India,Laptop,2026-05-14T02:47:43.000+05:30,NO,2,YES,5,NO
19036,75,1034,36005.51,Swiggy,UPI,Singapore,ATM,2026-04-21T08:37:36.000+05:30,NO,8,NO,4,YES
19048,58,1042,69548.47,Swiggy,CARD,Singapore,Tablet,2026-04-24T01:53:31.000+05:30,YES,1,YES,4,YES
19170,86,1007,14298.22,Amazon,ATM WITHDRAWAL,USA,Mobile,2026-05-03T23:49:50.000+05:30,NO,23,NO,5,YES
19469,98,1086,2548.17,Swiggy,CARD,UK,Tablet,2026-04-19T13:18:52.000+05:30,NO,13,NO,4,YES
19486,80,1192,83114.06,Flipkart,ATM WITHDRAWAL,USA,Laptop,2026-05-12T07:19:19.000+05:30,YES,7,NO,5,YES
19876,56,1188,71426.74,Nike,NET BANKING,India,Tablet,2026-05-14T09:00:06.000+05:30,YES,9,NO,5,NO
10421,14,1163,91781.23,Walmart,ATM WITHDRAWAL,India,Laptop,2026-05-14T23:00:47.000+05:30,YES,23,NO,5,NO
10537,36,1135,87483.62,Netflix,NET BANKING,UK,Tablet,2026-05-05T01:41:50.000+05:30,YES,1,YES,5,YES
10833,17,1184,5240.06,Apple Store,ATM WITHDRAWAL,USA,Mobile,2026-05-07T22:50:24.000+05:30,NO,22,NO,5,YES
11234,4,1161,47320.62,Amazon,UPI,UK,ATM,2026-05-08T22:08:14.000+05:30,NO,22,NO,5,YES
11320,42,1045,72238.54,Amazon,CARD,USA,ATM,2026-05-18T11:59:19.000+05:30,YES,11,NO,5,YES
11365,98,1042,54407.91,Netflix,NET BANKING,Singapore,ATM,2026-05-12T07:06:52.000+05:30,YES,7,NO,5,YES
12284,34,1200,14411.02,Apple Store,CARD,Germany,Tablet,2026-05-03T07:18:21.000+05:30,NO,7,NO,5,YES
12404,66,1147,58110.88,Petrol Pump,UPI,UK,Laptop,2026-05-16T00:15:20.000+05:30,YES,0,YES,5,YES
12539,24,1065,55534.57,Nike,CARD,USA,Laptop,2026-05-15T21:37:23.000+05:30,YES,21,NO,5,YES
12837,49,1189,23970.59,Amazon,UPI,Singapore,Laptop,2026-04-22T20:59:14.000+05:30,NO,20,NO,4,YES
13074,32,1122,92753.54,Apple Store,NET BANKING,Germany,ATM,2026-04-21T02:31:36.000+05:30,YES,2,YES,4,YES
13319,79,1151,54895.66,Walmart,ATM WITHDRAWAL,UK,Laptop,2026-05-15T06:39:24.000+05:30,YES,6,NO,5,YES
13439,25,1146,53730.72,Zomato,NET BANKING,USA,Mobile,2026-05-12T14:00:37.000+05:30,YES,14,NO,5,YES
14068,93,1082,81981.59,Flipkart,ATM WITHDRAWAL,UK,Tablet,2026-05-08T16:07:47.000+05:30,YES,16,NO,5,YES
14621,11,1016,40764.71,Nike,ATM WITHDRAWAL,Singapore,Tablet,2026-04-23T01:47:42.000+05:30,NO,1,YES,4,YES
14638,100,1189,32335.77,Apple Store,UPI,UK,Mobile,2026-05-04T10:35:15.000+05:30,NO,10,NO,5,YES
14961,84,1037,88895.05,Uber,UPI,UK,Mobile,2026-05-05T20:51:30.000+05:30,YES,20,NO,5,YES
15136,28,1198,73733.61,Apple Store,UPI,UK,Laptop,2026-04-19T01:26:53.000+05:30,YES,1,YES,4,YES
15328,79,1133,84136.15,Walmart,ATM WITHDRAWAL,USA,Tablet,2026-05-05T22:36:01.000+05:30,YES,22,NO,5,YES
15487,96,1178,88611.83,Zomato,UPI,USA,Tablet,2026-05-07T03:16:08.000+05:30,YES,3,YES,5,YES
16640,45,1199,20691.75,Flipkart,UPI,USA,Laptop,2026-05-16T20:49:00.000+05:30,NO,20,NO,5,YES
16701,70,1041,78736.95,Uber,ATM WITHDRAWAL,Singapore,Mobile,2026-05-10T08:00:40.000+05:30,YES,8,NO,5,YES
16979,26,1109,94241.36,Zomato,NET BANKING,India,Mobile,2026-05-03T02:44:54.000+05:30,YES,2,YES,5,NO
17607,92,1132,38149.26,Amazon,UPI,Singapore,Mobile,2026-05-07T08:22:38.000+05:30,NO,8,NO,5,YES
17803,12,1052,89869.21,Swiggy,UPI,India,Laptop,2026-05-07T17:54:14.000+05:30,YES,17,NO,5,NO
17865,94,1138,29793.55,Swiggy,ATM WITHDRAWAL,Singapore,Mobile,2026-05-06T13:55:52.000+05:30,NO,13,NO,5,YES
17965,87,1013,2272.9,Walmart,NET BANKING,Singapore,ATM,2026-05-12T00:55:18.000+05:30,NO,0,YES,5,YES
18176,27,1045,62577.04,Petrol Pump,ATM WITHDRAWAL,USA,Mobile,2026-05-14T22:01:03.000+05:30,YES,22,NO,5,YES
18263,99,1105,82858.15,Zomato,UPI,UK,Mobile,2026-04-29T21:21:56.000+05:30,YES,21,NO,4,YES
18448,39,1065,21287.22,Flipkart,UPI,UK,ATM,2026-04-27T19:41:31.000+05:30,NO,19,NO,4,YES
18555,92,1122,19760.62,Netflix,UPI,Singapore,Laptop,2026-04-24T20:20:24.000+05:30,NO,20,NO,4,YES
18745,44,1057,76965.88,Amazon,UPI,USA,ATM,2026-04-29T07:36:19.000+05:30,YES,7,NO,4,YES
19291,76,1063,42022.43,Swiggy,UPI,Germany,Tablet,2026-05-08T03:46:30.000+05:30,NO,3,YES,5,YES
19324,49,1166,55967.93,Walmart,UPI,UK,Mobile,2026-05-10T21:12:21.000+05:30,YES,21,NO,5,YES
19651,3,1153,42587.97,Walmart,ATM WITHDRAWAL,Singapore,Laptop,2026-05-17T03:38:24.000+05:30,NO,3,YES,5,YES
19864,85,1074,99265.83,Zomato,UPI,UK,Mobile,2026-05-15T00:08:54.000+05:30,YES,0,YES,5,YES
10567,72,1179,70004.1,Zomato,NET BANKING,UK,Laptop,2026-04-21T15:55:37.000+05:30,YES,15,NO,4,YES
10648,2,1123,25772.91,Apple Store,ATM WITHDRAWAL,USA,Tablet,2026-05-04T20:25:37.000+05:30,NO,20,NO,5,YES
10841,55,1001,78538.88,Walmart,NET BANKING,Germany,Laptop,2026-05-10T23:41:57.000+05:30,YES,23,NO,5,YES
11129,87,1094,13287.31,Nike,ATM WITHDRAWAL,Germany,ATM,2026-05-12T04:42:09.000+05:30,NO,4,YES,5,YES
11254,30,1042,28836.52,Apple Store,UPI,Singapore,Mobile,2026-04-26T09:18:25.000+05:30,NO,9,NO,4,YES
11302,87,1011,95264.96,Uber,UPI,Singapore,Mobile,2026-04-21T04:16:30.000+05:30,YES,4,YES,4,YES
12629,100,1056,8492.71,Amazon,NET BANKING,Germany,Mobile,2026-04-24T05:29:22.000+05:30,NO,5,YES,4,YES
12650,50,1107,74671.94,Apple Store,ATM WITHDRAWAL,UK,Tablet,2026-05-05T01:05:21.000+05:30,YES,1,YES,5,YES
12679,86,1130,79336.34,Walmart,ATM WITHDRAWAL,India,Laptop,2026-04-30T09:11:30.000+05:30,YES,9,NO,4,NO
13076,82,1012,29642.45,Flipkart,UPI,Singapore,Mobile,2026-05-10T01:53:23.000+05:30,NO,1,YES,5,YES
13081,70,1178,43439.68,Uber,UPI,Singapore,Mobile,2026-05-07T05:40:59.000+05:30,NO,5,YES,5,YES
13142,15,1012,15313.19,Uber,ATM WITHDRAWAL,USA,ATM,2026-05-17T00:53:09.000+05:30,NO,0,YES,5,YES
13171,42,1050,27934.27,Petrol Pump,CARD,UK,Laptop,2026-04-23T04:55:48.000+05:30,NO,4,YES,4,YES
13186,81,1033,9894.28,Apple Store,UPI,USA,Laptop,2026-05-07T18:33:13.000+05:30,NO,18,NO,5,YES
13188,9,1071,93635.08,Flipkart,NET BANKING,India,Mobile,2026-05-09T06:45:37.000+05:30,YES,6,NO,5,NO
13620,4,1169,66139.41,Swiggy,NET BANKING,UK,ATM,2026-05-08T22:11:50.000+05:30,YES,22,NO,5,YES
13621,3,1060,18036.34,Netflix,ATM WITHDRAWAL,USA,Laptop,2026-05-10T16:25:27.000+05:30,NO,16,NO,5,YES
13713,85,1026,28570.44,Petrol Pump,ATM WITHDRAWAL,UK,Laptop,2026-05-03T22:31:20.000+05:30,NO,22,NO,5,YES
13779,4,1174,70146.31,Zomato,UPI,USA,Laptop,2026-04-21T10:53:43.000+05:30,YES,10,NO,4,YES
13831,45,1124,28066.77,Walmart,NET BANKING,India,Mobile,2026-04-19T00:55:00.000+05:30,NO,0,YES,4,NO
15131,48,1096,75255.61,Uber,ATM WITHDRAWAL,Germany,Laptop,2026-04-24T17:00:43.000+05:30,YES,17,NO,4,YES
15133,25,1009,739.35,Uber,NET BANKING,Germany,Laptop,2026-05-01T14:31:13.000+05:30,NO,14,NO,5,YES
15234,29,1166,57816.09,Amazon,NET BANKING,Germany,Mobile,2026-05-18T08:01:36.000+05:30,YES,8,NO,5,YES
15286,97,1095,44542.11,Flipkart,ATM WITHDRAWAL,Singapore,Tablet,2026-05-14T01:52:06.000+05:30,NO,1,YES,5,YES
16338,3,1111,9549.56,Swiggy,CARD,UK,Tablet,2026-05-12T05:31:54.000+05:30,NO,5,YES,5,YES
16478,62,1113,33946.56,Zomato,UPI,India,Laptop,2026-05-02T02:30:04.000+05:30,NO,2,YES,5,NO
16660,24,1153,97646.02,Swiggy,NET BANKING,India,Mobile,2026-05-12T17:14:11.000+05:30,YES,17,NO,5,NO
16892,98,1154,43768.56,Swiggy,ATM WITHDRAWAL,Germany,Laptop,2026-05-01T07:32:09.000+05:30,NO,7,NO,5,YES
18101,7,1094,57925.2,Uber,NET BANKING,USA,Tablet,2026-05-11T12:17:14.000+05:30,YES,12,NO,5,YES
18645,61,1057,76812.22,Zomato,ATM WITHDRAWAL,India,ATM,2026-05-16T04:26:29.000+05:30,YES,4,YES,5,NO
19096,55,1125,66571.09,Nike,ATM WITHDRAWAL,USA,Mobile,2026-05-04T14:03:58.000+05:30,YES,14,NO,5,YES
19311,82,1142,75464.43,Nike,ATM WITHDRAWAL,UK,ATM,2026-05-02T23:54:42.000+05:30,YES,23,NO,5,YES
10475,41,1095,24013.34,Netflix,ATM WITHDRAWAL,Germany,Mobile,2026-05-12T19:50:58.000+05:30,NO,19,NO,5,YES
11179,80,1169,12991.79,Petrol Pump,UPI,USA,Mobile,2026-04-19T13:18:15.000+05:30,NO,13,NO,4,YES
11858,1,1004,90041.69,Apple Store,ATM WITHDRAWAL,UK,Laptop,2026-05-06T12:15:06.000+05:30,YES,12,NO,5,YES
12075,75,1165,2386.98,Zomato,NET BANKING,USA,Tablet,2026-05-18T11:27:23.000+05:30,NO,11,NO,5,YES
12486,64,1034,88957.91,Flipkart,UPI,India,Mobile,2026-05-01T12:42:54.000+05:30,YES,12,NO,5,NO
12771,18,1022,57534.55,Swiggy,ATM WITHDRAWAL,UK,Tablet,2026-04-28T07:39:13.000+05:30,YES,7,NO,4,YES
12940,49,1071,44773.95,Nike,CARD,Germany,ATM,2026-05-16T22:42:59.000+05:30,NO,22,NO,5,YES
13631,1,1068,56273.38,Zomato,ATM WITHDRAWAL,UK,Tablet,2026-04-18T17:35:47.000+05:30,YES,17,NO,4,YES
13672,53,1194,68441.15,Uber,CARD,Singapore,Tablet,2026-05-03T12:15:28.000+05:30,YES,12,NO,5,YES
13854,58,1033,62217.14,Flipkart,CARD,India,Laptop,2026-04-30T01:30:11.000+05:30,YES,1,YES,4,NO
14284,12,1182,53051.38,Walmart,UPI,UK,Laptop,2026-05-15T08:41:12.000+05:30,YES,8,NO,5,YES
15032,95,1199,64848.03,Flipkart,CARD,Singapore,Mobile,2026-05-05T22:48:03.000+05:30,YES,22,NO,5,YES
15402,81,1094,64732.68,Netflix,CARD,Germany,Laptop,2026-04-21T00:32:46.000+05:30,YES,0,YES,4,YES
15607,91,1075,45893.45,Amazon,ATM WITHDRAWAL,USA,Mobile,2026-05-16T12:27:48.000+05:30,NO,12,NO,5,YES
15737,78,1142,89993.4,Flipkart,NET BANKING,USA,Tablet,2026-04-28T09:37:10.000+05:30,YES,9,NO,4,YES
16225,91,1193,85621.42,Zomato,ATM WITHDRAWAL,UK,ATM,2026-05-07T08:40:05.000+05:30,YES,8,NO,5,YES
16340,3,1178,35481.47,Swiggy,CARD,USA,Mobile,2026-04-25T14:15:41.000+05:30,NO,14,NO,4,YES
16515,22,1189,42654.82,Walmart,NET BANKING,Singapore,Mobile,2026-04-21T06:19:50.000+05:30,NO,6,NO,4,YES
16551,21,1077,42623.62,Uber,NET BANKING,UK,Laptop,2026-05-03T05:45:30.000+05:30,NO,5,YES,5,YES
17386,91,1139,75084.56,Uber,NET BANKING,India,Mobile,2026-04-24T21:18:39.000+05:30,YES,21,NO,4,NO
17559,85,1153,99238.31,Uber,ATM WITHDRAWAL,USA,Tablet,2026-05-16T20:08:40.000+05:30,YES,20,NO,5,YES
18456,64,1116,9134.11,Flipkart,ATM WITHDRAWAL,Singapore,Mobile,2026-04-21T23:05:35.000+05:30,NO,23,NO,4,YES
19027,40,1058,81087.53,Netflix,CARD,USA,Laptop,2026-05-15T17:23:42.000+05:30,YES,17,NO,5,YES
19415,1,1119,23038.03,Zomato,CARD,Singapore,ATM,2026-05-04T14:14:30.000+05:30,NO,14,NO,5,YES
10221,73,1045,35745.16,Netflix,CARD,USA,Mobile,2026-04-27T12:53:53.000+05:30,NO,12,NO,4,YES
10444,4,1132,13710.18,Netflix,ATM WITHDRAWAL,Singapore,Tablet,2026-05-17T18:54:11.000+05:30,NO,18,NO,5,YES
12064,54,1149,33039.31,Walmart,NET BANKING,USA,Mobile,2026-05-10T05:06:21.000+05:30,NO,5,YES,5,YES
12174,33,1122,92243.66,Zomato,ATM WITHDRAWAL,USA,Laptop,2026-04-28T14:55:26.000+05:30,YES,14,NO,4,YES
12592,91,1057,32050.16,Uber,ATM WITHDRAWAL,Singapore,Tablet,2026-05-02T02:17:15.000+05:30,NO,2,YES,5,YES
12994,61,1137,15404.94,Zomato,ATM WITHDRAWAL,Singapore,Mobile,2026-05-03T22:54:52.000+05:30,NO,22,NO,5,YES
13348,65,1173,15153.03,Amazon,ATM WITHDRAWAL,UK,Tablet,2026-04-24T10:04:02.000+05:30,NO,10,NO,4,YES
13755,28,1114,73345.94,Swiggy,ATM WITHDRAWAL,India,Tablet,2026-04-18T16:41:27.000+05:30,YES,16,NO,4,NO
14253,31,1005,22342.42,Apple Store,NET BANKING,Germany,Mobile,2026-05-05T16:58:45.000+05:30,NO,16,NO,5,YES
14585,11,1009,58244.2,Netflix,NET BANKING,India,Tablet,2026-04-27T21:46:33.000+05:30,YES,21,NO,4,NO
14831,29,1101,51926.06,Netflix,NET BANKING,Singapore,Laptop,2026-04-21T22:39:18.000+05:30,YES,22,NO,4,YES
15104,56,1162,62610.24,Netflix,UPI,Germany,ATM,2026-05-05T02:57:15.000+05:30,YES,2,YES,5,YES
15215,81,1106,1385.55,Flipkart,NET BANKING,UK,Mobile,2026-05-14T10:54:08.000+05:30,NO,10,NO,5,YES
15316,99,1073,59183.05,Uber,CARD,Germany,Laptop,2026-05-03T20:09:37.000+05:30,YES,20,NO,5,YES
15598,91,1012,27573.6,Uber,ATM WITHDRAWAL,Singapore,Tablet,2026-05-17T17:17:49.000+05:30,NO,17,NO,5,YES
16089,96,1034,79377.03,Amazon,UPI,UK,ATM,2026-05-06T02:40:33.000+05:30,YES,2,YES,5,YES
16108,22,1192,80203.05,Swiggy,ATM WITHDRAWAL,UK,Mobile,2026-05-12T22:56:13.000+05:30,YES,22,NO,5,YES
16119,45,1192,37706.34,Swiggy,UPI,UK,Laptop,2026-04-21T10:29:05.000+05:30,NO,10,NO,4,YES
16333,100,1070,10349.33,Netflix,UPI,Germany,Tablet,2026-05-13T11:47:17.000+05:30,NO,11,NO,5,YES
16470,13,1112,29830.9,Amazon,NET BANKING,India,Mobile,2026-05-18T01:09:59.000+05:30,NO,1,YES,5,NO
16795,48,1144,77874.78,Walmart,UPI,UK,ATM,2026-05-13T11:57:35.000+05:30,YES,11,NO,5,YES
16871,99,1092,35844.16,Flipkart,NET BANKING,USA,Tablet,2026-05-11T10:39:43.000+05:30,NO,10,NO,5,YES
16975,65,1096,12005.19,Walmart,CARD,USA,ATM,2026-05-10T18:21:58.000+05:30,NO,18,NO,5,YES
17288,59,1157,63383.99,Apple Store,UPI,USA,Tablet,2026-04-30T18:01:33.000+05:30,YES,18,NO,4,YES
17382,7,1043,68153.71,Flipkart,UPI,Germany,Mobile,2026-05-02T05:16:21.000+05:30,YES,5,YES,5,YES
17557,67,1055,87016.01,Flipkart,UPI,USA,Tablet,2026-04-25T05:21:31.000+05:30,YES,5,YES,4,YES
18777,28,1116,39663.13,Apple Store,UPI,Germany,Tablet,2026-05-18T06:15:23.000+05:30,NO,6,NO,5,YES
18890,28,1042,43376.15,Zomato,CARD,USA,Laptop,2026-04-22T08:31:28.000+05:30,NO,8,NO,4,YES
18921,3,1134,84790.76,Petrol Pump,CARD,UK,Tablet,2026-05-11T13:07:43.000+05:30,YES,13,NO,5,YES
19052,37,1030,91280.42,Walmart,ATM WITHDRAWAL,USA,Tablet,2026-05-12T07:24:01.000+05:30,YES,7,NO,5,YES
19078,2,1010,76569.71,Petrol Pump,UPI,Germany,Laptop,2026-04-28T02:38:43.000+05:30,YES,2,YES,4,YES
19085,4,1166,37817.4,Apple Store,CARD,USA,Mobile,2026-04-24T23:04:32.000+05:30,NO,23,NO,4,YES
19221,92,1030,47254.53,Swiggy,CARD,UK,Tablet,2026-05-13T09:16:33.000+05:30,NO,9,NO,5,YES
19226,21,1048,51524.26,Amazon,ATM WITHDRAWAL,UK,Laptop,2026-05-11T12:29:56.000+05:30,YES,12,NO,5,YES
19271,61,1187,90857.61,Zomato,NET BANKING,USA,Tablet,2026-04-29T19:45:22.000+05:30,YES,19,NO,4,YES
19539,100,1171,66113.03,Swiggy,ATM WITHDRAWAL,India,Tablet,2026-05-06T14:10:48.000+05:30,YES,14,NO,5,NO
19647,24,1132,96027.81,Apple Store,ATM WITHDRAWAL,UK,ATM,2026-05-02T09:51:25.000+05:30,YES,9,NO,5,YES
10156,88,1037,76195.33,Swiggy,ATM WITHDRAWAL,Singapore,ATM,2026-05-03T00:49:40.000+05:30,YES,0,YES,5,YES
10355,11,1131,3640.27,Nike,UPI,Germany,Laptop,2026-05-13T14:53:02.000+05:30,NO,14,NO,5,YES
10389,70,1028,95651.14,Walmart,NET BANKING,USA,Mobile,2026-05-14T18:51:33.000+05:30,YES,18,NO,5,YES
10589,8,1139,9696.59,Zomato,NET BANKING,UK,ATM,2026-04-22T12:44:59.000+05:30,NO,12,NO,4,YES
10933,81,1178,30710.11,Swiggy,UPI,Singapore,Laptop,2026-04-30T06:47:21.000+05:30,NO,6,NO,4,YES
11163,47,1009,63003.53,Amazon,CARD,USA,ATM,2026-04-20T01:59:00.000+05:30,YES,1,YES,4,YES
11178,26,1084,68312.98,Swiggy,ATM WITHDRAWAL,India,Mobile,2026-04-29T09:19:33.000+05:30,YES,9,NO,4,NO
11242,63,1085,10154.47,Amazon,ATM WITHDRAWAL,Singapore,ATM,2026-05-03T05:37:11.000+05:30,NO,5,YES,5,YES
11431,31,1117,73811.16,Swiggy,NET BANKING,USA,Laptop,2026-04-28T07:17:41.000+05:30,YES,7,NO,4,YES
12018,82,1138,19825.57,Amazon,NET BANKING,UK,ATM,2026-05-02T18:38:42.000+05:30,NO,18,NO,5,YES
13511,44,1185,7167.13,Swiggy,CARD,UK,Mobile,2026-05-07T06:37:16.000+05:30,NO,6,NO,5,YES
13585,15,1032,83997.8,Nike,NET BANKING,UK,Tablet,2026-04-26T19:23:23.000+05:30,YES,19,NO,4,YES
13610,30,1032,69743.91,Petrol Pump,CARD,India,ATM,2026-04-20T08:01:40.000+05:30,YES,8,NO,4,NO
14014,71,1184,98433.17,Apple Store,UPI,Singapore,Laptop,2026-05-01T23:08:52.000+05:30,YES,23,NO,5,YES
14064,72,1167,13942.48,Flipkart,CARD,Singapore,Tablet,2026-05-18T10:24:39.000+05:30,NO,10,NO,5,YES
14651,25,1020,50794.21,Apple Store,ATM WITHDRAWAL,UK,Laptop,2026-05-16T20:27:12.000+05:30,YES,20,NO,5,YES
14729,10,1005,57475.65,Nike,ATM WITHDRAWAL,USA,ATM,2026-05-12T16:15:35.000+05:30,YES,16,NO,5,YES
15376,71,1141,73853.83,Nike,NET BANKING,USA,Tablet,2026-04-20T11:10:07.000+05:30,YES,11,NO,4,YES
15538,13,1058,5352.15,Netflix,CARD,Singapore,Laptop,2026-04-21T09:46:06.000+05:30,NO,9,NO,4,YES
15738,36,1087,71101.55,Zomato,CARD,Singapore,Tablet,2026-05-06T11:54:45.000+05:30,YES,11,NO,5,YES
15924,63,1188,96823.31,Walmart,NET BANKING,UK,Tablet,2026-05-14T03:48:38.000+05:30,YES,3,YES,5,YES
16061,16,1018,39570.22,Nike,NET BANKING,Singapore,Tablet,2026-04-22T10:11:32.000+05:30,NO,10,NO,4,YES
16259,83,1081,12126.84,Flipkart,UPI,USA,Tablet,2026-05-08T00:21:35.000+05:30,NO,0,YES,5,YES
16575,58,1009,37630.62,Zomato,CARD,Singapore,Mobile,2026-05-18T14:48:09.000+05:30,NO,14,NO,5,YES
16833,3,1070,13853.8,Netflix,ATM WITHDRAWAL,Singapore,ATM,2026-04-25T05:16:43.000+05:30,NO,5,YES,4,YES
16838,17,1032,86419.42,Flipkart,CARD,Singapore,ATM,2026-05-02T08:06:07.000+05:30,YES,8,NO,5,YES
17249,76,1008,21032.54,Uber,CARD,Germany,ATM,2026-05-07T15:59:00.000+05:30,NO,15,NO,5,YES
17511,94,1065,50408.17,Nike,UPI,India,Laptop,2026-04-24T07:52:12.000+05:30,YES,7,NO,4,NO
17700,71,1049,75392.85,Petrol Pump,UPI,India,Tablet,2026-05-07T05:36:35.000+05:30,YES,5,YES,5,NO
17806,52,1160,15795.34,Uber,CARD,USA,Laptop,2026-04-22T05:10:13.000+05:30,NO,5,YES,4,YES
17863,35,1052,68538.0,Petrol Pump,CARD,USA,Mobile,2026-05-02T10:43:30.000+05:30,YES,10,NO,5,YES
18712,94,1123,27670.95,Petrol Pump,CARD,Germany,Tablet,2026-04-21T23:00:27.000+05:30,NO,23,NO,4,YES
18716,90,1082,52095.07,Uber,NET BANKING,Germany,Laptop,2026-05-15T13:00:49.000+05:30,YES,13,NO,5,YES
19404,52,1054,64169.76,Flipkart,CARD,UK,Tablet,2026-05-11T03:20:59.000+05:30,YES,3,YES,5,YES
19742,7,1017,70929.64,Uber,NET BANKING,Singapore,ATM,2026-05-11T14:27:02.000+05:30,YES,14,NO,5,YES
19751,72,1019,30489.44,Walmart,NET BANKING,UK,Tablet,2026-05-06T09:40:46.000+05:30,NO,9,NO,5,YES
19870,97,1043,66692.68,Netflix,ATM WITHDRAWAL,USA,Tablet,2026-04-24T20:07:48.000+05:30,YES,20,NO,4,YES
10010,9,1145,79462.99,Petrol Pump,ATM WITHDRAWAL,UK,Laptop,2026-04-23T18:16:45.000+05:30,YES,18,NO,4,YES
10490,60,1097,2080.57,Uber,ATM WITHDRAWAL,Singapore,Laptop,2026-04-21T05:23:22.000+05:30,NO,5,YES,4,YES
10565,97,1017,80063.14,Walmart,NET BANKING,Germany,Tablet,2026-05-13T09:48:16.000+05:30,YES,9,NO,5,YES
10767,20,1126,85418.37,Apple Store,NET BANKING,UK,Laptop,2026-05-13T02:25:05.000+05:30,YES,2,YES,5,YES
11308,63,1028,63314.5,Uber,UPI,Singapore,Laptop,2026-04-20T12:34:19.000+05:30,YES,12,NO,4,YES
11643,87,1067,6815.11,Apple Store,CARD,Germany,Mobile,2026-05-01T02:48:26.000+05:30,NO,2,YES,5,YES
11739,92,1022,20018.04,Swiggy,NET BANKING,India,Mobile,2026-04-30T05:35:39.000+05:30,NO,5,YES,4,NO
12432,8,1014,70067.87,Flipkart,NET BANKING,Singapore,Mobile,2026-05-13T17:48:23.000+05:30,YES,17,NO,5,YES
12536,28,1098,55550.9,Walmart,UPI,Germany,ATM,2026-05-15T10:06:21.000+05:30,YES,10,NO,5,YES
12873,94,1198,60374.33,Amazon,NET BANKING,UK,Tablet,2026-04-22T01:58:45.000+05:30,YES,1,YES,4,YES
13246,15,1006,97011.47,Nike,UPI,Germany,Tablet,2026-05-11T23:46:20.000+05:30,YES,23,NO,5,YES
13346,12,1017,55589.11,Zomato,ATM WITHDRAWAL,Germany,Mobile,2026-04-29T04:07:30.000+05:30,YES,4,YES,4,YES
13417,47,1135,80388.72,Flipkart,UPI,Singapore,ATM,2026-04-27T01:15:58.000+05:30,YES,1,YES,4,YES
13443,55,1133,54505.46,Flipkart,NET BANKING,Germany,Mobile,2026-04-22T01:57:46.000+05:30,YES,1,YES,4,YES
13657,13,1061,79202.34,Swiggy,NET BANKING,USA,Mobile,2026-04-21T11:13:08.000+05:30,YES,11,NO,4,YES
13928,30,1082,30361.15,Apple Store,ATM WITHDRAWAL,UK,Mobile,2026-05-14T23:55:17.000+05:30,NO,23,NO,5,YES
14069,52,1068,10165.17,Apple Store,NET BANKING,Germany,Mobile,2026-04-26T21:16:25.000+05:30,NO,21,NO,4,YES
14146,72,1035,26118.48,Zomato,UPI,Germany,ATM,2026-05-11T05:48:28.000+05:30,NO,5,YES,5,YES
15277,43,1143,88981.04,Amazon,ATM WITHDRAWAL,Singapore,Mobile,2026-04-25T04:27:26.000+05:30,YES,4,YES,4,YES
15379,4,1113,785.89,Nike,CARD,Singapore,Mobile,2026-05-06T11:49:12.000+05:30,NO,11,NO,5,YES
15403,49,1196,46763.12,Uber,UPI,Singapore,Mobile,2026-05-15T09:28:39.000+05:30,NO,9,NO,5,YES
15572,50,1077,35636.26,Flipkart,CARD,USA,Laptop,2026-04-22T23:30:45.000+05:30,NO,23,NO,4,YES
15877,51,1148,61279.12,Swiggy,CARD,Singapore,Mobile,2026-05-06T02:07:41.000+05:30,YES,2,YES,5,YES
15888,32,1088,29789.93,Walmart,CARD,Singapore,Tablet,2026-04-23T20:01:33.000+05:30,NO,20,NO,4,YES
16226,7,1027,74291.65,Amazon,NET BANKING,Singapore,Laptop,2026-04-28T08:32:31.000+05:30,YES,8,NO,4,YES
16342,40,1184,39604.66,Uber,UPI,India,Laptop,2026-05-08T04:43:53.000+05:30,NO,4,YES,5,NO
16472,99,1016,77172.86,Amazon,CARD,Germany,Laptop,2026-05-14T11:29:32.000+05:30,YES,11,NO,5,YES
16487,58,1010,84696.06,Uber,NET BANKING,Singapore,Laptop,2026-05-08T14:18:27.000+05:30,YES,14,NO,5,YES
16754,21,1116,19724.91,Apple Store,NET BANKING,Germany,ATM,2026-05-16T17:23:47.000+05:30,NO,17,NO,5,YES
16857,62,1098,21796.1,Walmart,NET BANKING,Singapore,ATM,2026-05-09T19:29:50.000+05:30,NO,19,NO,5,YES
17456,86,1121,34378.15,Flipkart,NET BANKING,Singapore,Mobile,2026-04-24T21:40:52.000+05:30,NO,21,NO,4,YES
18177,96,1100,5127.68,Flipkart,NET BANKING,UK,Mobile,2026-05-03T11:01:45.000+05:30,NO,11,NO,5,YES
18425,67,1118,30931.37,Apple Store,CARD,UK,Tablet,2026-04-27T14:25:51.000+05:30,NO,14,NO,4,YES
18707,96,1018,86173.3,Flipkart,NET BANKING,USA,Laptop,2026-05-17T17:05:40.000+05:30,YES,17,NO,5,YES
18918,20,1047,6096.13,Walmart,ATM WITHDRAWAL,Singapore,Mobile,2026-05-17T11:19:36.000+05:30,NO,11,NO,5,YES
19494,12,1017,55615.34,Walmart,ATM WITHDRAWAL,Singapore,Tablet,2026-05-13T17:55:38.000+05:30,YES,17,NO,5,YES
19623,41,1053,15984.92,Amazon,ATM WITHDRAWAL,USA,Laptop,2026-05-02T12:20:22.000+05:30,NO,12,NO,5,YES
10441,48,1151,29319.58,Apple Store,UPI,UK,ATM,2026-04-30T11:21:32.000+05:30,NO,11,NO,4,YES
11196,57,1065,53097.16,Apple Store,ATM WITHDRAWAL,India,Laptop,2026-04-30T23:11:26.000+05:30,YES,23,NO,4,NO
11432,54,1127,74813.13,Swiggy,ATM WITHDRAWAL,USA,ATM,2026-05-10T11:55:41.000+05:30,YES,11,NO,5,YES
11816,95,1045,50522.9,Apple Store,NET BANKING,Germany,Mobile,2026-05-17T10:40:50.000+05:30,YES,10,NO,5,YES
12320,18,1075,59609.07,Zomato,CARD,UK,ATM,2026-05-12T21:09:15.000+05:30,YES,21,NO,5,YES
12366,45,1017,2889.56,Amazon,ATM WITHDRAWAL,UK,ATM,2026-04-24T06:18:50.000+05:30,NO,6,NO,4,YES
12594,24,1149,56374.71,Amazon,UPI,UK,Mobile,2026-04-23T19:24:38.000+05:30,YES,19,NO,4,YES
13804,89,1164,66507.11,Flipkart,ATM WITHDRAWAL,UK,Mobile,2026-04-23T21:52:47.000+05:30,YES,21,NO,4,YES
13859,62,1183,57619.93,Petrol Pump,CARD,UK,Mobile,2026-05-07T08:01:39.000+05:30,YES,8,NO,5,YES
14113,45,1056,46647.16,Amazon,NET BANKING,India,Laptop,2026-05-13T04:44:40.000+05:30,NO,4,YES,5,NO
14129,99,1073,76622.76,Amazon,NET BANKING,Germany,ATM,2026-05-16T05:01:20.000+05:30,YES,5,YES,5,YES
14162,42,1114,33006.53,Swiggy,CARD,USA,Tablet,2026-05-15T06:49:55.000+05:30,NO,6,NO,5,YES
14290,40,1167,53948.14,Uber,ATM WITHDRAWAL,Singapore,Tablet,2026-04-20T07:51:04.000+05:30,YES,7,NO,4,YES
14490,97,1087,3966.73,Petrol Pump,NET BANKING,UK,Tablet,2026-04-19T22:39:30.000+05:30,NO,22,NO,4,YES
14529,27,1148,42943.96,Apple Store,CARD,Germany,Laptop,2026-05-09T09:45:18.000+05:30,NO,9,NO,5,YES
14630,19,1012,94962.08,Walmart,NET BANKING,Singapore,Mobile,2026-05-04T09:44:27.000+05:30,YES,9,NO,5,YES
14854,85,1088,9268.26,Nike,ATM WITHDRAWAL,USA,Tablet,2026-05-15T02:44:40.000+05:30,NO,2,YES,5,YES
15022,1,1196,92740.47,Petrol Pump,ATM WITHDRAWAL,UK,Mobile,2026-04-25T05:52:10.000+05:30,YES,5,YES,4,YES
15052,7,1139,94845.29,Zomato,ATM WITHDRAWAL,India,Mobile,2026-04-26T23:34:47.000+05:30,YES,23,NO,4,NO
15167,11,1061,70751.09,Apple Store,ATM WITHDRAWAL,Germany,Mobile,2026-05-14T05:09:55.000+05:30,YES,5,YES,5,YES
15840,16,1059,65213.36,Netflix,UPI,UK,Mobile,2026-04-28T07:55:04.000+05:30,YES,7,NO,4,YES
16157,34,1009,7740.35,Walmart,NET BANKING,USA,ATM,2026-04-28T08:20:16.000+05:30,NO,8,NO,4,YES
16184,4,1019,17472.24,Walmart,CARD,Germany,Laptop,2026-05-16T08:28:09.000+05:30,NO,8,NO,5,YES
16377,58,1153,26647.48,Walmart,UPI,Singapore,Tablet,2026-05-06T15:52:30.000+05:30,NO,15,NO,5,YES
16513,4,1184,86843.17,Nike,UPI,UK,Laptop,2026-05-07T08:21:24.000+05:30,YES,8,NO,5,YES
17307,89,1127,35277.55,Petrol Pump,UPI,UK,ATM,2026-05-07T00:59:51.000+05:30,NO,0,YES,5,YES
17363,52,1192,66531.97,Amazon,CARD,Germany,Mobile,2026-05-06T05:58:36.000+05:30,YES,5,YES,5,YES
17434,35,1018,52914.79,Amazon,CARD,USA,Mobile,2026-05-03T00:03:15.000+05:30,YES,0,YES,5,YES
17537,11,1132,87245.59,Walmart,CARD,India,Laptop,2026-05-13T22:52:56.000+05:30,YES,22,NO,5,NO
17618,55,1174,70931.51,Walmart,UPI,UK,Laptop,2026-05-02T12:01:24.000+05:30,YES,12,NO,5,YES
17659,41,1085,64207.22,Amazon,ATM WITHDRAWAL,UK,ATM,2026-05-02T13:39:51.000+05:30,YES,13,NO,5,YES
17818,79,1109,5615.15,Petrol Pump,UPI,UK,ATM,2026-04-28T00:38:33.000+05:30,NO,0,YES,4,YES
18305,42,1024,99325.38,Zomato,NET BANKING,UK,Mobile,2026-05-03T02:15:57.000+05:30,YES,2,YES,5,YES
18391,95,1199,97881.96,Apple Store,CARD,India,Laptop,2026-05-17T20:34:39.000+05:30,YES,20,NO,5,NO
18566,55,1148,74772.5,Apple Store,UPI,UK,Mobile,2026-05-10T00:39:35.000+05:30,YES,0,YES,5,YES
18588,98,1083,79888.03,Nike,ATM WITHDRAWAL,Singapore,Tablet,2026-05-06T19:10:31.000+05:30,YES,19,NO,5,YES
18773,6,1034,76294.1,Uber,ATM WITHDRAWAL,USA,ATM,2026-05-13T18:31:12.000+05:30,YES,18,NO,5,YES
18897,9,1129,88858.65,Amazon,UPI,UK,Mobile,2026-05-18T04:11:23.000+05:30,YES,4,YES,5,YES
19010,82,1109,7792.13,Uber,ATM WITHDRAWAL,Singapore,Mobile,2026-05-12T02:43:47.000+05:30,NO,2,YES,5,YES
19888,16,1096,83999.78,Netflix,CARD,India,Mobile,2026-05-10T16:22:47.000+05:30,YES,16,NO,5,NO
16661,3,1141,4951.84,Swiggy,CARD,Germany,Mobile,2026-04-19T19:35:14.000+05:30,NO,19,NO,4,YES
11628,93,1069,62779.11,Nike,CARD,India,ATM,2026-05-16T09:26:39.000+05:30,YES,9,NO,5,NO
16448,39,1115,71599.07,Apple Store,ATM WITHDRAWAL,India,ATM,2026-05-14T07:53:29.000+05:30,YES,7,NO,5,NO
13007,37,1196,73007.52,Nike,ATM WITHDRAWAL,USA,ATM,2026-05-04T08:38:17.000+05:30,YES,8,NO,5,YES
12588,36,1129,8888.2,Amazon,CARD,USA,ATM,2026-04-23T11:21:52.000+05:30,NO,11,NO,4,YES
15407,49,1173,53788.48,Nike,UPI,UK,Mobile,2026-04-30T19:12:10.000+05:30,YES,19,NO,4,YES
17848,26,1110,56627.28,Walmart,NET BANKING,UK,Laptop,2026-05-03T07:12:29.000+05:30,YES,7,NO,5,YES
17436,85,1195,46239.24,Zomato,UPI,UK,Laptop,2026-05-13T17:54:35.000+05:30,NO,17,NO,5,YES
14318,66,1152,25015.45,Swiggy,NET BANKING,Singapore,ATM,2026-05-11T13:46:59.000+05:30,NO,13,NO,5,YES
14271,18,1112,74252.91,Apple Store,NET BANKING,Germany,Laptop,2026-05-15T01:40:28.000+05:30,YES,1,YES,5,YES
11725,13,1167,93038.75,Flipkart,CARD,UK,Mobile,2026-05-09T21:17:56.000+05:30,YES,21,NO,5,YES
16293,74,1138,34787.87,Uber,NET BANKING,Singapore,Tablet,2026-05-14T02:03:53.000+05:30,NO,2,YES,5,YES
19476,61,1107,42873.61,Netflix,ATM WITHDRAWAL,UK,Laptop,2026-04-22T03:59:02.000+05:30,NO,3,YES,4,YES
10439,3,1072,58734.95,Nike,CARD,Germany,Mobile,2026-05-12T01:54:58.000+05:30,YES,1,YES,5,YES
15063,47,1167,86449.19,Netflix,CARD,Singapore,ATM,2026-04-28T14:14:43.000+05:30,YES,14,NO,4,YES
10150,48,1186,37436.54,Netflix,ATM WITHDRAWAL,USA,ATM,2026-05-07T16:29:29.000+05:30,NO,16,NO,5,YES
13694,47,1022,79959.55,Uber,UPI,India,Tablet,2026-04-21T10:15:29.000+05:30,YES,10,NO,4,NO
10662,2,1033,70690.27,Flipkart,CARD,USA,Laptop,2026-05-05T09:52:30.000+05:30,YES,9,NO,5,YES
14753,45,1070,59898.19,Walmart,CARD,USA,ATM,2026-05-16T04:43:19.000+05:30,YES,4,YES,5,YES
14825,59,1027,48009.05,Walmart,UPI,Singapore,Laptop,2026-05-12T00:37:22.000+05:30,NO,0,YES,5,YES
